invoice_id,vendor_id,invoice_date,due_date,payment_date,invoice_amount,payment_amount,currency,status
AP000001,VEND0036,2025-10-16,2025-10-31,,1802.11,0.0,USD,OPEN
AP000002,VEND0014,2024-09-07,2024-10-07,,955.02,0.0,USD,OPEN
AP000003,VEND0004,2025-11-23,2025-12-08,2025-12-02,2095.8,2095.8,USD,PAID
AP000004,VEND0078,2024-04-05,2024-05-05,,5029.27,0.0,USD,OPEN
AP000005,VEND0054,2024-01-28,2024-02-27,2024-04-26,867.7,867.7,USD,PAID
AP000006,VEND0098,2024-08-13,2024-10-12,2024-10-02,867.71,867.71,USD,PAID
AP000007,VEND0036,2026-04-05,2026-05-05,2026-06-07,5319.92,5319.92,USD,PAID
AP000008,VEND0014,2024-06-08,2024-07-08,2024-08-10,2362.4,2362.4,USD,PAID
AP000009,VEND0045,2024-04-04,2024-06-03,,685.76,0.0,USD,OPEN
AP000010,VEND0069,2025-09-10,2025-10-25,2025-12-12,1886.65,1886.65,USD,PAID
AP000011,VEND0038,2024-05-07,2024-07-06,,689.92,0.0,USD,OPEN
AP000012,VEND0006,2026-04-29,2026-06-13,2026-06-11,688.33,688.33,USD,PAID
AP000013,VEND0030,2025-11-08,2025-12-08,2025-12-08,1396.83,1396.83,USD,PAID
AP000014,VEND0082,2026-06-06,2026-06-21,2026-08-08,161.86,161.86,USD,PAID
AP000015,VEND0046,2026-05-04,2026-06-18,,195.41,0.0,USD,OPEN
AP000016,VEND0078,2024-08-02,2024-09-16,2024-09-15,624.98,624.98,USD,PAID
AP000017,VEND0021,2025-10-12,2025-11-11,2025-12-02,398.29,398.29,USD,PAID
AP000018,VEND0088,2025-04-18,2025-06-17,2025-07-05,1501.54,1501.54,USD,PAID
AP000019,VEND0005,2024-11-28,2024-12-13,,442.29,0.0,USD,OPEN
AP000020,VEND0028,2026-04-04,2026-05-19,2026-05-17,267.12,267.12,USD,PAID
AP000021,VEND0064,2026-07-24,2026-09-07,,4748.81,0.0,USD,OPEN
AP000022,VEND0018,2025-02-09,2025-04-10,,875.0,0.0,USD,OPEN
AP000023,VEND0075,2024-09-09,2024-10-24,2024-12-07,1173.24,1173.24,USD,PAID
AP000024,VEND0018,2025-02-12,2025-03-29,,263.82,0.0,USD,OPEN
AP000025,VEND0007,2025-06-05,2025-08-04,,636.27,0.0,USD,OPEN
AP000026,VEND0021,2026-05-31,2026-06-15,,1225.28,0.0,USD,OPEN
AP000027,VEND0049,2026-03-22,2026-05-21,2026-06-29,346.89,346.89,USD,PAID
AP000028,VEND0002,2025-09-02,2025-11-01,2025-12-31,1596.71,1596.71,USD,PAID
AP000029,VEND0097,2025-11-27,2025-12-12,2026-02-08,601.46,601.46,USD,PAID
AP000030,VEND0056,2024-09-30,2024-11-14,,819.18,0.0,USD,OPEN
AP000031,VEND0093,2024-06-10,2024-08-09,,600.82,0.0,USD,OPEN
AP000032,VEND0065,2026-06-15,2026-07-30,2026-08-11,6990.3,6990.3,USD,PAID
AP000033,VEND0082,2026-07-23,2026-08-07,,1081.93,0.0,USD,OPEN
AP000034,VEND0098,2025-06-03,2025-07-03,,380.81,0.0,USD,OPEN
AP000035,VEND0003,2024-06-14,2024-06-29,2024-08-20,2496.25,2496.25,USD,PAID
AP000036,VEND0031,2024-04-24,2024-06-08,2024-07-07,323.49,323.49,USD,PAID
AP000037,VEND0011,2024-02-29,2024-03-30,2024-03-30,1351.36,1351.36,USD,PAID
AP000038,VEND0099,2026-01-19,2026-03-20,2026-05-17,154.52,154.52,USD,PAID
AP000039,VEND0022,2024-05-08,2024-06-07,2024-08-06,290.56,290.56,USD,PAID
AP000040,VEND0097,2024-09-28,2024-11-27,2025-01-25,1335.23,1335.23,USD,PAID
AP000041,VEND0086,2026-01-17,2026-02-16,2026-03-29,2294.95,2294.95,USD,PAID
AP000042,VEND0058,2025-10-27,2025-12-11,2026-02-05,1301.62,1301.62,USD,PAID
AP000043,VEND0044,2024-05-03,2024-06-02,,976.87,0.0,USD,OPEN
AP000044,VEND0010,2024-01-22,2024-02-21,2024-02-11,811.51,811.51,USD,PAID
AP000045,VEND0005,2025-12-25,2026-01-09,,250.0,0.0,USD,OPEN
AP000046,VEND0031,2026-05-30,2026-07-14,,533.87,0.0,USD,OPEN
AP000047,VEND0017,2024-10-12,2024-12-11,,691.84,0.0,USD,OPEN
AP000048,VEND0061,2026-01-10,2026-03-11,,3156.19,0.0,USD,OPEN
AP000049,VEND0013,2026-04-06,2026-06-05,,1546.3,0.0,USD,OPEN
AP000050,VEND0060,2025-11-05,2026-01-04,2026-02-15,188.1,188.1,USD,PAID
AP000051,VEND0008,2026-06-03,2026-06-18,2026-06-20,1516.38,1516.38,USD,PAID
AP000052,VEND0032,2025-02-16,2025-04-02,2025-04-05,746.14,746.14,USD,PAID
AP000053,VEND0055,2024-07-15,2024-08-14,2024-08-21,557.29,557.29,USD,PAID
AP000054,VEND0057,2024-07-06,2024-08-20,2024-08-19,2021.66,2021.66,USD,PAID
AP000055,VEND0070,2026-04-07,2026-04-22,,3074.81,0.0,USD,OPEN
AP000056,VEND0022,2026-05-06,2026-05-21,2026-06-10,2782.99,2782.99,USD,PAID
AP000057,VEND0008,2025-02-20,2025-04-21,2025-06-01,473.8,473.8,USD,PAID
AP000058,VEND0050,2024-06-17,2024-08-16,,804.96,0.0,USD,OPEN
AP000059,VEND0020,2024-09-28,2024-11-27,2025-01-18,1527.31,1527.31,USD,PAID
AP000060,VEND0008,2024-07-13,2024-08-27,,2908.94,0.0,USD,OPEN
AP000061,VEND0007,2025-08-16,2025-08-31,2025-08-28,679.14,679.14,USD,PAID
AP000062,VEND0021,2025-08-21,2025-10-20,2025-12-16,910.82,910.82,USD,PAID
AP000063,VEND0077,2024-02-28,2024-03-14,2024-03-12,362.73,362.73,USD,PAID
AP000064,VEND0075,2024-03-10,2024-04-09,2024-04-30,331.55,331.55,USD,PAID
AP000065,VEND0085,2025-08-31,2025-09-15,2025-10-28,2471.36,2471.36,USD,PAID
AP000066,VEND0086,2025-08-20,2025-10-04,2025-10-20,4256.66,4256.66,USD,PAID
AP000067,VEND0051,2026-01-03,2026-02-17,,1020.44,0.0,USD,OPEN
AP000068,VEND0002,2024-05-14,2024-06-28,2024-06-27,2991.51,2991.51,USD,PAID
AP000069,VEND0028,2025-04-14,2025-04-29,,1574.41,0.0,USD,OPEN
AP000070,VEND0045,2025-06-02,2025-07-17,,575.29,0.0,USD,OPEN
AP000071,VEND0037,2026-06-21,2026-07-06,2026-08-12,1574.03,1574.03,USD,PAID
AP000072,VEND0079,2024-06-10,2024-08-09,2024-09-06,5105.31,5105.31,USD,PAID
AP000073,VEND0039,2026-04-06,2026-04-21,2026-06-20,1058.04,1058.04,USD,PAID
AP000074,VEND0034,2026-08-12,2026-08-27,,5242.97,0.0,USD,OPEN
AP000075,VEND0035,2024-04-28,2024-05-13,2024-05-22,79.86,79.86,USD,PAID
AP000076,VEND0088,2024-10-15,2024-11-14,2024-11-30,2494.65,2494.65,USD,PAID
AP000077,VEND0007,2025-10-11,2025-11-25,2025-12-17,1196.37,1196.37,USD,PAID
AP000078,VEND0001,2024-04-04,2024-06-03,2024-05-29,813.21,813.21,USD,PAID
AP000079,VEND0021,2024-12-07,2025-01-06,2025-01-29,1202.02,1202.02,USD,PAID
AP000080,VEND0072,2026-01-29,2026-03-30,2026-05-13,150.27,150.27,USD,PAID
AP000081,VEND0089,2024-01-10,2024-01-25,,880.36,0.0,USD,OPEN
AP000082,VEND0075,2026-07-14,2026-08-13,,1567.3,0.0,USD,OPEN
AP000083,VEND0040,2025-07-19,2025-08-18,2025-08-13,4807.32,4807.32,USD,PAID
AP000084,VEND0088,2025-01-08,2025-01-23,2025-02-08,653.1,653.1,USD,PAID
AP000085,VEND0080,2024-09-12,2024-09-27,2024-11-08,488.58,488.58,USD,PAID
AP000086,VEND0021,2026-02-06,2026-03-08,2026-03-28,663.97,663.97,USD,PAID
AP000087,VEND0023,2026-03-30,2026-04-29,2026-04-22,2739.15,2739.15,USD,PAID
AP000088,VEND0086,2026-01-24,2026-03-10,2026-04-21,1523.48,1523.48,USD,PAID
AP000089,VEND0049,2026-06-03,2026-07-03,2026-07-06,645.64,645.64,USD,PAID
AP000090,VEND0026,2026-06-12,2026-06-27,2026-07-15,1832.19,1832.19,USD,PAID
AP000091,VEND0029,2026-04-16,2026-06-15,2026-07-04,1208.43,1208.43,USD,PAID
AP000092,VEND0009,2024-01-25,2024-02-24,2024-03-20,2888.94,2888.94,USD,PAID
AP000093,VEND0052,2026-03-02,2026-04-16,2026-06-10,543.45,543.45,USD,PAID
AP000094,VEND0034,2025-11-26,2026-01-10,2026-01-14,790.24,790.24,USD,PAID
AP000095,VEND0077,2024-07-01,2024-08-15,,740.92,0.0,USD,OPEN
AP000096,VEND0056,2025-03-20,2025-05-04,2025-06-03,253.78,253.78,USD,PAID
AP000097,VEND0033,2025-09-12,2025-09-27,2025-10-11,1474.57,1474.57,USD,PAID
AP000098,VEND0069,2024-02-15,2024-04-15,,1423.76,0.0,USD,OPEN
AP000099,VEND0086,2025-12-04,2026-01-03,2026-01-01,1102.26,1102.26,USD,PAID
AP000100,VEND0093,2026-07-31,2026-09-14,,867.32,0.0,USD,OPEN
AP000101,VEND0042,2026-07-10,2026-08-24,,266.3,0.0,USD,OPEN
AP000102,VEND0054,2025-02-16,2025-04-02,2025-04-16,720.07,720.07,USD,PAID
AP000103,VEND0079,2025-11-11,2026-01-10,2026-01-22,778.43,778.43,USD,PAID
AP000104,VEND0039,2025-08-05,2025-09-19,2025-09-09,491.63,491.63,USD,PAID
AP000105,VEND0060,2024-10-20,2024-11-19,2024-12-20,933.29,933.29,USD,PAID
AP000106,VEND0061,2025-03-28,2025-05-27,2025-07-21,1642.63,1642.63,USD,PAID
AP000107,VEND0066,2026-03-23,2026-04-22,2026-05-18,7231.39,7231.39,USD,PAID
AP000108,VEND0097,2025-11-10,2025-12-25,,1305.81,0.0,USD,OPEN
AP000109,VEND0026,2024-08-28,2024-10-12,,1418.78,0.0,USD,OPEN
AP000110,VEND0061,2024-05-30,2024-06-14,,1017.96,0.0,USD,OPEN
AP000111,VEND0092,2025-09-17,2025-10-02,2025-10-16,160.97,160.97,USD,PAID
AP000112,VEND0019,2025-12-14,2026-02-12,2026-03-05,1067.94,1067.94,USD,PAID
AP000113,VEND0100,2025-11-02,2025-11-17,2025-11-20,1164.71,1164.71,USD,PAID
AP000114,VEND0090,2025-03-11,2025-04-10,,12877.57,0.0,USD,OPEN
AP000115,VEND0032,2025-06-14,2025-08-13,,904.73,0.0,USD,OPEN
AP000116,VEND0086,2026-07-28,2026-08-12,,1482.59,0.0,USD,OPEN
AP000117,VEND0079,2025-06-27,2025-08-11,2025-09-26,1059.22,1059.22,USD,PAID
AP000118,VEND0058,2026-04-14,2026-06-13,2026-08-12,340.81,340.81,USD,PAID
AP000119,VEND0058,2026-07-07,2026-08-06,,3438.61,0.0,USD,OPEN
AP000120,VEND0099,2024-09-22,2024-10-22,2024-11-16,2326.06,2326.06,USD,PAID
AP000121,VEND0057,2026-03-07,2026-05-06,2026-05-31,2418.81,2418.81,USD,PAID
AP000122,VEND0043,2024-03-20,2024-05-04,,441.69,0.0,USD,OPEN
AP000123,VEND0030,2024-11-23,2024-12-08,,4459.51,0.0,USD,OPEN
AP000124,VEND0054,2025-01-27,2025-02-26,2025-02-24,269.93,269.93,USD,PAID
AP000125,VEND0008,2025-02-21,2025-04-07,2025-05-20,1972.11,1972.11,USD,PAID
AP000126,VEND0098,2024-07-30,2024-09-28,2024-09-20,9803.12,9803.12,USD,PAID
AP000127,VEND0039,2025-08-12,2025-10-11,2025-11-15,407.26,407.26,USD,PAID
AP000128,VEND0069,2026-02-10,2026-04-11,2026-05-24,622.47,622.47,USD,PAID
AP000129,VEND0056,2026-02-04,2026-03-06,2026-03-30,1211.54,1211.54,USD,PAID
AP000130,VEND0093,2025-05-12,2025-05-27,2025-07-07,662.83,662.83,USD,PAID
AP000131,VEND0004,2024-06-18,2024-08-17,2024-10-14,232.6,232.6,USD,PAID
AP000132,VEND0011,2026-07-17,2026-09-15,,1174.46,0.0,USD,OPEN
AP000133,VEND0060,2025-10-20,2025-12-19,,379.06,0.0,USD,OPEN
AP000134,VEND0028,2024-07-05,2024-07-20,2024-08-20,1760.92,1760.92,USD,PAID
AP000135,VEND0036,2025-04-10,2025-05-25,2025-07-02,437.28,437.28,USD,PAID
AP000136,VEND0061,2026-02-09,2026-04-10,2026-04-10,5166.42,5166.42,USD,PAID
AP000137,VEND0029,2024-01-20,2024-02-04,2024-03-09,501.07,501.07,USD,PAID
AP000138,VEND0097,2025-10-27,2025-11-11,2025-11-06,794.68,794.68,USD,PAID
AP000139,VEND0003,2024-02-01,2024-03-02,,2473.82,0.0,USD,OPEN
AP000140,VEND0061,2025-09-28,2025-10-28,,320.26,0.0,USD,OPEN
AP000141,VEND0060,2025-11-16,2025-12-01,2025-12-18,1376.72,1376.72,USD,PAID
AP000142,VEND0078,2025-12-17,2026-01-31,2026-02-11,4052.72,4052.72,USD,PAID
AP000143,VEND0040,2025-09-13,2025-09-28,2025-10-08,219.76,219.76,USD,PAID
AP000144,VEND0051,2024-04-20,2024-05-05,2024-06-12,1319.01,1319.01,USD,PAID
AP000145,VEND0089,2026-08-22,2026-09-21,,1422.09,0.0,USD,OPEN
AP000146,VEND0099,2026-04-30,2026-05-30,,2396.64,0.0,USD,OPEN
AP000147,VEND0045,2024-11-04,2024-11-19,2024-11-14,318.32,318.32,USD,PAID
AP000148,VEND0065,2025-06-29,2025-08-28,2025-08-26,292.82,292.82,USD,PAID
AP000149,VEND0054,2025-10-25,2025-12-09,,1848.15,0.0,USD,OPEN
AP000150,VEND0047,2026-04-22,2026-06-21,,1475.84,0.0,USD,OPEN
AP000151,VEND0023,2025-10-12,2025-12-11,2026-01-25,1408.8,1408.8,USD,PAID
AP000152,VEND0100,2026-01-21,2026-03-07,2026-05-04,1550.68,1550.68,USD,PAID
AP000153,VEND0042,2025-05-10,2025-07-09,2025-08-02,555.56,555.56,USD,PAID
AP000154,VEND0036,2026-05-22,2026-06-21,2026-06-22,1383.34,1383.34,USD,PAID
AP000155,VEND0060,2026-06-21,2026-08-20,,1470.08,0.0,USD,OPEN
AP000156,VEND0042,2025-08-06,2025-10-05,2025-11-27,536.81,536.81,USD,PAID
AP000157,VEND0034,2024-07-05,2024-09-03,,7085.28,0.0,USD,OPEN
AP000158,VEND0072,2024-12-14,2025-01-28,2025-02-22,1761.34,1761.34,USD,PAID
AP000159,VEND0093,2024-01-11,2024-02-10,,333.18,0.0,USD,OPEN
AP000160,VEND0089,2025-02-20,2025-04-21,2025-05-11,2114.46,2114.46,USD,PAID
AP000161,VEND0012,2025-05-02,2025-07-01,2025-06-23,413.77,413.77,USD,PAID
AP000162,VEND0040,2024-10-28,2024-11-27,2024-12-18,2409.28,2409.28,USD,PAID
AP000163,VEND0045,2025-11-10,2025-12-25,2026-02-20,3493.28,3493.28,USD,PAID
AP000164,VEND0035,2025-03-11,2025-04-25,2025-06-12,482.66,482.66,USD,PAID
AP000165,VEND0093,2024-11-09,2024-12-24,,2873.76,0.0,USD,OPEN
AP000166,VEND0069,2024-07-16,2024-08-30,,1657.03,0.0,USD,OPEN
AP000167,VEND0095,2026-08-31,2026-09-30,,2495.04,0.0,USD,OPEN
AP000168,VEND0077,2025-05-10,2025-06-24,2025-08-20,7308.5,7308.5,USD,PAID
AP000169,VEND0030,2024-10-16,2024-10-31,2024-11-27,858.01,858.01,USD,PAID
AP000170,VEND0017,2025-01-04,2025-02-03,2025-04-02,516.08,516.08,USD,PAID
AP000171,VEND0038,2024-10-07,2024-10-22,2024-12-21,450.56,450.56,USD,PAID
AP000172,VEND0014,2025-12-15,2026-01-14,2026-03-07,485.02,485.02,USD,PAID
AP000173,VEND0062,2026-06-12,2026-06-27,2026-08-16,1015.26,1015.26,USD,PAID
AP000174,VEND0007,2025-03-27,2025-05-11,,1542.49,0.0,USD,OPEN
AP000175,VEND0009,2024-09-15,2024-11-14,,1446.19,0.0,USD,OPEN
AP000176,VEND0081,2025-02-14,2025-04-15,,2507.86,0.0,USD,OPEN
AP000177,VEND0073,2025-12-03,2025-12-18,,1110.98,0.0,USD,OPEN
AP000178,VEND0032,2026-08-29,2026-10-13,,4691.62,0.0,USD,OPEN
AP000179,VEND0100,2024-05-01,2024-06-30,2024-07-18,841.63,841.63,USD,PAID
AP000180,VEND0039,2025-06-19,2025-08-18,2025-10-03,16650.06,16650.06,USD,PAID
AP000181,VEND0079,2026-05-30,2026-07-29,2026-07-26,2050.15,2050.15,USD,PAID
AP000182,VEND0081,2026-01-27,2026-02-11,2026-02-27,465.37,465.37,USD,PAID
AP000183,VEND0031,2024-08-04,2024-09-18,2024-09-28,375.82,375.82,USD,PAID
AP000184,VEND0053,2024-06-26,2024-07-11,,1776.63,0.0,USD,OPEN
AP000185,VEND0037,2025-04-06,2025-06-05,2025-06-24,877.03,877.03,USD,PAID
AP000186,VEND0010,2025-12-24,2026-02-07,2026-03-27,2239.48,2239.48,USD,PAID
AP000187,VEND0055,2025-12-04,2026-01-03,2026-01-18,1760.3,1760.3,USD,PAID
AP000188,VEND0019,2024-04-27,2024-05-27,2024-06-20,1019.61,1019.61,USD,PAID
AP000189,VEND0040,2024-03-14,2024-03-29,,470.22,0.0,USD,OPEN
AP000190,VEND0089,2025-09-01,2025-10-16,2025-12-04,241.09,241.09,USD,PAID
AP000191,VEND0070,2024-11-07,2025-01-06,2025-03-01,701.69,701.69,USD,PAID
AP000192,VEND0006,2025-05-20,2025-07-19,,2582.2,0.0,USD,OPEN
AP000193,VEND0004,2026-06-29,2026-08-28,,1358.44,0.0,USD,OPEN
AP000194,VEND0098,2024-04-03,2024-05-03,2024-04-25,315.53,315.53,USD,PAID
AP000195,VEND0061,2025-11-19,2026-01-03,2026-01-15,1303.99,1303.99,USD,PAID
AP000196,VEND0075,2025-06-15,2025-08-14,2025-08-27,1612.14,1612.14,USD,PAID
AP000197,VEND0045,2025-03-22,2025-05-21,2025-07-10,453.11,453.11,USD,PAID
AP000198,VEND0021,2025-02-22,2025-04-08,2025-04-11,1278.86,1278.86,USD,PAID
AP000199,VEND0085,2024-12-03,2025-02-01,2025-02-27,1162.36,1162.36,USD,PAID
AP000200,VEND0005,2026-08-25,2026-10-24,,349.68,0.0,USD,OPEN
AP000201,VEND0015,2025-04-10,2025-04-25,2025-05-26,1568.36,1568.36,USD,PAID
AP000202,VEND0085,2026-03-02,2026-05-01,2026-04-21,1921.35,1921.35,USD,PAID
AP000203,VEND0067,2026-06-09,2026-08-08,2026-08-22,3239.1,3239.1,USD,PAID
AP000204,VEND0027,2025-01-05,2025-03-06,2025-03-02,3145.73,3145.73,USD,PAID
AP000205,VEND0090,2024-09-30,2024-10-30,2024-12-15,276.53,276.53,USD,PAID
AP000206,VEND0081,2025-05-11,2025-05-26,,429.31,0.0,USD,OPEN
AP000207,VEND0071,2025-09-15,2025-10-15,2025-11-13,1835.43,1835.43,USD,PAID
AP000208,VEND0015,2024-01-15,2024-03-15,,1833.14,0.0,USD,OPEN
AP000209,VEND0064,2025-04-17,2025-05-02,2025-05-11,1835.46,1835.46,USD,PAID
AP000210,VEND0054,2026-08-13,2026-09-27,,51675.11,0.0,USD,OPEN
AP000211,VEND0059,2026-05-04,2026-07-03,2026-07-24,1940.87,1940.87,USD,PAID
AP000212,VEND0096,2025-07-18,2025-08-17,2025-10-11,3413.75,3413.75,USD,PAID
AP000213,VEND0099,2026-06-19,2026-07-19,2026-08-13,2846.94,2846.94,USD,PAID
AP000214,VEND0035,2026-03-19,2026-05-18,2026-07-11,2103.57,2103.57,USD,PAID
AP000215,VEND0076,2026-04-20,2026-05-05,2026-06-02,800.1,800.1,USD,PAID
AP000216,VEND0069,2025-08-16,2025-10-15,2025-12-01,2342.49,2342.49,USD,PAID
AP000217,VEND0049,2025-05-10,2025-06-24,2025-08-22,506.32,506.32,USD,PAID
AP000218,VEND0074,2025-04-11,2025-05-26,2025-06-15,865.39,865.39,USD,PAID
AP000219,VEND0006,2025-01-27,2025-02-26,2025-04-09,674.95,674.95,USD,PAID
AP000220,VEND0050,2024-11-21,2025-01-20,2025-02-27,1190.2,1190.2,USD,PAID
AP000221,VEND0017,2025-11-10,2025-12-10,2025-12-04,11099.54,11099.54,USD,PAID
AP000222,VEND0013,2025-05-29,2025-07-13,2025-08-28,169.48,169.48,USD,PAID
AP000223,VEND0019,2025-06-22,2025-08-21,,2178.21,0.0,USD,OPEN
AP000224,VEND0034,2025-02-23,2025-03-25,,218.61,0.0,USD,OPEN
AP000225,VEND0087,2024-12-12,2025-02-10,2025-03-14,684.08,684.08,USD,PAID
AP000226,VEND0070,2026-05-29,2026-07-28,,3258.27,0.0,USD,OPEN
AP000227,VEND0088,2024-02-06,2024-02-21,,1169.44,0.0,USD,OPEN
AP000228,VEND0056,2026-08-01,2026-09-15,,373.25,0.0,USD,OPEN
AP000229,VEND0004,2024-04-10,2024-04-25,2024-05-23,536.3,536.3,USD,PAID
AP000230,VEND0046,2024-02-17,2024-04-02,2024-04-29,2163.75,2163.75,USD,PAID
AP000231,VEND0068,2025-01-18,2025-03-19,,528.28,0.0,USD,OPEN
AP000232,VEND0011,2025-02-25,2025-03-27,,1361.66,0.0,USD,OPEN
AP000233,VEND0064,2025-09-16,2025-11-15,2025-12-05,1147.76,1147.76,USD,PAID
AP000234,VEND0082,2026-07-23,2026-08-22,,571.58,0.0,USD,OPEN
AP000235,VEND0060,2024-09-17,2024-11-16,2024-11-07,9357.6,9357.6,USD,PAID
AP000236,VEND0010,2026-07-11,2026-08-25,,2067.14,0.0,USD,OPEN
AP000237,VEND0082,2025-03-28,2025-05-12,2025-06-09,144.73,144.73,USD,PAID
AP000238,VEND0026,2025-03-10,2025-04-24,2025-05-22,1321.41,1321.41,USD,PAID
AP000239,VEND0049,2025-01-28,2025-03-29,,565.78,0.0,USD,OPEN
AP000240,VEND0003,2025-08-08,2025-09-22,2025-10-19,2571.99,2571.99,USD,PAID
AP000241,VEND0078,2026-04-29,2026-06-28,2026-06-24,496.45,496.45,USD,PAID
AP000242,VEND0100,2026-02-02,2026-04-03,2026-04-29,977.76,977.76,USD,PAID
AP000243,VEND0029,2026-03-29,2026-04-28,2026-06-02,1817.08,1817.08,USD,PAID
AP000244,VEND0081,2025-10-13,2025-11-12,2025-11-19,2606.48,2606.48,USD,PAID
AP000245,VEND0005,2024-04-09,2024-04-24,2024-06-09,330.2,330.2,USD,PAID
AP000246,VEND0038,2025-08-16,2025-09-30,2025-10-01,784.85,784.85,USD,PAID
AP000247,VEND0017,2024-11-30,2025-01-29,,682.02,0.0,USD,OPEN
AP000248,VEND0022,2026-03-16,2026-04-30,2026-05-24,570.59,570.59,USD,PAID
AP000249,VEND0096,2024-09-20,2024-11-19,2024-12-16,6408.97,6408.97,USD,PAID
AP000250,VEND0010,2026-06-10,2026-07-25,,1644.15,0.0,USD,OPEN
AP000251,VEND0072,2024-05-24,2024-06-23,2024-08-02,310.79,310.79,USD,PAID
AP000252,VEND0034,2025-01-09,2025-01-24,2025-01-15,2745.89,2745.89,USD,PAID
AP000253,VEND0075,2025-07-03,2025-07-18,2025-08-10,9155.92,9155.92,USD,PAID
AP000254,VEND0030,2025-01-25,2025-03-11,,3079.32,0.0,USD,OPEN
AP000255,VEND0079,2025-04-27,2025-05-12,2025-06-12,240.0,240.0,USD,PAID
AP000256,VEND0090,2024-08-14,2024-08-29,2024-10-17,675.71,675.71,USD,PAID
AP000257,VEND0006,2024-11-05,2025-01-04,,3892.91,0.0,USD,OPEN
AP000258,VEND0015,2026-08-26,2026-09-10,,540.41,0.0,USD,OPEN
AP000259,VEND0050,2024-04-09,2024-05-09,2024-05-16,1709.27,1709.27,USD,PAID
AP000260,VEND0054,2025-04-09,2025-05-24,2025-07-22,2379.47,2379.47,USD,PAID
AP000261,VEND0063,2025-08-24,2025-09-23,2025-09-25,434.01,434.01,USD,PAID
AP000262,VEND0005,2025-09-22,2025-11-21,2025-12-16,1033.26,1033.26,USD,PAID
AP000263,VEND0057,2025-12-07,2026-01-21,,42.89,0.0,USD,OPEN
AP000264,VEND0088,2026-08-31,2026-09-30,,393.71,0.0,USD,OPEN
AP000265,VEND0036,2025-01-11,2025-02-25,,851.87,0.0,USD,OPEN
AP000266,VEND0012,2024-07-13,2024-07-28,2024-09-14,314.89,314.89,USD,PAID
AP000267,VEND0007,2025-11-09,2025-12-09,2025-12-01,5610.59,5610.59,USD,PAID
AP000268,VEND0017,2026-03-16,2026-04-30,,262.4,0.0,USD,OPEN
AP000269,VEND0098,2026-03-16,2026-04-15,,706.24,0.0,USD,OPEN
AP000270,VEND0043,2025-07-21,2025-08-20,2025-09-08,1249.8,1249.8,USD,PAID
AP000271,VEND0036,2026-03-03,2026-04-02,2026-03-23,4634.45,4634.45,USD,PAID
AP000272,VEND0033,2026-05-29,2026-06-28,2026-08-26,260.9,260.9,USD,PAID
AP000273,VEND0004,2026-03-28,2026-04-27,,3509.27,0.0,USD,OPEN
AP000274,VEND0076,2024-05-14,2024-05-29,2024-06-18,1107.91,1107.91,USD,PAID
AP000275,VEND0007,2024-11-27,2024-12-12,,410.96,0.0,USD,OPEN
AP000276,VEND0061,2024-05-09,2024-07-08,2024-07-06,1740.81,1740.81,USD,PAID
AP000277,VEND0058,2025-04-04,2025-05-19,2025-05-22,1338.17,1338.17,USD,PAID
AP000278,VEND0094,2025-05-30,2025-06-29,2025-06-24,601.71,601.71,USD,PAID
AP000279,VEND0008,2026-03-13,2026-04-27,2026-04-20,1175.92,1175.92,USD,PAID
AP000280,VEND0063,2025-05-05,2025-07-04,2025-07-07,745.97,745.97,USD,PAID
AP000281,VEND0011,2025-12-30,2026-02-28,,1228.46,0.0,USD,OPEN
AP000282,VEND0036,2024-11-25,2024-12-25,,2126.28,0.0,USD,OPEN
AP000283,VEND0038,2025-10-01,2025-11-15,2026-01-11,5356.24,5356.24,USD,PAID
AP000284,VEND0090,2025-04-09,2025-06-08,,318.04,0.0,USD,OPEN
AP000285,VEND0053,2024-04-27,2024-05-27,2024-06-15,9256.06,9256.06,USD,PAID
AP000286,VEND0041,2024-12-13,2025-02-11,2025-02-13,155.7,155.7,USD,PAID
AP000287,VEND0020,2025-03-13,2025-04-27,2025-06-03,942.2,942.2,USD,PAID
AP000288,VEND0011,2025-12-04,2026-02-02,,1974.99,0.0,USD,OPEN
AP000289,VEND0095,2024-04-05,2024-06-04,,1452.43,0.0,USD,OPEN
AP000290,VEND0086,2025-01-16,2025-02-15,2025-03-19,588.34,588.34,USD,PAID
AP000291,VEND0093,2024-05-05,2024-07-04,2024-08-17,890.58,890.58,USD,PAID
AP000292,VEND0014,2024-02-22,2024-04-07,2024-05-12,669.81,669.81,USD,PAID
AP000293,VEND0062,2025-08-14,2025-09-13,,608.28,0.0,USD,OPEN
AP000294,VEND0015,2024-08-17,2024-09-01,2024-10-08,2564.71,2564.71,USD,PAID
AP000295,VEND0072,2026-02-19,2026-04-05,2026-05-19,1567.15,1567.15,USD,PAID
AP000296,VEND0004,2026-02-24,2026-03-11,2026-04-04,548.45,548.45,USD,PAID
AP000297,VEND0044,2024-07-03,2024-08-17,2024-09-15,2696.2,2696.2,USD,PAID
AP000298,VEND0019,2024-12-25,2025-01-09,,1491.14,0.0,USD,OPEN
AP000299,VEND0095,2025-08-02,2025-10-01,,2472.2,0.0,USD,OPEN
AP000300,VEND0068,2025-10-10,2025-10-25,,2058.29,0.0,USD,OPEN
AP000301,VEND0021,2024-08-08,2024-10-07,2024-11-09,478.67,478.67,USD,PAID
AP000302,VEND0007,2025-01-13,2025-02-27,2025-02-27,626.29,626.29,USD,PAID
AP000303,VEND0087,2024-06-08,2024-07-08,2024-07-04,2315.3,2315.3,USD,PAID
AP000304,VEND0063,2024-03-24,2024-05-08,2024-06-21,2019.03,2019.03,USD,PAID
AP000305,VEND0097,2025-09-13,2025-11-12,2025-11-29,1073.95,1073.95,USD,PAID
AP000306,VEND0037,2025-06-08,2025-06-23,2025-06-27,1233.15,1233.15,USD,PAID
AP000307,VEND0006,2025-11-25,2026-01-24,2026-02-22,3935.0,3935.0,USD,PAID
AP000308,VEND0001,2024-08-13,2024-10-12,2024-10-09,606.94,606.94,USD,PAID
AP000309,VEND0098,2024-07-28,2024-09-11,2024-09-18,1895.23,1895.23,USD,PAID
AP000310,VEND0064,2024-09-18,2024-11-02,2024-10-23,895.88,895.88,USD,PAID
AP000311,VEND0049,2026-02-03,2026-04-04,,882.11,0.0,USD,OPEN
AP000312,VEND0010,2025-06-29,2025-07-29,2025-09-02,3290.44,3290.44,USD,PAID
AP000313,VEND0010,2025-02-10,2025-02-25,2025-04-14,2503.43,2503.43,USD,PAID
AP000314,VEND0091,2026-06-01,2026-07-16,2026-08-26,2473.8,2473.8,USD,PAID
AP000315,VEND0003,2025-10-17,2025-12-16,2026-01-26,4045.98,4045.98,USD,PAID
AP000316,VEND0089,2024-11-28,2024-12-28,2025-02-14,1119.91,1119.91,USD,PAID
AP000317,VEND0014,2026-07-30,2026-09-13,,2168.85,0.0,USD,OPEN
AP000318,VEND0011,2024-09-06,2024-11-05,2025-01-01,804.11,804.11,USD,PAID
AP000319,VEND0043,2025-02-09,2025-03-26,2025-04-13,1516.51,1516.51,USD,PAID
AP000320,VEND0082,2026-03-08,2026-04-07,,962.81,0.0,USD,OPEN
AP000321,VEND0045,2024-04-26,2024-05-26,2024-06-29,1208.33,1208.33,USD,PAID
AP000322,VEND0019,2026-01-14,2026-02-13,,1988.54,0.0,USD,OPEN
AP000323,VEND0020,2024-09-19,2024-10-19,,483.85,0.0,USD,OPEN
AP000324,VEND0099,2026-02-17,2026-03-04,,8887.38,0.0,USD,OPEN
AP000325,VEND0088,2025-10-05,2025-12-04,2026-01-20,401.01,401.01,USD,PAID
AP000326,VEND0020,2026-08-04,2026-09-18,,325.65,0.0,USD,OPEN
AP000327,VEND0036,2025-03-26,2025-04-10,2025-05-08,3491.58,3491.58,USD,PAID
AP000328,VEND0040,2025-08-28,2025-09-12,2025-09-11,2420.34,2420.34,USD,PAID
AP000329,VEND0048,2025-04-17,2025-06-16,,2046.98,0.0,USD,OPEN
AP000330,VEND0012,2026-05-01,2026-06-15,,2055.65,0.0,USD,OPEN
AP000331,VEND0095,2025-09-21,2025-11-20,2026-01-19,1083.28,1083.28,USD,PAID
AP000332,VEND0042,2026-07-06,2026-07-21,2026-08-04,447.08,447.08,USD,PAID
AP000333,VEND0058,2025-09-11,2025-11-10,2025-11-07,1182.99,1182.99,USD,PAID
AP000334,VEND0065,2024-04-15,2024-05-30,2024-05-30,557.15,557.15,USD,PAID
AP000335,VEND0091,2025-10-23,2025-11-22,,2907.71,0.0,USD,OPEN
AP000336,VEND0047,2025-03-24,2025-05-23,2025-06-02,946.66,946.66,USD,PAID
AP000337,VEND0087,2025-01-16,2025-03-02,2025-04-04,480.34,480.34,USD,PAID
AP000338,VEND0009,2025-09-04,2025-09-19,2025-10-21,795.22,795.22,USD,PAID
AP000339,VEND0037,2024-12-03,2024-12-18,2025-01-26,1657.28,1657.28,USD,PAID
AP000340,VEND0045,2024-09-15,2024-10-15,2024-10-23,624.08,624.08,USD,PAID
AP000341,VEND0091,2024-11-13,2025-01-12,,481.92,0.0,USD,OPEN
AP000342,VEND0083,2026-08-18,2026-09-02,,1399.24,0.0,USD,OPEN
AP000343,VEND0012,2026-03-21,2026-05-05,2026-07-01,1401.04,1401.04,USD,PAID
AP000344,VEND0047,2025-10-23,2025-12-22,2025-12-14,660.54,660.54,USD,PAID
AP000345,VEND0099,2024-11-12,2024-12-12,2025-01-14,684.69,684.69,USD,PAID
AP000346,VEND0018,2025-05-12,2025-06-11,,1383.05,0.0,USD,OPEN
AP000347,VEND0065,2024-06-07,2024-06-22,2024-06-24,257.73,257.73,USD,PAID
AP000348,VEND0077,2026-02-28,2026-03-15,2026-03-21,268.42,268.42,USD,PAID
AP000349,VEND0089,2025-01-20,2025-02-19,,534.62,0.0,USD,OPEN
AP000350,VEND0053,2026-02-28,2026-03-30,2026-03-25,885.85,885.85,USD,PAID
AP000351,VEND0097,2025-01-08,2025-02-07,2025-03-05,1496.53,1496.53,USD,PAID
AP000352,VEND0031,2026-02-05,2026-04-06,,4795.13,0.0,USD,OPEN
AP000353,VEND0048,2024-11-12,2025-01-11,2025-01-25,2585.46,2585.46,USD,PAID
AP000354,VEND0100,2025-11-25,2026-01-24,2026-02-19,934.55,934.55,USD,PAID
AP000355,VEND0078,2025-01-26,2025-03-27,2025-04-11,1075.98,1075.98,USD,PAID
AP000356,VEND0062,2024-05-21,2024-07-05,,402.41,0.0,USD,OPEN
AP000357,VEND0092,2026-06-14,2026-07-29,2026-08-01,1076.52,1076.52,USD,PAID
AP000358,VEND0035,2026-05-16,2026-05-31,2026-06-10,821.67,821.67,USD,PAID
AP000359,VEND0029,2025-04-05,2025-05-05,2025-05-06,1514.32,1514.32,USD,PAID
AP000360,VEND0054,2026-04-16,2026-06-15,2026-06-08,479.51,479.51,USD,PAID
AP000361,VEND0050,2024-02-24,2024-04-24,2024-05-14,1843.36,1843.36,USD,PAID
AP000362,VEND0041,2024-03-24,2024-05-08,,5078.34,0.0,USD,OPEN
AP000363,VEND0019,2026-08-11,2026-08-26,,983.62,0.0,USD,OPEN
AP000364,VEND0090,2024-05-20,2024-06-04,2024-07-24,1638.79,1638.79,USD,PAID
AP000365,VEND0058,2026-05-01,2026-05-31,2026-07-20,2186.69,2186.69,USD,PAID
AP000366,VEND0033,2025-09-22,2025-10-07,2025-09-29,734.2,734.2,USD,PAID
AP000367,VEND0055,2024-08-08,2024-09-07,2024-11-03,1372.09,1372.09,USD,PAID
AP000368,VEND0016,2024-04-23,2024-06-07,,1110.53,0.0,USD,OPEN
AP000369,VEND0009,2024-02-18,2024-03-19,2024-05-06,1209.15,1209.15,USD,PAID
AP000370,VEND0081,2024-04-23,2024-06-22,2024-06-14,506.23,506.23,USD,PAID
AP000371,VEND0055,2025-06-11,2025-07-11,2025-08-07,1123.84,1123.84,USD,PAID
AP000372,VEND0054,2024-01-02,2024-02-16,,1804.43,0.0,USD,OPEN
AP000373,VEND0009,2024-07-10,2024-07-25,2024-08-30,4680.42,4680.42,USD,PAID
AP000374,VEND0006,2025-06-22,2025-07-07,2025-08-26,2861.99,2861.99,USD,PAID
AP000375,VEND0096,2025-10-12,2025-12-11,2026-01-02,9444.45,9444.45,USD,PAID
AP000376,VEND0031,2024-01-17,2024-03-02,2024-04-05,509.1,509.1,USD,PAID
AP000377,VEND0018,2026-01-20,2026-02-04,2026-03-08,2623.65,2623.65,USD,PAID
AP000378,VEND0100,2024-02-15,2024-03-31,2024-04-12,1317.3,1317.3,USD,PAID
AP000379,VEND0081,2025-12-02,2026-01-31,2026-03-23,9796.72,9796.72,USD,PAID
AP000380,VEND0100,2024-07-05,2024-08-04,,488.68,0.0,USD,OPEN
AP000381,VEND0026,2026-08-24,2026-10-23,,473.56,0.0,USD,OPEN
AP000382,VEND0040,2024-02-14,2024-03-15,2024-04-14,602.21,602.21,USD,PAID
AP000383,VEND0061,2025-06-11,2025-08-10,2025-10-08,131.12,131.12,USD,PAID
AP000384,VEND0037,2024-09-16,2024-10-01,2024-10-15,648.23,648.23,USD,PAID
AP000385,VEND0035,2024-12-31,2025-01-15,2025-02-16,513.3,513.3,USD,PAID
AP000386,VEND0096,2024-05-07,2024-06-21,2024-08-01,1274.61,1274.61,USD,PAID
AP000387,VEND0064,2025-03-26,2025-05-25,2025-06-07,1543.42,1543.42,USD,PAID
AP000388,VEND0035,2025-12-09,2026-02-07,2026-04-04,7159.32,7159.32,USD,PAID
AP000389,VEND0056,2026-03-31,2026-04-15,2026-04-15,2836.78,2836.78,USD,PAID
AP000390,VEND0014,2025-09-08,2025-10-08,2025-11-08,615.91,615.91,USD,PAID
AP000391,VEND0058,2024-03-22,2024-05-06,2024-06-04,446.57,446.57,USD,PAID
AP000392,VEND0057,2025-09-09,2025-11-08,,1793.49,0.0,USD,OPEN
AP000393,VEND0046,2024-12-25,2025-02-23,,292.88,0.0,USD,OPEN
AP000394,VEND0010,2025-09-21,2025-11-20,2025-11-17,6846.27,6846.27,USD,PAID
AP000395,VEND0004,2025-11-18,2026-01-17,2026-01-27,3566.86,3566.86,USD,PAID
AP000396,VEND0009,2024-05-26,2024-07-25,,685.96,0.0,USD,OPEN
AP000397,VEND0078,2024-08-29,2024-10-13,2024-10-07,197.72,197.72,USD,PAID
AP000398,VEND0057,2024-06-06,2024-08-05,2024-09-11,4246.59,4246.59,USD,PAID
AP000399,VEND0047,2026-02-20,2026-03-07,2026-05-03,977.95,977.95,USD,PAID
AP000400,VEND0015,2025-02-11,2025-03-28,2025-04-18,3781.27,3781.27,USD,PAID
AP000401,VEND0072,2024-01-27,2024-02-26,2024-04-05,222.64,222.64,USD,PAID
AP000402,VEND0028,2024-04-30,2024-06-14,2024-07-31,602.22,602.22,USD,PAID
AP000403,VEND0026,2025-09-18,2025-11-02,2025-12-24,1102.4,1102.4,USD,PAID
AP000404,VEND0023,2024-05-05,2024-06-04,2024-07-21,1149.38,1149.38,USD,PAID
AP000405,VEND0086,2026-07-09,2026-09-07,,699.2,0.0,USD,OPEN
AP000406,VEND0039,2024-12-21,2025-01-05,2025-02-01,2044.38,2044.38,USD,PAID
AP000407,VEND0047,2026-05-21,2026-06-20,2026-07-02,377.05,377.05,USD,PAID
AP000408,VEND0026,2025-06-04,2025-07-04,,951.1,0.0,USD,OPEN
AP000409,VEND0064,2026-03-22,2026-04-21,,1236.82,0.0,USD,OPEN
AP000410,VEND0060,2024-01-27,2024-03-12,2024-04-18,1834.34,1834.34,USD,PAID
AP000411,VEND0009,2026-04-02,2026-05-02,2026-05-03,2234.15,2234.15,USD,PAID
AP000412,VEND0068,2024-11-12,2025-01-11,2025-03-03,356.15,356.15,USD,PAID
AP000413,VEND0017,2025-02-24,2025-04-25,2025-04-24,236.49,236.49,USD,PAID
AP000414,VEND0045,2024-11-20,2024-12-05,2025-01-30,3935.04,3935.04,USD,PAID
AP000415,VEND0056,2024-05-11,2024-06-10,2024-06-16,1528.92,1528.92,USD,PAID
AP000416,VEND0020,2025-05-29,2025-06-13,2025-08-08,518.8,518.8,USD,PAID
AP000417,VEND0091,2024-11-07,2024-12-07,,5172.71,0.0,USD,OPEN
AP000418,VEND0037,2024-08-18,2024-10-02,2024-11-27,1231.11,1231.11,USD,PAID
AP000419,VEND0036,2026-05-16,2026-05-31,2026-07-30,3566.35,3566.35,USD,PAID
AP000420,VEND0065,2024-05-08,2024-06-22,2024-06-23,1173.23,1173.23,USD,PAID
AP000421,VEND0022,2025-10-18,2025-11-17,2025-11-26,8610.59,8610.59,USD,PAID
AP000422,VEND0004,2025-11-05,2025-12-20,2025-12-15,6344.48,6344.48,USD,PAID
AP000423,VEND0084,2024-03-24,2024-04-08,2024-05-01,854.94,854.94,USD,PAID
AP000424,VEND0064,2024-08-03,2024-10-02,2024-09-25,2897.41,2897.41,USD,PAID
AP000425,VEND0062,2026-06-29,2026-08-13,,2090.95,0.0,USD,OPEN
AP000426,VEND0089,2024-09-07,2024-11-06,2024-11-05,4309.73,4309.73,USD,PAID
AP000427,VEND0060,2024-03-02,2024-04-01,2024-05-22,417.83,417.83,USD,PAID
AP000428,VEND0092,2024-07-27,2024-09-10,2024-10-10,2177.76,2177.76,USD,PAID
AP000429,VEND0098,2024-11-22,2025-01-06,2025-01-12,3160.31,3160.31,USD,PAID
AP000430,VEND0016,2025-01-14,2025-01-29,2025-03-19,188.91,188.91,USD,PAID
AP000431,VEND0013,2024-09-30,2024-11-29,,335.88,0.0,USD,OPEN
AP000432,VEND0032,2024-02-21,2024-04-06,2024-05-19,142.7,142.7,USD,PAID
AP000433,VEND0025,2026-06-05,2026-07-05,2026-08-04,837.64,837.64,USD,PAID
AP000434,VEND0060,2026-02-20,2026-03-22,2026-05-16,2247.43,2247.43,USD,PAID
AP000435,VEND0051,2025-05-25,2025-07-09,2025-07-10,4926.37,4926.37,USD,PAID
AP000436,VEND0075,2025-06-01,2025-07-31,2025-08-17,1180.97,1180.97,USD,PAID
AP000437,VEND0064,2024-12-27,2025-01-11,,5589.33,0.0,USD,OPEN
AP000438,VEND0014,2025-09-03,2025-11-02,2025-10-24,275.86,275.86,USD,PAID
AP000439,VEND0098,2025-03-17,2025-04-16,2025-05-22,199.66,199.66,USD,PAID
AP000440,VEND0007,2025-02-16,2025-04-02,,1037.38,0.0,USD,OPEN
AP000441,VEND0010,2025-08-06,2025-09-05,2025-10-01,1610.12,1610.12,USD,PAID
AP000442,VEND0080,2025-01-30,2025-03-31,2025-04-25,1061.36,1061.36,USD,PAID
AP000443,VEND0013,2025-11-27,2025-12-12,,138.73,0.0,USD,OPEN
AP000444,VEND0072,2025-02-07,2025-03-24,2025-04-26,1003.13,1003.13,USD,PAID
AP000445,VEND0078,2026-08-19,2026-10-03,,297.53,0.0,USD,OPEN
AP000446,VEND0005,2025-06-05,2025-08-04,2025-07-30,2142.38,2142.38,USD,PAID
AP000447,VEND0059,2024-05-20,2024-07-04,2024-08-29,1582.24,1582.24,USD,PAID
AP000448,VEND0021,2024-06-01,2024-07-01,2024-07-31,428.43,428.43,USD,PAID
AP000449,VEND0066,2025-02-06,2025-03-23,2025-05-16,655.98,655.98,USD,PAID
AP000450,VEND0061,2025-06-29,2025-08-28,2025-09-25,380.23,380.23,USD,PAID
AP000451,VEND0054,2026-04-15,2026-04-30,2026-05-04,1030.01,1030.01,USD,PAID
AP000452,VEND0077,2025-08-20,2025-10-04,2025-09-27,2850.19,2850.19,USD,PAID
AP000453,VEND0093,2025-04-30,2025-06-14,2025-07-03,409.23,409.23,USD,PAID
AP000454,VEND0081,2024-02-22,2024-04-22,,1815.37,0.0,USD,OPEN
AP000455,VEND0088,2026-01-08,2026-03-09,,645.32,0.0,USD,OPEN
AP000456,VEND0025,2024-09-05,2024-09-20,2024-09-24,496.27,496.27,USD,PAID
AP000457,VEND0053,2024-01-20,2024-03-20,2024-03-29,985.32,985.32,USD,PAID
AP000458,VEND0095,2025-12-08,2026-01-07,2026-02-26,389.46,389.46,USD,PAID
AP000459,VEND0027,2026-01-14,2026-01-29,2026-03-26,630.4,630.4,USD,PAID
AP000460,VEND0068,2025-07-28,2025-09-11,2025-11-01,331.0,331.0,USD,PAID
AP000461,VEND0069,2025-01-20,2025-03-06,2025-04-23,7822.23,7822.23,USD,PAID
AP000462,VEND0079,2024-12-16,2025-01-30,2025-02-22,1135.99,1135.99,USD,PAID
AP000463,VEND0072,2025-05-10,2025-06-09,2025-07-04,544.72,544.72,USD,PAID
AP000464,VEND0099,2024-11-01,2024-12-01,2024-12-29,1358.29,1358.29,USD,PAID
AP000465,VEND0041,2024-10-22,2024-11-21,2025-01-12,980.12,980.12,USD,PAID
AP000466,VEND0037,2025-05-06,2025-06-20,2025-07-15,879.22,879.22,USD,PAID
AP000467,VEND0045,2024-05-04,2024-07-03,2024-08-12,2026.71,2026.71,USD,PAID
AP000468,VEND0092,2026-03-02,2026-04-01,2026-04-27,2339.07,2339.07,USD,PAID
AP000469,VEND0096,2024-03-21,2024-05-05,2024-05-27,645.16,645.16,USD,PAID
AP000470,VEND0069,2025-05-05,2025-06-04,,616.58,0.0,USD,OPEN
AP000471,VEND0079,2024-10-04,2024-11-18,,832.93,0.0,USD,OPEN
AP000472,VEND0086,2026-01-28,2026-02-27,,109.74,0.0,USD,OPEN
AP000473,VEND0013,2026-07-15,2026-08-14,2026-08-10,241.0,241.0,USD,PAID
AP000474,VEND0088,2025-02-27,2025-04-13,2025-04-15,4302.17,4302.17,USD,PAID
AP000475,VEND0071,2026-02-28,2026-03-30,,5681.48,0.0,USD,OPEN
AP000476,VEND0062,2026-08-09,2026-09-08,,854.88,0.0,USD,OPEN
AP000477,VEND0042,2025-10-28,2025-11-27,2025-12-23,1951.9,1951.9,USD,PAID
AP000478,VEND0084,2024-10-19,2024-11-03,2024-11-04,1497.05,1497.05,USD,PAID
AP000479,VEND0023,2025-08-10,2025-09-09,2025-09-03,23834.3,23834.3,USD,PAID
AP000480,VEND0051,2025-03-03,2025-04-02,2025-03-27,3359.59,3359.59,USD,PAID
AP000481,VEND0096,2026-03-17,2026-05-16,,964.96,0.0,USD,OPEN
AP000482,VEND0039,2026-06-12,2026-07-27,2026-07-18,421.77,421.77,USD,PAID
AP000483,VEND0037,2025-08-04,2025-08-19,2025-09-20,219.98,219.98,USD,PAID
AP000484,VEND0065,2025-04-10,2025-06-09,2025-06-16,1344.08,1344.08,USD,PAID
AP000485,VEND0015,2025-04-24,2025-06-08,,514.73,0.0,USD,OPEN
AP000486,VEND0092,2024-12-04,2025-01-03,2025-01-25,264.47,264.47,USD,PAID
AP000487,VEND0073,2024-07-09,2024-07-24,2024-08-20,574.46,574.46,USD,PAID
AP000488,VEND0082,2025-11-21,2025-12-21,,371.84,0.0,USD,OPEN
AP000489,VEND0042,2026-07-07,2026-09-05,,5926.22,0.0,USD,OPEN
AP000490,VEND0018,2024-03-29,2024-05-28,2024-06-10,2648.21,2648.21,USD,PAID
AP000491,VEND0034,2025-05-03,2025-06-17,2025-06-07,1087.92,1087.92,USD,PAID
AP000492,VEND0043,2025-01-27,2025-02-26,2025-03-22,4817.18,4817.18,USD,PAID
AP000493,VEND0089,2024-11-05,2024-11-20,2024-12-26,1184.85,1184.85,USD,PAID
AP000494,VEND0040,2024-08-29,2024-09-13,2024-11-01,463.46,463.46,USD,PAID
AP000495,VEND0089,2024-06-12,2024-08-11,2024-09-09,5029.74,5029.74,USD,PAID
AP000496,VEND0029,2024-04-30,2024-06-14,2024-07-02,1879.78,1879.78,USD,PAID
AP000497,VEND0096,2024-05-16,2024-07-15,,388.68,0.0,USD,OPEN
AP000498,VEND0061,2025-09-12,2025-10-27,2025-12-26,906.56,906.56,USD,PAID
AP000499,VEND0068,2026-02-14,2026-03-16,2026-03-16,456.86,456.86,USD,PAID
AP000500,VEND0073,2025-04-02,2025-05-17,,275.12,0.0,USD,OPEN
AP000501,VEND0026,2024-04-24,2024-05-09,2024-07-02,2768.82,2768.82,USD,PAID
AP000502,VEND0067,2025-08-09,2025-09-08,,7401.34,0.0,USD,OPEN
AP000503,VEND0012,2025-03-28,2025-04-12,2025-06-03,270.81,270.81,USD,PAID
AP000504,VEND0017,2026-07-09,2026-09-07,,1925.55,0.0,USD,OPEN
AP000505,VEND0072,2025-06-09,2025-08-08,2025-08-05,572.12,572.12,USD,PAID
AP000506,VEND0033,2025-04-18,2025-06-02,2025-07-12,673.76,673.76,USD,PAID
AP000507,VEND0006,2026-04-16,2026-05-01,2026-04-30,606.44,606.44,USD,PAID
AP000508,VEND0008,2025-03-09,2025-04-23,2025-06-21,462.21,462.21,USD,PAID
AP000509,VEND0005,2026-08-15,2026-08-30,,1151.16,0.0,USD,OPEN
AP000510,VEND0018,2024-10-20,2024-12-19,,477.73,0.0,USD,OPEN
AP000511,VEND0058,2026-02-23,2026-04-24,2026-06-01,1437.21,1437.21,USD,PAID
AP000512,VEND0018,2026-06-09,2026-08-08,,1042.9,0.0,USD,OPEN
AP000513,VEND0069,2025-10-31,2025-12-15,,863.55,0.0,USD,OPEN
AP000514,VEND0001,2025-02-06,2025-03-08,2025-03-26,442.5,442.5,USD,PAID
AP000515,VEND0087,2026-02-13,2026-02-28,2026-04-18,615.99,615.99,USD,PAID
AP000516,VEND0032,2026-01-06,2026-03-07,2026-03-26,2334.12,2334.12,USD,PAID
AP000517,VEND0025,2025-04-16,2025-05-31,,1809.7,0.0,USD,OPEN
AP000518,VEND0085,2026-08-17,2026-09-01,,412.59,0.0,USD,OPEN
AP000519,VEND0009,2025-03-05,2025-03-20,,1211.16,0.0,USD,OPEN
AP000520,VEND0032,2024-04-13,2024-04-28,2024-04-24,2324.79,2324.79,USD,PAID
AP000521,VEND0070,2026-01-28,2026-02-12,2026-03-03,206.56,206.56,USD,PAID
AP000522,VEND0038,2024-08-10,2024-08-25,,1888.16,0.0,USD,OPEN
AP000523,VEND0031,2024-08-27,2024-10-11,2024-11-11,565.31,565.31,USD,PAID
AP000524,VEND0029,2024-11-05,2024-12-05,2025-01-30,1940.3,1940.3,USD,PAID
AP000525,VEND0081,2025-02-27,2025-04-13,2025-04-25,511.19,511.19,USD,PAID
AP000526,VEND0045,2025-11-26,2026-01-25,2026-01-21,180.39,180.39,USD,PAID
AP000527,VEND0090,2026-08-22,2026-10-21,,215.39,0.0,USD,OPEN
AP000528,VEND0049,2025-03-02,2025-05-01,,1150.65,0.0,USD,OPEN
AP000529,VEND0029,2024-07-07,2024-09-05,,1421.86,0.0,USD,OPEN
AP000530,VEND0072,2024-11-03,2024-12-03,2024-11-30,443.94,443.94,USD,PAID
AP000531,VEND0050,2025-02-26,2025-04-27,2025-05-04,2076.82,2076.82,USD,PAID
AP000532,VEND0083,2024-09-05,2024-10-20,,208.2,0.0,USD,OPEN
AP000533,VEND0069,2024-03-21,2024-05-20,2024-05-21,1026.51,1026.51,USD,PAID
AP000534,VEND0049,2026-01-11,2026-02-10,,326.68,0.0,USD,OPEN
AP000535,VEND0098,2025-11-20,2025-12-05,2025-12-19,571.44,571.44,USD,PAID
AP000536,VEND0039,2025-08-24,2025-09-23,2025-10-25,1149.86,1149.86,USD,PAID
AP000537,VEND0025,2026-07-19,2026-08-03,,463.86,0.0,USD,OPEN
AP000538,VEND0032,2026-01-29,2026-02-13,2026-04-05,746.54,746.54,USD,PAID
AP000539,VEND0071,2025-12-13,2026-01-12,2026-02-01,2999.78,2999.78,USD,PAID
AP000540,VEND0084,2024-11-25,2025-01-09,2025-03-08,615.91,615.91,USD,PAID
AP000541,VEND0064,2025-01-02,2025-02-16,2025-04-12,2529.29,2529.29,USD,PAID
AP000542,VEND0098,2025-04-22,2025-05-07,2025-06-26,354.35,354.35,USD,PAID
AP000543,VEND0041,2026-05-09,2026-06-23,2026-07-30,1862.74,1862.74,USD,PAID
AP000544,VEND0095,2025-02-27,2025-03-14,2025-04-01,4635.82,4635.82,USD,PAID
AP000545,VEND0038,2024-05-29,2024-06-13,2024-07-26,92.61,92.61,USD,PAID
AP000546,VEND0073,2024-06-05,2024-07-05,2024-08-12,494.28,494.28,USD,PAID
AP000547,VEND0033,2026-05-03,2026-06-02,2026-07-05,1952.9,1952.9,USD,PAID
AP000548,VEND0059,2026-02-20,2026-04-21,2026-06-12,895.12,895.12,USD,PAID
AP000549,VEND0093,2024-06-21,2024-08-05,,1589.45,0.0,USD,OPEN
AP000550,VEND0070,2025-07-13,2025-09-11,,599.45,0.0,USD,OPEN
AP000551,VEND0086,2025-10-19,2025-11-03,2025-11-02,1195.82,1195.82,USD,PAID
AP000552,VEND0009,2024-02-19,2024-03-05,2024-03-24,938.54,938.54,USD,PAID
AP000553,VEND0065,2025-12-25,2026-01-24,,3525.52,0.0,USD,OPEN
AP000554,VEND0082,2025-04-11,2025-05-26,,1414.34,0.0,USD,OPEN
AP000555,VEND0001,2025-11-13,2026-01-12,2026-01-04,1537.02,1537.02,USD,PAID
AP000556,VEND0068,2025-06-28,2025-08-27,,726.42,0.0,USD,OPEN
AP000557,VEND0003,2026-01-09,2026-02-23,2026-03-21,673.44,673.44,USD,PAID
AP000558,VEND0014,2025-05-29,2025-07-28,2025-08-09,711.55,711.55,USD,PAID
AP000559,VEND0025,2026-07-29,2026-08-13,,1626.93,0.0,USD,OPEN
AP000560,VEND0051,2025-09-26,2025-11-10,2025-12-04,719.83,719.83,USD,PAID
AP000561,VEND0073,2024-03-21,2024-05-05,2024-06-22,1465.24,1465.24,USD,PAID
AP000562,VEND0084,2024-09-06,2024-10-06,2024-10-06,8737.69,8737.69,USD,PAID
AP000563,VEND0049,2026-05-28,2026-06-12,,2620.51,0.0,USD,OPEN
AP000564,VEND0002,2025-01-21,2025-03-22,,791.54,0.0,USD,OPEN
AP000565,VEND0056,2025-12-20,2026-01-19,,3645.37,0.0,USD,OPEN
AP000566,VEND0068,2025-10-22,2025-12-06,2025-12-08,729.18,729.18,USD,PAID
AP000567,VEND0089,2026-07-30,2026-08-14,,142.86,0.0,USD,OPEN
AP000568,VEND0088,2026-06-27,2026-08-26,2026-08-25,400.18,400.18,USD,PAID
AP000569,VEND0023,2026-08-05,2026-09-19,,168.88,0.0,USD,OPEN
AP000570,VEND0027,2026-08-09,2026-09-23,,771.62,0.0,USD,OPEN
AP000571,VEND0010,2025-08-24,2025-09-23,2025-11-02,1117.02,1117.02,USD,PAID
AP000572,VEND0087,2024-11-02,2024-12-02,2025-01-10,5863.12,5863.12,USD,PAID
AP000573,VEND0089,2026-07-07,2026-08-21,2026-08-28,1520.7,1520.7,USD,PAID
AP000574,VEND0007,2026-01-11,2026-01-26,2026-03-01,880.86,880.86,USD,PAID
AP000575,VEND0010,2024-04-10,2024-06-09,,2513.43,0.0,USD,OPEN
AP000576,VEND0004,2024-12-14,2025-02-12,2025-03-15,120.16,120.16,USD,PAID
AP000577,VEND0063,2025-10-11,2025-11-25,2026-01-11,1387.99,1387.99,USD,PAID
AP000578,VEND0056,2024-08-21,2024-10-05,2024-11-12,2370.52,2370.52,USD,PAID
AP000579,VEND0080,2024-07-09,2024-09-07,,249.99,0.0,USD,OPEN
AP000580,VEND0035,2024-10-29,2024-11-28,2024-11-28,3441.81,3441.81,USD,PAID
AP000581,VEND0095,2024-06-06,2024-08-05,2024-08-14,1538.4,1538.4,USD,PAID
AP000582,VEND0001,2025-02-02,2025-03-19,2025-03-20,723.94,723.94,USD,PAID
AP000583,VEND0014,2026-08-23,2026-10-07,,2064.79,0.0,USD,OPEN
AP000584,VEND0058,2024-05-15,2024-05-30,,10622.11,0.0,USD,OPEN
AP000585,VEND0012,2025-07-24,2025-09-22,,1315.36,0.0,USD,OPEN
AP000586,VEND0050,2024-12-28,2025-01-12,2025-02-12,1405.6,1405.6,USD,PAID
AP000587,VEND0093,2024-01-13,2024-02-27,2024-02-27,692.73,692.73,USD,PAID
AP000588,VEND0088,2026-07-11,2026-08-10,2026-08-21,468.79,468.79,USD,PAID
AP000589,VEND0039,2025-01-24,2025-02-23,,2515.77,0.0,USD,OPEN
AP000590,VEND0022,2024-10-01,2024-11-30,,465.87,0.0,USD,OPEN
AP000591,VEND0010,2025-03-21,2025-05-05,2025-06-25,1177.99,1177.99,USD,PAID
AP000592,VEND0077,2025-01-04,2025-02-18,2025-04-12,680.17,680.17,USD,PAID
AP000593,VEND0039,2025-09-23,2025-10-23,2025-10-30,1770.43,1770.43,USD,PAID
AP000594,VEND0043,2024-01-07,2024-03-07,2024-04-14,1530.98,1530.98,USD,PAID
AP000595,VEND0039,2025-03-26,2025-05-10,2025-05-17,3094.99,3094.99,USD,PAID
AP000596,VEND0051,2024-11-24,2024-12-24,2025-01-05,658.51,658.51,USD,PAID
AP000597,VEND0074,2024-11-22,2025-01-06,2025-02-27,837.25,837.25,USD,PAID
AP000598,VEND0051,2026-03-11,2026-04-10,2026-05-05,412.09,412.09,USD,PAID
AP000599,VEND0076,2025-01-08,2025-01-23,2025-02-07,703.25,703.25,USD,PAID
AP000600,VEND0004,2025-07-12,2025-08-11,2025-10-10,1599.27,1599.27,USD,PAID
AP000601,VEND0057,2026-01-14,2026-03-15,2026-03-31,2337.85,2337.85,USD,PAID
AP000602,VEND0053,2026-03-27,2026-05-11,2026-05-09,436.08,436.08,USD,PAID
AP000603,VEND0039,2025-11-20,2026-01-19,,2616.53,0.0,USD,OPEN
AP000604,VEND0049,2024-09-04,2024-10-19,2024-12-02,4254.1,4254.1,USD,PAID
AP000605,VEND0075,2024-03-16,2024-05-15,2024-07-05,1658.11,1658.11,USD,PAID
AP000606,VEND0090,2025-02-14,2025-04-15,2025-05-21,7163.8,7163.8,USD,PAID
AP000607,VEND0032,2026-07-05,2026-07-20,,505.84,0.0,USD,OPEN
AP000608,VEND0079,2025-11-04,2025-12-19,,315.87,0.0,USD,OPEN
AP000609,VEND0056,2024-02-15,2024-04-15,2024-05-17,185.17,185.17,USD,PAID
AP000610,VEND0029,2024-04-18,2024-05-03,,4895.37,0.0,USD,OPEN
AP000611,VEND0060,2025-06-06,2025-07-06,2025-08-15,2109.84,2109.84,USD,PAID
AP000612,VEND0062,2026-03-01,2026-03-31,2026-03-24,1037.34,1037.34,USD,PAID
AP000613,VEND0015,2024-04-17,2024-06-01,2024-06-01,1450.94,1450.94,USD,PAID
AP000614,VEND0059,2026-05-01,2026-05-31,2026-07-03,355.85,355.85,USD,PAID
AP000615,VEND0061,2026-03-14,2026-04-13,2026-05-17,12654.3,12654.3,USD,PAID
AP000616,VEND0041,2024-04-09,2024-06-08,2024-07-25,1247.9,1247.9,USD,PAID
AP000617,VEND0091,2024-03-09,2024-04-23,,1223.41,0.0,USD,OPEN
AP000618,VEND0087,2024-04-27,2024-05-12,2024-05-15,2265.99,2265.99,USD,PAID
AP000619,VEND0067,2026-03-30,2026-04-29,2026-05-20,1774.03,1774.03,USD,PAID
AP000620,VEND0060,2024-06-27,2024-07-27,2024-09-09,1371.81,1371.81,USD,PAID
AP000621,VEND0082,2024-08-25,2024-10-24,2024-11-06,497.47,497.47,USD,PAID
AP000622,VEND0058,2025-11-04,2026-01-03,2026-01-18,1757.18,1757.18,USD,PAID
AP000623,VEND0027,2025-08-29,2025-10-28,2025-11-14,7201.36,7201.36,USD,PAID
AP000624,VEND0024,2024-10-12,2024-10-27,2024-12-24,4210.85,4210.85,USD,PAID
AP000625,VEND0015,2025-01-09,2025-02-23,,5394.78,0.0,USD,OPEN
AP000626,VEND0077,2024-09-25,2024-11-24,2024-12-24,657.72,657.72,USD,PAID
AP000627,VEND0046,2025-02-01,2025-04-02,2025-05-06,407.64,407.64,USD,PAID
AP000628,VEND0079,2026-05-15,2026-07-14,2026-08-11,967.01,967.01,USD,PAID
AP000629,VEND0016,2025-08-27,2025-09-11,2025-10-11,1159.48,1159.48,USD,PAID
AP000630,VEND0048,2024-09-01,2024-10-16,,3275.39,0.0,USD,OPEN
AP000631,VEND0077,2025-12-11,2026-01-10,2026-02-22,201.85,201.85,USD,PAID
AP000632,VEND0082,2024-05-21,2024-07-20,2024-09-10,5062.17,5062.17,USD,PAID
AP000633,VEND0037,2025-07-04,2025-08-03,2025-09-24,936.35,936.35,USD,PAID
AP000634,VEND0080,2024-05-23,2024-06-22,2024-08-08,715.6,715.6,USD,PAID
AP000635,VEND0018,2024-02-24,2024-04-09,2024-05-31,398.57,398.57,USD,PAID
AP000636,VEND0084,2024-07-18,2024-09-16,2024-11-09,209.59,209.59,USD,PAID
AP000637,VEND0091,2025-05-21,2025-07-20,2025-09-01,2497.81,2497.81,USD,PAID
AP000638,VEND0073,2026-05-10,2026-07-09,2026-07-09,1180.06,1180.06,USD,PAID
AP000639,VEND0029,2024-02-01,2024-03-02,2024-03-27,301.88,301.88,USD,PAID
AP000640,VEND0059,2025-07-04,2025-08-18,,300.34,0.0,USD,OPEN
AP000641,VEND0074,2025-08-02,2025-10-01,2025-10-05,783.85,783.85,USD,PAID
AP000642,VEND0070,2024-04-26,2024-06-10,2024-07-16,5819.8,5819.8,USD,PAID
AP000643,VEND0070,2026-04-22,2026-05-07,2026-06-22,845.91,845.91,USD,PAID
AP000644,VEND0084,2024-08-11,2024-10-10,,243.92,0.0,USD,OPEN
AP000645,VEND0058,2026-02-08,2026-03-10,2026-03-04,857.7,857.7,USD,PAID
AP000646,VEND0057,2024-09-26,2024-11-10,2024-11-11,834.87,834.87,USD,PAID
AP000647,VEND0027,2026-06-05,2026-06-20,2026-07-10,73.93,73.93,USD,PAID
AP000648,VEND0022,2026-04-10,2026-05-25,2026-07-08,1038.68,1038.68,USD,PAID
AP000649,VEND0008,2025-09-22,2025-10-22,2025-11-07,870.5,870.5,USD,PAID
AP000650,VEND0022,2025-08-06,2025-09-20,2025-11-17,2199.99,2199.99,USD,PAID
AP000651,VEND0066,2024-11-27,2025-01-11,2025-02-04,6967.11,6967.11,USD,PAID
AP000652,VEND0097,2026-07-10,2026-07-25,,3383.16,0.0,USD,OPEN
AP000653,VEND0084,2026-03-15,2026-05-14,2026-06-08,838.08,838.08,USD,PAID
AP000654,VEND0092,2024-05-09,2024-06-08,,362.66,0.0,USD,OPEN
AP000655,VEND0063,2024-11-25,2024-12-25,2025-02-03,14376.64,14376.64,USD,PAID
AP000656,VEND0058,2024-05-25,2024-07-09,2024-08-16,1163.54,1163.54,USD,PAID
AP000657,VEND0089,2024-03-18,2024-04-02,2024-04-27,1112.02,1112.02,USD,PAID
AP000658,VEND0042,2026-08-16,2026-09-30,,1070.49,0.0,USD,OPEN
AP000659,VEND0094,2025-08-18,2025-09-02,2025-09-03,1336.87,1336.87,USD,PAID
AP000660,VEND0051,2025-04-14,2025-05-29,2025-07-26,949.22,949.22,USD,PAID
AP000661,VEND0035,2024-08-11,2024-10-10,2024-12-02,617.91,617.91,USD,PAID
AP000662,VEND0073,2024-11-26,2025-01-10,2025-01-16,634.69,634.69,USD,PAID
AP000663,VEND0006,2026-05-22,2026-07-21,2026-07-17,1061.3,1061.3,USD,PAID
AP000664,VEND0021,2024-04-11,2024-06-10,,636.88,0.0,USD,OPEN
AP000665,VEND0055,2025-03-27,2025-05-26,,537.62,0.0,USD,OPEN
AP000666,VEND0021,2024-07-26,2024-08-25,2024-09-22,1219.79,1219.79,USD,PAID
AP000667,VEND0047,2026-06-14,2026-07-29,,849.82,0.0,USD,OPEN
AP000668,VEND0007,2024-09-13,2024-09-28,2024-10-09,4934.43,4934.43,USD,PAID
AP000669,VEND0055,2025-02-09,2025-03-26,2025-04-14,77.4,77.4,USD,PAID
AP000670,VEND0028,2025-11-02,2025-11-17,2025-11-07,3266.61,3266.61,USD,PAID
AP000671,VEND0029,2025-05-03,2025-05-18,,3812.67,0.0,USD,OPEN
AP000672,VEND0090,2025-06-15,2025-08-14,,137.91,0.0,USD,OPEN
AP000673,VEND0089,2024-12-17,2025-01-01,2025-02-14,778.46,778.46,USD,PAID
AP000674,VEND0050,2024-05-15,2024-07-14,,756.39,0.0,USD,OPEN
AP000675,VEND0048,2024-04-01,2024-04-16,,268.4,0.0,USD,OPEN
AP000676,VEND0100,2026-06-21,2026-08-05,,503.8,0.0,USD,OPEN
AP000677,VEND0009,2026-04-12,2026-05-12,2026-05-20,361.2,361.2,USD,PAID
AP000678,VEND0057,2025-06-27,2025-07-12,2025-07-23,6325.03,6325.03,USD,PAID
AP000679,VEND0053,2024-12-25,2025-01-24,2025-02-02,2795.25,2795.25,USD,PAID
AP000680,VEND0013,2025-09-22,2025-11-21,2025-11-22,3911.03,3911.03,USD,PAID
AP000681,VEND0045,2024-05-23,2024-06-07,2024-07-16,2256.73,2256.73,USD,PAID
AP000682,VEND0036,2025-03-15,2025-04-29,2025-05-20,354.59,354.59,USD,PAID
AP000683,VEND0077,2025-10-22,2025-11-06,,649.03,0.0,USD,OPEN
AP000684,VEND0085,2025-09-06,2025-10-21,2025-10-14,1788.93,1788.93,USD,PAID
AP000685,VEND0078,2026-06-15,2026-07-30,,323.07,0.0,USD,OPEN
AP000686,VEND0083,2025-06-05,2025-07-05,2025-08-01,2237.24,2237.24,USD,PAID
AP000687,VEND0031,2024-02-25,2024-03-26,2024-03-30,862.36,862.36,USD,PAID
AP000688,VEND0047,2025-05-26,2025-06-10,2025-06-01,753.84,753.84,USD,PAID
AP000689,VEND0073,2026-08-14,2026-09-28,,2232.68,0.0,USD,OPEN
AP000690,VEND0098,2025-03-06,2025-04-20,2025-05-02,1710.03,1710.03,USD,PAID
AP000691,VEND0009,2025-04-27,2025-05-12,,764.36,0.0,USD,OPEN
AP000692,VEND0008,2024-01-15,2024-02-29,,3495.84,0.0,USD,OPEN
AP000693,VEND0099,2026-08-29,2026-10-28,,372.02,0.0,USD,OPEN
AP000694,VEND0082,2025-03-01,2025-04-30,2025-04-30,2030.29,2030.29,USD,PAID
AP000695,VEND0011,2025-07-03,2025-08-02,2025-08-31,1984.46,1984.46,USD,PAID
AP000696,VEND0069,2025-06-07,2025-07-07,2025-07-16,804.69,804.69,USD,PAID
AP000697,VEND0040,2024-11-30,2025-01-29,2025-01-27,1519.49,1519.49,USD,PAID
AP000698,VEND0008,2025-12-16,2026-02-14,2026-03-06,313.84,313.84,USD,PAID
AP000699,VEND0059,2024-09-07,2024-09-22,2024-09-26,2762.87,2762.87,USD,PAID
AP000700,VEND0016,2025-09-18,2025-10-03,2025-10-15,911.51,911.51,USD,PAID
AP000701,VEND0064,2024-01-13,2024-02-12,2024-02-22,650.2,650.2,USD,PAID
AP000702,VEND0017,2024-12-21,2025-02-04,,3130.69,0.0,USD,OPEN
AP000703,VEND0099,2026-02-06,2026-03-23,2026-03-28,542.21,542.21,USD,PAID
AP000704,VEND0035,2026-07-10,2026-07-25,,268.15,0.0,USD,OPEN
AP000705,VEND0064,2025-06-20,2025-07-05,2025-07-04,231.22,231.22,USD,PAID
AP000706,VEND0073,2025-04-11,2025-05-26,,2010.24,0.0,USD,OPEN
AP000707,VEND0099,2024-06-19,2024-08-03,,304.77,0.0,USD,OPEN
AP000708,VEND0066,2024-04-15,2024-04-30,,6341.02,0.0,USD,OPEN
AP000709,VEND0032,2024-01-03,2024-01-18,2024-01-09,136.74,136.74,USD,PAID
AP000710,VEND0023,2024-02-17,2024-04-17,2024-04-26,5981.68,5981.68,USD,PAID
AP000711,VEND0029,2026-08-11,2026-08-26,,1354.27,0.0,USD,OPEN
AP000712,VEND0035,2024-11-25,2024-12-25,2025-01-24,995.54,995.54,USD,PAID
AP000713,VEND0065,2026-04-25,2026-05-10,2026-05-15,635.93,635.93,USD,PAID
AP000714,VEND0067,2025-11-20,2025-12-05,,1634.57,0.0,USD,OPEN
AP000715,VEND0060,2024-02-17,2024-04-17,,1056.13,0.0,USD,OPEN
AP000716,VEND0042,2026-06-05,2026-07-20,2026-08-18,3305.36,3305.36,USD,PAID
AP000717,VEND0026,2024-03-29,2024-05-28,,1229.33,0.0,USD,OPEN
AP000718,VEND0060,2024-10-25,2024-12-09,2024-12-30,1274.49,1274.49,USD,PAID
AP000719,VEND0094,2025-01-12,2025-03-13,2025-03-28,762.34,762.34,USD,PAID
AP000720,VEND0053,2026-07-11,2026-08-10,,1035.93,0.0,USD,OPEN
AP000721,VEND0043,2024-01-25,2024-02-24,2024-02-15,1491.89,1491.89,USD,PAID
AP000722,VEND0014,2024-01-02,2024-03-02,2024-03-31,198.31,198.31,USD,PAID
AP000723,VEND0019,2024-07-29,2024-08-28,2024-08-25,284.81,284.81,USD,PAID
AP000724,VEND0030,2025-12-29,2026-02-12,,2305.99,0.0,USD,OPEN
AP000725,VEND0059,2026-07-07,2026-09-05,,1300.97,0.0,USD,OPEN
AP000726,VEND0018,2026-02-04,2026-02-19,2026-04-14,912.34,912.34,USD,PAID
AP000727,VEND0073,2025-10-14,2025-12-13,,1117.04,0.0,USD,OPEN
AP000728,VEND0031,2024-03-04,2024-05-03,2024-05-09,1552.44,1552.44,USD,PAID
AP000729,VEND0090,2024-10-25,2024-12-09,2025-01-18,639.21,639.21,USD,PAID
AP000730,VEND0030,2026-05-01,2026-06-15,2026-07-09,503.56,503.56,USD,PAID
AP000731,VEND0099,2024-03-17,2024-04-16,,1333.88,0.0,USD,OPEN
AP000732,VEND0022,2025-08-21,2025-09-05,,412.25,0.0,USD,OPEN
AP000733,VEND0069,2025-04-05,2025-06-04,2025-06-09,1649.54,1649.54,USD,PAID
AP000734,VEND0034,2025-01-01,2025-01-31,2025-03-21,199.82,199.82,USD,PAID
AP000735,VEND0088,2026-05-22,2026-06-06,,3069.15,0.0,USD,OPEN
AP000736,VEND0042,2024-11-07,2024-11-22,,1759.17,0.0,USD,OPEN
AP000737,VEND0051,2024-05-31,2024-06-15,2024-07-20,1416.62,1416.62,USD,PAID
AP000738,VEND0023,2025-06-09,2025-06-24,2025-07-17,2929.8,2929.8,USD,PAID
AP000739,VEND0032,2024-02-01,2024-04-01,2024-05-31,5799.2,5799.2,USD,PAID
AP000740,VEND0018,2024-04-06,2024-06-05,,3024.1,0.0,USD,OPEN
AP000741,VEND0100,2024-05-04,2024-05-19,,174.01,0.0,USD,OPEN
AP000742,VEND0052,2024-08-15,2024-09-14,,305.03,0.0,USD,OPEN
AP000743,VEND0010,2025-01-16,2025-01-31,2025-02-23,587.09,587.09,USD,PAID
AP000744,VEND0083,2024-01-23,2024-02-07,,1125.62,0.0,USD,OPEN
AP000745,VEND0043,2025-03-30,2025-04-29,,1840.25,0.0,USD,OPEN
AP000746,VEND0022,2024-05-05,2024-05-20,2024-05-16,530.73,530.73,USD,PAID
AP000747,VEND0064,2026-08-04,2026-10-03,,1321.82,0.0,USD,OPEN
AP000748,VEND0046,2024-01-31,2024-03-31,2024-04-12,515.23,515.23,USD,PAID
AP000749,VEND0020,2024-08-07,2024-09-06,2024-10-23,594.95,594.95,USD,PAID
AP000750,VEND0053,2024-02-05,2024-03-06,2024-04-28,268.63,268.63,USD,PAID
AP000751,VEND0036,2026-06-22,2026-08-21,,435.62,0.0,USD,OPEN
AP000752,VEND0032,2025-01-27,2025-02-26,2025-04-24,283.81,283.81,USD,PAID
AP000753,VEND0062,2025-10-07,2025-10-22,2025-11-26,413.28,413.28,USD,PAID
AP000754,VEND0042,2025-07-11,2025-09-09,2025-11-02,3145.23,3145.23,USD,PAID
AP000755,VEND0041,2025-02-01,2025-03-18,,424.37,0.0,USD,OPEN
AP000756,VEND0100,2025-09-03,2025-10-03,,15250.72,0.0,USD,OPEN
AP000757,VEND0068,2024-10-14,2024-10-29,2024-12-18,1796.0,1796.0,USD,PAID
AP000758,VEND0032,2025-01-01,2025-01-31,2025-02-02,1319.27,1319.27,USD,PAID
AP000759,VEND0098,2025-11-03,2025-12-03,2025-11-30,464.82,464.82,USD,PAID
AP000760,VEND0046,2026-08-28,2026-09-27,,2209.03,0.0,USD,OPEN
AP000761,VEND0076,2026-08-15,2026-09-14,,616.69,0.0,USD,OPEN
AP000762,VEND0091,2024-11-21,2025-01-05,2024-12-29,1238.94,1238.94,USD,PAID
AP000763,VEND0073,2025-12-18,2026-02-01,2026-02-09,14187.05,14187.05,USD,PAID
AP000764,VEND0070,2026-08-29,2026-09-28,,996.19,0.0,USD,OPEN
AP000765,VEND0008,2024-11-12,2024-12-12,2024-12-13,3460.86,3460.86,USD,PAID
AP000766,VEND0062,2024-08-26,2024-09-25,,542.84,0.0,USD,OPEN
AP000767,VEND0017,2024-01-01,2024-02-15,2024-03-01,1058.93,1058.93,USD,PAID
AP000768,VEND0008,2024-12-14,2025-01-13,2025-02-13,6443.33,6443.33,USD,PAID
AP000769,VEND0100,2024-01-23,2024-02-22,2024-03-01,585.83,585.83,USD,PAID
AP000770,VEND0091,2024-04-23,2024-06-07,2024-07-14,6717.35,6717.35,USD,PAID
AP000771,VEND0039,2026-08-22,2026-10-21,,2225.53,0.0,USD,OPEN
AP000772,VEND0082,2024-11-26,2024-12-26,2025-02-09,624.86,624.86,USD,PAID
AP000773,VEND0072,2025-05-13,2025-06-27,,2064.01,0.0,USD,OPEN
AP000774,VEND0076,2025-12-11,2026-01-25,,2900.26,0.0,USD,OPEN
AP000775,VEND0017,2026-04-14,2026-05-14,2026-06-10,2042.26,2042.26,USD,PAID
AP000776,VEND0099,2024-06-30,2024-07-15,2024-08-24,228.1,228.1,USD,PAID
AP000777,VEND0041,2025-08-04,2025-08-19,,529.99,0.0,USD,OPEN
AP000778,VEND0064,2026-08-01,2026-08-31,,856.18,0.0,USD,OPEN
AP000779,VEND0045,2024-05-24,2024-07-08,2024-07-28,1017.97,1017.97,USD,PAID
AP000780,VEND0091,2024-11-23,2024-12-23,2024-12-24,2039.93,2039.93,USD,PAID
AP000781,VEND0027,2025-11-17,2026-01-01,2026-01-24,1309.89,1309.89,USD,PAID
AP000782,VEND0093,2024-09-12,2024-09-27,2024-09-30,288.49,288.49,USD,PAID
AP000783,VEND0022,2024-01-02,2024-01-17,2024-02-29,1603.91,1603.91,USD,PAID
AP000784,VEND0045,2026-06-24,2026-08-23,,2019.46,0.0,USD,OPEN
AP000785,VEND0062,2025-07-13,2025-09-11,,1919.44,0.0,USD,OPEN
AP000786,VEND0010,2026-03-18,2026-04-17,,3231.76,0.0,USD,OPEN
AP000787,VEND0034,2026-03-29,2026-04-13,2026-05-13,2524.81,2524.81,USD,PAID
AP000788,VEND0022,2026-09-01,2026-09-16,,1735.72,0.0,USD,OPEN
AP000789,VEND0010,2026-06-28,2026-08-27,,1022.32,0.0,USD,OPEN
AP000790,VEND0091,2025-07-14,2025-07-29,2025-09-18,208.31,208.31,USD,PAID
AP000791,VEND0078,2024-02-01,2024-04-01,2024-04-12,1685.16,1685.16,USD,PAID
AP000792,VEND0013,2026-06-30,2026-08-29,,1349.77,0.0,USD,OPEN
AP000793,VEND0090,2024-12-05,2025-01-04,2025-02-15,1438.82,1438.82,USD,PAID
AP000794,VEND0031,2025-07-21,2025-09-04,2025-10-02,305.9,305.9,USD,PAID
AP000795,VEND0063,2024-04-08,2024-04-23,2024-06-22,372.02,372.02,USD,PAID
AP000796,VEND0012,2024-06-06,2024-06-21,2024-08-04,3143.69,3143.69,USD,PAID
AP000797,VEND0004,2024-10-28,2024-12-27,,1054.1,0.0,USD,OPEN
AP000798,VEND0061,2024-07-30,2024-08-29,2024-08-29,2167.87,2167.87,USD,PAID
AP000799,VEND0061,2026-05-14,2026-05-29,2026-07-08,1128.13,1128.13,USD,PAID
AP000800,VEND0070,2025-05-15,2025-06-29,,1129.76,0.0,USD,OPEN
AP000801,VEND0048,2025-01-31,2025-03-02,2025-04-09,2802.55,2802.55,USD,PAID
AP000802,VEND0057,2024-07-10,2024-09-08,,654.55,0.0,USD,OPEN
AP000803,VEND0035,2025-04-21,2025-06-05,,1207.27,0.0,USD,OPEN
AP000804,VEND0090,2025-07-31,2025-08-15,,690.71,0.0,USD,OPEN
AP000805,VEND0045,2025-11-14,2025-11-29,,710.17,0.0,USD,OPEN
AP000806,VEND0071,2026-04-07,2026-06-06,2026-06-25,804.99,804.99,USD,PAID
AP000807,VEND0069,2024-03-03,2024-05-02,2024-06-14,1369.41,1369.41,USD,PAID
AP000808,VEND0061,2025-12-04,2026-02-02,2026-02-22,679.43,679.43,USD,PAID
AP000809,VEND0065,2024-11-02,2024-11-17,2024-11-11,3849.72,3849.72,USD,PAID
AP000810,VEND0097,2025-08-07,2025-09-06,,448.27,0.0,USD,OPEN
AP000811,VEND0028,2025-04-04,2025-05-04,2025-05-15,909.71,909.71,USD,PAID
AP000812,VEND0055,2026-04-07,2026-05-07,,706.46,0.0,USD,OPEN
AP000813,VEND0081,2024-03-21,2024-05-20,,4660.97,0.0,USD,OPEN
AP000814,VEND0012,2024-05-31,2024-07-15,2024-07-13,1334.82,1334.82,USD,PAID
AP000815,VEND0067,2025-02-01,2025-04-02,2025-04-27,3077.41,3077.41,USD,PAID
AP000816,VEND0054,2025-04-14,2025-04-29,2025-06-24,248.25,248.25,USD,PAID
AP000817,VEND0073,2024-04-25,2024-06-24,,1432.32,0.0,USD,OPEN
AP000818,VEND0037,2025-08-25,2025-09-09,2025-09-11,2669.46,2669.46,USD,PAID
AP000819,VEND0050,2026-06-07,2026-07-22,2026-08-14,1190.68,1190.68,USD,PAID
AP000820,VEND0005,2025-11-01,2025-12-31,2026-02-19,3182.68,3182.68,USD,PAID
AP000821,VEND0005,2024-06-25,2024-08-09,2024-09-19,653.74,653.74,USD,PAID
AP000822,VEND0096,2025-02-09,2025-03-26,2025-03-22,4488.83,4488.83,USD,PAID
AP000823,VEND0044,2025-05-01,2025-06-15,2025-06-07,10925.97,10925.97,USD,PAID
AP000824,VEND0090,2026-04-17,2026-06-01,2026-07-23,762.93,762.93,USD,PAID
AP000825,VEND0018,2025-12-02,2025-12-17,2026-01-05,702.4,702.4,USD,PAID
AP000826,VEND0035,2024-11-03,2025-01-02,2025-02-02,4690.92,4690.92,USD,PAID
AP000827,VEND0025,2026-01-16,2026-03-17,2026-03-18,5321.83,5321.83,USD,PAID
AP000828,VEND0095,2025-03-28,2025-04-27,2025-06-08,650.11,650.11,USD,PAID
AP000829,VEND0021,2025-05-11,2025-06-25,2025-08-19,720.4,720.4,USD,PAID
AP000830,VEND0018,2024-03-08,2024-04-22,2024-06-02,827.34,827.34,USD,PAID
AP000831,VEND0026,2026-03-10,2026-03-25,,285.87,0.0,USD,OPEN
AP000832,VEND0059,2026-05-07,2026-05-22,,437.62,0.0,USD,OPEN
AP000833,VEND0048,2024-02-21,2024-04-06,2024-05-01,401.76,401.76,USD,PAID
AP000834,VEND0088,2026-04-23,2026-06-22,2026-06-27,508.88,508.88,USD,PAID
AP000835,VEND0023,2024-02-01,2024-03-02,2024-04-18,1059.25,1059.25,USD,PAID
AP000836,VEND0045,2026-06-10,2026-08-09,,1386.05,0.0,USD,OPEN
AP000837,VEND0037,2024-06-16,2024-07-31,2024-08-01,5169.34,5169.34,USD,PAID
AP000838,VEND0074,2024-01-29,2024-03-29,,404.09,0.0,USD,OPEN
AP000839,VEND0087,2026-03-09,2026-04-08,2026-04-26,2934.59,2934.59,USD,PAID
AP000840,VEND0003,2024-07-30,2024-09-13,2024-11-07,885.37,885.37,USD,PAID
AP000841,VEND0083,2026-06-04,2026-06-19,2026-06-25,1043.71,1043.71,USD,PAID
AP000842,VEND0078,2024-06-26,2024-07-11,,2153.43,0.0,USD,OPEN
AP000843,VEND0055,2026-04-04,2026-05-19,2026-06-13,356.84,356.84,USD,PAID
AP000844,VEND0033,2026-07-05,2026-09-03,,1607.46,0.0,USD,OPEN
AP000845,VEND0080,2024-08-11,2024-10-10,2024-12-05,1295.24,1295.24,USD,PAID
AP000846,VEND0085,2025-02-10,2025-02-25,,1794.45,0.0,USD,OPEN
AP000847,VEND0039,2026-05-13,2026-06-27,2026-07-23,1464.35,1464.35,USD,PAID
AP000848,VEND0036,2025-12-01,2025-12-16,2026-01-18,12775.7,12775.7,USD,PAID
AP000849,VEND0084,2025-10-17,2025-12-01,2025-12-24,579.55,579.55,USD,PAID
AP000850,VEND0067,2025-12-29,2026-02-12,,644.84,0.0,USD,OPEN
AP000851,VEND0085,2026-02-22,2026-03-24,2026-05-04,588.08,588.08,USD,PAID
AP000852,VEND0038,2024-11-23,2024-12-23,2025-02-14,629.25,629.25,USD,PAID
AP000853,VEND0075,2024-09-22,2024-11-21,2024-11-15,579.76,579.76,USD,PAID
AP000854,VEND0088,2025-12-26,2026-01-25,2026-02-12,3601.18,3601.18,USD,PAID
AP000855,VEND0065,2025-07-01,2025-08-30,2025-10-04,4539.19,4539.19,USD,PAID
AP000856,VEND0038,2024-11-03,2024-12-03,2024-12-16,619.71,619.71,USD,PAID
AP000857,VEND0034,2024-04-09,2024-06-08,,477.06,0.0,USD,OPEN
AP000858,VEND0084,2026-01-12,2026-02-11,2026-03-15,1757.09,1757.09,USD,PAID
AP000859,VEND0054,2024-04-01,2024-05-01,2024-05-30,631.3,631.3,USD,PAID
AP000860,VEND0060,2026-03-18,2026-05-02,2026-05-29,2065.1,2065.1,USD,PAID
AP000861,VEND0061,2026-05-21,2026-06-05,2026-06-04,1343.35,1343.35,USD,PAID
AP000862,VEND0068,2026-06-29,2026-07-29,,240.87,0.0,USD,OPEN
AP000863,VEND0020,2024-11-01,2024-12-31,,5153.88,0.0,USD,OPEN
AP000864,VEND0019,2024-05-20,2024-06-19,2024-08-06,6606.95,6606.95,USD,PAID
AP000865,VEND0043,2024-11-19,2024-12-19,2025-02-09,594.2,594.2,USD,PAID
AP000866,VEND0001,2025-10-08,2025-11-07,2025-11-04,744.19,744.19,USD,PAID
AP000867,VEND0100,2025-04-07,2025-05-22,,1459.52,0.0,USD,OPEN
AP000868,VEND0017,2024-06-21,2024-07-21,2024-07-22,1532.2,1532.2,USD,PAID
AP000869,VEND0055,2025-09-21,2025-11-20,2025-12-31,2118.67,2118.67,USD,PAID
AP000870,VEND0069,2025-05-03,2025-07-02,,8186.2,0.0,USD,OPEN
AP000871,VEND0097,2024-07-23,2024-09-06,2024-10-07,918.79,918.79,USD,PAID
AP000872,VEND0001,2026-05-03,2026-06-02,,493.59,0.0,USD,OPEN
AP000873,VEND0045,2025-10-03,2025-11-02,,276.08,0.0,USD,OPEN
AP000874,VEND0065,2024-11-15,2024-12-15,,527.99,0.0,USD,OPEN
AP000875,VEND0006,2025-08-25,2025-10-09,,1060.9,0.0,USD,OPEN
AP000876,VEND0077,2024-11-01,2024-12-16,2025-02-10,6598.24,6598.24,USD,PAID
AP000877,VEND0044,2025-06-20,2025-08-04,2025-08-11,653.53,653.53,USD,PAID
AP000878,VEND0022,2026-07-12,2026-09-10,,1371.68,0.0,USD,OPEN
AP000879,VEND0029,2026-08-28,2026-10-27,,1078.77,0.0,USD,OPEN
AP000880,VEND0003,2026-01-14,2026-02-13,,3598.94,0.0,USD,OPEN
AP000881,VEND0092,2025-08-26,2025-09-25,,13724.43,0.0,USD,OPEN
AP000882,VEND0099,2025-10-28,2025-11-12,2025-12-04,644.92,644.92,USD,PAID
AP000883,VEND0085,2025-07-01,2025-07-16,2025-07-12,672.2,672.2,USD,PAID
AP000884,VEND0015,2024-04-20,2024-05-05,,3115.55,0.0,USD,OPEN
AP000885,VEND0033,2025-03-02,2025-05-01,2025-06-30,2168.72,2168.72,USD,PAID
AP000886,VEND0088,2025-04-30,2025-05-30,,6951.46,0.0,USD,OPEN
AP000887,VEND0085,2025-10-07,2025-10-22,2025-10-24,1966.34,1966.34,USD,PAID
AP000888,VEND0054,2025-06-16,2025-07-31,2025-08-07,765.64,765.64,USD,PAID
AP000889,VEND0037,2026-04-30,2026-05-15,2026-05-20,1979.61,1979.61,USD,PAID
AP000890,VEND0100,2024-04-26,2024-05-11,2024-05-26,3323.27,3323.27,USD,PAID
AP000891,VEND0038,2024-09-26,2024-10-26,2024-12-07,2491.11,2491.11,USD,PAID
AP000892,VEND0089,2024-06-13,2024-06-28,2024-07-14,1821.24,1821.24,USD,PAID
AP000893,VEND0002,2026-08-13,2026-10-12,,3186.49,0.0,USD,OPEN
AP000894,VEND0020,2025-11-18,2025-12-03,2026-01-25,3530.86,3530.86,USD,PAID
AP000895,VEND0093,2026-08-30,2026-09-14,,4368.43,0.0,USD,OPEN
AP000896,VEND0059,2026-01-10,2026-01-25,2026-02-13,2097.94,2097.94,USD,PAID
AP000897,VEND0023,2024-10-30,2024-12-14,2024-12-16,927.86,927.86,USD,PAID
AP000898,VEND0087,2026-06-14,2026-06-29,2026-08-04,1269.93,1269.93,USD,PAID
AP000899,VEND0098,2024-11-16,2025-01-15,2025-01-17,3664.73,3664.73,USD,PAID
AP000900,VEND0018,2026-06-30,2026-07-15,,484.47,0.0,USD,OPEN
AP000901,VEND0080,2025-11-10,2025-12-10,2026-01-25,1585.53,1585.53,USD,PAID
AP000902,VEND0024,2024-10-01,2024-10-16,2024-11-18,740.01,740.01,USD,PAID
AP000903,VEND0035,2024-04-26,2024-06-25,2024-08-12,1128.61,1128.61,USD,PAID
AP000904,VEND0054,2026-05-05,2026-07-04,2026-08-24,3938.09,3938.09,USD,PAID
AP000905,VEND0090,2025-10-26,2025-11-25,,1327.56,0.0,USD,OPEN
AP000906,VEND0014,2026-01-13,2026-01-28,2026-02-07,1148.76,1148.76,USD,PAID
AP000907,VEND0024,2025-03-02,2025-05-01,2025-06-16,281.5,281.5,USD,PAID
AP000908,VEND0088,2025-09-17,2025-11-16,2025-11-09,2312.89,2312.89,USD,PAID
AP000909,VEND0015,2026-06-20,2026-07-20,,2091.18,0.0,USD,OPEN
AP000910,VEND0034,2026-06-27,2026-08-26,2026-08-24,9540.06,9540.06,USD,PAID
AP000911,VEND0087,2025-11-01,2025-12-16,,806.11,0.0,USD,OPEN
AP000912,VEND0067,2025-06-21,2025-07-21,2025-08-23,1365.33,1365.33,USD,PAID
AP000913,VEND0062,2025-06-19,2025-07-04,2025-07-25,1407.24,1407.24,USD,PAID
AP000914,VEND0072,2024-12-20,2025-02-18,,5310.56,0.0,USD,OPEN
AP000915,VEND0021,2026-07-02,2026-07-17,,996.95,0.0,USD,OPEN
AP000916,VEND0010,2025-06-01,2025-07-31,2025-08-11,1449.57,1449.57,USD,PAID
AP000917,VEND0036,2026-02-08,2026-04-09,2026-05-11,2014.04,2014.04,USD,PAID
AP000918,VEND0052,2024-02-21,2024-03-22,2024-04-29,1321.61,1321.61,USD,PAID
AP000919,VEND0057,2026-04-16,2026-05-16,,701.74,0.0,USD,OPEN
AP000920,VEND0064,2026-03-31,2026-05-30,,1331.54,0.0,USD,OPEN
AP000921,VEND0064,2025-04-02,2025-05-17,,3208.73,0.0,USD,OPEN
AP000922,VEND0053,2026-02-02,2026-02-17,,392.87,0.0,USD,OPEN
AP000923,VEND0066,2024-02-06,2024-02-21,2024-03-20,1252.59,1252.59,USD,PAID
AP000924,VEND0044,2025-07-29,2025-08-28,2025-10-15,544.51,544.51,USD,PAID
AP000925,VEND0043,2025-01-07,2025-01-22,2025-03-11,3622.96,3622.96,USD,PAID
AP000926,VEND0092,2025-07-27,2025-09-25,2025-10-31,239.08,239.08,USD,PAID
AP000927,VEND0085,2025-04-08,2025-04-23,,627.08,0.0,USD,OPEN
AP000928,VEND0071,2024-08-15,2024-08-30,2024-09-26,1599.12,1599.12,USD,PAID
AP000929,VEND0022,2025-06-18,2025-08-02,2025-07-28,5247.59,5247.59,USD,PAID
AP000930,VEND0014,2025-05-19,2025-06-18,2025-07-30,1026.85,1026.85,USD,PAID
AP000931,VEND0051,2024-09-17,2024-10-17,,629.42,0.0,USD,OPEN
AP000932,VEND0092,2024-08-08,2024-10-07,2024-10-21,7195.11,7195.11,USD,PAID
AP000933,VEND0082,2024-12-12,2024-12-27,2024-12-22,257.75,257.75,USD,PAID
AP000934,VEND0059,2026-05-07,2026-05-22,2026-07-08,121.66,121.66,USD,PAID
AP000935,VEND0068,2025-11-05,2025-12-05,2025-11-25,1702.77,1702.77,USD,PAID
AP000936,VEND0075,2026-01-23,2026-02-07,2026-03-24,663.78,663.78,USD,PAID
AP000937,VEND0094,2025-05-09,2025-06-08,2025-06-20,394.95,394.95,USD,PAID
AP000938,VEND0085,2026-04-14,2026-05-14,,2226.88,0.0,USD,OPEN
AP000939,VEND0054,2025-09-06,2025-10-21,2025-11-29,1399.4,1399.4,USD,PAID
AP000940,VEND0038,2025-09-15,2025-10-15,2025-11-17,623.86,623.86,USD,PAID
AP000941,VEND0078,2025-04-08,2025-05-08,,304.81,0.0,USD,OPEN
AP000942,VEND0041,2025-12-17,2026-01-31,2026-04-01,2624.01,2624.01,USD,PAID
AP000943,VEND0080,2025-12-29,2026-01-28,,2101.07,0.0,USD,OPEN
AP000944,VEND0091,2026-01-01,2026-02-15,2026-02-21,993.09,993.09,USD,PAID
AP000945,VEND0091,2025-10-27,2025-11-26,2025-12-27,6950.97,6950.97,USD,PAID
AP000946,VEND0087,2024-04-28,2024-06-12,2024-07-25,376.12,376.12,USD,PAID
AP000947,VEND0002,2026-02-04,2026-03-21,2026-05-04,238.53,238.53,USD,PAID
AP000948,VEND0019,2025-06-19,2025-07-04,,549.0,0.0,USD,OPEN
AP000949,VEND0097,2024-02-24,2024-03-10,,1047.76,0.0,USD,OPEN
AP000950,VEND0019,2026-03-15,2026-04-14,2026-05-06,1398.76,1398.76,USD,PAID
AP000951,VEND0027,2026-05-09,2026-05-24,2026-06-20,861.58,861.58,USD,PAID
AP000952,VEND0014,2026-02-10,2026-02-25,2026-04-13,1559.4,1559.4,USD,PAID
AP000953,VEND0031,2025-09-22,2025-10-22,2025-11-30,313.71,313.71,USD,PAID
AP000954,VEND0049,2025-06-07,2025-07-22,2025-07-18,4646.01,4646.01,USD,PAID
AP000955,VEND0071,2025-01-31,2025-04-01,2025-05-01,1010.14,1010.14,USD,PAID
AP000956,VEND0080,2024-02-25,2024-03-11,2024-03-26,3351.94,3351.94,USD,PAID
AP000957,VEND0097,2026-06-08,2026-08-07,,1544.92,0.0,USD,OPEN
AP000958,VEND0038,2025-08-25,2025-09-24,2025-10-08,1731.52,1731.52,USD,PAID
AP000959,VEND0024,2025-04-04,2025-05-04,2025-05-03,1938.69,1938.69,USD,PAID
AP000960,VEND0036,2024-06-26,2024-07-11,2024-08-24,1715.93,1715.93,USD,PAID
AP000961,VEND0075,2025-07-23,2025-09-06,,2085.41,0.0,USD,OPEN
AP000962,VEND0060,2026-05-16,2026-06-30,,4142.91,0.0,USD,OPEN
AP000963,VEND0042,2025-12-27,2026-01-26,,1334.78,0.0,USD,OPEN
AP000964,VEND0063,2025-09-03,2025-09-18,2025-10-16,2228.32,2228.32,USD,PAID
AP000965,VEND0091,2026-03-19,2026-05-03,,1002.51,0.0,USD,OPEN
AP000966,VEND0009,2024-11-21,2024-12-21,2025-02-15,4629.1,4629.1,USD,PAID
AP000967,VEND0052,2026-03-16,2026-04-15,2026-06-12,557.58,557.58,USD,PAID
AP000968,VEND0028,2024-04-04,2024-05-19,,6640.49,0.0,USD,OPEN
AP000969,VEND0028,2025-11-10,2025-12-25,2026-01-21,1053.47,1053.47,USD,PAID
AP000970,VEND0015,2026-08-31,2026-10-30,,262.23,0.0,USD,OPEN
AP000971,VEND0006,2025-11-15,2025-12-30,2026-01-20,1246.51,1246.51,USD,PAID
AP000972,VEND0050,2025-11-29,2026-01-13,2026-01-17,554.99,554.99,USD,PAID
AP000973,VEND0067,2024-09-19,2024-11-03,,2541.84,0.0,USD,OPEN
AP000974,VEND0058,2026-04-21,2026-06-05,2026-07-30,570.99,570.99,USD,PAID
AP000975,VEND0042,2025-05-13,2025-05-28,2025-06-11,701.92,701.92,USD,PAID
AP000976,VEND0099,2025-06-10,2025-06-25,2025-07-06,165.75,165.75,USD,PAID
AP000977,VEND0086,2025-07-04,2025-07-19,2025-08-04,697.63,697.63,USD,PAID
AP000978,VEND0014,2025-10-06,2025-11-05,2025-12-19,97.14,97.14,USD,PAID
AP000979,VEND0096,2024-07-29,2024-09-27,2024-09-26,225.0,225.0,USD,PAID
AP000980,VEND0092,2025-12-03,2026-01-02,,2345.88,0.0,USD,OPEN
AP000981,VEND0007,2024-12-05,2024-12-20,,2406.19,0.0,USD,OPEN
AP000982,VEND0034,2024-07-01,2024-08-15,2024-09-03,1678.17,1678.17,USD,PAID
AP000983,VEND0056,2025-02-21,2025-04-22,2025-06-02,416.97,416.97,USD,PAID
AP000984,VEND0069,2024-11-19,2024-12-04,2024-12-09,1045.54,1045.54,USD,PAID
AP000985,VEND0090,2024-01-07,2024-01-22,2024-01-17,1092.69,1092.69,USD,PAID
AP000986,VEND0014,2026-05-18,2026-06-02,2026-07-26,344.34,344.34,USD,PAID
AP000987,VEND0098,2024-10-23,2024-12-07,2025-01-02,4931.5,4931.5,USD,PAID
AP000988,VEND0061,2026-08-06,2026-10-05,,2636.91,0.0,USD,OPEN
AP000989,VEND0051,2024-06-09,2024-07-09,,879.22,0.0,USD,OPEN
AP000990,VEND0039,2026-03-26,2026-05-10,2026-05-18,1126.52,1126.52,USD,PAID
AP000991,VEND0071,2025-11-24,2026-01-08,2025-12-30,1350.71,1350.71,USD,PAID
AP000992,VEND0001,2026-06-14,2026-07-14,,142.35,0.0,USD,OPEN
AP000993,VEND0040,2025-08-09,2025-10-08,2025-10-08,856.47,856.47,USD,PAID
AP000994,VEND0083,2024-08-03,2024-09-17,,554.47,0.0,USD,OPEN
AP000995,VEND0029,2026-05-21,2026-06-20,,402.78,0.0,USD,OPEN
AP000996,VEND0024,2025-09-23,2025-11-07,,827.91,0.0,USD,OPEN
AP000997,VEND0060,2025-11-18,2025-12-03,2026-02-01,6618.91,6618.91,USD,PAID
AP000998,VEND0033,2025-10-22,2025-11-06,2025-11-04,2081.5,2081.5,USD,PAID
AP000999,VEND0043,2024-04-10,2024-05-10,2024-07-01,619.44,619.44,USD,PAID
AP001000,VEND0013,2024-12-31,2025-01-30,2025-02-19,1944.16,1944.16,USD,PAID
AP001001,VEND0063,2024-10-18,2024-11-02,2024-12-02,4444.2,4444.2,USD,PAID
AP001002,VEND0089,2025-04-06,2025-05-21,2025-06-19,2764.55,2764.55,USD,PAID
AP001003,VEND0041,2025-08-21,2025-09-20,2025-10-26,1164.01,1164.01,USD,PAID
AP001004,VEND0032,2025-03-14,2025-04-13,,574.25,0.0,USD,OPEN
AP001005,VEND0036,2026-03-15,2026-04-14,2026-05-29,2204.43,2204.43,USD,PAID
AP001006,VEND0094,2026-05-10,2026-06-24,,1625.36,0.0,USD,OPEN
AP001007,VEND0100,2024-12-05,2025-02-03,2025-03-10,2684.35,2684.35,USD,PAID
AP001008,VEND0083,2024-11-08,2025-01-07,2025-01-19,2069.73,2069.73,USD,PAID
AP001009,VEND0069,2025-09-13,2025-09-28,2025-10-05,3132.39,3132.39,USD,PAID
AP001010,VEND0094,2024-07-20,2024-09-03,2024-09-02,642.11,642.11,USD,PAID
AP001011,VEND0075,2024-03-18,2024-04-02,2024-03-26,4094.48,4094.48,USD,PAID
AP001012,VEND0005,2025-08-15,2025-10-14,2025-10-31,1336.22,1336.22,USD,PAID
AP001013,VEND0061,2025-07-18,2025-09-01,2025-10-30,8736.46,8736.46,USD,PAID
AP001014,VEND0099,2025-10-31,2025-11-30,2025-12-18,550.49,550.49,USD,PAID
AP001015,VEND0065,2025-08-26,2025-10-10,,6222.73,0.0,USD,OPEN
AP001016,VEND0002,2025-06-06,2025-06-21,2025-08-14,1336.64,1336.64,USD,PAID
AP001017,VEND0097,2025-11-09,2025-12-09,2025-12-20,571.68,571.68,USD,PAID
AP001018,VEND0073,2025-06-10,2025-07-10,2025-07-22,675.95,675.95,USD,PAID
AP001019,VEND0046,2026-08-29,2026-09-28,,796.04,0.0,USD,OPEN
AP001020,VEND0009,2024-02-11,2024-03-12,2024-03-31,1676.0,1676.0,USD,PAID
AP001021,VEND0086,2024-09-27,2024-11-11,,1849.8,0.0,USD,OPEN
AP001022,VEND0006,2024-07-30,2024-09-13,2024-10-31,617.88,617.88,USD,PAID
AP001023,VEND0067,2024-02-10,2024-03-26,,1070.25,0.0,USD,OPEN
AP001024,VEND0075,2025-10-10,2025-11-24,2025-12-17,9341.95,9341.95,USD,PAID
AP001025,VEND0047,2025-07-11,2025-08-10,2025-09-17,6170.55,6170.55,USD,PAID
AP001026,VEND0029,2025-08-24,2025-09-08,2025-10-16,1696.5,1696.5,USD,PAID
AP001027,VEND0063,2025-06-12,2025-08-11,2025-09-14,1139.11,1139.11,USD,PAID
AP001028,VEND0065,2026-03-22,2026-05-21,2026-05-11,1236.49,1236.49,USD,PAID
AP001029,VEND0010,2026-06-22,2026-07-22,2026-08-10,2025.39,2025.39,USD,PAID
AP001030,VEND0024,2025-06-10,2025-07-25,,394.34,0.0,USD,OPEN
AP001031,VEND0085,2024-06-10,2024-07-25,2024-07-30,847.78,847.78,USD,PAID
AP001032,VEND0062,2024-08-23,2024-10-22,2024-10-26,206.73,206.73,USD,PAID
AP001033,VEND0083,2025-11-22,2026-01-21,2026-01-31,1634.71,1634.71,USD,PAID
AP001034,VEND0006,2026-05-03,2026-07-02,,2094.76,0.0,USD,OPEN
AP001035,VEND0066,2024-05-10,2024-06-09,,676.42,0.0,USD,OPEN
AP001036,VEND0034,2024-02-10,2024-03-11,,5292.19,0.0,USD,OPEN
AP001037,VEND0077,2026-08-02,2026-09-01,,321.9,0.0,USD,OPEN
AP001038,VEND0011,2025-07-31,2025-08-15,2025-09-10,253.57,253.57,USD,PAID
AP001039,VEND0062,2024-08-09,2024-10-08,2024-11-27,1372.59,1372.59,USD,PAID
AP001040,VEND0075,2024-06-23,2024-07-23,2024-07-31,3124.71,3124.71,USD,PAID
AP001041,VEND0034,2026-04-20,2026-05-20,2026-07-14,5907.2,5907.2,USD,PAID
AP001042,VEND0030,2024-06-20,2024-08-04,2024-08-02,693.06,693.06,USD,PAID
AP001043,VEND0003,2025-01-22,2025-03-23,,3224.98,0.0,USD,OPEN
AP001044,VEND0023,2024-07-26,2024-09-24,2024-09-26,1055.21,1055.21,USD,PAID
AP001045,VEND0065,2025-05-02,2025-05-17,2025-07-14,922.76,922.76,USD,PAID
AP001046,VEND0085,2026-02-09,2026-02-24,,2653.57,0.0,USD,OPEN
AP001047,VEND0067,2024-05-13,2024-05-28,2024-07-12,2105.53,2105.53,USD,PAID
AP001048,VEND0055,2025-03-06,2025-04-20,2025-06-16,226.7,226.7,USD,PAID
AP001049,VEND0045,2024-08-22,2024-10-21,2024-11-28,4800.81,4800.81,USD,PAID
AP001050,VEND0062,2025-08-26,2025-09-10,2025-10-02,4359.41,4359.41,USD,PAID
AP001051,VEND0037,2026-02-23,2026-03-25,2026-03-25,586.66,586.66,USD,PAID
AP001052,VEND0091,2025-09-04,2025-11-03,2025-10-24,1629.13,1629.13,USD,PAID
AP001053,VEND0067,2026-01-31,2026-02-15,2026-02-20,1797.28,1797.28,USD,PAID
AP001054,VEND0053,2024-01-08,2024-03-08,2024-04-07,1423.22,1423.22,USD,PAID
AP001055,VEND0084,2025-01-05,2025-01-20,,632.51,0.0,USD,OPEN
AP001056,VEND0055,2025-08-22,2025-10-06,2025-12-03,560.25,560.25,USD,PAID
AP001057,VEND0097,2025-08-01,2025-09-15,2025-10-25,1068.96,1068.96,USD,PAID
AP001058,VEND0023,2024-07-27,2024-09-25,2024-11-15,3543.0,3543.0,USD,PAID
AP001059,VEND0074,2025-01-14,2025-03-15,2025-04-13,1888.62,1888.62,USD,PAID
AP001060,VEND0096,2024-12-18,2025-02-16,2025-02-21,757.02,757.02,USD,PAID
AP001061,VEND0013,2024-08-23,2024-10-22,2024-11-01,2372.5,2372.5,USD,PAID
AP001062,VEND0079,2024-08-07,2024-10-06,2024-12-05,63.53,63.53,USD,PAID
AP001063,VEND0082,2025-12-14,2025-12-29,,3459.11,0.0,USD,OPEN
AP001064,VEND0077,2024-01-06,2024-01-21,2024-03-11,192.54,192.54,USD,PAID
AP001065,VEND0029,2025-03-21,2025-04-05,,763.23,0.0,USD,OPEN
AP001066,VEND0052,2025-01-14,2025-01-29,2025-03-09,357.93,357.93,USD,PAID
AP001067,VEND0100,2025-09-20,2025-11-04,2025-11-01,300.46,300.46,USD,PAID
AP001068,VEND0002,2026-04-19,2026-05-19,2026-07-04,3501.08,3501.08,USD,PAID
AP001069,VEND0077,2024-07-25,2024-09-08,,686.98,0.0,USD,OPEN
AP001070,VEND0047,2025-06-06,2025-07-06,2025-06-30,1550.77,1550.77,USD,PAID
AP001071,VEND0036,2024-09-01,2024-09-16,2024-09-17,1046.37,1046.37,USD,PAID
AP001072,VEND0052,2026-03-09,2026-05-08,2026-06-17,1767.0,1767.0,USD,PAID
AP001073,VEND0012,2025-08-23,2025-09-22,2025-09-20,1184.2,1184.2,USD,PAID
AP001074,VEND0045,2025-07-16,2025-08-30,2025-10-03,303.99,303.99,USD,PAID
AP001075,VEND0025,2026-04-15,2026-05-30,,2969.85,0.0,USD,OPEN
AP001076,VEND0023,2025-04-10,2025-06-09,2025-07-02,669.31,669.31,USD,PAID
AP001077,VEND0038,2025-02-20,2025-03-07,2025-04-30,231.23,231.23,USD,PAID
AP001078,VEND0069,2024-12-14,2024-12-29,2025-01-20,714.72,714.72,USD,PAID
AP001079,VEND0073,2026-04-12,2026-05-27,2026-07-04,4918.5,4918.5,USD,PAID
AP001080,VEND0088,2025-05-10,2025-06-09,2025-07-27,2566.3,2566.3,USD,PAID
AP001081,VEND0009,2025-04-16,2025-05-01,2025-05-24,773.83,773.83,USD,PAID
AP001082,VEND0041,2025-01-26,2025-02-25,2025-03-16,773.36,773.36,USD,PAID
AP001083,VEND0090,2025-02-26,2025-04-12,2025-04-03,795.02,795.02,USD,PAID
AP001084,VEND0012,2026-05-02,2026-06-16,,8749.47,0.0,USD,OPEN
AP001085,VEND0023,2025-02-12,2025-03-29,,1606.7,0.0,USD,OPEN
AP001086,VEND0024,2025-05-02,2025-06-16,2025-07-10,1685.88,1685.88,USD,PAID
AP001087,VEND0031,2026-08-27,2026-09-26,,3072.61,0.0,USD,OPEN
AP001088,VEND0030,2026-01-23,2026-02-22,2026-03-10,1392.41,1392.41,USD,PAID
AP001089,VEND0020,2024-07-26,2024-08-25,2024-09-29,846.37,846.37,USD,PAID
AP001090,VEND0011,2026-03-08,2026-03-23,,901.13,0.0,USD,OPEN
AP001091,VEND0006,2025-11-23,2026-01-22,2026-03-22,1020.86,1020.86,USD,PAID
AP001092,VEND0064,2026-05-18,2026-07-17,2026-08-16,1056.56,1056.56,USD,PAID
AP001093,VEND0036,2026-07-08,2026-08-22,,2270.21,0.0,USD,OPEN
AP001094,VEND0007,2025-02-11,2025-03-13,2025-03-19,1155.1,1155.1,USD,PAID
AP001095,VEND0005,2025-06-22,2025-08-21,2025-10-19,2281.62,2281.62,USD,PAID
AP001096,VEND0059,2025-05-29,2025-07-13,2025-07-25,1011.59,1011.59,USD,PAID
AP001097,VEND0002,2024-05-03,2024-07-02,2024-06-23,1186.35,1186.35,USD,PAID
AP001098,VEND0042,2025-11-21,2025-12-21,2025-12-23,148.68,148.68,USD,PAID
AP001099,VEND0034,2025-01-05,2025-02-19,,2741.68,0.0,USD,OPEN
AP001100,VEND0047,2024-08-30,2024-10-14,2024-11-16,1550.74,1550.74,USD,PAID
AP001101,VEND0090,2024-07-07,2024-09-05,2024-10-18,2975.03,2975.03,USD,PAID
AP001102,VEND0036,2026-02-09,2026-03-26,2026-05-06,60.57,60.57,USD,PAID
AP001103,VEND0013,2025-04-06,2025-05-06,2025-05-25,8851.79,8851.79,USD,PAID
AP001104,VEND0049,2026-01-08,2026-02-22,2026-04-08,953.76,953.76,USD,PAID
AP001105,VEND0061,2024-07-19,2024-08-18,2024-08-27,3321.54,3321.54,USD,PAID
AP001106,VEND0064,2026-04-05,2026-04-20,,387.65,0.0,USD,OPEN
AP001107,VEND0033,2024-05-17,2024-07-01,2024-07-29,2023.88,2023.88,USD,PAID
AP001108,VEND0008,2025-07-29,2025-08-13,2025-08-23,382.44,382.44,USD,PAID
AP001109,VEND0058,2024-08-08,2024-09-22,2024-09-24,587.71,587.71,USD,PAID
AP001110,VEND0072,2026-02-01,2026-03-18,2026-04-23,7435.58,7435.58,USD,PAID
AP001111,VEND0016,2025-07-24,2025-09-07,2025-10-19,906.25,906.25,USD,PAID
AP001112,VEND0023,2024-12-25,2025-01-24,2025-03-23,1362.99,1362.99,USD,PAID
AP001113,VEND0063,2026-03-10,2026-04-24,2026-06-18,2617.74,2617.74,USD,PAID
AP001114,VEND0079,2026-03-04,2026-05-03,2026-06-10,1800.25,1800.25,USD,PAID
AP001115,VEND0022,2024-10-20,2024-12-19,2024-12-27,1274.64,1274.64,USD,PAID
AP001116,VEND0010,2025-10-17,2025-12-01,2026-01-11,1579.65,1579.65,USD,PAID
AP001117,VEND0041,2024-03-22,2024-04-21,2024-05-21,12129.74,12129.74,USD,PAID
AP001118,VEND0035,2025-10-30,2025-12-14,2026-01-23,1035.23,1035.23,USD,PAID
AP001119,VEND0096,2026-06-27,2026-08-26,,1340.9,0.0,USD,OPEN
AP001120,VEND0003,2025-08-24,2025-10-23,2025-11-05,3135.85,3135.85,USD,PAID
AP001121,VEND0027,2024-05-08,2024-06-07,2024-06-07,3312.72,3312.72,USD,PAID
AP001122,VEND0009,2024-06-19,2024-08-18,,3594.03,0.0,USD,OPEN
AP001123,VEND0099,2026-08-17,2026-10-16,,2077.1,0.0,USD,OPEN
AP001124,VEND0080,2025-02-10,2025-02-25,,349.67,0.0,USD,OPEN
AP001125,VEND0040,2024-06-08,2024-06-23,2024-08-01,5616.32,5616.32,USD,PAID
AP001126,VEND0081,2024-08-22,2024-09-21,2024-11-06,348.51,348.51,USD,PAID
AP001127,VEND0004,2024-05-09,2024-06-08,2024-06-19,1484.21,1484.21,USD,PAID
AP001128,VEND0061,2024-02-05,2024-03-21,2024-04-21,515.8,515.8,USD,PAID
AP001129,VEND0090,2025-04-23,2025-06-07,2025-06-14,1028.51,1028.51,USD,PAID
AP001130,VEND0081,2025-07-06,2025-08-05,2025-09-22,1523.5,1523.5,USD,PAID
AP001131,VEND0040,2026-02-05,2026-04-06,2026-06-03,1512.26,1512.26,USD,PAID
AP001132,VEND0012,2026-07-19,2026-09-02,,1672.24,0.0,USD,OPEN
AP001133,VEND0020,2025-03-28,2025-05-12,2025-06-04,5506.65,5506.65,USD,PAID
AP001134,VEND0098,2024-11-06,2024-11-21,,1725.95,0.0,USD,OPEN
AP001135,VEND0069,2026-05-18,2026-06-17,2026-08-06,859.06,859.06,USD,PAID
AP001136,VEND0039,2024-01-09,2024-03-09,2024-04-29,2875.8,2875.8,USD,PAID
AP001137,VEND0001,2024-01-10,2024-03-10,2024-03-29,3602.81,3602.81,USD,PAID
AP001138,VEND0072,2025-07-15,2025-08-29,,321.31,0.0,USD,OPEN
AP001139,VEND0092,2025-03-23,2025-05-22,,1993.01,0.0,USD,OPEN
AP001140,VEND0034,2026-01-24,2026-03-25,2026-04-12,2210.94,2210.94,USD,PAID
AP001141,VEND0098,2024-03-22,2024-05-21,2024-07-16,814.39,814.39,USD,PAID
AP001142,VEND0035,2026-03-30,2026-05-14,2026-07-11,4340.34,4340.34,USD,PAID
AP001143,VEND0018,2025-02-26,2025-03-28,2025-04-10,943.83,943.83,USD,PAID
AP001144,VEND0035,2024-10-23,2024-11-07,2024-12-24,1243.36,1243.36,USD,PAID
AP001145,VEND0003,2025-12-18,2026-02-16,,922.35,0.0,USD,OPEN
AP001146,VEND0024,2024-06-04,2024-06-19,2024-06-11,1113.85,1113.85,USD,PAID
AP001147,VEND0094,2024-04-14,2024-05-29,2024-07-14,366.4,366.4,USD,PAID
AP001148,VEND0002,2024-01-09,2024-02-08,,259.81,0.0,USD,OPEN
AP001149,VEND0064,2025-05-20,2025-06-19,2025-07-18,5401.89,5401.89,USD,PAID
AP001150,VEND0043,2025-01-15,2025-03-16,2025-03-10,470.14,470.14,USD,PAID
AP001151,VEND0100,2024-03-23,2024-04-22,,406.92,0.0,USD,OPEN
AP001152,VEND0025,2025-02-05,2025-02-20,2025-03-05,127.31,127.31,USD,PAID
AP001153,VEND0016,2026-07-06,2026-08-20,2026-08-11,578.85,578.85,USD,PAID
AP001154,VEND0032,2026-02-25,2026-03-27,2026-05-12,292.05,292.05,USD,PAID
AP001155,VEND0095,2026-01-25,2026-02-09,,5664.73,0.0,USD,OPEN
AP001156,VEND0061,2026-02-28,2026-03-15,2026-03-31,3010.37,3010.37,USD,PAID
AP001157,VEND0081,2025-02-02,2025-03-19,2025-03-29,551.06,551.06,USD,PAID
AP001158,VEND0067,2026-01-15,2026-01-30,2026-03-31,10429.94,10429.94,USD,PAID
AP001159,VEND0026,2024-05-05,2024-06-19,2024-07-17,2927.09,2927.09,USD,PAID
AP001160,VEND0015,2025-01-04,2025-01-19,2025-02-05,792.48,792.48,USD,PAID
AP001161,VEND0036,2024-08-29,2024-10-28,2024-11-08,90.07,90.07,USD,PAID
AP001162,VEND0002,2025-08-21,2025-09-05,2025-09-26,10839.4,10839.4,USD,PAID
AP001163,VEND0048,2024-02-13,2024-04-13,2024-04-22,273.26,273.26,USD,PAID
AP001164,VEND0064,2026-02-28,2026-03-15,,211.58,0.0,USD,OPEN
AP001165,VEND0008,2024-04-03,2024-05-18,2024-05-15,3049.0,3049.0,USD,PAID
AP001166,VEND0017,2024-12-30,2025-01-29,2025-02-01,12578.6,12578.6,USD,PAID
AP001167,VEND0057,2025-05-14,2025-06-13,2025-07-17,4377.67,4377.67,USD,PAID
AP001168,VEND0049,2026-01-20,2026-02-19,,1927.37,0.0,USD,OPEN
AP001169,VEND0063,2025-01-01,2025-01-31,2025-01-26,1987.74,1987.74,USD,PAID
AP001170,VEND0090,2025-12-24,2026-02-22,2026-04-22,2574.51,2574.51,USD,PAID
AP001171,VEND0045,2025-05-16,2025-06-15,2025-08-13,2342.39,2342.39,USD,PAID
AP001172,VEND0021,2024-11-27,2025-01-26,2025-03-27,1452.72,1452.72,USD,PAID
AP001173,VEND0070,2024-03-11,2024-04-10,2024-05-03,1217.07,1217.07,USD,PAID
AP001174,VEND0082,2025-01-10,2025-03-11,,1030.1,0.0,USD,OPEN
AP001175,VEND0080,2025-06-02,2025-08-01,2025-07-24,515.96,515.96,USD,PAID
AP001176,VEND0042,2026-05-27,2026-07-11,2026-07-31,828.26,828.26,USD,PAID
AP001177,VEND0050,2026-01-08,2026-01-23,2026-03-22,201.75,201.75,USD,PAID
AP001178,VEND0079,2024-07-13,2024-09-11,2024-09-20,993.92,993.92,USD,PAID
AP001179,VEND0015,2024-10-16,2024-11-30,2024-12-31,408.06,408.06,USD,PAID
AP001180,VEND0017,2024-04-08,2024-04-23,,363.73,0.0,USD,OPEN
AP001181,VEND0063,2024-07-01,2024-07-16,,1312.77,0.0,USD,OPEN
AP001182,VEND0083,2024-07-15,2024-07-30,,4411.64,0.0,USD,OPEN
AP001183,VEND0080,2026-05-06,2026-07-05,2026-08-31,2747.14,2747.14,USD,PAID
AP001184,VEND0029,2025-12-19,2026-02-02,,228.04,0.0,USD,OPEN
AP001185,VEND0027,2025-09-12,2025-09-27,,407.63,0.0,USD,OPEN
AP001186,VEND0060,2025-11-02,2026-01-01,2026-01-01,2809.53,2809.53,USD,PAID
AP001187,VEND0048,2026-03-31,2026-04-15,2026-05-28,410.56,410.56,USD,PAID
AP001188,VEND0068,2026-03-24,2026-04-08,2026-05-02,876.0,876.0,USD,PAID
AP001189,VEND0028,2024-02-11,2024-02-26,2024-02-25,1900.84,1900.84,USD,PAID
AP001190,VEND0030,2025-06-15,2025-06-30,,416.4,0.0,USD,OPEN
AP001191,VEND0068,2025-06-28,2025-08-27,,1218.5,0.0,USD,OPEN
AP001192,VEND0072,2025-11-03,2025-12-03,2025-12-15,288.87,288.87,USD,PAID
AP001193,VEND0087,2026-02-06,2026-04-07,2026-05-12,601.02,601.02,USD,PAID
AP001194,VEND0024,2025-04-14,2025-06-13,2025-06-24,1509.87,1509.87,USD,PAID
AP001195,VEND0069,2025-07-17,2025-09-15,2025-09-25,222.96,222.96,USD,PAID
AP001196,VEND0071,2025-09-06,2025-11-05,2025-12-05,1703.56,1703.56,USD,PAID
AP001197,VEND0093,2024-11-28,2025-01-12,2025-02-26,1075.31,1075.31,USD,PAID
AP001198,VEND0049,2024-11-27,2024-12-27,2025-01-13,1905.48,1905.48,USD,PAID
AP001199,VEND0058,2026-02-23,2026-04-09,2026-05-26,1371.85,1371.85,USD,PAID
AP001200,VEND0077,2025-02-10,2025-02-25,2025-03-23,4290.42,4290.42,USD,PAID
AP001201,VEND0001,2024-01-17,2024-02-16,2024-03-15,1242.93,1242.93,USD,PAID
AP001202,VEND0041,2024-11-03,2024-12-03,,713.79,0.0,USD,OPEN
AP001203,VEND0072,2024-01-23,2024-03-08,2024-05-02,1239.29,1239.29,USD,PAID
AP001204,VEND0059,2025-08-07,2025-09-06,,1888.05,0.0,USD,OPEN
AP001205,VEND0047,2024-12-30,2025-01-29,,1151.55,0.0,USD,OPEN
AP001206,VEND0039,2026-06-29,2026-07-29,,1142.06,0.0,USD,OPEN
AP001207,VEND0094,2024-04-04,2024-06-03,2024-06-20,543.49,543.49,USD,PAID
AP001208,VEND0063,2024-03-20,2024-05-04,2024-05-16,565.15,565.15,USD,PAID
AP001209,VEND0005,2026-04-25,2026-05-10,2026-06-07,269.72,269.72,USD,PAID
AP001210,VEND0008,2026-01-18,2026-03-19,,6308.02,0.0,USD,OPEN
AP001211,VEND0054,2026-08-01,2026-09-15,,316.12,0.0,USD,OPEN
AP001212,VEND0096,2026-08-10,2026-08-25,,548.45,0.0,USD,OPEN
AP001213,VEND0007,2025-10-30,2025-11-14,2025-12-22,534.64,534.64,USD,PAID
AP001214,VEND0042,2024-11-08,2024-11-23,2024-12-02,2683.63,2683.63,USD,PAID
AP001215,VEND0087,2025-05-29,2025-06-28,,816.52,0.0,USD,OPEN
AP001216,VEND0012,2026-01-19,2026-03-20,2026-05-13,3818.99,3818.99,USD,PAID
AP001217,VEND0019,2024-08-15,2024-10-14,2024-11-23,559.2,559.2,USD,PAID
AP001218,VEND0074,2024-05-15,2024-06-29,,1449.53,0.0,USD,OPEN
AP001219,VEND0011,2026-02-02,2026-02-17,2026-03-12,475.64,475.64,USD,PAID
AP001220,VEND0098,2025-02-12,2025-04-13,2025-04-19,9368.88,9368.88,USD,PAID
AP001221,VEND0051,2024-05-18,2024-07-17,2024-09-07,334.42,334.42,USD,PAID
AP001222,VEND0032,2025-10-29,2025-11-28,2026-01-24,1494.91,1494.91,USD,PAID
AP001223,VEND0042,2024-09-05,2024-09-20,2024-11-04,2066.84,2066.84,USD,PAID
AP001224,VEND0053,2025-12-02,2025-12-17,,1658.72,0.0,USD,OPEN
AP001225,VEND0045,2025-03-09,2025-04-23,2025-05-24,911.15,911.15,USD,PAID
AP001226,VEND0045,2025-08-31,2025-09-15,2025-09-26,963.12,963.12,USD,PAID
AP001227,VEND0006,2025-09-23,2025-11-22,2026-01-07,1145.75,1145.75,USD,PAID
AP001228,VEND0048,2026-08-04,2026-09-03,,946.71,0.0,USD,OPEN
AP001229,VEND0007,2024-06-08,2024-06-23,,2875.2,0.0,USD,OPEN
AP001230,VEND0002,2024-09-05,2024-10-05,2024-10-31,10001.83,10001.83,USD,PAID
AP001231,VEND0003,2024-12-17,2025-01-01,2025-02-20,627.98,627.98,USD,PAID
AP001232,VEND0027,2024-12-05,2025-01-04,2025-01-21,278.72,278.72,USD,PAID
AP001233,VEND0089,2025-07-13,2025-08-27,2025-09-04,1003.97,1003.97,USD,PAID
AP001234,VEND0006,2025-12-16,2025-12-31,2026-02-26,14468.21,14468.21,USD,PAID
AP001235,VEND0026,2024-09-18,2024-10-18,,490.94,0.0,USD,OPEN
AP001236,VEND0084,2026-03-19,2026-05-03,,5648.34,0.0,USD,OPEN
AP001237,VEND0085,2026-08-25,2026-09-09,,5870.53,0.0,USD,OPEN
AP001238,VEND0038,2024-10-04,2024-11-18,2024-11-10,630.44,630.44,USD,PAID
AP001239,VEND0049,2026-06-07,2026-08-06,,1937.17,0.0,USD,OPEN
AP001240,VEND0077,2025-06-04,2025-06-19,2025-08-10,5588.11,5588.11,USD,PAID
AP001241,VEND0065,2025-06-28,2025-07-13,,750.6,0.0,USD,OPEN
AP001242,VEND0068,2025-04-13,2025-04-28,,894.64,0.0,USD,OPEN
AP001243,VEND0003,2024-11-08,2024-12-23,2025-01-02,612.97,612.97,USD,PAID
AP001244,VEND0031,2024-12-21,2025-02-04,2025-03-04,397.52,397.52,USD,PAID
AP001245,VEND0050,2025-05-28,2025-07-12,2025-08-03,572.91,572.91,USD,PAID
AP001246,VEND0029,2026-06-30,2026-07-15,2026-08-09,322.49,322.49,USD,PAID
AP001247,VEND0012,2024-06-04,2024-07-19,2024-07-26,1134.65,1134.65,USD,PAID
AP001248,VEND0054,2026-01-17,2026-03-18,2026-04-06,507.77,507.77,USD,PAID
AP001249,VEND0078,2024-09-03,2024-10-03,2024-11-01,1385.46,1385.46,USD,PAID
AP001250,VEND0084,2024-12-03,2025-02-01,2025-02-17,231.39,231.39,USD,PAID
AP001251,VEND0089,2024-05-21,2024-06-20,2024-07-19,1526.73,1526.73,USD,PAID
AP001252,VEND0084,2025-12-23,2026-01-22,2026-01-30,2523.82,2523.82,USD,PAID
AP001253,VEND0093,2026-08-13,2026-09-12,,149.35,0.0,USD,OPEN
AP001254,VEND0094,2024-05-01,2024-05-31,2024-06-08,1594.09,1594.09,USD,PAID
AP001255,VEND0053,2024-01-31,2024-03-16,2024-04-27,3743.1,3743.1,USD,PAID
AP001256,VEND0020,2024-11-06,2025-01-05,2025-01-30,327.13,327.13,USD,PAID
AP001257,VEND0024,2026-03-08,2026-04-07,,5840.5,0.0,USD,OPEN
AP001258,VEND0077,2024-01-27,2024-03-12,2024-03-31,1667.4,1667.4,USD,PAID
AP001259,VEND0011,2024-08-25,2024-09-24,2024-10-29,541.85,541.85,USD,PAID
AP001260,VEND0078,2025-12-05,2026-02-03,,1037.15,0.0,USD,OPEN
AP001261,VEND0050,2025-04-25,2025-06-09,,1916.64,0.0,USD,OPEN
AP001262,VEND0025,2025-05-18,2025-07-17,,1183.23,0.0,USD,OPEN
AP001263,VEND0035,2024-08-19,2024-09-03,2024-08-25,1879.49,1879.49,USD,PAID
AP001264,VEND0086,2026-08-31,2026-10-30,,436.73,0.0,USD,OPEN
AP001265,VEND0057,2024-07-26,2024-08-25,,1299.01,0.0,USD,OPEN
AP001266,VEND0032,2026-06-06,2026-08-05,,266.74,0.0,USD,OPEN
AP001267,VEND0093,2025-03-13,2025-05-12,2025-06-19,981.2,981.2,USD,PAID
AP001268,VEND0068,2024-11-16,2025-01-15,2025-03-14,444.12,444.12,USD,PAID
AP001269,VEND0059,2025-10-18,2025-11-02,2025-12-19,525.56,525.56,USD,PAID
AP001270,VEND0067,2026-04-26,2026-05-11,2026-06-01,3774.76,3774.76,USD,PAID
AP001271,VEND0072,2025-07-04,2025-09-02,2025-08-28,3265.96,3265.96,USD,PAID
AP001272,VEND0057,2025-01-31,2025-02-15,,2016.54,0.0,USD,OPEN
AP001273,VEND0060,2025-02-11,2025-03-28,2025-04-23,367.85,367.85,USD,PAID
AP001274,VEND0089,2024-06-19,2024-08-18,2024-08-14,799.18,799.18,USD,PAID
AP001275,VEND0012,2025-06-13,2025-07-13,2025-08-29,3688.95,3688.95,USD,PAID
AP001276,VEND0075,2026-01-09,2026-01-24,,1263.6,0.0,USD,OPEN
AP001277,VEND0058,2026-08-18,2026-09-17,,11151.5,0.0,USD,OPEN
AP001278,VEND0059,2024-01-26,2024-02-25,2024-03-11,1625.09,1625.09,USD,PAID
AP001279,VEND0092,2024-04-02,2024-05-17,2024-05-27,1328.82,1328.82,USD,PAID
AP001280,VEND0091,2026-01-20,2026-02-04,,805.03,0.0,USD,OPEN
AP001281,VEND0091,2025-04-05,2025-05-20,,1253.31,0.0,USD,OPEN
AP001282,VEND0006,2025-01-28,2025-02-27,2025-04-06,941.55,941.55,USD,PAID
AP001283,VEND0021,2026-02-25,2026-03-27,2026-04-05,2226.33,2226.33,USD,PAID
AP001284,VEND0092,2026-06-08,2026-07-08,,2854.64,0.0,USD,OPEN
AP001285,VEND0037,2024-02-22,2024-04-22,2024-06-08,499.7,499.7,USD,PAID
AP001286,VEND0017,2025-10-03,2025-11-02,,289.68,0.0,USD,OPEN
AP001287,VEND0002,2024-07-26,2024-08-10,2024-09-01,174.83,174.83,USD,PAID
AP001288,VEND0001,2025-04-14,2025-06-13,2025-08-11,1822.55,1822.55,USD,PAID
AP001289,VEND0076,2025-09-14,2025-11-13,,363.81,0.0,USD,OPEN
AP001290,VEND0011,2025-11-06,2026-01-05,2026-02-20,127.37,127.37,USD,PAID
AP001291,VEND0071,2025-09-07,2025-09-22,,1617.41,0.0,USD,OPEN
AP001292,VEND0019,2024-10-11,2024-11-10,,13266.53,0.0,USD,OPEN
AP001293,VEND0005,2024-02-26,2024-04-11,,1090.0,0.0,USD,OPEN
AP001294,VEND0007,2025-11-14,2025-12-29,2025-12-30,2536.37,2536.37,USD,PAID
AP001295,VEND0087,2024-04-21,2024-06-20,2024-06-30,1190.14,1190.14,USD,PAID
AP001296,VEND0005,2024-10-18,2024-11-17,2024-12-23,993.38,993.38,USD,PAID
AP001297,VEND0009,2024-04-05,2024-05-20,2024-06-27,2749.23,2749.23,USD,PAID
AP001298,VEND0038,2026-02-15,2026-04-16,2026-04-14,820.35,820.35,USD,PAID
AP001299,VEND0036,2025-04-27,2025-05-27,,1432.81,0.0,USD,OPEN
AP001300,VEND0079,2024-12-03,2025-02-01,2025-02-17,1512.77,1512.77,USD,PAID
AP001301,VEND0012,2024-02-29,2024-03-15,2024-05-11,562.23,562.23,USD,PAID
AP001302,VEND0034,2025-05-10,2025-06-24,2025-07-24,2957.33,2957.33,USD,PAID
AP001303,VEND0067,2025-06-22,2025-08-06,2025-09-28,920.61,920.61,USD,PAID
AP001304,VEND0079,2026-01-16,2026-03-17,2026-03-30,515.05,515.05,USD,PAID
AP001305,VEND0016,2024-08-26,2024-10-10,2024-09-30,1875.27,1875.27,USD,PAID
AP001306,VEND0095,2024-01-25,2024-03-25,2024-03-30,446.54,446.54,USD,PAID
AP001307,VEND0053,2026-05-18,2026-06-17,2026-07-30,1127.98,1127.98,USD,PAID
AP001308,VEND0002,2024-02-16,2024-04-01,2024-04-18,1086.68,1086.68,USD,PAID
AP001309,VEND0009,2025-10-17,2025-11-16,2025-12-08,3248.33,3248.33,USD,PAID
AP001310,VEND0099,2024-11-11,2024-12-26,2025-01-26,1762.87,1762.87,USD,PAID
AP001311,VEND0051,2024-01-07,2024-01-22,2024-02-24,1069.53,1069.53,USD,PAID
AP001312,VEND0043,2026-01-11,2026-01-26,2026-02-09,2484.35,2484.35,USD,PAID
AP001313,VEND0061,2026-05-03,2026-06-17,2026-08-07,4403.73,4403.73,USD,PAID
AP001314,VEND0020,2026-03-27,2026-04-11,2026-06-01,1915.65,1915.65,USD,PAID
AP001315,VEND0043,2025-10-04,2025-12-03,2026-01-30,1108.05,1108.05,USD,PAID
AP001316,VEND0067,2025-04-18,2025-06-17,2025-06-14,295.35,295.35,USD,PAID
AP001317,VEND0027,2024-11-02,2024-12-17,2024-12-09,378.0,378.0,USD,PAID
AP001318,VEND0009,2025-08-14,2025-09-28,2025-11-02,808.17,808.17,USD,PAID
AP001319,VEND0049,2024-06-01,2024-07-16,2024-08-18,596.15,596.15,USD,PAID
AP001320,VEND0024,2025-10-03,2025-11-02,2025-12-11,909.62,909.62,USD,PAID
AP001321,VEND0091,2025-09-01,2025-09-16,2025-10-15,1160.55,1160.55,USD,PAID
AP001322,VEND0053,2026-05-28,2026-07-12,2026-08-05,1862.53,1862.53,USD,PAID
AP001323,VEND0058,2024-03-29,2024-05-28,2024-07-04,1021.98,1021.98,USD,PAID
AP001324,VEND0039,2026-04-29,2026-06-13,,1783.8,0.0,USD,OPEN
AP001325,VEND0100,2024-06-28,2024-07-13,2024-07-07,1169.67,1169.67,USD,PAID
AP001326,VEND0062,2024-07-25,2024-08-09,2024-08-02,152.1,152.1,USD,PAID
AP001327,VEND0062,2026-07-15,2026-08-14,,428.66,0.0,USD,OPEN
AP001328,VEND0099,2026-01-20,2026-03-06,2026-03-14,949.48,949.48,USD,PAID
AP001329,VEND0087,2026-06-11,2026-06-26,2026-08-21,327.11,327.11,USD,PAID
AP001330,VEND0050,2024-05-15,2024-06-14,2024-08-01,1998.05,1998.05,USD,PAID
AP001331,VEND0006,2025-12-31,2026-01-15,,5068.25,0.0,USD,OPEN
AP001332,VEND0014,2025-12-04,2025-12-19,2025-12-14,3709.91,3709.91,USD,PAID
AP001333,VEND0098,2025-06-17,2025-08-01,,885.86,0.0,USD,OPEN
AP001334,VEND0037,2024-11-15,2024-12-15,2024-12-29,4869.4,4869.4,USD,PAID
AP001335,VEND0035,2024-10-10,2024-11-24,2024-11-29,1272.41,1272.41,USD,PAID
AP001336,VEND0080,2024-06-01,2024-07-01,2024-06-22,782.83,782.83,USD,PAID
AP001337,VEND0045,2025-07-27,2025-08-11,,593.83,0.0,USD,OPEN
AP001338,VEND0074,2025-07-16,2025-08-30,2025-09-25,810.4,810.4,USD,PAID
AP001339,VEND0079,2024-09-07,2024-10-07,,743.84,0.0,USD,OPEN
AP001340,VEND0017,2026-07-02,2026-08-16,2026-08-12,1300.39,1300.39,USD,PAID
AP001341,VEND0014,2024-01-30,2024-03-30,2024-03-26,1287.65,1287.65,USD,PAID
AP001342,VEND0051,2025-01-27,2025-02-11,,1099.98,0.0,USD,OPEN
AP001343,VEND0043,2024-07-02,2024-08-31,2024-09-29,1697.54,1697.54,USD,PAID
AP001344,VEND0011,2026-04-17,2026-05-17,2026-07-14,3607.05,3607.05,USD,PAID
AP001345,VEND0090,2026-08-02,2026-10-01,,2834.31,0.0,USD,OPEN
AP001346,VEND0061,2025-04-24,2025-05-09,2025-06-27,248.42,248.42,USD,PAID
AP001347,VEND0079,2024-08-25,2024-09-24,,85.29,0.0,USD,OPEN
AP001348,VEND0042,2024-09-21,2024-11-05,2024-12-07,2791.46,2791.46,USD,PAID
AP001349,VEND0061,2025-04-09,2025-06-08,,279.53,0.0,USD,OPEN
AP001350,VEND0037,2024-04-25,2024-06-09,2024-06-20,875.88,875.88,USD,PAID
AP001351,VEND0066,2026-02-25,2026-04-11,2026-04-17,340.32,340.32,USD,PAID
AP001352,VEND0042,2024-04-15,2024-06-14,2024-06-17,180.91,180.91,USD,PAID
AP001353,VEND0060,2025-07-23,2025-08-07,2025-10-04,1884.58,1884.58,USD,PAID
AP001354,VEND0032,2025-02-14,2025-04-15,,2342.92,0.0,USD,OPEN
AP001355,VEND0009,2025-07-15,2025-08-14,2025-09-22,616.15,616.15,USD,PAID
AP001356,VEND0056,2024-12-14,2025-01-13,2025-02-27,82.18,82.18,USD,PAID
AP001357,VEND0023,2025-08-03,2025-09-17,2025-10-07,635.08,635.08,USD,PAID
AP001358,VEND0015,2025-11-09,2025-11-24,2026-01-15,1622.63,1622.63,USD,PAID
AP001359,VEND0057,2025-08-29,2025-10-28,2025-10-30,249.91,249.91,USD,PAID
AP001360,VEND0077,2024-06-29,2024-08-13,2024-08-11,1317.33,1317.33,USD,PAID
AP001361,VEND0012,2024-04-21,2024-06-20,2024-06-17,1079.97,1079.97,USD,PAID
AP001362,VEND0097,2024-08-10,2024-09-09,2024-08-30,1957.24,1957.24,USD,PAID
AP001363,VEND0050,2024-05-30,2024-06-29,2024-07-26,1235.93,1235.93,USD,PAID
AP001364,VEND0088,2025-09-22,2025-11-21,,414.44,0.0,USD,OPEN
AP001365,VEND0056,2026-06-17,2026-08-01,2026-08-29,3628.49,3628.49,USD,PAID
AP001366,VEND0079,2026-01-05,2026-02-19,2026-02-10,935.86,935.86,USD,PAID
AP001367,VEND0008,2025-06-06,2025-08-05,2025-09-01,1067.1,1067.1,USD,PAID
AP001368,VEND0072,2025-01-13,2025-01-28,,431.27,0.0,USD,OPEN
AP001369,VEND0037,2026-04-20,2026-06-04,,703.96,0.0,USD,OPEN
AP001370,VEND0090,2026-06-05,2026-06-20,,452.69,0.0,USD,OPEN
AP001371,VEND0052,2025-08-27,2025-10-26,2025-12-03,922.47,922.47,USD,PAID
AP001372,VEND0061,2025-01-25,2025-03-26,2025-04-07,6073.61,6073.61,USD,PAID
AP001373,VEND0054,2024-05-22,2024-06-21,2024-07-27,278.13,278.13,USD,PAID
AP001374,VEND0018,2024-06-06,2024-07-21,2024-07-27,218.42,218.42,USD,PAID
AP001375,VEND0093,2024-01-12,2024-01-27,2024-02-04,4775.1,4775.1,USD,PAID
AP001376,VEND0011,2026-06-25,2026-08-24,2026-08-31,889.51,889.51,USD,PAID
AP001377,VEND0080,2024-05-20,2024-07-19,2024-09-01,561.68,561.68,USD,PAID
AP001378,VEND0058,2024-07-03,2024-09-01,2024-10-31,3102.32,3102.32,USD,PAID
AP001379,VEND0055,2025-01-28,2025-03-14,,598.47,0.0,USD,OPEN
AP001380,VEND0092,2025-09-11,2025-09-26,2025-10-16,6809.06,6809.06,USD,PAID
AP001381,VEND0074,2025-05-28,2025-07-12,2025-09-09,2160.13,2160.13,USD,PAID
AP001382,VEND0091,2025-01-10,2025-01-25,2025-03-17,673.23,673.23,USD,PAID
AP001383,VEND0019,2025-01-12,2025-01-27,2025-01-27,9483.5,9483.5,USD,PAID
AP001384,VEND0067,2026-01-17,2026-03-03,2026-03-03,598.42,598.42,USD,PAID
AP001385,VEND0081,2026-06-30,2026-07-15,,2303.29,0.0,USD,OPEN
AP001386,VEND0075,2026-01-29,2026-02-13,2026-04-13,1479.25,1479.25,USD,PAID
AP001387,VEND0100,2024-11-15,2024-11-30,2025-01-27,4030.89,4030.89,USD,PAID
AP001388,VEND0074,2024-01-12,2024-03-12,2024-05-01,5226.57,5226.57,USD,PAID
AP001389,VEND0038,2026-01-21,2026-03-07,2026-04-03,1132.3,1132.3,USD,PAID
AP001390,VEND0094,2024-06-20,2024-07-05,2024-08-02,516.25,516.25,USD,PAID
AP001391,VEND0061,2026-03-14,2026-04-28,,1737.1,0.0,USD,OPEN
AP001392,VEND0095,2025-08-15,2025-09-14,2025-10-11,556.84,556.84,USD,PAID
AP001393,VEND0017,2025-10-01,2025-10-16,2025-10-16,8212.29,8212.29,USD,PAID
AP001394,VEND0033,2025-06-01,2025-06-16,2025-07-11,1257.07,1257.07,USD,PAID
AP001395,VEND0002,2024-05-15,2024-06-29,2024-07-21,761.03,761.03,USD,PAID
AP001396,VEND0085,2026-01-29,2026-02-13,2026-02-22,1319.07,1319.07,USD,PAID
AP001397,VEND0090,2025-04-02,2025-05-17,2025-06-09,285.11,285.11,USD,PAID
AP001398,VEND0068,2024-08-29,2024-10-28,,415.04,0.0,USD,OPEN
AP001399,VEND0019,2026-06-01,2026-06-16,2026-06-16,3642.46,3642.46,USD,PAID
AP001400,VEND0099,2025-09-01,2025-10-01,2025-11-12,568.56,568.56,USD,PAID
AP001401,VEND0027,2025-01-27,2025-02-26,2025-03-09,384.94,384.94,USD,PAID
AP001402,VEND0034,2025-08-14,2025-09-28,,1875.54,0.0,USD,OPEN
AP001403,VEND0060,2026-02-12,2026-02-27,,3589.27,0.0,USD,OPEN
AP001404,VEND0030,2025-02-12,2025-04-13,2025-06-10,2250.6,2250.6,USD,PAID
AP001405,VEND0068,2025-01-23,2025-03-24,2025-04-01,2969.2,2969.2,USD,PAID
AP001406,VEND0058,2026-06-10,2026-08-09,,514.5,0.0,USD,OPEN
AP001407,VEND0013,2025-01-26,2025-03-12,2025-03-07,264.59,264.59,USD,PAID
AP001408,VEND0079,2026-07-28,2026-09-11,,4921.33,0.0,USD,OPEN
AP001409,VEND0013,2026-07-29,2026-09-12,,794.19,0.0,USD,OPEN
AP001410,VEND0094,2024-09-18,2024-11-17,2024-12-07,853.35,853.35,USD,PAID
AP001411,VEND0041,2025-11-19,2025-12-19,2026-01-01,4138.94,4138.94,USD,PAID
AP001412,VEND0002,2025-07-14,2025-07-29,2025-07-27,1912.62,1912.62,USD,PAID
AP001413,VEND0045,2025-02-25,2025-03-12,2025-04-28,1730.02,1730.02,USD,PAID
AP001414,VEND0004,2024-08-12,2024-09-26,2024-09-20,9556.74,9556.74,USD,PAID
AP001415,VEND0077,2025-09-26,2025-10-11,,576.22,0.0,USD,OPEN
AP001416,VEND0091,2025-11-03,2025-12-03,2025-12-08,2773.43,2773.43,USD,PAID
AP001417,VEND0049,2024-05-02,2024-05-17,2024-05-23,1160.97,1160.97,USD,PAID
AP001418,VEND0033,2025-11-03,2025-12-03,2025-12-16,1434.53,1434.53,USD,PAID
AP001419,VEND0082,2024-10-28,2024-12-27,2024-12-26,5056.7,5056.7,USD,PAID
AP001420,VEND0033,2025-04-09,2025-05-24,2025-06-24,1822.27,1822.27,USD,PAID
AP001421,VEND0049,2024-06-14,2024-06-29,2024-06-26,1878.63,1878.63,USD,PAID
AP001422,VEND0034,2025-02-01,2025-03-18,2025-04-10,3205.13,3205.13,USD,PAID
AP001423,VEND0026,2024-07-01,2024-08-30,,761.32,0.0,USD,OPEN
AP001424,VEND0063,2025-09-16,2025-11-15,,473.8,0.0,USD,OPEN
AP001425,VEND0028,2024-04-21,2024-05-21,2024-07-05,385.75,385.75,USD,PAID
AP001426,VEND0014,2025-09-20,2025-10-05,2025-10-28,153.49,153.49,USD,PAID
AP001427,VEND0094,2024-02-05,2024-02-20,,8571.58,0.0,USD,OPEN
AP001428,VEND0064,2024-09-13,2024-11-12,,363.87,0.0,USD,OPEN
AP001429,VEND0035,2024-06-01,2024-06-16,2024-07-25,878.97,878.97,USD,PAID
AP001430,VEND0066,2024-06-04,2024-07-19,2024-07-09,831.46,831.46,USD,PAID
AP001431,VEND0094,2025-12-25,2026-02-23,2026-04-05,1491.3,1491.3,USD,PAID
AP001432,VEND0050,2026-03-10,2026-03-25,2026-03-15,2479.31,2479.31,USD,PAID
AP001433,VEND0069,2025-12-06,2026-02-04,,2592.75,0.0,USD,OPEN
AP001434,VEND0052,2026-08-15,2026-09-29,,612.12,0.0,USD,OPEN
AP001435,VEND0011,2024-02-26,2024-03-12,2024-04-14,927.86,927.86,USD,PAID
AP001436,VEND0083,2026-05-11,2026-07-10,2026-08-06,1454.74,1454.74,USD,PAID
AP001437,VEND0085,2024-07-26,2024-08-25,2024-10-03,855.18,855.18,USD,PAID
AP001438,VEND0081,2024-07-14,2024-08-28,2024-08-31,5471.71,5471.71,USD,PAID
AP001439,VEND0095,2025-12-06,2026-01-20,2026-03-07,1791.8,1791.8,USD,PAID
AP001440,VEND0004,2024-07-13,2024-08-12,,2286.73,0.0,USD,OPEN
AP001441,VEND0070,2026-01-07,2026-02-06,2026-02-04,2127.88,2127.88,USD,PAID
AP001442,VEND0003,2025-10-20,2025-12-04,2026-01-20,3545.64,3545.64,USD,PAID
AP001443,VEND0093,2024-02-07,2024-03-23,,1314.25,0.0,USD,OPEN
AP001444,VEND0084,2024-02-13,2024-04-13,,299.82,0.0,USD,OPEN
AP001445,VEND0020,2025-11-14,2026-01-13,2026-03-12,1635.47,1635.47,USD,PAID
AP001446,VEND0095,2026-01-28,2026-02-27,2026-02-21,571.72,571.72,USD,PAID
AP001447,VEND0080,2024-05-24,2024-07-23,2024-09-11,646.38,646.38,USD,PAID
AP001448,VEND0002,2024-02-16,2024-03-17,2024-03-23,1971.13,1971.13,USD,PAID
AP001449,VEND0059,2024-06-25,2024-07-10,2024-07-12,3783.04,3783.04,USD,PAID
AP001450,VEND0014,2025-09-17,2025-10-17,2025-10-15,1120.21,1120.21,USD,PAID
AP001451,VEND0009,2024-04-26,2024-06-25,2024-07-13,1493.43,1493.43,USD,PAID
AP001452,VEND0042,2026-04-03,2026-05-03,2026-06-13,6016.22,6016.22,USD,PAID
AP001453,VEND0098,2024-05-03,2024-06-02,2024-06-19,1395.14,1395.14,USD,PAID
AP001454,VEND0036,2024-02-16,2024-03-17,2024-03-22,14789.65,14789.65,USD,PAID
AP001455,VEND0048,2024-05-24,2024-07-23,,1930.45,0.0,USD,OPEN
AP001456,VEND0018,2025-07-20,2025-08-19,2025-08-14,188.53,188.53,USD,PAID
AP001457,VEND0063,2024-04-12,2024-06-11,2024-06-03,2329.34,2329.34,USD,PAID
AP001458,VEND0012,2024-03-23,2024-04-07,,1605.45,0.0,USD,OPEN
AP001459,VEND0089,2025-12-24,2026-02-07,2026-03-29,3982.85,3982.85,USD,PAID
AP001460,VEND0035,2024-05-09,2024-06-08,,2149.91,0.0,USD,OPEN
AP001461,VEND0079,2025-06-19,2025-08-18,2025-08-30,954.84,954.84,USD,PAID
AP001462,VEND0079,2025-12-09,2025-12-24,2026-02-15,322.37,322.37,USD,PAID
AP001463,VEND0045,2026-08-31,2026-09-15,,889.78,0.0,USD,OPEN
AP001464,VEND0016,2025-03-04,2025-03-19,2025-04-02,468.47,468.47,USD,PAID
AP001465,VEND0065,2025-06-26,2025-07-11,2025-09-08,613.68,613.68,USD,PAID
AP001466,VEND0036,2024-08-12,2024-10-11,2024-10-27,1975.5,1975.5,USD,PAID
AP001467,VEND0020,2024-02-24,2024-03-25,,5824.94,0.0,USD,OPEN
AP001468,VEND0086,2025-12-02,2026-01-31,2026-02-10,1627.29,1627.29,USD,PAID
AP001469,VEND0047,2026-08-02,2026-08-17,,331.66,0.0,USD,OPEN
AP001470,VEND0079,2024-10-18,2024-11-17,2024-12-19,1710.61,1710.61,USD,PAID
AP001471,VEND0095,2026-04-04,2026-06-03,,3628.71,0.0,USD,OPEN
AP001472,VEND0004,2024-02-23,2024-03-24,,595.99,0.0,USD,OPEN
AP001473,VEND0031,2025-05-11,2025-05-26,,959.09,0.0,USD,OPEN
AP001474,VEND0054,2026-01-08,2026-03-09,2026-04-09,1112.86,1112.86,USD,PAID
AP001475,VEND0015,2024-07-22,2024-09-05,,500.25,0.0,USD,OPEN
AP001476,VEND0095,2024-11-29,2024-12-29,,2097.04,0.0,USD,OPEN
AP001477,VEND0010,2025-02-26,2025-03-28,2025-04-15,971.7,971.7,USD,PAID
AP001478,VEND0056,2025-04-27,2025-06-26,,1668.25,0.0,USD,OPEN
AP001479,VEND0023,2024-05-28,2024-06-27,2024-08-14,451.47,451.47,USD,PAID
AP001480,VEND0093,2025-01-31,2025-03-17,,708.07,0.0,USD,OPEN
AP001481,VEND0043,2024-07-17,2024-08-31,2024-09-15,2258.33,2258.33,USD,PAID
AP001482,VEND0036,2024-05-10,2024-05-25,2024-05-22,755.34,755.34,USD,PAID
AP001483,VEND0054,2024-05-19,2024-06-03,2024-07-21,6166.98,6166.98,USD,PAID
AP001484,VEND0038,2024-06-24,2024-08-08,,735.36,0.0,USD,OPEN
AP001485,VEND0074,2025-09-10,2025-10-10,2025-10-21,1372.91,1372.91,USD,PAID
AP001486,VEND0067,2025-07-20,2025-08-19,,2786.64,0.0,USD,OPEN
AP001487,VEND0036,2025-05-15,2025-06-14,2025-08-02,265.51,265.51,USD,PAID
AP001488,VEND0032,2024-01-15,2024-03-15,2024-04-05,188.52,188.52,USD,PAID
AP001489,VEND0074,2024-12-01,2025-01-30,2025-02-08,238.49,238.49,USD,PAID
AP001490,VEND0006,2026-07-08,2026-07-23,2026-07-18,3876.1,3876.1,USD,PAID
AP001491,VEND0062,2025-04-26,2025-05-11,2025-06-20,631.53,631.53,USD,PAID
AP001492,VEND0011,2026-04-09,2026-04-24,2026-05-14,14160.32,14160.32,USD,PAID
AP001493,VEND0028,2025-07-25,2025-08-09,2025-09-20,623.75,623.75,USD,PAID
AP001494,VEND0003,2024-05-15,2024-06-29,2024-06-30,1318.9,1318.9,USD,PAID
AP001495,VEND0059,2025-05-06,2025-06-20,,5126.15,0.0,USD,OPEN
AP001496,VEND0099,2026-05-28,2026-06-12,2026-07-31,8152.61,8152.61,USD,PAID
AP001497,VEND0048,2024-05-21,2024-07-20,,8617.1,0.0,USD,OPEN
AP001498,VEND0081,2025-10-03,2025-12-02,2025-11-22,3671.54,3671.54,USD,PAID
AP001499,VEND0068,2024-03-13,2024-05-12,2024-06-13,3053.56,3053.56,USD,PAID
AP001500,VEND0090,2024-02-03,2024-03-19,2024-04-12,1983.32,1983.32,USD,PAID
AP001501,VEND0080,2026-08-26,2026-09-25,,2388.36,0.0,USD,OPEN
AP001502,VEND0066,2026-06-20,2026-08-04,2026-08-01,631.95,631.95,USD,PAID
AP001503,VEND0050,2026-08-26,2026-10-10,,483.86,0.0,USD,OPEN
AP001504,VEND0047,2025-01-09,2025-03-10,2025-04-15,1092.94,1092.94,USD,PAID
AP001505,VEND0018,2024-06-28,2024-07-13,2024-07-29,925.02,925.02,USD,PAID
AP001506,VEND0095,2024-12-08,2025-01-07,2025-02-27,696.99,696.99,USD,PAID
AP001507,VEND0042,2026-08-19,2026-09-18,,2200.38,0.0,USD,OPEN
AP001508,VEND0036,2024-12-27,2025-02-10,2025-03-26,2850.66,2850.66,USD,PAID
AP001509,VEND0063,2024-02-25,2024-03-11,2024-04-27,1198.0,1198.0,USD,PAID
AP001510,VEND0087,2025-05-28,2025-06-12,2025-08-09,4805.57,4805.57,USD,PAID
AP001511,VEND0087,2026-04-25,2026-06-09,2026-07-16,350.13,350.13,USD,PAID
AP001512,VEND0059,2026-08-26,2026-09-10,,903.56,0.0,USD,OPEN
AP001513,VEND0037,2024-03-30,2024-04-14,2024-04-26,535.49,535.49,USD,PAID
AP001514,VEND0015,2024-03-19,2024-04-03,,169.6,0.0,USD,OPEN
AP001515,VEND0067,2025-12-14,2026-01-13,2026-01-29,1009.61,1009.61,USD,PAID
AP001516,VEND0017,2026-09-01,2026-09-16,,970.93,0.0,USD,OPEN
AP001517,VEND0038,2025-04-30,2025-06-14,2025-06-06,4981.32,4981.32,USD,PAID
AP001518,VEND0030,2024-07-12,2024-07-27,,2060.72,0.0,USD,OPEN
AP001519,VEND0084,2026-05-04,2026-06-18,2026-07-21,393.79,393.79,USD,PAID
AP001520,VEND0071,2025-10-23,2025-12-07,2026-02-02,7002.99,7002.99,USD,PAID
AP001521,VEND0040,2025-03-31,2025-05-30,2025-06-05,3718.34,3718.34,USD,PAID
AP001522,VEND0048,2024-06-24,2024-08-08,,1962.74,0.0,USD,OPEN
AP001523,VEND0037,2024-10-22,2024-11-06,,874.38,0.0,USD,OPEN
AP001524,VEND0092,2025-04-11,2025-05-11,2025-05-21,420.13,420.13,USD,PAID
AP001525,VEND0023,2025-07-02,2025-08-16,,755.81,0.0,USD,OPEN
AP001526,VEND0015,2026-05-09,2026-06-08,,3257.61,0.0,USD,OPEN
AP001527,VEND0034,2024-02-12,2024-03-28,2024-05-13,7219.83,7219.83,USD,PAID
AP001528,VEND0091,2025-01-13,2025-02-12,,5131.96,0.0,USD,OPEN
AP001529,VEND0048,2024-02-05,2024-03-21,2024-03-29,672.6,672.6,USD,PAID
AP001530,VEND0004,2025-04-04,2025-05-04,2025-05-09,357.95,357.95,USD,PAID
AP001531,VEND0041,2025-02-18,2025-04-19,2025-06-06,1262.55,1262.55,USD,PAID
AP001532,VEND0065,2024-06-08,2024-06-23,2024-08-21,187.08,187.08,USD,PAID
AP001533,VEND0097,2024-12-05,2025-01-19,2025-02-15,1515.0,1515.0,USD,PAID
AP001534,VEND0044,2025-08-10,2025-09-09,2025-10-25,946.15,946.15,USD,PAID
AP001535,VEND0018,2025-12-06,2025-12-21,2025-12-16,688.12,688.12,USD,PAID
AP001536,VEND0080,2025-11-25,2025-12-10,2026-01-20,222.58,222.58,USD,PAID
AP001537,VEND0042,2026-05-11,2026-06-10,2026-06-11,1832.8,1832.8,USD,PAID
AP001538,VEND0099,2024-02-26,2024-03-27,2024-04-14,643.74,643.74,USD,PAID
AP001539,VEND0069,2024-10-11,2024-11-10,,340.39,0.0,USD,OPEN
AP001540,VEND0066,2026-05-19,2026-07-18,2026-07-19,62.04,62.04,USD,PAID
AP001541,VEND0008,2025-02-07,2025-03-09,2025-05-03,1066.87,1066.87,USD,PAID
AP001542,VEND0048,2026-07-19,2026-09-02,,6452.68,0.0,USD,OPEN
AP001543,VEND0045,2025-01-30,2025-03-16,,5774.8,0.0,USD,OPEN
AP001544,VEND0028,2024-12-25,2025-02-08,2025-02-09,694.3,694.3,USD,PAID
AP001545,VEND0057,2026-01-15,2026-03-16,2026-04-28,600.52,600.52,USD,PAID
AP001546,VEND0094,2024-10-22,2024-11-21,2025-01-04,1752.46,1752.46,USD,PAID
AP001547,VEND0076,2026-07-06,2026-09-04,,404.08,0.0,USD,OPEN
AP001548,VEND0039,2025-09-04,2025-09-19,,1482.95,0.0,USD,OPEN
AP001549,VEND0076,2025-05-01,2025-06-15,,2359.21,0.0,USD,OPEN
AP001550,VEND0053,2026-02-13,2026-04-14,,3740.35,0.0,USD,OPEN
AP001551,VEND0091,2025-10-16,2025-11-30,2026-01-18,992.12,992.12,USD,PAID
AP001552,VEND0049,2025-08-04,2025-09-03,,894.55,0.0,USD,OPEN
AP001553,VEND0039,2024-10-23,2024-12-22,,455.78,0.0,USD,OPEN
AP001554,VEND0029,2026-05-04,2026-06-18,2026-08-06,479.68,479.68,USD,PAID
AP001555,VEND0039,2024-01-28,2024-02-12,,874.39,0.0,USD,OPEN
AP001556,VEND0086,2025-10-17,2025-12-16,,1583.46,0.0,USD,OPEN
AP001557,VEND0089,2026-07-03,2026-08-17,,2734.17,0.0,USD,OPEN
AP001558,VEND0098,2025-10-22,2025-11-21,,491.19,0.0,USD,OPEN
AP001559,VEND0077,2024-10-10,2024-12-09,2024-12-07,4878.97,4878.97,USD,PAID
AP001560,VEND0034,2026-02-02,2026-03-19,2026-05-03,836.21,836.21,USD,PAID
AP001561,VEND0048,2025-10-05,2025-12-04,2025-12-09,1073.45,1073.45,USD,PAID
AP001562,VEND0075,2025-06-08,2025-06-23,2025-07-03,519.46,519.46,USD,PAID
AP001563,VEND0046,2024-02-29,2024-03-30,2024-04-06,97.1,97.1,USD,PAID
AP001564,VEND0082,2024-06-16,2024-07-01,2024-08-13,2654.59,2654.59,USD,PAID
AP001565,VEND0038,2026-07-22,2026-09-05,,2291.23,0.0,USD,OPEN
AP001566,VEND0098,2025-06-26,2025-07-11,2025-07-24,827.72,827.72,USD,PAID
AP001567,VEND0088,2024-04-06,2024-05-06,2024-06-05,1172.61,1172.61,USD,PAID
AP001568,VEND0013,2026-03-30,2026-05-14,2026-06-19,1837.09,1837.09,USD,PAID
AP001569,VEND0018,2025-07-01,2025-08-15,2025-08-06,229.86,229.86,USD,PAID
AP001570,VEND0053,2025-06-14,2025-07-29,2025-09-19,646.1,646.1,USD,PAID
AP001571,VEND0020,2024-12-14,2025-01-13,,2426.64,0.0,USD,OPEN
AP001572,VEND0069,2025-05-30,2025-06-29,2025-08-25,312.85,312.85,USD,PAID
AP001573,VEND0015,2025-12-30,2026-01-14,2026-01-13,1470.79,1470.79,USD,PAID
AP001574,VEND0045,2026-04-18,2026-05-18,2026-07-08,282.43,282.43,USD,PAID
AP001575,VEND0057,2024-11-15,2024-12-30,,1748.35,0.0,USD,OPEN
AP001576,VEND0039,2026-06-30,2026-08-14,,1058.24,0.0,USD,OPEN
AP001577,VEND0089,2024-01-30,2024-02-14,,218.08,0.0,USD,OPEN
AP001578,VEND0017,2024-05-25,2024-06-24,2024-07-10,3514.81,3514.81,USD,PAID
AP001579,VEND0010,2024-03-21,2024-05-20,2024-05-24,526.06,526.06,USD,PAID
AP001580,VEND0026,2024-01-20,2024-03-20,2024-03-15,487.72,487.72,USD,PAID
AP001581,VEND0076,2024-04-20,2024-05-05,2024-06-29,1340.19,1340.19,USD,PAID
AP001582,VEND0033,2024-03-01,2024-04-30,,3458.66,0.0,USD,OPEN
AP001583,VEND0097,2024-02-14,2024-02-29,2024-02-20,397.1,397.1,USD,PAID
AP001584,VEND0076,2024-04-08,2024-04-23,2024-05-09,1166.4,1166.4,USD,PAID
AP001585,VEND0045,2026-07-11,2026-08-10,,1683.81,0.0,USD,OPEN
AP001586,VEND0096,2024-01-30,2024-02-14,,2193.18,0.0,USD,OPEN
AP001587,VEND0046,2026-08-22,2026-10-06,,1308.24,0.0,USD,OPEN
AP001588,VEND0013,2024-06-13,2024-07-13,2024-07-11,759.74,759.74,USD,PAID
AP001589,VEND0037,2026-04-19,2026-05-04,2026-05-18,479.34,479.34,USD,PAID
AP001590,VEND0028,2024-06-24,2024-07-09,2024-07-11,1195.29,1195.29,USD,PAID
AP001591,VEND0057,2026-07-31,2026-09-29,,375.35,0.0,USD,OPEN
AP001592,VEND0046,2025-11-20,2025-12-05,,59.07,0.0,USD,OPEN
AP001593,VEND0030,2025-01-23,2025-03-24,,1696.9,0.0,USD,OPEN
AP001594,VEND0016,2025-02-21,2025-03-08,2025-04-07,2707.92,2707.92,USD,PAID
AP001595,VEND0098,2025-04-22,2025-05-07,2025-06-29,103.24,103.24,USD,PAID
AP001596,VEND0011,2025-01-04,2025-02-18,2025-02-13,399.52,399.52,USD,PAID
AP001597,VEND0037,2024-12-01,2025-01-30,,2036.84,0.0,USD,OPEN
AP001598,VEND0029,2025-04-12,2025-05-27,2025-07-12,8582.63,8582.63,USD,PAID
AP001599,VEND0025,2025-07-21,2025-09-19,2025-11-02,1119.67,1119.67,USD,PAID
AP001600,VEND0087,2026-05-27,2026-06-11,2026-07-31,529.53,529.53,USD,PAID
AP001601,VEND0087,2025-01-11,2025-02-10,,913.34,0.0,USD,OPEN
AP001602,VEND0085,2025-05-18,2025-06-02,2025-07-28,4336.73,4336.73,USD,PAID
AP001603,VEND0051,2025-11-23,2025-12-08,,574.81,0.0,USD,OPEN
AP001604,VEND0009,2025-02-14,2025-03-01,2025-03-12,493.15,493.15,USD,PAID
AP001605,VEND0016,2025-01-07,2025-02-06,2025-03-19,676.72,676.72,USD,PAID
AP001606,VEND0098,2024-08-26,2024-10-25,2024-11-19,422.7,422.7,USD,PAID
AP001607,VEND0046,2025-12-31,2026-02-14,2026-03-27,1239.76,1239.76,USD,PAID
AP001608,VEND0036,2025-05-02,2025-07-01,2025-08-25,5567.37,5567.37,USD,PAID
AP001609,VEND0033,2024-05-30,2024-07-29,,1514.86,0.0,USD,OPEN
AP001610,VEND0018,2025-05-16,2025-07-15,,852.05,0.0,USD,OPEN
AP001611,VEND0064,2024-01-31,2024-02-15,2024-02-13,819.09,819.09,USD,PAID
AP001612,VEND0078,2025-11-25,2025-12-10,2026-01-17,229.71,229.71,USD,PAID
AP001613,VEND0080,2025-11-26,2026-01-10,,2652.11,0.0,USD,OPEN
AP001614,VEND0099,2025-09-30,2025-10-15,2025-12-10,1014.51,1014.51,USD,PAID
AP001615,VEND0085,2025-05-19,2025-07-18,,915.55,0.0,USD,OPEN
AP001616,VEND0044,2025-05-24,2025-07-23,2025-09-20,26718.4,26718.4,USD,PAID
AP001617,VEND0056,2026-04-08,2026-04-23,2026-04-17,1478.46,1478.46,USD,PAID
AP001618,VEND0049,2026-06-20,2026-07-05,2026-08-04,517.09,517.09,USD,PAID
AP001619,VEND0023,2025-03-29,2025-05-28,,715.97,0.0,USD,OPEN
AP001620,VEND0063,2025-07-24,2025-09-07,2025-09-18,3458.0,3458.0,USD,PAID
AP001621,VEND0063,2025-03-17,2025-04-16,2025-05-25,1228.16,1228.16,USD,PAID
AP001622,VEND0085,2026-02-21,2026-03-08,2026-04-29,260.27,260.27,USD,PAID
AP001623,VEND0065,2025-07-21,2025-09-19,2025-09-29,2749.65,2749.65,USD,PAID
AP001624,VEND0079,2024-02-27,2024-04-27,2024-06-04,562.2,562.2,USD,PAID
AP001625,VEND0042,2025-11-23,2026-01-07,2026-02-02,7138.78,7138.78,USD,PAID
AP001626,VEND0047,2024-03-03,2024-03-18,2024-03-24,3229.39,3229.39,USD,PAID
AP001627,VEND0049,2024-12-23,2025-01-07,2025-02-09,701.12,701.12,USD,PAID
AP001628,VEND0053,2024-04-09,2024-06-08,2024-07-13,3948.21,3948.21,USD,PAID
AP001629,VEND0031,2024-12-25,2025-01-09,2025-01-30,1173.63,1173.63,USD,PAID
AP001630,VEND0040,2025-10-25,2025-12-09,2025-12-07,2572.86,2572.86,USD,PAID
AP001631,VEND0069,2024-04-27,2024-06-11,,1780.65,0.0,USD,OPEN
AP001632,VEND0073,2024-11-29,2024-12-14,2025-01-27,470.43,470.43,USD,PAID
AP001633,VEND0076,2025-06-11,2025-08-10,2025-09-29,576.2,576.2,USD,PAID
AP001634,VEND0042,2024-01-23,2024-03-08,2024-04-16,3071.62,3071.62,USD,PAID
AP001635,VEND0089,2025-08-09,2025-08-24,2025-08-26,784.64,784.64,USD,PAID
AP001636,VEND0098,2025-11-22,2025-12-22,2026-02-14,732.42,732.42,USD,PAID
AP001637,VEND0039,2025-11-14,2025-12-29,,421.95,0.0,USD,OPEN
AP001638,VEND0082,2025-01-07,2025-03-08,,1675.05,0.0,USD,OPEN
AP001639,VEND0028,2026-05-17,2026-06-01,2026-07-29,8625.9,8625.9,USD,PAID
AP001640,VEND0074,2024-10-21,2024-12-05,,377.08,0.0,USD,OPEN
AP001641,VEND0092,2025-02-15,2025-03-17,2025-03-18,1123.52,1123.52,USD,PAID
AP001642,VEND0009,2026-05-14,2026-05-29,2026-06-22,4501.75,4501.75,USD,PAID
AP001643,VEND0010,2025-08-03,2025-10-02,2025-11-05,1012.68,1012.68,USD,PAID
AP001644,VEND0056,2025-10-29,2025-12-13,2026-01-10,1723.95,1723.95,USD,PAID
AP001645,VEND0052,2025-11-10,2025-12-25,,379.03,0.0,USD,OPEN
AP001646,VEND0024,2024-09-14,2024-11-13,2025-01-12,1682.96,1682.96,USD,PAID
AP001647,VEND0024,2026-06-21,2026-07-06,2026-08-31,909.46,909.46,USD,PAID
AP001648,VEND0096,2025-08-13,2025-10-12,,2938.72,0.0,USD,OPEN
AP001649,VEND0079,2026-08-18,2026-10-17,,3595.31,0.0,USD,OPEN
AP001650,VEND0067,2026-05-23,2026-07-22,2026-07-19,14611.49,14611.49,USD,PAID
AP001651,VEND0020,2024-07-24,2024-09-07,2024-09-27,1957.91,1957.91,USD,PAID
AP001652,VEND0041,2026-02-03,2026-03-20,2026-05-01,1518.98,1518.98,USD,PAID
AP001653,VEND0035,2026-05-30,2026-06-14,2026-07-26,1331.93,1331.93,USD,PAID
AP001654,VEND0088,2026-04-23,2026-06-07,2026-06-29,770.34,770.34,USD,PAID
AP001655,VEND0020,2025-09-07,2025-10-07,2025-10-11,1538.38,1538.38,USD,PAID
AP001656,VEND0040,2024-07-15,2024-07-30,,816.15,0.0,USD,OPEN
AP001657,VEND0055,2025-04-20,2025-06-19,2025-08-03,1297.85,1297.85,USD,PAID
AP001658,VEND0035,2025-10-24,2025-11-08,,4095.31,0.0,USD,OPEN
AP001659,VEND0085,2024-05-19,2024-06-03,2024-06-28,400.8,400.8,USD,PAID
AP001660,VEND0093,2025-07-17,2025-08-16,2025-08-11,3428.5,3428.5,USD,PAID
AP001661,VEND0011,2025-05-12,2025-05-27,,4093.33,0.0,USD,OPEN
AP001662,VEND0047,2024-11-17,2025-01-01,2025-02-12,974.51,974.51,USD,PAID
AP001663,VEND0031,2025-11-18,2025-12-03,2025-12-10,131.39,131.39,USD,PAID
AP001664,VEND0033,2024-04-24,2024-05-09,2024-07-05,597.16,597.16,USD,PAID
AP001665,VEND0016,2025-05-23,2025-06-07,,4011.8,0.0,USD,OPEN
AP001666,VEND0096,2026-03-02,2026-04-16,2026-05-25,1071.84,1071.84,USD,PAID
AP001667,VEND0019,2026-01-31,2026-03-02,2026-03-19,403.71,403.71,USD,PAID
AP001668,VEND0036,2024-04-19,2024-05-19,,661.97,0.0,USD,OPEN
AP001669,VEND0063,2025-03-26,2025-05-25,2025-05-22,2541.78,2541.78,USD,PAID
AP001670,VEND0041,2025-06-30,2025-08-14,2025-08-18,1894.54,1894.54,USD,PAID
AP001671,VEND0036,2025-07-12,2025-09-10,2025-10-01,863.56,863.56,USD,PAID
AP001672,VEND0040,2026-06-19,2026-07-19,2026-08-25,759.89,759.89,USD,PAID
AP001673,VEND0089,2024-01-22,2024-02-06,2024-02-02,741.18,741.18,USD,PAID
AP001674,VEND0040,2026-07-28,2026-08-27,,435.98,0.0,USD,OPEN
AP001675,VEND0069,2025-10-16,2025-11-30,2025-12-05,5515.82,5515.82,USD,PAID
AP001676,VEND0002,2026-06-06,2026-07-06,2026-08-14,794.47,794.47,USD,PAID
AP001677,VEND0039,2026-07-20,2026-09-18,,3703.96,0.0,USD,OPEN
AP001678,VEND0057,2024-04-02,2024-05-02,2024-05-12,5020.66,5020.66,USD,PAID
AP001679,VEND0005,2025-10-08,2025-11-22,2026-01-03,2975.93,2975.93,USD,PAID
AP001680,VEND0061,2024-10-07,2024-10-22,2024-12-13,712.21,712.21,USD,PAID
AP001681,VEND0092,2026-01-24,2026-03-25,2026-04-26,1642.1,1642.1,USD,PAID
AP001682,VEND0065,2025-03-08,2025-03-23,2025-04-15,1070.42,1070.42,USD,PAID
AP001683,VEND0095,2024-03-08,2024-04-22,2024-06-21,444.21,444.21,USD,PAID
AP001684,VEND0083,2024-11-30,2025-01-29,2025-01-25,1516.8,1516.8,USD,PAID
AP001685,VEND0001,2025-10-18,2025-11-17,2025-11-24,337.3,337.3,USD,PAID
AP001686,VEND0074,2025-02-14,2025-03-16,2025-04-15,3596.37,3596.37,USD,PAID
AP001687,VEND0067,2024-03-25,2024-04-09,,689.1,0.0,USD,OPEN
AP001688,VEND0041,2025-12-31,2026-01-30,2026-03-13,1340.98,1340.98,USD,PAID
AP001689,VEND0034,2025-04-07,2025-06-06,2025-06-13,1455.77,1455.77,USD,PAID
AP001690,VEND0011,2024-06-26,2024-08-10,2024-08-25,846.49,846.49,USD,PAID
AP001691,VEND0049,2025-02-28,2025-04-14,,1971.78,0.0,USD,OPEN
AP001692,VEND0003,2026-08-25,2026-09-24,,682.05,0.0,USD,OPEN
AP001693,VEND0026,2026-08-03,2026-09-02,,2620.96,0.0,USD,OPEN
AP001694,VEND0080,2024-09-25,2024-10-25,,285.44,0.0,USD,OPEN
AP001695,VEND0048,2025-03-15,2025-04-29,,1244.36,0.0,USD,OPEN
AP001696,VEND0068,2024-06-23,2024-07-08,,7623.03,0.0,USD,OPEN
AP001697,VEND0016,2025-03-21,2025-05-20,2025-07-12,403.3,403.3,USD,PAID
AP001698,VEND0035,2024-08-17,2024-09-16,,556.83,0.0,USD,OPEN
AP001699,VEND0027,2024-10-21,2024-12-20,2025-02-03,1833.36,1833.36,USD,PAID
AP001700,VEND0094,2025-09-06,2025-10-06,2025-11-01,1312.36,1312.36,USD,PAID
AP001701,VEND0019,2025-11-24,2025-12-24,2026-02-04,1557.18,1557.18,USD,PAID
AP001702,VEND0080,2024-01-30,2024-03-15,2024-04-04,1788.6,1788.6,USD,PAID
AP001703,VEND0011,2025-04-06,2025-05-06,2025-06-23,2068.79,2068.79,USD,PAID
AP001704,VEND0042,2024-01-11,2024-03-11,,3326.58,0.0,USD,OPEN
AP001705,VEND0091,2025-12-10,2026-02-08,2026-03-19,1652.13,1652.13,USD,PAID
AP001706,VEND0072,2025-03-09,2025-04-23,,861.56,0.0,USD,OPEN
AP001707,VEND0061,2024-03-01,2024-03-16,2024-04-05,2148.6,2148.6,USD,PAID
AP001708,VEND0001,2026-07-19,2026-09-02,2026-08-28,7331.11,7331.11,USD,PAID
AP001709,VEND0086,2024-09-16,2024-11-15,2024-12-25,960.42,960.42,USD,PAID
AP001710,VEND0075,2025-01-14,2025-02-13,2025-02-08,413.84,413.84,USD,PAID
AP001711,VEND0064,2024-07-02,2024-08-16,,3317.88,0.0,USD,OPEN
AP001712,VEND0012,2026-08-10,2026-09-24,,972.26,0.0,USD,OPEN
AP001713,VEND0015,2024-11-20,2025-01-19,,124.88,0.0,USD,OPEN
AP001714,VEND0036,2024-11-16,2024-12-01,2025-01-23,2559.13,2559.13,USD,PAID
AP001715,VEND0034,2026-02-04,2026-03-21,2026-04-16,642.05,642.05,USD,PAID
AP001716,VEND0022,2025-09-19,2025-11-03,2025-12-18,1001.71,1001.71,USD,PAID
AP001717,VEND0072,2024-11-19,2025-01-18,2025-01-27,1528.41,1528.41,USD,PAID
AP001718,VEND0020,2026-05-23,2026-07-22,,1326.77,0.0,USD,OPEN
AP001719,VEND0061,2024-02-25,2024-03-26,,2229.32,0.0,USD,OPEN
AP001720,VEND0015,2024-09-23,2024-10-23,2024-12-07,709.47,709.47,USD,PAID
AP001721,VEND0046,2026-07-05,2026-09-03,,1831.89,0.0,USD,OPEN
AP001722,VEND0093,2025-12-27,2026-02-25,2026-03-01,845.94,845.94,USD,PAID
AP001723,VEND0012,2026-06-06,2026-07-06,,2295.74,0.0,USD,OPEN
AP001724,VEND0022,2024-07-27,2024-09-10,,2029.14,0.0,USD,OPEN
AP001725,VEND0075,2026-02-06,2026-03-23,2026-04-09,430.33,430.33,USD,PAID
AP001726,VEND0032,2024-01-05,2024-02-04,2024-02-03,3248.61,3248.61,USD,PAID
AP001727,VEND0004,2026-02-25,2026-04-26,2026-05-28,641.65,641.65,USD,PAID
AP001728,VEND0042,2024-10-18,2024-11-02,2024-11-05,2460.35,2460.35,USD,PAID
AP001729,VEND0091,2024-06-06,2024-06-21,,1583.33,0.0,USD,OPEN
AP001730,VEND0077,2025-11-06,2026-01-05,2026-01-29,6892.46,6892.46,USD,PAID
AP001731,VEND0084,2025-11-04,2025-11-19,2025-11-14,877.02,877.02,USD,PAID
AP001732,VEND0028,2025-09-29,2025-11-28,2025-12-04,773.31,773.31,USD,PAID
AP001733,VEND0042,2026-06-02,2026-06-17,2026-07-13,1075.54,1075.54,USD,PAID
AP001734,VEND0078,2026-03-28,2026-04-12,2026-06-11,809.83,809.83,USD,PAID
AP001735,VEND0031,2025-01-25,2025-02-09,2025-02-21,2440.46,2440.46,USD,PAID
AP001736,VEND0027,2026-02-28,2026-04-29,,217.82,0.0,USD,OPEN
AP001737,VEND0083,2024-06-15,2024-08-14,2024-09-09,382.34,382.34,USD,PAID
AP001738,VEND0063,2026-02-09,2026-03-11,,376.98,0.0,USD,OPEN
AP001739,VEND0088,2026-03-31,2026-05-30,2026-06-28,2836.45,2836.45,USD,PAID
AP001740,VEND0048,2025-09-09,2025-10-09,2025-10-11,6066.96,6066.96,USD,PAID
AP001741,VEND0061,2025-06-08,2025-07-08,2025-08-16,987.87,987.87,USD,PAID
AP001742,VEND0055,2024-10-01,2024-11-30,,926.28,0.0,USD,OPEN
AP001743,VEND0081,2026-04-10,2026-05-25,2026-07-09,1176.21,1176.21,USD,PAID
AP001744,VEND0044,2025-03-12,2025-03-27,,3504.76,0.0,USD,OPEN
AP001745,VEND0064,2025-04-19,2025-05-19,2025-05-28,433.83,433.83,USD,PAID
AP001746,VEND0011,2025-06-23,2025-07-08,2025-08-22,1391.82,1391.82,USD,PAID
AP001747,VEND0088,2026-07-17,2026-09-15,,2907.93,0.0,USD,OPEN
AP001748,VEND0055,2026-07-13,2026-08-27,,1810.02,0.0,USD,OPEN
AP001749,VEND0066,2024-10-29,2024-11-13,2024-11-08,1325.55,1325.55,USD,PAID
AP001750,VEND0085,2024-04-20,2024-06-19,2024-08-07,2984.08,2984.08,USD,PAID
AP001751,VEND0099,2026-01-07,2026-02-21,2026-02-21,73.46,73.46,USD,PAID
AP001752,VEND0085,2025-05-30,2025-06-14,,2160.03,0.0,USD,OPEN
AP001753,VEND0006,2025-04-18,2025-05-18,2025-06-27,570.16,570.16,USD,PAID
AP001754,VEND0041,2024-03-26,2024-05-25,2024-06-22,175.8,175.8,USD,PAID
AP001755,VEND0080,2025-08-24,2025-10-23,2025-12-09,1828.41,1828.41,USD,PAID
AP001756,VEND0028,2026-04-07,2026-05-22,2026-06-04,4331.45,4331.45,USD,PAID
AP001757,VEND0087,2024-07-08,2024-07-23,2024-08-15,955.8,955.8,USD,PAID
AP001758,VEND0051,2024-04-18,2024-06-17,2024-06-07,2843.74,2843.74,USD,PAID
AP001759,VEND0062,2024-04-29,2024-05-14,,5498.76,0.0,USD,OPEN
AP001760,VEND0039,2025-04-16,2025-06-15,2025-08-06,4084.34,4084.34,USD,PAID
AP001761,VEND0039,2025-09-25,2025-11-09,2025-12-19,5653.13,5653.13,USD,PAID
AP001762,VEND0025,2024-03-30,2024-04-29,,2303.37,0.0,USD,OPEN
AP001763,VEND0004,2024-04-24,2024-05-09,2024-05-23,1182.56,1182.56,USD,PAID
AP001764,VEND0056,2024-08-02,2024-10-01,2024-10-21,220.97,220.97,USD,PAID
AP001765,VEND0099,2026-05-12,2026-06-11,,857.43,0.0,USD,OPEN
AP001766,VEND0015,2025-04-19,2025-05-19,2025-05-11,471.89,471.89,USD,PAID
AP001767,VEND0063,2024-06-19,2024-07-19,2024-09-03,9613.68,9613.68,USD,PAID
AP001768,VEND0026,2025-04-27,2025-05-12,2025-06-02,919.76,919.76,USD,PAID
AP001769,VEND0002,2024-10-28,2024-12-27,,1240.42,0.0,USD,OPEN
AP001770,VEND0095,2024-04-15,2024-06-14,2024-08-06,1903.57,1903.57,USD,PAID
AP001771,VEND0052,2025-08-15,2025-09-29,,1145.51,0.0,USD,OPEN
AP001772,VEND0008,2025-05-12,2025-07-11,,5973.28,0.0,USD,OPEN
AP001773,VEND0071,2025-06-24,2025-07-09,2025-08-08,588.37,588.37,USD,PAID
AP001774,VEND0061,2024-03-06,2024-04-20,2024-06-02,1332.23,1332.23,USD,PAID
AP001775,VEND0058,2024-04-29,2024-06-28,2024-08-01,521.93,521.93,USD,PAID
AP001776,VEND0037,2025-12-15,2026-02-13,,292.94,0.0,USD,OPEN
AP001777,VEND0030,2026-01-13,2026-02-12,2026-03-30,594.8,594.8,USD,PAID
AP001778,VEND0078,2025-06-03,2025-07-03,2025-08-05,1056.76,1056.76,USD,PAID
AP001779,VEND0038,2026-05-23,2026-07-22,,713.87,0.0,USD,OPEN
AP001780,VEND0061,2026-01-10,2026-03-11,2026-04-16,548.71,548.71,USD,PAID
AP001781,VEND0089,2026-03-29,2026-04-28,2026-05-24,268.72,268.72,USD,PAID
AP001782,VEND0023,2026-02-06,2026-02-21,2026-02-27,1009.18,1009.18,USD,PAID
AP001783,VEND0054,2024-07-23,2024-08-22,2024-08-24,243.54,243.54,USD,PAID
AP001784,VEND0072,2026-08-23,2026-10-22,,2345.04,0.0,USD,OPEN
AP001785,VEND0046,2024-02-18,2024-03-04,2024-03-27,1190.87,1190.87,USD,PAID
AP001786,VEND0065,2025-11-24,2025-12-24,,255.3,0.0,USD,OPEN
AP001787,VEND0080,2024-02-02,2024-02-17,2024-02-21,804.96,804.96,USD,PAID
AP001788,VEND0034,2024-08-20,2024-09-04,2024-10-26,516.9,516.9,USD,PAID
AP001789,VEND0020,2024-12-14,2025-01-28,2025-02-21,1508.96,1508.96,USD,PAID
AP001790,VEND0059,2026-05-23,2026-06-07,2026-07-23,4189.98,4189.98,USD,PAID
AP001791,VEND0072,2026-05-11,2026-05-26,2026-05-29,168.15,168.15,USD,PAID
AP001792,VEND0016,2024-02-12,2024-02-27,,1230.32,0.0,USD,OPEN
AP001793,VEND0094,2026-06-10,2026-07-10,2026-07-20,934.37,934.37,USD,PAID
AP001794,VEND0094,2024-10-26,2024-12-25,2025-02-16,2145.96,2145.96,USD,PAID
AP001795,VEND0047,2026-06-10,2026-06-25,,1357.22,0.0,USD,OPEN
AP001796,VEND0026,2024-12-08,2025-01-07,,516.99,0.0,USD,OPEN
AP001797,VEND0032,2025-03-25,2025-05-24,2025-05-14,797.07,797.07,USD,PAID
AP001798,VEND0022,2026-05-04,2026-07-03,2026-08-26,494.71,494.71,USD,PAID
AP001799,VEND0047,2024-03-28,2024-05-12,2024-06-24,3216.37,3216.37,USD,PAID
AP001800,VEND0097,2025-10-06,2025-11-05,,1120.26,0.0,USD,OPEN
AP001801,VEND0055,2025-06-26,2025-08-25,2025-09-01,7340.71,7340.71,USD,PAID
AP001802,VEND0088,2025-02-27,2025-04-28,2025-06-23,1032.09,1032.09,USD,PAID
AP001803,VEND0092,2025-01-05,2025-01-20,2025-01-11,540.01,540.01,USD,PAID
AP001804,VEND0041,2026-04-05,2026-04-20,,241.36,0.0,USD,OPEN
AP001805,VEND0098,2025-02-15,2025-03-17,2025-04-26,180.7,180.7,USD,PAID
AP001806,VEND0081,2024-02-07,2024-03-08,2024-03-05,224.95,224.95,USD,PAID
AP001807,VEND0039,2025-12-31,2026-02-14,2026-04-15,1432.43,1432.43,USD,PAID
AP001808,VEND0036,2026-01-08,2026-02-22,2026-02-13,1823.89,1823.89,USD,PAID
AP001809,VEND0083,2026-07-10,2026-08-09,,225.61,0.0,USD,OPEN
AP001810,VEND0100,2024-07-29,2024-09-27,2024-11-07,2683.93,2683.93,USD,PAID
AP001811,VEND0069,2024-07-21,2024-09-04,,676.5,0.0,USD,OPEN
AP001812,VEND0067,2024-12-08,2025-02-06,2025-02-12,1270.03,1270.03,USD,PAID
AP001813,VEND0066,2025-07-07,2025-08-21,,5498.45,0.0,USD,OPEN
AP001814,VEND0003,2025-07-19,2025-09-02,2025-09-12,2688.77,2688.77,USD,PAID
AP001815,VEND0100,2024-01-29,2024-03-14,,838.38,0.0,USD,OPEN
AP001816,VEND0094,2024-11-07,2025-01-06,2025-01-10,449.8,449.8,USD,PAID
AP001817,VEND0046,2024-03-02,2024-04-16,2024-06-09,127.51,127.51,USD,PAID
AP001818,VEND0058,2024-05-06,2024-05-21,2024-05-26,534.24,534.24,USD,PAID
AP001819,VEND0096,2024-11-01,2024-11-16,2024-12-06,887.91,887.91,USD,PAID
AP001820,VEND0086,2025-08-18,2025-09-17,2025-10-13,408.63,408.63,USD,PAID
AP001821,VEND0095,2026-03-14,2026-04-13,2026-06-08,961.74,961.74,USD,PAID
AP001822,VEND0100,2024-09-10,2024-09-25,2024-10-09,1184.23,1184.23,USD,PAID
AP001823,VEND0092,2025-01-04,2025-03-05,,875.81,0.0,USD,OPEN
AP001824,VEND0008,2025-03-11,2025-05-10,,572.49,0.0,USD,OPEN
AP001825,VEND0010,2025-03-11,2025-04-10,2025-05-27,1298.1,1298.1,USD,PAID
AP001826,VEND0100,2025-01-13,2025-03-14,2025-05-09,1706.06,1706.06,USD,PAID
AP001827,VEND0057,2025-02-08,2025-03-25,2025-05-08,368.56,368.56,USD,PAID
AP001828,VEND0021,2025-12-06,2026-02-04,2026-03-19,4495.95,4495.95,USD,PAID
AP001829,VEND0017,2024-05-27,2024-06-26,2024-08-13,993.68,993.68,USD,PAID
AP001830,VEND0061,2025-12-22,2026-01-06,2026-02-23,1117.5,1117.5,USD,PAID
AP001831,VEND0016,2024-02-03,2024-03-04,2024-04-10,2226.56,2226.56,USD,PAID
AP001832,VEND0048,2025-09-08,2025-11-07,,1384.67,0.0,USD,OPEN
AP001833,VEND0020,2025-08-08,2025-09-22,,2844.48,0.0,USD,OPEN
AP001834,VEND0039,2024-04-30,2024-06-14,2024-07-21,1461.36,1461.36,USD,PAID
AP001835,VEND0019,2024-10-28,2024-12-27,,594.41,0.0,USD,OPEN
AP001836,VEND0040,2024-05-25,2024-07-24,,1574.2,0.0,USD,OPEN
AP001837,VEND0095,2026-06-29,2026-08-13,,349.42,0.0,USD,OPEN
AP001838,VEND0045,2025-05-15,2025-05-30,,1222.39,0.0,USD,OPEN
AP001839,VEND0073,2024-03-10,2024-03-25,2024-04-23,1060.79,1060.79,USD,PAID
AP001840,VEND0093,2025-04-08,2025-05-23,2025-07-12,890.59,890.59,USD,PAID
AP001841,VEND0082,2026-05-03,2026-06-02,2026-07-26,964.36,964.36,USD,PAID
AP001842,VEND0094,2025-04-16,2025-06-15,2025-06-24,167.03,167.03,USD,PAID
AP001843,VEND0050,2024-11-29,2024-12-14,2025-01-25,633.51,633.51,USD,PAID
AP001844,VEND0086,2024-08-26,2024-10-25,2024-10-20,1203.33,1203.33,USD,PAID
AP001845,VEND0022,2026-06-30,2026-08-29,2026-08-30,1286.73,1286.73,USD,PAID
AP001846,VEND0072,2025-12-25,2026-01-09,2026-02-07,392.42,392.42,USD,PAID
AP001847,VEND0025,2025-10-22,2025-11-06,2025-11-06,3888.22,3888.22,USD,PAID
AP001848,VEND0025,2025-09-25,2025-10-10,2025-12-05,461.2,461.2,USD,PAID
AP001849,VEND0016,2026-02-07,2026-04-08,2026-03-31,2891.29,2891.29,USD,PAID
AP001850,VEND0027,2025-11-05,2025-12-05,2025-12-30,1681.08,1681.08,USD,PAID
AP001851,VEND0069,2024-09-08,2024-11-07,,574.66,0.0,USD,OPEN
AP001852,VEND0063,2025-09-13,2025-10-28,2025-10-23,6472.46,6472.46,USD,PAID
AP001853,VEND0054,2026-06-01,2026-06-16,2026-06-29,332.41,332.41,USD,PAID
AP001854,VEND0015,2024-01-25,2024-03-10,2024-03-11,2749.44,2749.44,USD,PAID
AP001855,VEND0033,2024-04-11,2024-05-11,2024-05-24,2982.69,2982.69,USD,PAID
AP001856,VEND0053,2026-02-25,2026-03-12,,560.81,0.0,USD,OPEN
AP001857,VEND0042,2025-11-25,2025-12-25,,4413.69,0.0,USD,OPEN
AP001858,VEND0050,2024-07-04,2024-07-19,2024-08-16,854.02,854.02,USD,PAID
AP001859,VEND0042,2024-04-11,2024-05-26,,1463.66,0.0,USD,OPEN
AP001860,VEND0007,2024-09-21,2024-11-20,2024-11-25,1422.71,1422.71,USD,PAID
AP001861,VEND0064,2024-07-26,2024-08-25,2024-09-14,958.81,958.81,USD,PAID
AP001862,VEND0008,2025-06-04,2025-08-03,2025-08-27,2467.12,2467.12,USD,PAID
AP001863,VEND0062,2024-11-21,2025-01-20,2025-01-18,2424.76,2424.76,USD,PAID
AP001864,VEND0035,2024-01-30,2024-03-30,2024-03-22,190.85,190.85,USD,PAID
AP001865,VEND0072,2025-07-21,2025-08-05,,4041.37,0.0,USD,OPEN
AP001866,VEND0058,2025-10-29,2025-11-28,2026-01-09,207.99,207.99,USD,PAID
AP001867,VEND0048,2024-03-26,2024-04-25,2024-05-03,3079.57,3079.57,USD,PAID
AP001868,VEND0055,2025-07-07,2025-08-06,2025-10-03,3383.63,3383.63,USD,PAID
AP001869,VEND0060,2026-07-22,2026-09-20,,368.35,0.0,USD,OPEN
AP001870,VEND0001,2026-04-29,2026-06-13,2026-06-24,727.19,727.19,USD,PAID
AP001871,VEND0088,2024-03-02,2024-05-01,2024-05-23,362.96,362.96,USD,PAID
AP001872,VEND0075,2025-01-24,2025-03-10,2025-03-27,884.55,884.55,USD,PAID
AP001873,VEND0095,2026-05-10,2026-06-24,,805.9,0.0,USD,OPEN
AP001874,VEND0090,2025-06-30,2025-07-15,2025-08-24,2391.46,2391.46,USD,PAID
AP001875,VEND0056,2024-05-05,2024-06-04,2024-06-29,4065.57,4065.57,USD,PAID
AP001876,VEND0082,2024-08-03,2024-09-17,2024-10-20,4427.91,4427.91,USD,PAID
AP001877,VEND0044,2024-09-24,2024-11-23,2024-12-24,625.05,625.05,USD,PAID
AP001878,VEND0003,2024-08-03,2024-10-02,2024-11-03,889.61,889.61,USD,PAID
AP001879,VEND0078,2026-07-24,2026-08-23,2026-08-13,203.68,203.68,USD,PAID
AP001880,VEND0053,2025-05-02,2025-05-17,2025-05-29,489.87,489.87,USD,PAID
AP001881,VEND0011,2025-07-23,2025-09-21,2025-11-18,2878.0,2878.0,USD,PAID
AP001882,VEND0087,2026-03-17,2026-04-01,2026-05-17,5516.96,5516.96,USD,PAID
AP001883,VEND0077,2024-05-06,2024-06-20,2024-07-28,319.15,319.15,USD,PAID
AP001884,VEND0099,2025-01-01,2025-03-02,,606.4,0.0,USD,OPEN
AP001885,VEND0048,2026-04-11,2026-04-26,,1068.05,0.0,USD,OPEN
AP001886,VEND0096,2026-08-16,2026-09-15,,1451.22,0.0,USD,OPEN
AP001887,VEND0025,2024-01-21,2024-03-06,2024-04-10,488.04,488.04,USD,PAID
AP001888,VEND0030,2024-04-02,2024-05-17,2024-06-04,1675.83,1675.83,USD,PAID
AP001889,VEND0064,2025-05-20,2025-07-04,,682.77,0.0,USD,OPEN
AP001890,VEND0082,2026-07-15,2026-08-14,,1080.9,0.0,USD,OPEN
AP001891,VEND0064,2025-02-09,2025-02-24,2025-04-19,1893.69,1893.69,USD,PAID
AP001892,VEND0009,2024-06-23,2024-07-23,2024-08-04,1103.7,1103.7,USD,PAID
AP001893,VEND0034,2025-08-25,2025-09-24,2025-09-30,708.83,708.83,USD,PAID
AP001894,VEND0025,2026-08-13,2026-09-12,,982.78,0.0,USD,OPEN
AP001895,VEND0079,2026-05-18,2026-06-02,2026-07-30,1003.89,1003.89,USD,PAID
AP001896,VEND0055,2024-09-15,2024-11-14,,757.47,0.0,USD,OPEN
AP001897,VEND0056,2025-10-18,2025-11-02,2025-12-03,846.58,846.58,USD,PAID
AP001898,VEND0060,2026-05-14,2026-07-13,,5424.32,0.0,USD,OPEN
AP001899,VEND0093,2025-05-22,2025-07-06,2025-07-01,1921.61,1921.61,USD,PAID
AP001900,VEND0069,2024-08-17,2024-09-01,2024-10-14,816.09,816.09,USD,PAID
AP001901,VEND0025,2025-04-04,2025-05-19,,2201.63,0.0,USD,OPEN
AP001902,VEND0095,2024-12-08,2024-12-23,2024-12-16,785.39,785.39,USD,PAID
AP001903,VEND0026,2024-08-19,2024-10-18,2024-11-08,3544.4,3544.4,USD,PAID
AP001904,VEND0004,2024-06-17,2024-08-01,2024-08-03,1587.07,1587.07,USD,PAID
AP001905,VEND0033,2025-05-06,2025-07-05,2025-08-06,985.06,985.06,USD,PAID
AP001906,VEND0007,2024-09-10,2024-09-25,2024-10-28,1715.94,1715.94,USD,PAID
AP001907,VEND0010,2026-04-21,2026-06-05,2026-06-25,227.95,227.95,USD,PAID
AP001908,VEND0075,2026-03-05,2026-05-04,2026-06-20,355.4,355.4,USD,PAID
AP001909,VEND0049,2024-05-07,2024-05-22,2024-05-16,332.31,332.31,USD,PAID
AP001910,VEND0057,2024-11-16,2024-12-01,2024-11-28,1265.15,1265.15,USD,PAID
AP001911,VEND0009,2024-02-26,2024-04-11,2024-05-26,6201.3,6201.3,USD,PAID
AP001912,VEND0049,2024-04-14,2024-04-29,2024-05-26,10211.81,10211.81,USD,PAID
AP001913,VEND0030,2025-02-15,2025-03-02,2025-04-13,2075.69,2075.69,USD,PAID
AP001914,VEND0055,2026-06-04,2026-06-19,2026-08-07,1809.57,1809.57,USD,PAID
AP001915,VEND0059,2026-06-20,2026-07-05,2026-06-28,181.08,181.08,USD,PAID
AP001916,VEND0014,2025-06-13,2025-07-28,2025-07-31,637.35,637.35,USD,PAID
AP001917,VEND0074,2024-01-13,2024-01-28,2024-02-11,498.81,498.81,USD,PAID
AP001918,VEND0093,2024-05-09,2024-06-23,2024-08-13,589.43,589.43,USD,PAID
AP001919,VEND0018,2025-09-27,2025-11-26,,926.91,0.0,USD,OPEN
AP001920,VEND0040,2026-03-27,2026-04-11,,683.97,0.0,USD,OPEN
AP001921,VEND0040,2025-08-21,2025-10-20,2025-11-24,151.52,151.52,USD,PAID
AP001922,VEND0040,2025-08-20,2025-09-19,,2316.73,0.0,USD,OPEN
AP001923,VEND0067,2025-09-09,2025-10-24,2025-10-15,375.12,375.12,USD,PAID
AP001924,VEND0065,2025-08-23,2025-09-22,,1393.04,0.0,USD,OPEN
AP001925,VEND0026,2026-04-18,2026-05-03,2026-05-18,8726.18,8726.18,USD,PAID
AP001926,VEND0025,2025-10-17,2025-11-16,2025-12-19,437.3,437.3,USD,PAID
AP001927,VEND0077,2025-11-14,2026-01-13,2026-03-03,87.33,87.33,USD,PAID
AP001928,VEND0079,2025-12-10,2026-01-24,2026-02-25,823.86,823.86,USD,PAID
AP001929,VEND0059,2024-11-02,2025-01-01,2025-01-04,3297.63,3297.63,USD,PAID
AP001930,VEND0082,2026-06-16,2026-07-01,2026-06-21,7772.5,7772.5,USD,PAID
AP001931,VEND0031,2024-08-16,2024-09-15,2024-10-02,320.68,320.68,USD,PAID
AP001932,VEND0027,2025-05-07,2025-06-21,2025-07-29,1802.08,1802.08,USD,PAID
AP001933,VEND0047,2025-02-13,2025-03-15,2025-03-05,688.62,688.62,USD,PAID
AP001934,VEND0019,2024-01-11,2024-01-26,2024-01-30,986.39,986.39,USD,PAID
AP001935,VEND0075,2024-10-24,2024-12-23,,15434.23,0.0,USD,OPEN
AP001936,VEND0004,2026-07-23,2026-09-06,,243.97,0.0,USD,OPEN
AP001937,VEND0034,2024-07-22,2024-08-21,2024-09-08,1413.38,1413.38,USD,PAID
AP001938,VEND0032,2026-01-06,2026-02-05,2026-04-06,1750.56,1750.56,USD,PAID
AP001939,VEND0034,2024-07-01,2024-07-31,,3247.97,0.0,USD,OPEN
AP001940,VEND0087,2026-07-21,2026-08-05,,1209.53,0.0,USD,OPEN
AP001941,VEND0044,2024-05-20,2024-07-19,2024-07-23,1492.27,1492.27,USD,PAID
AP001942,VEND0048,2026-08-16,2026-09-15,,741.26,0.0,USD,OPEN
AP001943,VEND0080,2026-04-08,2026-05-23,2026-07-19,1435.3,1435.3,USD,PAID
AP001944,VEND0016,2026-06-21,2026-08-20,2026-08-18,778.06,778.06,USD,PAID
AP001945,VEND0069,2024-05-27,2024-06-26,2024-07-10,2041.77,2041.77,USD,PAID
AP001946,VEND0082,2025-01-22,2025-03-08,2025-04-21,757.78,757.78,USD,PAID
AP001947,VEND0069,2024-09-07,2024-09-22,2024-10-06,1598.95,1598.95,USD,PAID
AP001948,VEND0081,2024-10-28,2024-11-27,2024-11-23,1065.01,1065.01,USD,PAID
AP001949,VEND0075,2026-03-25,2026-05-09,2026-07-03,3381.42,3381.42,USD,PAID
AP001950,VEND0011,2026-06-26,2026-08-25,,1041.7,0.0,USD,OPEN
AP001951,VEND0022,2026-03-14,2026-05-13,2026-05-11,186.23,186.23,USD,PAID
AP001952,VEND0048,2025-06-04,2025-08-03,2025-09-27,3873.53,3873.53,USD,PAID
AP001953,VEND0092,2025-05-25,2025-07-24,,443.31,0.0,USD,OPEN
AP001954,VEND0061,2025-01-17,2025-03-18,2025-05-10,570.34,570.34,USD,PAID
AP001955,VEND0027,2024-10-01,2024-11-30,2024-11-24,604.46,604.46,USD,PAID
AP001956,VEND0051,2024-08-12,2024-09-11,2024-10-01,4334.83,4334.83,USD,PAID
AP001957,VEND0074,2024-08-11,2024-09-25,2024-11-02,129.58,129.58,USD,PAID
AP001958,VEND0018,2024-06-09,2024-07-24,2024-07-24,25279.49,25279.49,USD,PAID
AP001959,VEND0046,2026-02-08,2026-02-23,2026-04-20,3152.83,3152.83,USD,PAID
AP001960,VEND0055,2024-08-23,2024-09-07,2024-10-10,1370.92,1370.92,USD,PAID
AP001961,VEND0064,2025-04-06,2025-06-05,2025-07-12,1038.06,1038.06,USD,PAID
AP001962,VEND0057,2024-11-20,2025-01-04,2025-01-16,1459.07,1459.07,USD,PAID
AP001963,VEND0011,2024-08-27,2024-10-11,2024-11-15,1846.64,1846.64,USD,PAID
AP001964,VEND0013,2024-10-28,2024-11-12,2024-12-01,2090.62,2090.62,USD,PAID
AP001965,VEND0026,2024-05-01,2024-05-16,2024-07-14,1911.43,1911.43,USD,PAID
AP001966,VEND0039,2024-12-07,2025-01-06,2025-01-28,1199.4,1199.4,USD,PAID
AP001967,VEND0078,2026-02-02,2026-03-19,,900.24,0.0,USD,OPEN
AP001968,VEND0039,2024-05-21,2024-07-05,,942.68,0.0,USD,OPEN
AP001969,VEND0052,2024-10-15,2024-11-29,2025-01-09,902.43,902.43,USD,PAID
AP001970,VEND0098,2026-04-21,2026-05-06,2026-06-30,3407.62,3407.62,USD,PAID
AP001971,VEND0030,2026-09-01,2026-10-01,,1985.36,0.0,USD,OPEN
AP001972,VEND0076,2026-01-10,2026-02-09,2026-04-06,57.95,57.95,USD,PAID
AP001973,VEND0044,2026-03-15,2026-05-14,2026-07-02,2113.08,2113.08,USD,PAID
AP001974,VEND0055,2026-03-21,2026-04-05,2026-04-19,1332.4,1332.4,USD,PAID
AP001975,VEND0058,2026-02-27,2026-04-28,,1076.31,0.0,USD,OPEN
AP001976,VEND0040,2026-05-23,2026-06-07,2026-06-13,743.58,743.58,USD,PAID
AP001977,VEND0044,2026-08-23,2026-09-07,,3374.87,0.0,USD,OPEN
AP001978,VEND0098,2024-08-18,2024-10-17,2024-11-27,2828.57,2828.57,USD,PAID
AP001979,VEND0073,2026-03-08,2026-04-22,2026-04-14,506.3,506.3,USD,PAID
AP001980,VEND0043,2026-03-15,2026-03-30,2026-04-08,1647.56,1647.56,USD,PAID
AP001981,VEND0051,2025-08-04,2025-10-03,2025-10-19,415.03,415.03,USD,PAID
AP001982,VEND0014,2024-03-06,2024-05-05,,275.99,0.0,USD,OPEN
AP001983,VEND0012,2024-12-02,2025-01-31,2025-02-28,585.98,585.98,USD,PAID
AP001984,VEND0005,2024-06-24,2024-07-09,2024-07-21,2597.73,2597.73,USD,PAID
AP001985,VEND0026,2026-04-26,2026-06-25,,2844.45,0.0,USD,OPEN
AP001986,VEND0038,2024-03-12,2024-05-11,2024-05-30,1831.86,1831.86,USD,PAID
AP001987,VEND0067,2025-11-06,2025-11-21,2025-12-28,2264.47,2264.47,USD,PAID
AP001988,VEND0051,2024-01-12,2024-02-11,2024-03-24,1837.53,1837.53,USD,PAID
AP001989,VEND0054,2024-06-09,2024-06-24,,577.39,0.0,USD,OPEN
AP001990,VEND0017,2025-05-04,2025-05-19,2025-06-04,1689.05,1689.05,USD,PAID
AP001991,VEND0021,2026-06-10,2026-07-10,2026-08-29,2441.6,2441.6,USD,PAID
AP001992,VEND0092,2025-09-10,2025-10-25,2025-12-18,2331.56,2331.56,USD,PAID
AP001993,VEND0019,2025-12-02,2026-01-31,2026-01-21,3600.81,3600.81,USD,PAID
AP001994,VEND0068,2025-04-01,2025-04-16,2025-05-07,2226.76,2226.76,USD,PAID
AP001995,VEND0095,2024-12-02,2025-01-31,2025-01-26,1558.45,1558.45,USD,PAID
AP001996,VEND0045,2024-04-03,2024-05-18,2024-07-05,3197.58,3197.58,USD,PAID
AP001997,VEND0054,2025-12-18,2026-02-01,2026-02-13,1067.93,1067.93,USD,PAID
AP001998,VEND0059,2024-09-12,2024-10-12,2024-11-26,454.01,454.01,USD,PAID
AP001999,VEND0051,2025-01-28,2025-02-27,2025-03-01,931.63,931.63,USD,PAID
AP002000,VEND0021,2025-12-16,2025-12-31,,520.66,0.0,USD,OPEN
AP002001,VEND0090,2024-10-07,2024-11-21,2024-11-19,558.26,558.26,USD,PAID
AP002002,VEND0098,2026-01-13,2026-02-12,2026-03-26,949.07,949.07,USD,PAID
AP002003,VEND0097,2025-07-20,2025-08-04,2025-08-03,496.5,496.5,USD,PAID
AP002004,VEND0033,2024-04-17,2024-06-01,2024-06-12,805.96,805.96,USD,PAID
AP002005,VEND0082,2024-07-31,2024-08-15,2024-08-14,165.07,165.07,USD,PAID
AP002006,VEND0025,2025-12-12,2026-02-10,2026-03-23,1357.36,1357.36,USD,PAID
AP002007,VEND0015,2025-02-10,2025-02-25,,1097.96,0.0,USD,OPEN
AP002008,VEND0063,2025-12-27,2026-01-26,2026-03-16,484.4,484.4,USD,PAID
AP002009,VEND0085,2025-04-17,2025-05-02,,2120.16,0.0,USD,OPEN
AP002010,VEND0036,2024-09-05,2024-11-04,,2800.55,0.0,USD,OPEN
AP002011,VEND0003,2026-05-11,2026-06-10,,219.74,0.0,USD,OPEN
AP002012,VEND0016,2025-09-13,2025-09-28,,511.46,0.0,USD,OPEN
AP002013,VEND0086,2025-07-01,2025-08-30,,508.19,0.0,USD,OPEN
AP002014,VEND0057,2026-02-20,2026-03-07,2026-03-16,428.42,428.42,USD,PAID
AP002015,VEND0005,2025-01-01,2025-01-31,,2513.61,0.0,USD,OPEN
AP002016,VEND0082,2026-07-03,2026-08-02,2026-07-29,903.41,903.41,USD,PAID
AP002017,VEND0057,2026-04-10,2026-04-25,2026-05-24,841.75,841.75,USD,PAID
AP002018,VEND0049,2024-02-23,2024-03-09,,147.84,0.0,USD,OPEN
AP002019,VEND0031,2026-02-24,2026-03-26,2026-05-02,2070.24,2070.24,USD,PAID
AP002020,VEND0004,2024-07-23,2024-08-07,,317.58,0.0,USD,OPEN
AP002021,VEND0029,2024-01-15,2024-02-29,2024-02-27,1164.37,1164.37,USD,PAID
AP002022,VEND0093,2026-06-22,2026-07-07,2026-07-18,1447.19,1447.19,USD,PAID
AP002023,VEND0042,2024-06-20,2024-07-05,2024-07-08,4275.51,4275.51,USD,PAID
AP002024,VEND0051,2024-11-26,2024-12-26,2025-02-23,296.24,296.24,USD,PAID
AP002025,VEND0028,2026-08-19,2026-10-18,,53.54,0.0,USD,OPEN
AP002026,VEND0052,2024-04-18,2024-06-02,2024-05-24,1317.97,1317.97,USD,PAID
AP002027,VEND0028,2025-10-31,2025-12-15,,6637.64,0.0,USD,OPEN
AP002028,VEND0036,2025-04-14,2025-05-14,,3785.55,0.0,USD,OPEN
AP002029,VEND0028,2025-10-27,2025-12-11,,1352.43,0.0,USD,OPEN
AP002030,VEND0014,2025-02-24,2025-04-10,2025-06-02,670.73,670.73,USD,PAID
AP002031,VEND0077,2025-12-30,2026-01-29,2026-01-31,2458.05,2458.05,USD,PAID
AP002032,VEND0043,2024-11-28,2025-01-27,2025-02-03,414.24,414.24,USD,PAID
AP002033,VEND0009,2024-06-28,2024-08-12,2024-10-02,1765.8,1765.8,USD,PAID
AP002034,VEND0049,2024-12-09,2024-12-24,2025-02-09,1817.96,1817.96,USD,PAID
AP002035,VEND0030,2025-06-07,2025-07-07,2025-06-28,3165.95,3165.95,USD,PAID
AP002036,VEND0097,2024-01-22,2024-02-06,2024-03-21,17320.74,17320.74,USD,PAID
AP002037,VEND0048,2024-09-06,2024-09-21,,1623.62,0.0,USD,OPEN
AP002038,VEND0049,2025-05-25,2025-07-09,,659.21,0.0,USD,OPEN
AP002039,VEND0093,2024-07-28,2024-08-12,,1068.94,0.0,USD,OPEN
AP002040,VEND0018,2025-09-04,2025-11-03,2025-12-05,186.97,186.97,USD,PAID
AP002041,VEND0067,2024-10-11,2024-11-25,2024-11-20,547.46,547.46,USD,PAID
AP002042,VEND0097,2026-03-21,2026-05-20,2026-06-15,728.3,728.3,USD,PAID
AP002043,VEND0044,2024-01-25,2024-02-24,2024-03-27,649.31,649.31,USD,PAID
AP002044,VEND0088,2024-09-05,2024-10-05,2024-10-26,1277.11,1277.11,USD,PAID
AP002045,VEND0067,2025-12-13,2026-01-12,2026-02-19,481.82,481.82,USD,PAID
AP002046,VEND0009,2024-11-25,2024-12-25,2024-12-15,3364.49,3364.49,USD,PAID
AP002047,VEND0025,2026-06-09,2026-08-08,,1096.86,0.0,USD,OPEN
AP002048,VEND0012,2024-02-23,2024-03-24,2024-03-30,1086.48,1086.48,USD,PAID
AP002049,VEND0011,2024-06-26,2024-07-26,,790.06,0.0,USD,OPEN
AP002050,VEND0032,2025-03-12,2025-05-11,2025-05-26,1280.74,1280.74,USD,PAID
AP002051,VEND0037,2025-03-10,2025-04-09,2025-05-07,2502.63,2502.63,USD,PAID
AP002052,VEND0035,2025-08-13,2025-10-12,2025-10-27,460.76,460.76,USD,PAID
AP002053,VEND0047,2026-06-02,2026-08-01,,567.86,0.0,USD,OPEN
AP002054,VEND0057,2025-02-11,2025-04-12,,809.38,0.0,USD,OPEN
AP002055,VEND0003,2025-03-08,2025-05-07,2025-06-27,285.47,285.47,USD,PAID
AP002056,VEND0098,2026-02-19,2026-04-20,2026-04-20,483.35,483.35,USD,PAID
AP002057,VEND0071,2026-07-17,2026-08-31,,681.15,0.0,USD,OPEN
AP002058,VEND0040,2026-01-14,2026-02-13,2026-04-03,2629.08,2629.08,USD,PAID
AP002059,VEND0010,2025-04-09,2025-05-24,2025-07-14,1425.9,1425.9,USD,PAID
AP002060,VEND0020,2024-12-07,2025-01-06,2025-01-21,1330.87,1330.87,USD,PAID
AP002061,VEND0065,2026-07-27,2026-08-26,,2568.04,0.0,USD,OPEN
AP002062,VEND0051,2026-01-17,2026-03-03,2026-04-15,955.88,955.88,USD,PAID
AP002063,VEND0083,2026-01-30,2026-03-16,2026-04-14,1620.46,1620.46,USD,PAID
AP002064,VEND0016,2025-08-25,2025-09-09,2025-09-03,989.08,989.08,USD,PAID
AP002065,VEND0056,2025-01-29,2025-02-28,,1429.9,0.0,USD,OPEN
AP002066,VEND0082,2024-09-18,2024-11-02,2024-12-24,612.31,612.31,USD,PAID
AP002067,VEND0055,2025-12-06,2026-01-20,2026-02-28,95.7,95.7,USD,PAID
AP002068,VEND0005,2026-01-23,2026-02-22,,958.84,0.0,USD,OPEN
AP002069,VEND0090,2026-08-01,2026-09-15,,4549.39,0.0,USD,OPEN
AP002070,VEND0088,2025-11-12,2025-12-12,2026-01-29,2768.93,2768.93,USD,PAID
AP002071,VEND0075,2024-05-30,2024-07-14,,2879.57,0.0,USD,OPEN
AP002072,VEND0099,2026-09-01,2026-10-01,,3774.91,0.0,USD,OPEN
AP002073,VEND0067,2024-04-04,2024-06-03,2024-06-03,1198.3,1198.3,USD,PAID
AP002074,VEND0055,2026-07-20,2026-08-19,2026-08-30,1335.84,1335.84,USD,PAID
AP002075,VEND0085,2024-09-15,2024-10-30,2024-12-27,591.31,591.31,USD,PAID
AP002076,VEND0097,2026-06-26,2026-08-25,,799.45,0.0,USD,OPEN
AP002077,VEND0074,2026-06-16,2026-07-01,,2029.96,0.0,USD,OPEN
AP002078,VEND0096,2026-03-06,2026-04-20,2026-05-14,3655.12,3655.12,USD,PAID
AP002079,VEND0022,2024-08-02,2024-10-01,2024-09-21,953.9,953.9,USD,PAID
AP002080,VEND0009,2026-04-15,2026-06-14,,699.11,0.0,USD,OPEN
AP002081,VEND0094,2026-03-03,2026-05-02,2026-05-28,1097.21,1097.21,USD,PAID
AP002082,VEND0024,2025-03-17,2025-04-16,,2000.61,0.0,USD,OPEN
AP002083,VEND0024,2025-12-21,2026-01-20,,258.82,0.0,USD,OPEN
AP002084,VEND0024,2025-05-29,2025-06-13,2025-06-30,110.37,110.37,USD,PAID
AP002085,VEND0034,2024-07-24,2024-08-08,2024-08-22,632.36,632.36,USD,PAID
AP002086,VEND0082,2026-07-12,2026-09-10,,323.53,0.0,USD,OPEN
AP002087,VEND0016,2024-06-19,2024-07-04,2024-08-11,659.75,659.75,USD,PAID
AP002088,VEND0062,2024-10-10,2024-10-25,2024-11-14,945.98,945.98,USD,PAID
AP002089,VEND0035,2025-05-11,2025-05-26,,696.98,0.0,USD,OPEN
AP002090,VEND0013,2026-02-08,2026-02-23,2026-02-18,4686.62,4686.62,USD,PAID
AP002091,VEND0098,2024-08-04,2024-08-19,2024-10-14,1520.42,1520.42,USD,PAID
AP002092,VEND0078,2024-09-29,2024-11-28,2024-12-31,1481.0,1481.0,USD,PAID
AP002093,VEND0041,2025-03-15,2025-04-29,2025-06-01,2043.07,2043.07,USD,PAID
AP002094,VEND0049,2026-04-16,2026-05-16,2026-06-26,351.13,351.13,USD,PAID
AP002095,VEND0013,2025-09-17,2025-10-02,2025-11-03,3099.86,3099.86,USD,PAID
AP002096,VEND0093,2024-01-04,2024-03-04,2024-04-14,1016.62,1016.62,USD,PAID
AP002097,VEND0016,2026-05-05,2026-06-04,,2144.11,0.0,USD,OPEN
AP002098,VEND0048,2026-06-08,2026-07-23,2026-08-13,375.46,375.46,USD,PAID
AP002099,VEND0001,2025-04-07,2025-06-06,2025-06-20,231.88,231.88,USD,PAID
AP002100,VEND0047,2025-10-15,2025-11-29,,2484.66,0.0,USD,OPEN
AP002101,VEND0087,2026-06-13,2026-06-28,2026-07-29,1597.84,1597.84,USD,PAID
AP002102,VEND0095,2025-03-30,2025-04-29,2025-06-09,444.94,444.94,USD,PAID
AP002103,VEND0085,2025-09-19,2025-10-04,2025-11-23,459.59,459.59,USD,PAID
AP002104,VEND0078,2026-05-27,2026-06-11,2026-07-08,3379.34,3379.34,USD,PAID
AP002105,VEND0005,2024-07-18,2024-08-17,2024-10-10,333.82,333.82,USD,PAID
AP002106,VEND0087,2024-05-10,2024-07-09,2024-08-06,5668.46,5668.46,USD,PAID
AP002107,VEND0058,2025-07-15,2025-09-13,,445.58,0.0,USD,OPEN
AP002108,VEND0032,2024-04-28,2024-06-27,2024-07-17,2076.4,2076.4,USD,PAID
AP002109,VEND0014,2024-08-04,2024-09-03,2024-09-04,789.49,789.49,USD,PAID
AP002110,VEND0042,2025-03-21,2025-04-05,,2004.58,0.0,USD,OPEN
AP002111,VEND0093,2026-07-13,2026-09-11,,636.44,0.0,USD,OPEN
AP002112,VEND0086,2024-09-20,2024-11-19,2024-11-24,931.88,931.88,USD,PAID
AP002113,VEND0089,2024-05-19,2024-07-18,,1142.44,0.0,USD,OPEN
AP002114,VEND0083,2024-12-06,2025-01-05,2025-01-03,402.55,402.55,USD,PAID
AP002115,VEND0084,2024-12-17,2025-02-15,2025-03-25,2300.37,2300.37,USD,PAID
AP002116,VEND0034,2025-10-19,2025-12-18,2026-01-05,656.41,656.41,USD,PAID
AP002117,VEND0012,2024-04-28,2024-06-12,,872.53,0.0,USD,OPEN
AP002118,VEND0074,2024-12-14,2025-01-13,2025-01-17,405.71,405.71,USD,PAID
AP002119,VEND0074,2025-01-11,2025-02-10,2025-03-20,84.58,84.58,USD,PAID
AP002120,VEND0025,2026-01-24,2026-02-08,2026-04-07,905.94,905.94,USD,PAID
AP002121,VEND0099,2026-05-17,2026-07-16,2026-08-15,12241.85,12241.85,USD,PAID
AP002122,VEND0014,2025-01-08,2025-02-07,2025-02-25,2403.31,2403.31,USD,PAID
AP002123,VEND0041,2025-02-08,2025-02-23,2025-04-12,1075.71,1075.71,USD,PAID
AP002124,VEND0088,2024-05-28,2024-07-12,2024-09-03,843.12,843.12,USD,PAID
AP002125,VEND0096,2025-04-11,2025-05-11,2025-05-19,1121.55,1121.55,USD,PAID
AP002126,VEND0065,2025-11-12,2025-11-27,2025-12-26,1895.27,1895.27,USD,PAID
AP002127,VEND0081,2025-12-06,2025-12-21,2026-02-10,336.7,336.7,USD,PAID
AP002128,VEND0008,2026-04-28,2026-05-28,2026-07-05,3341.99,3341.99,USD,PAID
AP002129,VEND0092,2026-04-09,2026-05-24,,2242.58,0.0,USD,OPEN
AP002130,VEND0100,2024-08-03,2024-09-02,2024-08-29,2248.88,2248.88,USD,PAID
AP002131,VEND0085,2024-07-02,2024-08-31,2024-09-28,1700.16,1700.16,USD,PAID
AP002132,VEND0051,2026-07-23,2026-08-22,,1118.36,0.0,USD,OPEN
AP002133,VEND0097,2024-12-11,2025-02-09,2025-03-15,2149.22,2149.22,USD,PAID
AP002134,VEND0094,2025-02-04,2025-04-05,,1981.91,0.0,USD,OPEN
AP002135,VEND0090,2024-10-16,2024-11-30,2024-12-14,769.67,769.67,USD,PAID
AP002136,VEND0042,2026-05-26,2026-07-25,,617.94,0.0,USD,OPEN
AP002137,VEND0059,2026-02-09,2026-02-24,2026-03-24,1214.22,1214.22,USD,PAID
AP002138,VEND0090,2025-11-01,2025-12-01,2026-01-16,5161.69,5161.69,USD,PAID
AP002139,VEND0028,2025-05-09,2025-06-23,2025-07-09,317.63,317.63,USD,PAID
AP002140,VEND0047,2026-04-03,2026-05-03,2026-04-24,252.77,252.77,USD,PAID
AP002141,VEND0049,2026-01-13,2026-01-28,2026-02-05,1293.05,1293.05,USD,PAID
AP002142,VEND0008,2026-08-31,2026-10-30,,1153.88,0.0,USD,OPEN
AP002143,VEND0007,2024-04-08,2024-05-23,2024-06-04,1304.2,1304.2,USD,PAID
AP002144,VEND0081,2024-04-30,2024-06-14,2024-06-23,1399.62,1399.62,USD,PAID
AP002145,VEND0016,2026-01-09,2026-03-10,,877.26,0.0,USD,OPEN
AP002146,VEND0084,2024-09-03,2024-11-02,2024-11-14,4865.2,4865.2,USD,PAID
AP002147,VEND0100,2026-02-02,2026-04-03,2026-04-04,221.21,221.21,USD,PAID
AP002148,VEND0048,2025-04-19,2025-06-18,2025-08-03,478.91,478.91,USD,PAID
AP002149,VEND0016,2024-01-12,2024-01-27,,989.05,0.0,USD,OPEN
AP002150,VEND0074,2025-05-15,2025-06-14,,212.05,0.0,USD,OPEN
AP002151,VEND0076,2025-08-09,2025-10-08,2025-10-10,919.79,919.79,USD,PAID
AP002152,VEND0039,2024-07-04,2024-09-02,2024-10-17,5776.02,5776.02,USD,PAID
AP002153,VEND0009,2025-08-08,2025-09-07,,1119.78,0.0,USD,OPEN
AP002154,VEND0051,2025-12-31,2026-01-30,2026-01-22,1381.19,1381.19,USD,PAID
AP002155,VEND0075,2025-07-23,2025-09-21,,311.01,0.0,USD,OPEN
AP002156,VEND0085,2025-07-05,2025-07-20,2025-08-05,592.08,592.08,USD,PAID
AP002157,VEND0077,2026-07-08,2026-07-23,,753.56,0.0,USD,OPEN
AP002158,VEND0058,2025-12-12,2026-01-11,,798.14,0.0,USD,OPEN
AP002159,VEND0017,2026-03-30,2026-05-14,,3950.68,0.0,USD,OPEN
AP002160,VEND0072,2025-08-11,2025-09-10,2025-09-11,1915.42,1915.42,USD,PAID
AP002161,VEND0016,2024-09-19,2024-10-04,,360.88,0.0,USD,OPEN
AP002162,VEND0022,2025-06-02,2025-07-17,2025-09-14,1403.19,1403.19,USD,PAID
AP002163,VEND0006,2025-03-09,2025-03-24,,1804.83,0.0,USD,OPEN
AP002164,VEND0018,2026-08-26,2026-10-10,,3429.43,0.0,USD,OPEN
AP002165,VEND0046,2025-08-13,2025-10-12,2025-12-07,5326.98,5326.98,USD,PAID
AP002166,VEND0031,2025-09-12,2025-10-12,2025-10-07,397.39,397.39,USD,PAID
AP002167,VEND0028,2024-02-07,2024-03-08,,487.43,0.0,USD,OPEN
AP002168,VEND0017,2024-05-17,2024-06-16,2024-07-11,311.82,311.82,USD,PAID
AP002169,VEND0033,2026-01-16,2026-03-17,,867.82,0.0,USD,OPEN
AP002170,VEND0052,2024-09-23,2024-11-22,2024-12-02,1748.23,1748.23,USD,PAID
AP002171,VEND0089,2025-04-12,2025-04-27,2025-06-10,2943.44,2943.44,USD,PAID
AP002172,VEND0094,2024-05-26,2024-06-25,,1016.43,0.0,USD,OPEN
AP002173,VEND0078,2024-10-02,2024-11-01,2024-12-26,796.44,796.44,USD,PAID
AP002174,VEND0056,2024-06-16,2024-08-15,2024-09-14,1276.35,1276.35,USD,PAID
AP002175,VEND0010,2025-01-23,2025-02-07,2025-02-28,475.73,475.73,USD,PAID
AP002176,VEND0053,2024-10-03,2024-10-18,2024-12-17,8862.1,8862.1,USD,PAID
AP002177,VEND0043,2024-03-08,2024-04-22,2024-05-28,219.72,219.72,USD,PAID
AP002178,VEND0029,2026-03-07,2026-04-21,,1319.15,0.0,USD,OPEN
AP002179,VEND0029,2024-10-07,2024-10-22,,8296.64,0.0,USD,OPEN
AP002180,VEND0023,2025-01-22,2025-02-06,2025-02-11,1104.12,1104.12,USD,PAID
AP002181,VEND0013,2025-06-23,2025-08-07,2025-09-28,906.84,906.84,USD,PAID
AP002182,VEND0071,2025-06-25,2025-08-09,2025-09-04,767.05,767.05,USD,PAID
AP002183,VEND0041,2024-10-04,2024-10-19,2024-10-30,915.63,915.63,USD,PAID
AP002184,VEND0095,2026-08-27,2026-10-26,,4327.95,0.0,USD,OPEN
AP002185,VEND0034,2025-11-25,2026-01-24,2026-01-30,120.08,120.08,USD,PAID
AP002186,VEND0049,2024-01-10,2024-02-09,2024-02-17,5081.87,5081.87,USD,PAID
AP002187,VEND0093,2025-08-04,2025-09-18,,264.02,0.0,USD,OPEN
AP002188,VEND0087,2025-10-16,2025-11-30,2025-12-21,839.95,839.95,USD,PAID
AP002189,VEND0057,2025-09-15,2025-11-14,2025-11-27,713.91,713.91,USD,PAID
AP002190,VEND0055,2024-12-28,2025-02-26,2025-03-23,1975.45,1975.45,USD,PAID
AP002191,VEND0040,2025-06-17,2025-07-17,2025-07-18,221.82,221.82,USD,PAID
AP002192,VEND0010,2025-02-20,2025-04-06,2025-04-06,1740.93,1740.93,USD,PAID
AP002193,VEND0074,2026-01-17,2026-02-16,2026-02-27,8302.48,8302.48,USD,PAID
AP002194,VEND0064,2024-02-28,2024-03-14,2024-05-13,280.57,280.57,USD,PAID
AP002195,VEND0087,2026-04-07,2026-04-22,2026-06-05,1325.71,1325.71,USD,PAID
AP002196,VEND0088,2025-06-04,2025-07-04,2025-08-28,565.67,565.67,USD,PAID
AP002197,VEND0096,2025-11-24,2025-12-09,2025-12-23,1678.89,1678.89,USD,PAID
AP002198,VEND0032,2024-01-08,2024-03-08,2024-04-11,1117.83,1117.83,USD,PAID
AP002199,VEND0087,2026-01-26,2026-02-10,2026-02-21,577.39,577.39,USD,PAID
AP002200,VEND0047,2026-08-10,2026-09-09,,1786.25,0.0,USD,OPEN
AP002201,VEND0055,2026-05-09,2026-06-08,2026-06-04,6663.15,6663.15,USD,PAID
AP002202,VEND0015,2025-05-22,2025-07-21,,906.05,0.0,USD,OPEN
AP002203,VEND0038,2024-12-12,2025-01-11,2025-01-16,2252.41,2252.41,USD,PAID
AP002204,VEND0001,2024-11-02,2025-01-01,2025-01-18,300.88,300.88,USD,PAID
AP002205,VEND0040,2026-01-25,2026-03-26,,421.39,0.0,USD,OPEN
AP002206,VEND0008,2026-08-09,2026-08-24,,1758.83,0.0,USD,OPEN
AP002207,VEND0039,2024-12-30,2025-01-14,2025-02-15,4837.32,4837.32,USD,PAID
AP002208,VEND0093,2024-12-28,2025-01-12,,1564.96,0.0,USD,OPEN
AP002209,VEND0056,2024-07-09,2024-09-07,2024-09-09,801.87,801.87,USD,PAID
AP002210,VEND0066,2025-05-18,2025-06-17,,1095.86,0.0,USD,OPEN
AP002211,VEND0001,2026-07-09,2026-08-08,,314.06,0.0,USD,OPEN
AP002212,VEND0051,2024-06-08,2024-07-23,,2007.24,0.0,USD,OPEN
AP002213,VEND0069,2025-01-18,2025-03-04,2025-03-17,2650.05,2650.05,USD,PAID
AP002214,VEND0057,2026-04-11,2026-05-26,,697.78,0.0,USD,OPEN
AP002215,VEND0046,2025-11-03,2026-01-02,,685.37,0.0,USD,OPEN
AP002216,VEND0091,2026-02-04,2026-04-05,,1430.64,0.0,USD,OPEN
AP002217,VEND0006,2024-07-22,2024-08-06,,708.59,0.0,USD,OPEN
AP002218,VEND0005,2024-05-16,2024-07-15,2024-08-16,1026.46,1026.46,USD,PAID
AP002219,VEND0016,2024-06-13,2024-07-13,2024-08-06,8952.8,8952.8,USD,PAID
AP002220,VEND0042,2025-03-07,2025-05-06,2025-05-12,856.6,856.6,USD,PAID
AP002221,VEND0017,2026-02-08,2026-04-09,2026-05-18,766.37,766.37,USD,PAID
AP002222,VEND0020,2024-04-22,2024-05-07,2024-05-13,573.9,573.9,USD,PAID
AP002223,VEND0007,2024-12-18,2025-01-02,2025-01-22,2308.13,2308.13,USD,PAID
AP002224,VEND0056,2025-11-25,2026-01-09,2025-12-31,914.86,914.86,USD,PAID
AP002225,VEND0098,2025-05-06,2025-06-20,2025-06-20,572.85,572.85,USD,PAID
AP002226,VEND0024,2025-03-15,2025-04-14,2025-06-08,4110.52,4110.52,USD,PAID
AP002227,VEND0090,2024-09-12,2024-10-27,2024-11-19,4535.1,4535.1,USD,PAID
AP002228,VEND0091,2024-09-10,2024-11-09,,601.59,0.0,USD,OPEN
AP002229,VEND0079,2026-03-12,2026-03-27,2026-05-20,169.6,169.6,USD,PAID
AP002230,VEND0030,2024-07-04,2024-08-03,2024-08-12,3003.44,3003.44,USD,PAID
AP002231,VEND0025,2024-05-03,2024-06-02,2024-06-27,553.01,553.01,USD,PAID
AP002232,VEND0012,2026-08-09,2026-09-08,,2417.83,0.0,USD,OPEN
AP002233,VEND0040,2026-06-04,2026-06-19,2026-08-15,152.92,152.92,USD,PAID
AP002234,VEND0055,2025-12-17,2026-01-16,,2677.39,0.0,USD,OPEN
AP002235,VEND0039,2025-05-05,2025-05-20,2025-05-16,326.63,326.63,USD,PAID
AP002236,VEND0092,2024-04-22,2024-06-06,2024-07-10,2277.34,2277.34,USD,PAID
AP002237,VEND0024,2025-03-04,2025-04-03,2025-03-30,1112.4,1112.4,USD,PAID
AP002238,VEND0096,2024-02-11,2024-02-26,,422.45,0.0,USD,OPEN
AP002239,VEND0078,2024-11-25,2024-12-25,2025-01-19,729.94,729.94,USD,PAID
AP002240,VEND0063,2024-04-13,2024-06-12,,2178.34,0.0,USD,OPEN
AP002241,VEND0086,2025-01-07,2025-02-21,2025-02-23,1219.13,1219.13,USD,PAID
AP002242,VEND0096,2024-01-14,2024-02-13,2024-03-20,1967.29,1967.29,USD,PAID
AP002243,VEND0036,2026-03-08,2026-04-22,,7914.41,0.0,USD,OPEN
AP002244,VEND0014,2024-08-03,2024-10-02,,229.47,0.0,USD,OPEN
AP002245,VEND0084,2024-05-13,2024-05-28,,5525.96,0.0,USD,OPEN
AP002246,VEND0058,2026-04-17,2026-05-17,,1217.26,0.0,USD,OPEN
AP002247,VEND0070,2026-08-05,2026-08-20,,446.4,0.0,USD,OPEN
AP002248,VEND0098,2025-09-25,2025-11-09,2025-12-29,289.94,289.94,USD,PAID
AP002249,VEND0025,2024-07-25,2024-08-24,,907.67,0.0,USD,OPEN
AP002250,VEND0047,2025-03-04,2025-04-18,2025-05-22,2756.32,2756.32,USD,PAID
AP002251,VEND0062,2025-04-04,2025-04-19,2025-04-17,965.31,965.31,USD,PAID
AP002252,VEND0036,2025-03-05,2025-03-20,,4969.9,0.0,USD,OPEN
AP002253,VEND0089,2025-12-14,2026-01-13,2026-01-10,256.94,256.94,USD,PAID
AP002254,VEND0066,2024-07-13,2024-09-11,2024-11-08,1083.46,1083.46,USD,PAID
AP002255,VEND0050,2024-03-17,2024-04-16,2024-06-10,313.44,313.44,USD,PAID
AP002256,VEND0027,2025-07-29,2025-09-27,2025-10-21,1577.56,1577.56,USD,PAID
AP002257,VEND0028,2024-07-07,2024-07-22,,2662.14,0.0,USD,OPEN
AP002258,VEND0059,2025-08-29,2025-09-13,2025-11-07,719.99,719.99,USD,PAID
AP002259,VEND0038,2025-05-30,2025-07-14,2025-08-01,81.11,81.11,USD,PAID
AP002260,VEND0029,2025-12-26,2026-02-09,2026-02-20,1338.02,1338.02,USD,PAID
AP002261,VEND0036,2024-02-16,2024-03-17,2024-03-25,1697.21,1697.21,USD,PAID
AP002262,VEND0083,2026-08-07,2026-09-06,,1643.03,0.0,USD,OPEN
AP002263,VEND0084,2024-09-11,2024-10-11,2024-10-01,3773.59,3773.59,USD,PAID
AP002264,VEND0034,2024-12-21,2025-02-04,2025-04-05,375.76,375.76,USD,PAID
AP002265,VEND0042,2026-01-09,2026-02-08,2026-03-07,2165.09,2165.09,USD,PAID
AP002266,VEND0094,2024-02-28,2024-03-14,2024-04-01,3613.77,3613.77,USD,PAID
AP002267,VEND0069,2024-10-13,2024-11-12,2024-11-04,185.2,185.2,USD,PAID
AP002268,VEND0084,2025-11-04,2025-11-19,2025-12-27,1509.68,1509.68,USD,PAID
AP002269,VEND0042,2024-09-20,2024-10-20,2024-11-07,662.37,662.37,USD,PAID
AP002270,VEND0020,2024-10-02,2024-11-01,2024-12-11,1010.78,1010.78,USD,PAID
AP002271,VEND0048,2025-04-01,2025-05-01,2025-06-15,1552.58,1552.58,USD,PAID
AP002272,VEND0024,2024-05-31,2024-07-30,,673.69,0.0,USD,OPEN
AP002273,VEND0025,2025-04-15,2025-05-15,2025-05-27,557.96,557.96,USD,PAID
AP002274,VEND0083,2025-08-06,2025-10-05,2025-10-18,1134.73,1134.73,USD,PAID
AP002275,VEND0051,2024-10-15,2024-10-30,2024-11-11,369.72,369.72,USD,PAID
AP002276,VEND0010,2025-12-04,2026-01-03,,370.25,0.0,USD,OPEN
AP002277,VEND0013,2025-03-12,2025-04-11,2025-05-22,2163.26,2163.26,USD,PAID
AP002278,VEND0078,2026-01-11,2026-02-10,2026-02-01,347.65,347.65,USD,PAID
AP002279,VEND0002,2024-04-12,2024-06-11,2024-06-15,2135.19,2135.19,USD,PAID
AP002280,VEND0099,2026-02-20,2026-03-07,,1741.66,0.0,USD,OPEN
AP002281,VEND0081,2024-03-26,2024-05-10,,195.23,0.0,USD,OPEN
AP002282,VEND0014,2025-09-06,2025-09-21,2025-09-12,556.93,556.93,USD,PAID
AP002283,VEND0026,2025-07-09,2025-08-23,2025-08-23,3619.57,3619.57,USD,PAID
AP002284,VEND0021,2024-05-22,2024-07-21,2024-09-05,411.1,411.1,USD,PAID
AP002285,VEND0008,2024-11-10,2024-12-25,2025-01-15,689.24,689.24,USD,PAID
AP002286,VEND0003,2025-07-10,2025-08-24,2025-08-29,1740.73,1740.73,USD,PAID
AP002287,VEND0038,2026-04-24,2026-05-09,,2400.4,0.0,USD,OPEN
AP002288,VEND0029,2024-04-15,2024-06-14,,852.75,0.0,USD,OPEN
AP002289,VEND0046,2024-01-25,2024-02-24,2024-03-03,603.35,603.35,USD,PAID
AP002290,VEND0088,2025-11-02,2025-12-17,,4547.67,0.0,USD,OPEN
AP002291,VEND0029,2025-01-28,2025-02-12,2025-02-16,6241.02,6241.02,USD,PAID
AP002292,VEND0016,2024-04-14,2024-05-29,2024-06-30,2918.6,2918.6,USD,PAID
AP002293,VEND0023,2025-01-04,2025-01-19,2025-01-28,1194.3,1194.3,USD,PAID
AP002294,VEND0020,2025-03-14,2025-04-28,2025-06-11,488.69,488.69,USD,PAID
AP002295,VEND0045,2026-07-03,2026-08-17,,477.97,0.0,USD,OPEN
AP002296,VEND0085,2026-06-15,2026-06-30,2026-08-22,1849.21,1849.21,USD,PAID
AP002297,VEND0001,2025-01-12,2025-02-26,2025-02-25,1666.36,1666.36,USD,PAID
AP002298,VEND0041,2026-06-01,2026-07-01,2026-07-09,4454.18,4454.18,USD,PAID
AP002299,VEND0009,2024-05-31,2024-07-30,2024-09-19,2101.59,2101.59,USD,PAID
AP002300,VEND0019,2024-04-25,2024-06-24,2024-07-19,243.94,243.94,USD,PAID
AP002301,VEND0099,2024-04-02,2024-05-17,2024-05-30,3139.9,3139.9,USD,PAID
AP002302,VEND0062,2025-01-29,2025-03-15,2025-04-28,404.21,404.21,USD,PAID
AP002303,VEND0018,2025-12-11,2026-02-09,2026-03-13,746.97,746.97,USD,PAID
AP002304,VEND0064,2026-04-01,2026-05-01,2026-06-30,1408.39,1408.39,USD,PAID
AP002305,VEND0050,2025-07-05,2025-09-03,2025-09-22,8068.05,8068.05,USD,PAID
AP002306,VEND0090,2024-03-26,2024-05-25,2024-06-12,24585.66,24585.66,USD,PAID
AP002307,VEND0003,2024-03-30,2024-04-29,2024-05-15,2011.68,2011.68,USD,PAID
AP002308,VEND0008,2025-01-06,2025-03-07,2025-03-11,913.06,913.06,USD,PAID
AP002309,VEND0038,2026-07-22,2026-09-05,,1871.52,0.0,USD,OPEN
AP002310,VEND0054,2025-04-16,2025-05-16,2025-07-15,2664.19,2664.19,USD,PAID
AP002311,VEND0096,2024-09-05,2024-10-05,2024-10-02,795.79,795.79,USD,PAID
AP002312,VEND0049,2024-05-21,2024-06-05,2024-06-13,6602.55,6602.55,USD,PAID
AP002313,VEND0048,2026-01-20,2026-02-04,2026-03-20,1380.32,1380.32,USD,PAID
AP002314,VEND0062,2024-02-25,2024-03-11,2024-03-10,1803.97,1803.97,USD,PAID
AP002315,VEND0047,2026-05-07,2026-06-06,,2134.36,0.0,USD,OPEN
AP002316,VEND0002,2024-05-24,2024-06-08,,1671.68,0.0,USD,OPEN
AP002317,VEND0024,2025-08-05,2025-10-04,,2537.51,0.0,USD,OPEN
AP002318,VEND0061,2025-04-26,2025-05-26,2025-06-23,591.55,591.55,USD,PAID
AP002319,VEND0037,2025-02-25,2025-04-11,2025-04-02,627.47,627.47,USD,PAID
AP002320,VEND0083,2024-04-23,2024-05-23,,364.98,0.0,USD,OPEN
AP002321,VEND0051,2024-02-02,2024-03-03,2024-02-23,1701.9,1701.9,USD,PAID
AP002322,VEND0071,2026-05-02,2026-07-01,2026-08-18,2389.73,2389.73,USD,PAID
AP002323,VEND0040,2025-12-29,2026-02-12,2026-04-07,1733.28,1733.28,USD,PAID
AP002324,VEND0035,2025-12-27,2026-01-26,2026-02-05,5851.73,5851.73,USD,PAID
AP002325,VEND0096,2024-04-04,2024-06-03,2024-06-09,1090.51,1090.51,USD,PAID
AP002326,VEND0051,2024-08-04,2024-10-03,2024-10-21,2140.39,2140.39,USD,PAID
AP002327,VEND0062,2024-07-07,2024-07-22,2024-09-09,368.08,368.08,USD,PAID
AP002328,VEND0007,2024-11-16,2025-01-15,2025-01-26,744.64,744.64,USD,PAID
AP002329,VEND0035,2026-04-02,2026-05-17,2026-05-31,2198.52,2198.52,USD,PAID
AP002330,VEND0078,2024-04-21,2024-05-06,,2563.43,0.0,USD,OPEN
AP002331,VEND0037,2026-03-08,2026-04-22,,817.32,0.0,USD,OPEN
AP002332,VEND0077,2024-06-15,2024-06-30,,1020.86,0.0,USD,OPEN
AP002333,VEND0026,2024-01-12,2024-02-26,,240.36,0.0,USD,OPEN
AP002334,VEND0011,2025-10-15,2025-10-30,,767.37,0.0,USD,OPEN
AP002335,VEND0006,2025-08-06,2025-08-21,2025-10-11,2671.47,2671.47,USD,PAID
AP002336,VEND0040,2024-02-19,2024-04-04,,1949.26,0.0,USD,OPEN
AP002337,VEND0065,2024-01-09,2024-02-23,2024-04-03,1809.25,1809.25,USD,PAID
AP002338,VEND0017,2024-07-18,2024-09-01,2024-10-06,1152.6,1152.6,USD,PAID
AP002339,VEND0013,2025-12-20,2026-01-04,2026-02-27,1104.41,1104.41,USD,PAID
AP002340,VEND0049,2025-05-29,2025-06-28,,566.61,0.0,USD,OPEN
AP002341,VEND0088,2025-05-03,2025-05-18,2025-05-27,2205.76,2205.76,USD,PAID
AP002342,VEND0092,2025-04-19,2025-05-04,2025-05-05,1670.66,1670.66,USD,PAID
AP002343,VEND0099,2024-08-25,2024-09-24,2024-10-02,1793.67,1793.67,USD,PAID
AP002344,VEND0067,2026-01-05,2026-02-04,2026-03-30,648.05,648.05,USD,PAID
AP002345,VEND0044,2026-01-16,2026-03-02,2026-03-08,127.31,127.31,USD,PAID
AP002346,VEND0006,2024-10-24,2024-12-08,2025-01-22,3285.1,3285.1,USD,PAID
AP002347,VEND0079,2026-07-01,2026-08-30,,679.37,0.0,USD,OPEN
AP002348,VEND0013,2025-09-13,2025-09-28,2025-11-20,462.77,462.77,USD,PAID
AP002349,VEND0040,2026-04-04,2026-04-19,,2193.99,0.0,USD,OPEN
AP002350,VEND0041,2025-07-14,2025-07-29,2025-09-15,740.99,740.99,USD,PAID
AP002351,VEND0036,2024-06-22,2024-08-06,,3165.09,0.0,USD,OPEN
AP002352,VEND0023,2025-08-13,2025-09-27,2025-09-26,2032.47,2032.47,USD,PAID
AP002353,VEND0033,2025-12-28,2026-02-26,2026-04-17,2172.36,2172.36,USD,PAID
AP002354,VEND0016,2026-02-20,2026-04-21,2026-04-28,279.79,279.79,USD,PAID
AP002355,VEND0037,2025-08-05,2025-10-04,,3684.7,0.0,USD,OPEN
AP002356,VEND0057,2025-02-14,2025-04-15,2025-04-21,1424.04,1424.04,USD,PAID
AP002357,VEND0065,2025-01-10,2025-02-24,2025-04-07,758.03,758.03,USD,PAID
AP002358,VEND0080,2025-04-05,2025-05-20,2025-05-15,1265.71,1265.71,USD,PAID
AP002359,VEND0090,2025-10-21,2025-11-05,2025-11-26,185.63,185.63,USD,PAID
AP002360,VEND0014,2026-04-20,2026-05-05,,1650.2,0.0,USD,OPEN
AP002361,VEND0052,2024-10-24,2024-12-23,,391.75,0.0,USD,OPEN
AP002362,VEND0060,2026-05-24,2026-06-08,,283.53,0.0,USD,OPEN
AP002363,VEND0083,2025-11-16,2025-12-01,2026-01-19,239.28,239.28,USD,PAID
AP002364,VEND0024,2025-07-01,2025-08-30,,3336.54,0.0,USD,OPEN
AP002365,VEND0099,2026-01-19,2026-02-03,2026-03-15,584.49,584.49,USD,PAID
AP002366,VEND0041,2025-03-19,2025-04-18,2025-04-16,5083.36,5083.36,USD,PAID
AP002367,VEND0095,2024-12-16,2025-02-14,,641.75,0.0,USD,OPEN
AP002368,VEND0070,2025-05-02,2025-05-17,2025-05-11,198.87,198.87,USD,PAID
AP002369,VEND0028,2024-06-08,2024-08-07,,359.05,0.0,USD,OPEN
AP002370,VEND0008,2024-11-23,2024-12-08,2025-01-15,3773.7,3773.7,USD,PAID
AP002371,VEND0028,2026-08-16,2026-09-30,,938.33,0.0,USD,OPEN
AP002372,VEND0035,2024-02-25,2024-03-26,2024-05-09,633.79,633.79,USD,PAID
AP002373,VEND0009,2024-09-15,2024-10-15,,1286.93,0.0,USD,OPEN
AP002374,VEND0092,2024-10-07,2024-12-06,,1811.27,0.0,USD,OPEN
AP002375,VEND0024,2025-04-07,2025-06-06,2025-06-29,3352.29,3352.29,USD,PAID
AP002376,VEND0055,2026-04-30,2026-05-15,,4668.06,0.0,USD,OPEN
AP002377,VEND0045,2024-12-16,2025-01-30,,765.27,0.0,USD,OPEN
AP002378,VEND0089,2026-08-22,2026-10-21,,291.18,0.0,USD,OPEN
AP002379,VEND0046,2026-03-13,2026-04-12,2026-05-27,725.26,725.26,USD,PAID
AP002380,VEND0010,2026-07-23,2026-09-21,,1422.66,0.0,USD,OPEN
AP002381,VEND0002,2026-01-10,2026-02-09,2026-03-11,418.32,418.32,USD,PAID
AP002382,VEND0041,2024-06-03,2024-08-02,2024-09-24,421.09,421.09,USD,PAID
AP002383,VEND0058,2024-04-26,2024-06-25,2024-06-15,1546.56,1546.56,USD,PAID
AP002384,VEND0005,2026-08-23,2026-09-22,,1044.56,0.0,USD,OPEN
AP002385,VEND0100,2024-08-11,2024-09-10,2024-11-08,1133.2,1133.2,USD,PAID
AP002386,VEND0027,2024-06-19,2024-08-18,,513.63,0.0,USD,OPEN
AP002387,VEND0003,2024-07-14,2024-07-29,2024-09-03,870.96,870.96,USD,PAID
AP002388,VEND0090,2024-11-05,2024-12-20,2024-12-25,435.18,435.18,USD,PAID
AP002389,VEND0046,2025-05-26,2025-07-25,2025-08-29,2670.97,2670.97,USD,PAID
AP002390,VEND0015,2026-04-28,2026-06-27,2026-07-29,3087.91,3087.91,USD,PAID
AP002391,VEND0023,2026-08-06,2026-09-05,,173.09,0.0,USD,OPEN
AP002392,VEND0037,2025-07-20,2025-08-19,2025-09-26,432.89,432.89,USD,PAID
AP002393,VEND0012,2026-05-15,2026-07-14,2026-07-16,245.54,245.54,USD,PAID
AP002394,VEND0003,2026-04-05,2026-04-20,,572.48,0.0,USD,OPEN
AP002395,VEND0096,2025-09-23,2025-11-22,,1008.85,0.0,USD,OPEN
AP002396,VEND0075,2026-02-08,2026-02-23,2026-04-18,257.33,257.33,USD,PAID
AP002397,VEND0028,2026-04-05,2026-04-20,2026-06-02,436.22,436.22,USD,PAID
AP002398,VEND0026,2024-08-16,2024-10-15,2024-10-19,401.84,401.84,USD,PAID
AP002399,VEND0060,2026-05-26,2026-07-25,2026-08-28,1349.2,1349.2,USD,PAID
AP002400,VEND0048,2025-02-26,2025-04-27,,1175.38,0.0,USD,OPEN
AP002401,VEND0085,2026-03-11,2026-04-10,2026-05-04,532.86,532.86,USD,PAID
AP002402,VEND0087,2024-09-27,2024-11-11,2024-12-24,1308.74,1308.74,USD,PAID
AP002403,VEND0005,2024-09-04,2024-09-19,2024-11-01,634.81,634.81,USD,PAID
AP002404,VEND0048,2024-01-16,2024-01-31,,835.76,0.0,USD,OPEN
AP002405,VEND0031,2026-05-10,2026-06-24,2026-08-08,5845.64,5845.64,USD,PAID
AP002406,VEND0083,2025-07-23,2025-09-21,,4190.02,0.0,USD,OPEN
AP002407,VEND0017,2025-02-06,2025-02-21,2025-04-06,298.99,298.99,USD,PAID
AP002408,VEND0052,2026-08-19,2026-10-18,,2514.26,0.0,USD,OPEN
AP002409,VEND0030,2026-07-14,2026-08-28,,2468.58,0.0,USD,OPEN
AP002410,VEND0098,2024-04-11,2024-05-11,2024-06-20,347.84,347.84,USD,PAID
AP002411,VEND0042,2025-10-04,2025-11-18,2025-11-28,2486.86,2486.86,USD,PAID
AP002412,VEND0056,2024-07-27,2024-08-11,,5104.78,0.0,USD,OPEN
AP002413,VEND0091,2024-01-12,2024-02-11,,356.9,0.0,USD,OPEN
AP002414,VEND0096,2025-07-10,2025-07-25,2025-07-18,438.12,438.12,USD,PAID
AP002415,VEND0024,2026-01-21,2026-02-20,2026-03-27,3034.07,3034.07,USD,PAID
AP002416,VEND0032,2024-09-02,2024-10-02,2024-11-29,1438.7,1438.7,USD,PAID
AP002417,VEND0036,2026-01-13,2026-03-14,2026-03-10,1903.55,1903.55,USD,PAID
AP002418,VEND0015,2024-03-25,2024-04-24,2024-04-27,1541.62,1541.62,USD,PAID
AP002419,VEND0037,2025-04-15,2025-04-30,,1620.83,0.0,USD,OPEN
AP002420,VEND0064,2024-09-25,2024-10-25,,291.06,0.0,USD,OPEN
AP002421,VEND0051,2026-05-14,2026-06-28,2026-07-14,3125.4,3125.4,USD,PAID
AP002422,VEND0010,2024-04-13,2024-06-12,2024-07-24,3531.9,3531.9,USD,PAID
AP002423,VEND0054,2025-05-13,2025-05-28,,871.84,0.0,USD,OPEN
AP002424,VEND0021,2025-01-19,2025-03-05,2025-04-21,1049.98,1049.98,USD,PAID
AP002425,VEND0023,2024-07-03,2024-08-17,,237.2,0.0,USD,OPEN
AP002426,VEND0044,2025-11-06,2025-11-21,,1834.0,0.0,USD,OPEN
AP002427,VEND0001,2024-12-21,2025-02-19,2025-04-19,1943.13,1943.13,USD,PAID
AP002428,VEND0078,2024-06-11,2024-07-26,2024-08-09,1030.51,1030.51,USD,PAID
AP002429,VEND0028,2024-01-31,2024-02-15,2024-02-24,3375.68,3375.68,USD,PAID
AP002430,VEND0028,2026-06-06,2026-07-21,,785.19,0.0,USD,OPEN
AP002431,VEND0011,2024-01-31,2024-03-16,,1928.71,0.0,USD,OPEN
AP002432,VEND0026,2026-01-15,2026-02-14,2026-04-06,395.57,395.57,USD,PAID
AP002433,VEND0060,2024-04-04,2024-05-19,2024-06-15,1071.11,1071.11,USD,PAID
AP002434,VEND0025,2026-02-02,2026-04-03,2026-05-14,921.17,921.17,USD,PAID
AP002435,VEND0092,2024-09-13,2024-10-13,,1373.76,0.0,USD,OPEN
AP002436,VEND0099,2024-10-14,2024-12-13,,757.84,0.0,USD,OPEN
AP002437,VEND0027,2025-08-24,2025-10-08,,961.53,0.0,USD,OPEN
AP002438,VEND0055,2026-01-09,2026-03-10,2026-04-26,2505.01,2505.01,USD,PAID
AP002439,VEND0078,2025-09-02,2025-10-17,2025-10-20,708.56,708.56,USD,PAID
AP002440,VEND0046,2025-01-27,2025-03-28,,219.95,0.0,USD,OPEN
AP002441,VEND0066,2025-01-17,2025-02-01,2025-01-26,6308.06,6308.06,USD,PAID
AP002442,VEND0046,2024-09-16,2024-11-15,2025-01-11,4365.35,4365.35,USD,PAID
AP002443,VEND0042,2025-02-11,2025-02-26,,301.19,0.0,USD,OPEN
AP002444,VEND0028,2025-03-15,2025-04-14,2025-04-13,2185.74,2185.74,USD,PAID
AP002445,VEND0016,2025-11-03,2025-12-18,2026-01-17,663.17,663.17,USD,PAID
AP002446,VEND0028,2024-01-10,2024-02-24,2024-03-27,1427.22,1427.22,USD,PAID
AP002447,VEND0050,2025-04-21,2025-06-05,2025-06-03,1471.77,1471.77,USD,PAID
AP002448,VEND0072,2024-10-17,2024-11-16,2024-11-19,867.48,867.48,USD,PAID
AP002449,VEND0088,2024-10-11,2024-10-26,2024-12-08,500.81,500.81,USD,PAID
AP002450,VEND0026,2026-02-13,2026-04-14,2026-05-14,549.75,549.75,USD,PAID
AP002451,VEND0006,2024-07-20,2024-08-04,2024-09-26,438.7,438.7,USD,PAID
AP002452,VEND0058,2024-10-08,2024-12-07,,477.32,0.0,USD,OPEN
AP002453,VEND0074,2024-06-24,2024-08-08,2024-08-28,1025.38,1025.38,USD,PAID
AP002454,VEND0074,2024-01-22,2024-03-07,,536.06,0.0,USD,OPEN
AP002455,VEND0005,2024-01-05,2024-03-05,2024-04-15,2169.07,2169.07,USD,PAID
AP002456,VEND0009,2026-07-06,2026-07-21,2026-07-13,4852.48,4852.48,USD,PAID
AP002457,VEND0093,2025-04-26,2025-05-11,2025-06-23,613.97,613.97,USD,PAID
AP002458,VEND0052,2024-11-04,2024-12-19,2025-01-22,1393.26,1393.26,USD,PAID
AP002459,VEND0051,2024-03-22,2024-05-06,2024-05-02,1807.47,1807.47,USD,PAID
AP002460,VEND0048,2024-11-01,2024-12-31,2025-01-05,1758.12,1758.12,USD,PAID
AP002461,VEND0007,2026-08-18,2026-09-02,,1183.17,0.0,USD,OPEN
AP002462,VEND0042,2026-04-25,2026-05-10,,2304.65,0.0,USD,OPEN
AP002463,VEND0012,2026-06-01,2026-07-31,,1776.23,0.0,USD,OPEN
AP002464,VEND0001,2024-07-14,2024-08-28,2024-10-25,318.09,318.09,USD,PAID
AP002465,VEND0015,2026-08-14,2026-08-29,2026-08-24,2615.36,2615.36,USD,PAID
AP002466,VEND0043,2024-02-19,2024-04-04,,2663.22,0.0,USD,OPEN
AP002467,VEND0018,2025-12-05,2026-02-03,2026-02-14,511.18,511.18,USD,PAID
AP002468,VEND0041,2025-08-20,2025-10-19,,1139.04,0.0,USD,OPEN
AP002469,VEND0082,2026-06-01,2026-07-01,2026-08-12,2171.84,2171.84,USD,PAID
AP002470,VEND0074,2025-04-02,2025-04-17,2025-05-07,889.52,889.52,USD,PAID
AP002471,VEND0099,2025-05-04,2025-07-03,2025-08-03,3206.64,3206.64,USD,PAID
AP002472,VEND0034,2026-01-18,2026-03-19,,11659.45,0.0,USD,OPEN
AP002473,VEND0072,2026-02-23,2026-04-09,2026-05-14,499.7,499.7,USD,PAID
AP002474,VEND0089,2026-05-05,2026-06-04,2026-06-20,275.6,275.6,USD,PAID
AP002475,VEND0028,2024-03-20,2024-04-04,2024-04-01,1485.96,1485.96,USD,PAID
AP002476,VEND0025,2024-01-14,2024-02-13,2024-03-23,2256.48,2256.48,USD,PAID
AP002477,VEND0066,2025-05-14,2025-05-29,2025-07-25,870.56,870.56,USD,PAID
AP002478,VEND0091,2026-05-29,2026-07-13,2026-08-11,4690.34,4690.34,USD,PAID
AP002479,VEND0017,2025-04-09,2025-05-09,2025-05-12,287.55,287.55,USD,PAID
AP002480,VEND0080,2024-08-12,2024-09-26,2024-11-12,2192.77,2192.77,USD,PAID
AP002481,VEND0009,2025-06-09,2025-07-09,2025-07-23,598.33,598.33,USD,PAID
AP002482,VEND0040,2024-10-11,2024-12-10,,6120.37,0.0,USD,OPEN
AP002483,VEND0014,2026-09-01,2026-09-16,,8042.66,0.0,USD,OPEN
AP002484,VEND0059,2026-02-01,2026-02-16,,509.46,0.0,USD,OPEN
AP002485,VEND0085,2024-07-10,2024-08-24,,632.98,0.0,USD,OPEN
AP002486,VEND0071,2025-06-27,2025-08-26,2025-08-31,2590.45,2590.45,USD,PAID
AP002487,VEND0051,2024-03-27,2024-05-11,2024-05-20,744.62,744.62,USD,PAID
AP002488,VEND0057,2025-05-29,2025-07-28,2025-07-24,1047.95,1047.95,USD,PAID
AP002489,VEND0084,2024-10-06,2024-11-20,,1124.83,0.0,USD,OPEN
AP002490,VEND0025,2025-01-26,2025-03-27,,160.83,0.0,USD,OPEN
AP002491,VEND0078,2025-02-16,2025-03-18,2025-05-14,1081.56,1081.56,USD,PAID
AP002492,VEND0007,2025-05-20,2025-07-19,,550.19,0.0,USD,OPEN
AP002493,VEND0015,2025-10-23,2025-11-22,2025-12-10,669.73,669.73,USD,PAID
AP002494,VEND0009,2024-02-24,2024-03-10,2024-03-30,4645.4,4645.4,USD,PAID
AP002495,VEND0051,2025-06-28,2025-07-13,2025-08-23,312.15,312.15,USD,PAID
AP002496,VEND0089,2025-02-06,2025-02-21,,2473.04,0.0,USD,OPEN
AP002497,VEND0027,2024-10-01,2024-11-30,,829.68,0.0,USD,OPEN
AP002498,VEND0094,2024-12-21,2025-02-04,2025-03-02,829.02,829.02,USD,PAID
AP002499,VEND0090,2024-01-04,2024-01-19,,2417.22,0.0,USD,OPEN
AP002500,VEND0022,2025-09-29,2025-11-28,2025-12-18,1540.79,1540.79,USD,PAID
AP002501,VEND0043,2024-11-18,2024-12-03,,1940.33,0.0,USD,OPEN
AP002502,VEND0002,2026-07-10,2026-09-08,,2887.61,0.0,USD,OPEN
AP002503,VEND0023,2025-11-13,2026-01-12,2026-01-04,787.36,787.36,USD,PAID
AP002504,VEND0098,2024-09-27,2024-10-12,,594.53,0.0,USD,OPEN
AP002505,VEND0075,2026-05-23,2026-06-07,2026-07-27,370.5,370.5,USD,PAID
AP002506,VEND0015,2024-01-02,2024-03-02,2024-04-21,480.39,480.39,USD,PAID
AP002507,VEND0030,2024-02-16,2024-03-02,2024-03-29,20933.26,20933.26,USD,PAID
AP002508,VEND0013,2025-06-21,2025-07-21,2025-07-23,3807.32,3807.32,USD,PAID
AP002509,VEND0070,2024-11-07,2024-12-22,2025-01-25,283.99,283.99,USD,PAID
AP002510,VEND0002,2024-09-20,2024-11-19,2025-01-06,292.23,292.23,USD,PAID
AP002511,VEND0067,2026-04-27,2026-06-11,2026-07-13,1775.55,1775.55,USD,PAID
AP002512,VEND0088,2026-03-04,2026-05-03,,1895.55,0.0,USD,OPEN
AP002513,VEND0053,2025-06-15,2025-06-30,,1898.62,0.0,USD,OPEN
AP002514,VEND0046,2026-05-26,2026-06-25,2026-07-03,849.84,849.84,USD,PAID
AP002515,VEND0095,2025-05-24,2025-06-08,,967.34,0.0,USD,OPEN
AP002516,VEND0025,2025-12-13,2026-02-11,2026-02-12,1522.15,1522.15,USD,PAID
AP002517,VEND0081,2026-07-31,2026-09-29,,1194.99,0.0,USD,OPEN
AP002518,VEND0023,2025-11-26,2026-01-25,2026-03-23,119.19,119.19,USD,PAID
AP002519,VEND0076,2024-09-28,2024-11-12,2024-12-22,871.49,871.49,USD,PAID
AP002520,VEND0075,2025-03-03,2025-04-17,2025-04-12,468.06,468.06,USD,PAID
AP002521,VEND0056,2025-06-16,2025-07-31,2025-08-05,1306.64,1306.64,USD,PAID
AP002522,VEND0037,2026-03-25,2026-05-24,2026-06-27,21704.16,21704.16,USD,PAID
AP002523,VEND0060,2024-04-22,2024-05-07,2024-05-15,1583.64,1583.64,USD,PAID
AP002524,VEND0080,2025-11-28,2025-12-28,2026-01-24,801.49,801.49,USD,PAID
AP002525,VEND0009,2025-07-25,2025-08-24,2025-09-19,2756.73,2756.73,USD,PAID
AP002526,VEND0006,2026-03-29,2026-05-13,,1777.01,0.0,USD,OPEN
AP002527,VEND0007,2024-08-10,2024-09-24,2024-09-29,1669.19,1669.19,USD,PAID
AP002528,VEND0046,2025-05-15,2025-06-29,,2011.93,0.0,USD,OPEN
AP002529,VEND0018,2025-11-07,2025-11-22,,8574.46,0.0,USD,OPEN
AP002530,VEND0086,2024-12-24,2025-02-07,2025-04-02,353.93,353.93,USD,PAID
AP002531,VEND0019,2026-02-26,2026-03-28,2026-04-21,1760.99,1760.99,USD,PAID
AP002532,VEND0038,2026-01-20,2026-02-19,2026-02-19,434.25,434.25,USD,PAID
AP002533,VEND0032,2024-08-12,2024-08-27,2024-10-01,1911.25,1911.25,USD,PAID
AP002534,VEND0034,2026-04-11,2026-06-10,2026-06-12,437.6,437.6,USD,PAID
AP002535,VEND0073,2026-07-31,2026-09-14,,722.44,0.0,USD,OPEN
AP002536,VEND0088,2025-03-22,2025-05-06,2025-05-13,816.4,816.4,USD,PAID
AP002537,VEND0071,2026-02-25,2026-03-27,2026-05-09,2909.73,2909.73,USD,PAID
AP002538,VEND0073,2024-07-23,2024-09-06,2024-10-04,2747.52,2747.52,USD,PAID
AP002539,VEND0056,2026-08-07,2026-10-06,,315.54,0.0,USD,OPEN
AP002540,VEND0065,2024-04-08,2024-05-08,2024-06-07,1158.56,1158.56,USD,PAID
AP002541,VEND0060,2026-08-15,2026-09-29,,539.38,0.0,USD,OPEN
AP002542,VEND0099,2025-03-06,2025-05-05,2025-04-28,311.53,311.53,USD,PAID
AP002543,VEND0032,2025-03-07,2025-03-22,2025-04-19,882.7,882.7,USD,PAID
AP002544,VEND0070,2025-08-17,2025-10-01,,805.54,0.0,USD,OPEN
AP002545,VEND0051,2026-07-10,2026-08-24,,12415.69,0.0,USD,OPEN
AP002546,VEND0098,2024-05-08,2024-07-07,2024-08-25,1690.8,1690.8,USD,PAID
AP002547,VEND0008,2026-06-14,2026-08-13,2026-08-13,276.55,276.55,USD,PAID
AP002548,VEND0038,2024-10-03,2024-10-18,2024-10-20,623.42,623.42,USD,PAID
AP002549,VEND0016,2025-08-02,2025-10-01,2025-09-28,3045.39,3045.39,USD,PAID
AP002550,VEND0019,2026-01-28,2026-02-12,2026-04-09,8852.39,8852.39,USD,PAID
AP002551,VEND0087,2025-07-29,2025-09-27,,224.53,0.0,USD,OPEN
AP002552,VEND0093,2025-10-17,2025-11-16,2025-12-15,167.35,167.35,USD,PAID
AP002553,VEND0015,2026-08-17,2026-09-01,,7122.15,0.0,USD,OPEN
AP002554,VEND0016,2024-03-09,2024-03-24,,1619.08,0.0,USD,OPEN
AP002555,VEND0014,2025-06-16,2025-07-01,,460.22,0.0,USD,OPEN
AP002556,VEND0051,2025-04-30,2025-05-15,2025-06-30,1871.75,1871.75,USD,PAID
AP002557,VEND0024,2024-02-26,2024-03-12,2024-05-02,78.59,78.59,USD,PAID
AP002558,VEND0034,2026-04-19,2026-05-19,2026-07-17,1100.34,1100.34,USD,PAID
AP002559,VEND0056,2026-04-21,2026-06-20,2026-06-25,1522.06,1522.06,USD,PAID
AP002560,VEND0096,2024-05-29,2024-06-13,,2763.55,0.0,USD,OPEN
AP002561,VEND0095,2025-11-04,2025-12-04,,397.86,0.0,USD,OPEN
AP002562,VEND0038,2025-12-17,2026-01-16,2026-02-12,1194.74,1194.74,USD,PAID
AP002563,VEND0048,2025-11-14,2025-11-29,2026-01-21,434.66,434.66,USD,PAID
AP002564,VEND0060,2025-11-14,2025-12-29,2026-01-01,1415.71,1415.71,USD,PAID
AP002565,VEND0037,2025-03-02,2025-05-01,,447.94,0.0,USD,OPEN
AP002566,VEND0075,2025-04-13,2025-04-28,2025-04-19,729.16,729.16,USD,PAID
AP002567,VEND0006,2024-11-06,2024-11-21,2025-01-06,405.12,405.12,USD,PAID
AP002568,VEND0093,2026-07-18,2026-09-01,,2103.03,0.0,USD,OPEN
AP002569,VEND0021,2025-04-14,2025-05-29,,2587.51,0.0,USD,OPEN
AP002570,VEND0050,2025-01-01,2025-01-31,2025-03-29,867.3,867.3,USD,PAID
AP002571,VEND0020,2025-06-09,2025-06-24,,1139.38,0.0,USD,OPEN
AP002572,VEND0036,2024-12-26,2025-02-09,2025-02-16,257.6,257.6,USD,PAID
AP002573,VEND0083,2026-03-14,2026-04-28,2026-04-26,812.67,812.67,USD,PAID
AP002574,VEND0074,2025-05-10,2025-07-09,2025-07-22,1042.94,1042.94,USD,PAID
AP002575,VEND0042,2025-12-26,2026-02-09,,15075.0,0.0,USD,OPEN
AP002576,VEND0009,2025-08-25,2025-10-09,2025-11-19,360.7,360.7,USD,PAID
AP002577,VEND0030,2024-02-16,2024-03-02,2024-03-12,4741.82,4741.82,USD,PAID
AP002578,VEND0042,2024-04-08,2024-04-23,2024-06-12,2971.61,2971.61,USD,PAID
AP002579,VEND0014,2026-02-17,2026-03-19,2026-04-08,1451.91,1451.91,USD,PAID
AP002580,VEND0097,2026-07-10,2026-08-09,,6365.32,0.0,USD,OPEN
AP002581,VEND0033,2025-03-06,2025-03-21,,1590.98,0.0,USD,OPEN
AP002582,VEND0057,2024-04-27,2024-05-12,2024-05-11,1618.34,1618.34,USD,PAID
AP002583,VEND0023,2026-02-20,2026-04-06,2026-03-30,1039.9,1039.9,USD,PAID
AP002584,VEND0018,2024-11-24,2024-12-09,2025-01-16,3727.78,3727.78,USD,PAID
AP002585,VEND0063,2025-10-14,2025-11-13,,3282.86,0.0,USD,OPEN
AP002586,VEND0095,2025-03-24,2025-05-08,,586.59,0.0,USD,OPEN
AP002587,VEND0012,2024-06-14,2024-08-13,2024-08-27,293.17,293.17,USD,PAID
AP002588,VEND0027,2025-08-19,2025-09-03,2025-09-05,895.18,895.18,USD,PAID
AP002589,VEND0100,2024-02-04,2024-03-05,2024-04-10,492.73,492.73,USD,PAID
AP002590,VEND0064,2025-02-21,2025-03-08,2025-05-04,1029.14,1029.14,USD,PAID
AP002591,VEND0065,2024-07-13,2024-08-12,2024-10-01,3779.84,3779.84,USD,PAID
AP002592,VEND0009,2024-12-26,2025-02-09,2025-02-16,694.16,694.16,USD,PAID
AP002593,VEND0073,2025-03-25,2025-05-24,2025-05-23,1050.66,1050.66,USD,PAID
AP002594,VEND0013,2024-03-21,2024-04-20,2024-05-18,1162.15,1162.15,USD,PAID
AP002595,VEND0077,2024-04-30,2024-06-29,,2561.71,0.0,USD,OPEN
AP002596,VEND0038,2025-07-07,2025-08-21,,115.94,0.0,USD,OPEN
AP002597,VEND0009,2026-08-02,2026-09-16,,597.83,0.0,USD,OPEN
AP002598,VEND0069,2026-06-12,2026-07-12,2026-07-11,1354.63,1354.63,USD,PAID
AP002599,VEND0040,2025-08-12,2025-09-11,2025-11-04,3641.24,3641.24,USD,PAID
AP002600,VEND0075,2025-02-12,2025-02-27,2025-03-03,670.55,670.55,USD,PAID
AP002601,VEND0044,2025-04-27,2025-06-11,2025-06-05,167.91,167.91,USD,PAID
AP002602,VEND0098,2025-03-07,2025-04-21,,2037.97,0.0,USD,OPEN
AP002603,VEND0094,2024-03-01,2024-03-31,,580.93,0.0,USD,OPEN
AP002604,VEND0010,2024-12-03,2024-12-18,,333.73,0.0,USD,OPEN
AP002605,VEND0054,2026-04-04,2026-04-19,2026-04-18,587.37,587.37,USD,PAID
AP002606,VEND0017,2025-09-04,2025-09-19,2025-11-09,911.85,911.85,USD,PAID
AP002607,VEND0064,2024-10-04,2024-10-19,,599.0,0.0,USD,OPEN
AP002608,VEND0062,2025-06-03,2025-07-03,2025-08-17,120.84,120.84,USD,PAID
AP002609,VEND0008,2024-11-06,2024-12-06,,2689.38,0.0,USD,OPEN
AP002610,VEND0088,2024-01-27,2024-02-26,2024-04-04,3924.03,3924.03,USD,PAID
AP002611,VEND0050,2025-12-01,2025-12-16,2025-12-12,2103.85,2103.85,USD,PAID
AP002612,VEND0090,2026-02-23,2026-04-24,2026-06-08,351.54,351.54,USD,PAID
AP002613,VEND0016,2025-03-13,2025-04-12,,896.51,0.0,USD,OPEN
AP002614,VEND0056,2026-07-07,2026-08-21,,1089.5,0.0,USD,OPEN
AP002615,VEND0012,2026-07-29,2026-08-13,,1995.79,0.0,USD,OPEN
AP002616,VEND0096,2025-08-25,2025-09-09,,2139.53,0.0,USD,OPEN
AP002617,VEND0093,2026-02-09,2026-02-24,2026-02-15,526.28,526.28,USD,PAID
AP002618,VEND0017,2024-09-12,2024-09-27,,1190.34,0.0,USD,OPEN
AP002619,VEND0045,2025-03-25,2025-04-24,2025-05-24,1732.43,1732.43,USD,PAID
AP002620,VEND0078,2025-09-08,2025-10-08,2025-10-14,4702.37,4702.37,USD,PAID
AP002621,VEND0010,2025-02-11,2025-04-12,2025-04-11,2218.32,2218.32,USD,PAID
AP002622,VEND0029,2024-09-13,2024-10-13,2024-11-17,2414.04,2414.04,USD,PAID
AP002623,VEND0038,2025-03-30,2025-05-14,2025-07-13,1192.52,1192.52,USD,PAID
AP002624,VEND0041,2026-06-08,2026-07-08,2026-08-01,4493.82,4493.82,USD,PAID
AP002625,VEND0053,2025-12-15,2025-12-30,,1652.03,0.0,USD,OPEN
AP002626,VEND0018,2025-12-23,2026-02-21,2026-03-09,463.55,463.55,USD,PAID
AP002627,VEND0027,2026-05-11,2026-06-10,2026-08-09,4462.08,4462.08,USD,PAID
AP002628,VEND0005,2024-05-05,2024-06-19,2024-06-27,2203.72,2203.72,USD,PAID
AP002629,VEND0015,2024-08-28,2024-10-27,2024-12-14,704.13,704.13,USD,PAID
AP002630,VEND0036,2024-01-22,2024-03-22,2024-04-15,678.92,678.92,USD,PAID
AP002631,VEND0008,2025-08-25,2025-10-24,2025-10-24,1475.24,1475.24,USD,PAID
AP002632,VEND0050,2024-10-12,2024-12-11,2025-01-18,1742.69,1742.69,USD,PAID
AP002633,VEND0049,2025-03-30,2025-04-14,,1335.81,0.0,USD,OPEN
AP002634,VEND0005,2024-07-07,2024-09-05,2024-10-04,1497.14,1497.14,USD,PAID
AP002635,VEND0034,2025-07-08,2025-08-22,2025-09-24,6002.66,6002.66,USD,PAID
AP002636,VEND0093,2026-04-09,2026-05-09,2026-06-11,3202.04,3202.04,USD,PAID
AP002637,VEND0014,2026-04-29,2026-06-28,2026-06-25,1326.95,1326.95,USD,PAID
AP002638,VEND0069,2025-07-20,2025-09-18,2025-10-14,2811.04,2811.04,USD,PAID
AP002639,VEND0034,2025-04-19,2025-06-18,2025-08-13,390.52,390.52,USD,PAID
AP002640,VEND0017,2024-06-15,2024-08-14,2024-09-03,1632.6,1632.6,USD,PAID
AP002641,VEND0011,2026-07-18,2026-08-02,2026-08-27,6696.27,6696.27,USD,PAID
AP002642,VEND0005,2024-09-12,2024-10-27,2024-12-06,881.79,881.79,USD,PAID
AP002643,VEND0084,2025-09-22,2025-11-06,2025-11-28,469.83,469.83,USD,PAID
AP002644,VEND0073,2026-04-09,2026-04-24,,571.3,0.0,USD,OPEN
AP002645,VEND0057,2025-11-07,2025-12-22,2026-01-03,368.84,368.84,USD,PAID
AP002646,VEND0005,2025-04-18,2025-05-03,2025-06-21,500.32,500.32,USD,PAID
AP002647,VEND0053,2025-01-02,2025-03-03,2025-03-20,757.1,757.1,USD,PAID
AP002648,VEND0041,2024-02-29,2024-03-15,2024-05-14,268.93,268.93,USD,PAID
AP002649,VEND0099,2024-03-06,2024-05-05,,1113.9,0.0,USD,OPEN
AP002650,VEND0017,2026-03-16,2026-04-30,2026-06-22,2703.43,2703.43,USD,PAID
AP002651,VEND0080,2024-08-20,2024-09-19,,442.41,0.0,USD,OPEN
AP002652,VEND0084,2025-11-02,2025-11-17,,5010.46,0.0,USD,OPEN
AP002653,VEND0075,2024-02-09,2024-03-10,2024-04-25,1827.66,1827.66,USD,PAID
AP002654,VEND0008,2024-11-20,2024-12-05,2024-12-24,3073.53,3073.53,USD,PAID
AP002655,VEND0087,2026-09-01,2026-10-16,,568.03,0.0,USD,OPEN
AP002656,VEND0077,2026-05-15,2026-06-29,2026-06-24,2577.37,2577.37,USD,PAID
AP002657,VEND0065,2024-08-28,2024-10-12,,367.99,0.0,USD,OPEN
AP002658,VEND0027,2025-03-30,2025-04-14,2025-05-04,2671.1,2671.1,USD,PAID
AP002659,VEND0010,2024-11-29,2025-01-13,2025-02-25,1302.24,1302.24,USD,PAID
AP002660,VEND0004,2025-10-19,2025-12-18,2025-12-26,1906.93,1906.93,USD,PAID
AP002661,VEND0084,2024-11-30,2025-01-14,2025-02-25,338.46,338.46,USD,PAID
AP002662,VEND0080,2025-01-18,2025-03-19,2025-04-15,448.06,448.06,USD,PAID
AP002663,VEND0020,2024-02-01,2024-03-02,2024-03-29,1992.67,1992.67,USD,PAID
AP002664,VEND0028,2026-07-22,2026-08-06,,424.81,0.0,USD,OPEN
AP002665,VEND0075,2026-04-07,2026-05-22,2026-07-16,1742.73,1742.73,USD,PAID
AP002666,VEND0075,2025-12-30,2026-02-13,2026-03-23,279.46,279.46,USD,PAID
AP002667,VEND0010,2024-02-03,2024-03-04,2024-03-04,2561.05,2561.05,USD,PAID
AP002668,VEND0094,2026-08-15,2026-09-14,,319.73,0.0,USD,OPEN
AP002669,VEND0007,2025-03-04,2025-03-19,2025-05-15,1905.12,1905.12,USD,PAID
AP002670,VEND0057,2025-09-13,2025-11-12,2026-01-07,2050.07,2050.07,USD,PAID
AP002671,VEND0074,2024-11-20,2025-01-04,,546.33,0.0,USD,OPEN
AP002672,VEND0030,2024-10-27,2024-11-26,2025-01-01,1962.6,1962.6,USD,PAID
AP002673,VEND0089,2025-04-11,2025-05-26,2025-05-30,1422.89,1422.89,USD,PAID
AP002674,VEND0047,2024-09-03,2024-11-02,2024-12-14,639.8,639.8,USD,PAID
AP002675,VEND0047,2024-03-22,2024-05-06,2024-05-05,399.99,399.99,USD,PAID
AP002676,VEND0054,2025-10-31,2025-12-30,2026-02-15,154.06,154.06,USD,PAID
AP002677,VEND0100,2024-08-23,2024-09-22,2024-10-13,1555.65,1555.65,USD,PAID
AP002678,VEND0078,2026-07-20,2026-09-18,,229.34,0.0,USD,OPEN
AP002679,VEND0011,2024-09-23,2024-11-07,2024-11-12,1206.34,1206.34,USD,PAID
AP002680,VEND0074,2025-02-22,2025-04-23,2025-05-01,842.65,842.65,USD,PAID
AP002681,VEND0002,2025-05-21,2025-06-20,2025-08-07,2162.77,2162.77,USD,PAID
AP002682,VEND0092,2024-06-19,2024-07-04,2024-09-02,810.75,810.75,USD,PAID
AP002683,VEND0005,2026-08-10,2026-10-09,,788.83,0.0,USD,OPEN
AP002684,VEND0022,2026-05-03,2026-07-02,,2279.86,0.0,USD,OPEN
AP002685,VEND0050,2024-03-15,2024-04-14,2024-06-10,1533.12,1533.12,USD,PAID
AP002686,VEND0090,2026-07-14,2026-09-12,,1504.41,0.0,USD,OPEN
AP002687,VEND0044,2025-07-24,2025-08-23,2025-08-28,1753.32,1753.32,USD,PAID
AP002688,VEND0093,2026-07-07,2026-08-21,2026-08-24,236.14,236.14,USD,PAID
AP002689,VEND0058,2024-02-16,2024-03-02,2024-04-06,2337.39,2337.39,USD,PAID
AP002690,VEND0038,2026-07-21,2026-09-19,,2023.27,0.0,USD,OPEN
AP002691,VEND0093,2026-02-14,2026-04-15,2026-04-28,396.75,396.75,USD,PAID
AP002692,VEND0001,2026-02-23,2026-03-10,,859.13,0.0,USD,OPEN
AP002693,VEND0049,2025-08-30,2025-10-14,2025-12-01,1054.36,1054.36,USD,PAID
AP002694,VEND0093,2024-11-24,2025-01-23,,958.63,0.0,USD,OPEN
AP002695,VEND0030,2025-08-25,2025-10-09,2025-10-11,1531.28,1531.28,USD,PAID
AP002696,VEND0068,2024-10-31,2024-12-30,2025-02-24,4588.77,4588.77,USD,PAID
AP002697,VEND0041,2025-08-16,2025-10-15,2025-11-23,3234.94,3234.94,USD,PAID
AP002698,VEND0095,2026-02-14,2026-03-16,2026-03-11,295.24,295.24,USD,PAID
AP002699,VEND0074,2026-06-22,2026-07-22,2026-08-16,2042.79,2042.79,USD,PAID
AP002700,VEND0037,2026-06-19,2026-08-03,,4142.0,0.0,USD,OPEN
AP002701,VEND0057,2024-06-18,2024-07-03,2024-08-24,1614.55,1614.55,USD,PAID
AP002702,VEND0078,2024-08-17,2024-09-16,2024-10-09,3264.89,3264.89,USD,PAID
AP002703,VEND0019,2026-02-10,2026-02-25,2026-03-22,8203.12,8203.12,USD,PAID
AP002704,VEND0097,2024-04-08,2024-05-08,2024-07-02,3052.48,3052.48,USD,PAID
AP002705,VEND0070,2024-06-21,2024-07-06,2024-07-01,1407.13,1407.13,USD,PAID
AP002706,VEND0004,2025-07-04,2025-08-03,,3118.44,0.0,USD,OPEN
AP002707,VEND0094,2025-01-13,2025-02-12,2025-03-28,1267.61,1267.61,USD,PAID
AP002708,VEND0015,2025-03-31,2025-04-30,2025-05-27,1123.16,1123.16,USD,PAID
AP002709,VEND0064,2026-01-03,2026-01-18,2026-03-04,771.69,771.69,USD,PAID
AP002710,VEND0094,2024-09-26,2024-10-11,2024-11-05,5236.52,5236.52,USD,PAID
AP002711,VEND0096,2025-11-15,2025-11-30,2025-11-30,483.75,483.75,USD,PAID
AP002712,VEND0021,2026-03-23,2026-04-22,2026-05-23,5076.45,5076.45,USD,PAID
AP002713,VEND0087,2025-06-03,2025-07-18,2025-09-11,1807.8,1807.8,USD,PAID
AP002714,VEND0005,2026-03-06,2026-03-21,2026-04-20,270.61,270.61,USD,PAID
AP002715,VEND0041,2025-03-19,2025-04-03,2025-05-29,1583.91,1583.91,USD,PAID
AP002716,VEND0032,2024-07-13,2024-07-28,2024-07-19,134.29,134.29,USD,PAID
AP002717,VEND0087,2024-05-20,2024-07-19,2024-08-06,2049.82,2049.82,USD,PAID
AP002718,VEND0024,2024-07-19,2024-09-02,2024-10-24,2657.74,2657.74,USD,PAID
AP002719,VEND0082,2026-01-21,2026-03-22,2026-04-06,606.46,606.46,USD,PAID
AP002720,VEND0001,2026-06-15,2026-06-30,2026-07-17,1240.84,1240.84,USD,PAID
AP002721,VEND0091,2025-03-20,2025-04-04,2025-04-20,7740.0,7740.0,USD,PAID
AP002722,VEND0079,2024-07-01,2024-07-16,2024-08-08,661.33,661.33,USD,PAID
AP002723,VEND0068,2025-01-24,2025-02-23,2025-04-15,380.35,380.35,USD,PAID
AP002724,VEND0038,2025-11-03,2025-12-03,2025-12-22,4825.47,4825.47,USD,PAID
AP002725,VEND0077,2025-11-15,2026-01-14,2026-02-23,7805.53,7805.53,USD,PAID
AP002726,VEND0015,2024-12-31,2025-03-01,2025-03-19,1100.69,1100.69,USD,PAID
AP002727,VEND0042,2026-06-21,2026-08-05,,3015.33,0.0,USD,OPEN
AP002728,VEND0060,2024-09-10,2024-11-09,,4194.28,0.0,USD,OPEN
AP002729,VEND0091,2024-11-22,2024-12-07,2025-01-16,521.92,521.92,USD,PAID
AP002730,VEND0077,2024-05-11,2024-07-10,2024-08-31,674.99,674.99,USD,PAID
AP002731,VEND0035,2025-02-25,2025-03-27,,3755.12,0.0,USD,OPEN
AP002732,VEND0008,2025-06-03,2025-07-03,2025-08-14,5913.62,5913.62,USD,PAID
AP002733,VEND0053,2025-07-29,2025-09-12,2025-10-12,1925.38,1925.38,USD,PAID
AP002734,VEND0007,2025-02-04,2025-04-05,2025-04-28,454.95,454.95,USD,PAID
AP002735,VEND0082,2024-10-01,2024-11-30,2025-01-02,7998.91,7998.91,USD,PAID
AP002736,VEND0029,2026-04-18,2026-05-03,2026-06-14,644.86,644.86,USD,PAID
AP002737,VEND0079,2025-08-09,2025-09-08,2025-09-12,784.36,784.36,USD,PAID
AP002738,VEND0070,2025-09-17,2025-11-01,,1544.32,0.0,USD,OPEN
AP002739,VEND0100,2024-01-21,2024-02-05,2024-02-06,5188.3,5188.3,USD,PAID
AP002740,VEND0009,2025-12-22,2026-02-05,2026-04-06,2575.96,2575.96,USD,PAID
AP002741,VEND0069,2025-11-01,2025-11-16,2025-12-22,1660.49,1660.49,USD,PAID
AP002742,VEND0092,2024-07-22,2024-08-21,2024-09-30,1742.87,1742.87,USD,PAID
AP002743,VEND0043,2024-08-22,2024-10-06,2024-11-12,1145.41,1145.41,USD,PAID
AP002744,VEND0002,2025-02-27,2025-03-29,2025-04-19,1916.28,1916.28,USD,PAID
AP002745,VEND0014,2024-02-06,2024-02-21,2024-04-18,87.4,87.4,USD,PAID
AP002746,VEND0021,2025-05-28,2025-07-27,2025-07-22,815.17,815.17,USD,PAID
AP002747,VEND0081,2024-10-16,2024-11-30,,1395.94,0.0,USD,OPEN
AP002748,VEND0096,2026-03-01,2026-03-31,,346.88,0.0,USD,OPEN
AP002749,VEND0095,2024-05-06,2024-07-05,2024-07-11,1613.76,1613.76,USD,PAID
AP002750,VEND0010,2026-06-16,2026-07-31,2026-07-30,893.84,893.84,USD,PAID
AP002751,VEND0096,2025-05-31,2025-07-30,,6345.34,0.0,USD,OPEN
AP002752,VEND0076,2026-04-30,2026-05-30,,5287.07,0.0,USD,OPEN
AP002753,VEND0078,2026-03-22,2026-05-21,,688.28,0.0,USD,OPEN
AP002754,VEND0066,2026-05-29,2026-07-13,2026-08-26,943.09,943.09,USD,PAID
AP002755,VEND0026,2026-01-31,2026-02-15,2026-04-04,1018.47,1018.47,USD,PAID
AP002756,VEND0049,2024-04-12,2024-05-27,2024-07-16,698.08,698.08,USD,PAID
AP002757,VEND0053,2024-10-25,2024-12-24,,1332.78,0.0,USD,OPEN
AP002758,VEND0065,2025-07-28,2025-09-11,2025-11-08,513.74,513.74,USD,PAID
AP002759,VEND0064,2024-09-07,2024-11-06,,354.03,0.0,USD,OPEN
AP002760,VEND0092,2026-01-15,2026-03-16,2026-05-14,2044.1,2044.1,USD,PAID
AP002761,VEND0004,2024-04-20,2024-06-19,,2058.08,0.0,USD,OPEN
AP002762,VEND0073,2025-02-10,2025-03-12,2025-05-02,490.63,490.63,USD,PAID
AP002763,VEND0013,2024-04-21,2024-06-05,2024-06-05,2684.78,2684.78,USD,PAID
AP002764,VEND0063,2025-07-28,2025-08-27,,583.14,0.0,USD,OPEN
AP002765,VEND0052,2025-08-30,2025-09-29,,1412.57,0.0,USD,OPEN
AP002766,VEND0008,2025-09-23,2025-11-22,2025-12-11,2490.76,2490.76,USD,PAID
AP002767,VEND0095,2026-02-24,2026-04-25,2026-05-24,1060.39,1060.39,USD,PAID
AP002768,VEND0089,2024-12-11,2025-01-10,,1728.04,0.0,USD,OPEN
AP002769,VEND0089,2025-08-01,2025-09-30,2025-10-24,654.3,654.3,USD,PAID
AP002770,VEND0084,2024-08-02,2024-10-01,2024-10-31,901.03,901.03,USD,PAID
AP002771,VEND0066,2024-08-29,2024-10-13,2024-12-03,892.6,892.6,USD,PAID
AP002772,VEND0090,2025-07-22,2025-08-06,2025-09-19,519.79,519.79,USD,PAID
AP002773,VEND0002,2024-03-20,2024-05-19,,918.94,0.0,USD,OPEN
AP002774,VEND0057,2024-06-14,2024-06-29,,233.08,0.0,USD,OPEN
AP002775,VEND0055,2026-06-09,2026-06-24,,671.05,0.0,USD,OPEN
AP002776,VEND0063,2025-05-22,2025-06-21,2025-08-17,824.79,824.79,USD,PAID
AP002777,VEND0016,2024-05-23,2024-07-22,2024-08-18,848.8,848.8,USD,PAID
AP002778,VEND0067,2025-03-21,2025-05-05,2025-05-29,861.35,861.35,USD,PAID
AP002779,VEND0019,2024-11-26,2025-01-10,2025-01-21,1030.95,1030.95,USD,PAID
AP002780,VEND0067,2024-10-24,2024-11-23,2024-12-30,1771.25,1771.25,USD,PAID
AP002781,VEND0043,2025-09-11,2025-10-26,2025-11-11,2629.42,2629.42,USD,PAID
AP002782,VEND0092,2026-08-07,2026-09-06,,572.63,0.0,USD,OPEN
AP002783,VEND0054,2026-04-29,2026-06-28,,329.24,0.0,USD,OPEN
AP002784,VEND0040,2024-07-02,2024-08-01,2024-07-22,386.82,386.82,USD,PAID
AP002785,VEND0013,2025-12-19,2026-01-18,,673.71,0.0,USD,OPEN
AP002786,VEND0080,2025-07-04,2025-09-02,2025-08-30,771.3,771.3,USD,PAID
AP002787,VEND0082,2025-04-24,2025-05-24,,507.76,0.0,USD,OPEN
AP002788,VEND0025,2025-07-26,2025-08-25,2025-08-16,300.03,300.03,USD,PAID
AP002789,VEND0075,2024-10-08,2024-11-22,2025-01-05,694.98,694.98,USD,PAID
AP002790,VEND0033,2026-01-16,2026-03-02,2026-04-12,1314.78,1314.78,USD,PAID
AP002791,VEND0020,2025-07-28,2025-08-27,,1988.29,0.0,USD,OPEN
AP002792,VEND0073,2024-04-15,2024-05-15,2024-06-07,628.02,628.02,USD,PAID
AP002793,VEND0043,2024-04-14,2024-05-14,2024-06-22,725.6,725.6,USD,PAID
AP002794,VEND0027,2025-08-12,2025-09-26,2025-11-15,434.11,434.11,USD,PAID
AP002795,VEND0012,2024-06-21,2024-07-06,2024-07-23,1062.69,1062.69,USD,PAID
AP002796,VEND0061,2026-08-09,2026-09-08,,469.45,0.0,USD,OPEN
AP002797,VEND0018,2026-06-14,2026-06-29,2026-06-25,1945.22,1945.22,USD,PAID
AP002798,VEND0042,2025-06-07,2025-08-06,2025-09-25,183.85,183.85,USD,PAID
AP002799,VEND0051,2024-11-05,2024-11-20,,765.38,0.0,USD,OPEN
AP002800,VEND0040,2025-01-21,2025-03-22,2025-04-26,1481.94,1481.94,USD,PAID
AP002801,VEND0022,2026-05-08,2026-06-22,2026-07-09,1317.95,1317.95,USD,PAID
AP002802,VEND0072,2026-08-26,2026-10-10,,16204.33,0.0,USD,OPEN
AP002803,VEND0088,2025-03-28,2025-05-27,2025-06-18,1555.89,1555.89,USD,PAID
AP002804,VEND0004,2024-05-03,2024-07-02,2024-07-14,401.8,401.8,USD,PAID
AP002805,VEND0094,2026-06-05,2026-07-20,2026-08-23,996.79,996.79,USD,PAID
AP002806,VEND0049,2025-03-10,2025-04-09,2025-04-23,185.63,185.63,USD,PAID
AP002807,VEND0026,2025-01-18,2025-02-17,2025-02-08,1011.71,1011.71,USD,PAID
AP002808,VEND0076,2025-03-28,2025-05-12,2025-05-02,476.73,476.73,USD,PAID
AP002809,VEND0048,2024-11-13,2024-12-28,,2739.12,0.0,USD,OPEN
AP002810,VEND0078,2026-07-26,2026-09-09,2026-08-31,632.99,632.99,USD,PAID
AP002811,VEND0051,2024-10-06,2024-10-21,2024-12-11,975.78,975.78,USD,PAID
AP002812,VEND0074,2024-02-14,2024-03-30,2024-03-27,580.82,580.82,USD,PAID
AP002813,VEND0078,2026-04-23,2026-05-08,2026-06-27,6240.72,6240.72,USD,PAID
AP002814,VEND0096,2025-10-09,2025-12-08,2026-01-27,795.33,795.33,USD,PAID
AP002815,VEND0004,2026-06-14,2026-06-29,,6853.79,0.0,USD,OPEN
AP002816,VEND0017,2025-09-19,2025-10-19,2025-10-31,2475.39,2475.39,USD,PAID
AP002817,VEND0008,2024-03-25,2024-05-24,2024-05-29,1775.91,1775.91,USD,PAID
AP002818,VEND0036,2025-03-30,2025-04-14,2025-06-12,1585.62,1585.62,USD,PAID
AP002819,VEND0043,2026-05-23,2026-06-22,2026-06-14,1625.87,1625.87,USD,PAID
AP002820,VEND0076,2026-05-07,2026-06-21,2026-07-02,159.55,159.55,USD,PAID
AP002821,VEND0054,2026-01-09,2026-02-23,2026-04-05,829.74,829.74,USD,PAID
AP002822,VEND0098,2026-05-07,2026-05-22,,2553.34,0.0,USD,OPEN
AP002823,VEND0023,2025-05-28,2025-06-27,2025-06-27,1044.3,1044.3,USD,PAID
AP002824,VEND0089,2025-03-30,2025-04-14,2025-04-29,269.03,269.03,USD,PAID
AP002825,VEND0096,2025-06-01,2025-07-31,,1040.64,0.0,USD,OPEN
AP002826,VEND0016,2026-05-12,2026-05-27,2026-06-30,6027.61,6027.61,USD,PAID
AP002827,VEND0073,2024-12-15,2025-02-13,2025-02-14,3815.75,3815.75,USD,PAID
AP002828,VEND0012,2026-08-10,2026-10-09,,1030.7,0.0,USD,OPEN
AP002829,VEND0076,2024-07-05,2024-07-20,,2839.69,0.0,USD,OPEN
AP002830,VEND0028,2025-10-03,2025-10-18,2025-10-09,760.13,760.13,USD,PAID
AP002831,VEND0040,2025-10-15,2025-11-29,2025-12-20,199.56,199.56,USD,PAID
AP002832,VEND0040,2026-05-07,2026-06-06,2026-06-12,435.08,435.08,USD,PAID
AP002833,VEND0036,2024-02-24,2024-04-24,2024-05-06,5233.78,5233.78,USD,PAID
AP002834,VEND0035,2024-05-23,2024-07-07,2024-07-21,833.81,833.81,USD,PAID
AP002835,VEND0038,2026-06-23,2026-07-23,,859.73,0.0,USD,OPEN
AP002836,VEND0046,2024-09-22,2024-11-21,2025-01-12,812.54,812.54,USD,PAID
AP002837,VEND0058,2025-08-15,2025-09-29,2025-11-24,7362.37,7362.37,USD,PAID
AP002838,VEND0075,2026-04-29,2026-05-29,,5574.51,0.0,USD,OPEN
AP002839,VEND0090,2025-01-29,2025-02-28,2025-03-16,10084.76,10084.76,USD,PAID
AP002840,VEND0027,2025-03-20,2025-05-04,2025-05-30,935.38,935.38,USD,PAID
AP002841,VEND0099,2024-12-16,2025-01-30,,1473.84,0.0,USD,OPEN
AP002842,VEND0034,2024-08-03,2024-09-17,,240.65,0.0,USD,OPEN
AP002843,VEND0061,2024-02-02,2024-02-17,2024-03-01,4802.7,4802.7,USD,PAID
AP002844,VEND0073,2024-05-23,2024-07-22,2024-08-28,341.12,341.12,USD,PAID
AP002845,VEND0081,2025-01-21,2025-02-05,2025-02-08,1362.09,1362.09,USD,PAID
AP002846,VEND0061,2025-01-02,2025-01-17,,366.02,0.0,USD,OPEN
AP002847,VEND0024,2024-12-08,2025-01-22,2025-01-24,608.58,608.58,USD,PAID
AP002848,VEND0070,2026-07-24,2026-09-07,,474.73,0.0,USD,OPEN
AP002849,VEND0076,2024-07-09,2024-07-24,2024-09-10,597.12,597.12,USD,PAID
AP002850,VEND0032,2025-08-12,2025-10-11,2025-11-30,639.62,639.62,USD,PAID
AP002851,VEND0087,2024-09-15,2024-10-30,2024-12-20,633.8,633.8,USD,PAID
AP002852,VEND0030,2025-02-14,2025-03-31,,2523.33,0.0,USD,OPEN
AP002853,VEND0074,2026-02-20,2026-03-07,2026-03-31,363.27,363.27,USD,PAID
AP002854,VEND0022,2025-02-14,2025-03-01,,1367.23,0.0,USD,OPEN
AP002855,VEND0026,2026-08-02,2026-09-16,,3706.93,0.0,USD,OPEN
AP002856,VEND0043,2026-09-01,2026-10-01,,656.42,0.0,USD,OPEN
AP002857,VEND0099,2026-03-18,2026-04-02,2026-05-01,534.9,534.9,USD,PAID
AP002858,VEND0059,2024-05-24,2024-07-08,2024-07-19,870.85,870.85,USD,PAID
AP002859,VEND0023,2024-01-01,2024-01-31,,3567.87,0.0,USD,OPEN
AP002860,VEND0031,2024-11-04,2024-12-19,,1331.56,0.0,USD,OPEN
AP002861,VEND0020,2026-05-28,2026-06-27,2026-07-18,644.7,644.7,USD,PAID
AP002862,VEND0021,2025-12-02,2026-01-16,,1779.12,0.0,USD,OPEN
AP002863,VEND0090,2024-12-18,2025-01-02,2025-02-11,364.2,364.2,USD,PAID
AP002864,VEND0091,2024-08-05,2024-10-04,2024-11-22,2167.56,2167.56,USD,PAID
AP002865,VEND0098,2024-09-05,2024-09-20,2024-10-20,1650.13,1650.13,USD,PAID
AP002866,VEND0037,2026-08-15,2026-09-14,,806.09,0.0,USD,OPEN
AP002867,VEND0010,2026-04-19,2026-06-18,2026-08-15,474.1,474.1,USD,PAID
AP002868,VEND0029,2024-12-21,2025-02-19,2025-02-12,451.84,451.84,USD,PAID
AP002869,VEND0047,2026-06-25,2026-07-25,2026-08-31,1872.1,1872.1,USD,PAID
AP002870,VEND0010,2024-12-14,2024-12-29,2025-02-07,3748.01,3748.01,USD,PAID
AP002871,VEND0025,2025-10-23,2025-11-22,,579.81,0.0,USD,OPEN
AP002872,VEND0044,2024-02-15,2024-03-16,2024-03-17,1734.35,1734.35,USD,PAID
AP002873,VEND0040,2025-01-28,2025-02-27,2025-03-25,136.04,136.04,USD,PAID
AP002874,VEND0054,2025-01-31,2025-04-01,,611.17,0.0,USD,OPEN
AP002875,VEND0014,2024-07-02,2024-08-01,2024-09-26,1063.1,1063.1,USD,PAID
AP002876,VEND0084,2025-04-21,2025-05-06,2025-05-08,441.56,441.56,USD,PAID
AP002877,VEND0021,2026-06-02,2026-08-01,2026-07-23,429.87,429.87,USD,PAID
AP002878,VEND0088,2024-11-22,2024-12-22,2025-01-30,562.4,562.4,USD,PAID
AP002879,VEND0055,2025-04-10,2025-04-25,2025-06-05,1468.79,1468.79,USD,PAID
AP002880,VEND0095,2026-02-28,2026-03-15,2026-04-07,909.3,909.3,USD,PAID
AP002881,VEND0065,2025-10-11,2025-10-26,2025-12-12,116.95,116.95,USD,PAID
AP002882,VEND0047,2025-01-16,2025-03-17,2025-05-14,131.54,131.54,USD,PAID
AP002883,VEND0098,2024-04-24,2024-05-24,2024-07-21,597.73,597.73,USD,PAID
AP002884,VEND0044,2025-01-27,2025-02-11,,1733.13,0.0,USD,OPEN
AP002885,VEND0079,2026-08-28,2026-10-12,,70.28,0.0,USD,OPEN
AP002886,VEND0037,2026-01-15,2026-03-16,2026-05-04,665.32,665.32,USD,PAID
AP002887,VEND0047,2024-02-10,2024-02-25,2024-04-13,647.91,647.91,USD,PAID
AP002888,VEND0087,2024-02-21,2024-04-06,2024-05-09,4395.51,4395.51,USD,PAID
AP002889,VEND0038,2024-10-30,2024-11-14,2024-11-26,746.19,746.19,USD,PAID
AP002890,VEND0042,2024-12-31,2025-03-01,,1608.39,0.0,USD,OPEN
AP002891,VEND0094,2024-10-31,2024-11-15,2024-12-20,1263.02,1263.02,USD,PAID
AP002892,VEND0011,2024-02-07,2024-04-07,,130.25,0.0,USD,OPEN
AP002893,VEND0019,2025-07-01,2025-07-16,,2364.23,0.0,USD,OPEN
AP002894,VEND0045,2025-10-10,2025-12-09,2026-01-03,1360.21,1360.21,USD,PAID
AP002895,VEND0073,2025-04-14,2025-05-14,2025-07-10,1823.05,1823.05,USD,PAID
AP002896,VEND0048,2025-04-14,2025-04-29,,55616.64,0.0,USD,OPEN
AP002897,VEND0049,2024-02-09,2024-03-10,2024-03-12,136.44,136.44,USD,PAID
AP002898,VEND0055,2025-06-08,2025-06-23,2025-07-21,6153.01,6153.01,USD,PAID
AP002899,VEND0096,2025-02-14,2025-03-01,,822.67,0.0,USD,OPEN
AP002900,VEND0015,2024-09-20,2024-10-05,2024-11-19,1461.66,1461.66,USD,PAID
AP002901,VEND0079,2026-03-23,2026-04-22,2026-05-20,1047.84,1047.84,USD,PAID
AP002902,VEND0048,2025-06-10,2025-07-10,2025-07-06,717.49,717.49,USD,PAID
AP002903,VEND0056,2025-08-10,2025-10-09,,620.28,0.0,USD,OPEN
AP002904,VEND0078,2024-10-08,2024-11-07,2024-11-02,1524.63,1524.63,USD,PAID
AP002905,VEND0001,2025-02-12,2025-03-14,2025-04-07,240.53,240.53,USD,PAID
AP002906,VEND0054,2025-02-20,2025-03-22,,2322.92,0.0,USD,OPEN
AP002907,VEND0077,2025-11-03,2025-12-03,2026-01-21,723.29,723.29,USD,PAID
AP002908,VEND0029,2026-03-20,2026-05-04,,354.22,0.0,USD,OPEN
AP002909,VEND0079,2024-01-19,2024-03-04,,699.24,0.0,USD,OPEN
AP002910,VEND0070,2024-10-21,2024-12-20,2025-01-21,3855.09,3855.09,USD,PAID
AP002911,VEND0044,2025-02-02,2025-04-03,2025-03-25,642.05,642.05,USD,PAID
AP002912,VEND0020,2024-12-14,2025-01-28,2025-03-15,1569.41,1569.41,USD,PAID
AP002913,VEND0090,2025-04-18,2025-06-17,,527.97,0.0,USD,OPEN
AP002914,VEND0085,2024-06-23,2024-08-22,2024-08-16,2340.04,2340.04,USD,PAID
AP002915,VEND0011,2026-05-22,2026-06-06,2026-07-10,2176.57,2176.57,USD,PAID
AP002916,VEND0058,2024-07-31,2024-09-14,2024-10-14,6964.69,6964.69,USD,PAID
AP002917,VEND0080,2025-11-21,2026-01-20,,920.06,0.0,USD,OPEN
AP002918,VEND0054,2025-08-21,2025-09-20,2025-11-04,2140.2,2140.2,USD,PAID
AP002919,VEND0072,2026-02-22,2026-03-09,2026-04-04,1209.63,1209.63,USD,PAID
AP002920,VEND0069,2026-01-31,2026-04-01,2026-05-09,4007.3,4007.3,USD,PAID
AP002921,VEND0013,2024-05-14,2024-07-13,2024-07-18,534.41,534.41,USD,PAID
AP002922,VEND0015,2025-02-09,2025-03-11,,2310.01,0.0,USD,OPEN
AP002923,VEND0021,2025-08-07,2025-09-21,,902.62,0.0,USD,OPEN
AP002924,VEND0097,2026-02-24,2026-04-25,2026-05-30,1028.45,1028.45,USD,PAID
AP002925,VEND0041,2024-08-10,2024-10-09,2024-11-03,1202.01,1202.01,USD,PAID
AP002926,VEND0065,2026-02-27,2026-04-13,2026-05-13,1411.26,1411.26,USD,PAID
AP002927,VEND0052,2025-07-02,2025-08-31,,976.3,0.0,USD,OPEN
AP002928,VEND0021,2025-05-21,2025-07-20,2025-09-05,1359.28,1359.28,USD,PAID
AP002929,VEND0069,2026-08-04,2026-09-03,2026-08-24,5314.1,5314.1,USD,PAID
AP002930,VEND0088,2026-04-29,2026-06-13,2026-06-25,2937.9,2937.9,USD,PAID
AP002931,VEND0054,2026-07-18,2026-08-02,,2615.35,0.0,USD,OPEN
AP002932,VEND0018,2025-02-24,2025-03-26,2025-04-13,695.38,695.38,USD,PAID
AP002933,VEND0003,2025-09-16,2025-10-01,2025-11-12,450.68,450.68,USD,PAID
AP002934,VEND0081,2024-11-28,2024-12-28,,2850.64,0.0,USD,OPEN
AP002935,VEND0096,2025-04-28,2025-05-13,2025-05-05,2633.44,2633.44,USD,PAID
AP002936,VEND0021,2025-09-07,2025-11-06,2025-11-20,4782.27,4782.27,USD,PAID
AP002937,VEND0023,2025-04-13,2025-05-28,2025-06-17,599.45,599.45,USD,PAID
AP002938,VEND0009,2025-04-28,2025-05-28,2025-06-24,871.71,871.71,USD,PAID
AP002939,VEND0060,2026-07-04,2026-07-19,,212.83,0.0,USD,OPEN
AP002940,VEND0031,2025-04-15,2025-05-15,2025-06-30,740.65,740.65,USD,PAID
AP002941,VEND0083,2026-03-26,2026-04-25,2026-06-18,2970.75,2970.75,USD,PAID
AP002942,VEND0032,2024-04-23,2024-06-07,2024-06-17,687.8,687.8,USD,PAID
AP002943,VEND0005,2025-04-18,2025-05-03,,2080.74,0.0,USD,OPEN
AP002944,VEND0050,2025-11-29,2026-01-28,2026-03-19,906.41,906.41,USD,PAID
AP002945,VEND0016,2024-03-13,2024-05-12,2024-07-09,1516.34,1516.34,USD,PAID
AP002946,VEND0038,2026-01-02,2026-01-17,2026-01-14,348.04,348.04,USD,PAID
AP002947,VEND0047,2026-04-11,2026-06-10,2026-06-05,1194.17,1194.17,USD,PAID
AP002948,VEND0014,2025-02-13,2025-04-14,2025-04-19,55.08,55.08,USD,PAID
AP002949,VEND0093,2024-05-29,2024-07-13,2024-07-17,909.69,909.69,USD,PAID
AP002950,VEND0019,2024-06-22,2024-08-06,2024-09-08,214.76,214.76,USD,PAID
AP002951,VEND0034,2026-07-23,2026-08-22,,3662.84,0.0,USD,OPEN
AP002952,VEND0059,2024-04-09,2024-05-24,2024-05-23,2386.08,2386.08,USD,PAID
AP002953,VEND0044,2026-07-09,2026-09-07,,1748.78,0.0,USD,OPEN
AP002954,VEND0090,2024-10-29,2024-12-28,2025-02-13,5019.1,5019.1,USD,PAID
AP002955,VEND0019,2024-09-21,2024-11-05,2024-11-12,424.57,424.57,USD,PAID
AP002956,VEND0048,2025-06-18,2025-08-02,,6294.07,0.0,USD,OPEN
AP002957,VEND0092,2025-07-31,2025-09-14,2025-10-13,2785.52,2785.52,USD,PAID
AP002958,VEND0087,2024-06-11,2024-07-26,2024-09-10,865.62,865.62,USD,PAID
AP002959,VEND0019,2024-10-28,2024-11-27,2024-12-03,3413.93,3413.93,USD,PAID
AP002960,VEND0082,2025-09-14,2025-10-29,2025-11-20,362.75,362.75,USD,PAID
AP002961,VEND0019,2024-08-21,2024-09-05,2024-10-03,480.82,480.82,USD,PAID
AP002962,VEND0096,2025-08-21,2025-09-05,2025-10-30,596.7,596.7,USD,PAID
AP002963,VEND0045,2026-06-10,2026-08-09,2026-08-20,646.14,646.14,USD,PAID
AP002964,VEND0041,2025-10-21,2025-11-20,2026-01-13,381.25,381.25,USD,PAID
AP002965,VEND0083,2025-06-19,2025-08-03,2025-09-24,3725.97,3725.97,USD,PAID
AP002966,VEND0049,2024-06-22,2024-08-21,,846.53,0.0,USD,OPEN
AP002967,VEND0027,2024-01-15,2024-01-30,2024-02-28,1560.1,1560.1,USD,PAID
AP002968,VEND0084,2024-08-17,2024-09-16,2024-09-21,619.96,619.96,USD,PAID
AP002969,VEND0096,2024-07-20,2024-09-03,2024-08-25,177.58,177.58,USD,PAID
AP002970,VEND0086,2026-05-16,2026-06-15,2026-07-21,1436.63,1436.63,USD,PAID
AP002971,VEND0065,2024-02-03,2024-04-03,2024-05-05,162.02,162.02,USD,PAID
AP002972,VEND0095,2024-03-09,2024-04-23,2024-06-20,1023.89,1023.89,USD,PAID
AP002973,VEND0058,2025-07-04,2025-07-19,2025-07-16,279.13,279.13,USD,PAID
AP002974,VEND0095,2025-08-03,2025-09-02,,8000.63,0.0,USD,OPEN
AP002975,VEND0092,2024-07-06,2024-08-05,,2728.11,0.0,USD,OPEN
AP002976,VEND0078,2025-04-12,2025-05-12,,1218.96,0.0,USD,OPEN
AP002977,VEND0025,2024-09-29,2024-11-13,,3880.45,0.0,USD,OPEN
AP002978,VEND0067,2026-01-20,2026-02-04,2026-02-10,470.45,470.45,USD,PAID
AP002979,VEND0032,2024-11-06,2024-11-21,,1888.39,0.0,USD,OPEN
AP002980,VEND0007,2025-08-22,2025-10-21,2025-12-18,1339.18,1339.18,USD,PAID
AP002981,VEND0015,2024-11-22,2024-12-07,,1427.99,0.0,USD,OPEN
AP002982,VEND0070,2025-03-28,2025-04-12,2025-04-14,3914.15,3914.15,USD,PAID
AP002983,VEND0073,2025-08-26,2025-09-25,2025-10-23,2281.28,2281.28,USD,PAID
AP002984,VEND0093,2024-01-10,2024-03-10,2024-03-14,1463.7,1463.7,USD,PAID
AP002985,VEND0076,2026-06-26,2026-08-25,,209.58,0.0,USD,OPEN
AP002986,VEND0097,2026-04-05,2026-06-04,2026-06-26,419.87,419.87,USD,PAID
AP002987,VEND0043,2025-02-20,2025-04-06,2025-04-18,970.0,970.0,USD,PAID
AP002988,VEND0034,2025-06-03,2025-08-02,2025-08-30,1203.96,1203.96,USD,PAID
AP002989,VEND0040,2026-06-07,2026-07-07,2026-08-30,354.18,354.18,USD,PAID
AP002990,VEND0097,2025-10-02,2025-12-01,,12230.36,0.0,USD,OPEN
AP002991,VEND0066,2026-08-26,2026-09-25,,4996.01,0.0,USD,OPEN
AP002992,VEND0009,2025-04-26,2025-06-25,,2002.43,0.0,USD,OPEN
AP002993,VEND0057,2026-02-17,2026-04-18,2026-04-20,1178.55,1178.55,USD,PAID
AP002994,VEND0014,2024-12-16,2025-01-15,,886.95,0.0,USD,OPEN
AP002995,VEND0065,2026-02-20,2026-03-22,,423.3,0.0,USD,OPEN
AP002996,VEND0014,2024-11-08,2024-12-23,2025-02-11,1184.98,1184.98,USD,PAID
AP002997,VEND0074,2025-12-02,2026-01-16,2026-02-01,1419.06,1419.06,USD,PAID
AP002998,VEND0099,2025-11-19,2025-12-19,2026-01-02,316.79,316.79,USD,PAID
AP002999,VEND0042,2025-02-09,2025-03-11,2025-03-21,1531.77,1531.77,USD,PAID
AP003000,VEND0100,2025-06-12,2025-08-11,2025-09-23,938.93,938.93,USD,PAID
