invoice_id,customer_id,invoice_date,due_date,payment_date,invoice_amount,payment_amount,currency,status
AR000001,CUST00141,2025-10-16,2025-10-31,,2827.2,2827.2,USD,OPEN
AR000002,CUST00053,2024-09-07,2024-10-07,,1596.49,0.0,USD,OPEN
AR000003,CUST00016,2025-11-23,2025-12-08,2025-11-27,3238.68,3238.68,USD,PAID
AR000004,CUST00288,2024-04-05,2024-05-05,2024-04-23,7120.45,7120.45,USD,PAID
AR000005,CUST00143,2024-07-22,2024-09-20,2024-11-19,1464.49,1464.49,USD,PAID
AR000006,CUST00358,2026-04-08,2026-04-23,2026-04-28,1464.51,1464.51,USD,PAID
AR000007,CUST00491,2025-03-08,2025-04-22,2025-05-04,7489.76,7489.76,USD,PAID
AR000008,CUST00195,2026-02-20,2026-04-06,,3607.21,0.0,USD,OPEN
AR000009,CUST00414,2024-04-09,2024-05-24,2024-06-11,1184.97,1184.97,USD,PAID
AR000010,CUST00041,2024-02-14,2024-04-14,2024-05-17,2946.3,2946.3,USD,PAID
AR000011,CUST00296,2025-07-19,2025-09-02,2025-10-03,1191.45,1191.45,USD,PAID
AR000012,CUST00117,2024-07-15,2024-07-30,,1188.97,0.0,USD,OPEN
AR000013,CUST00444,2026-03-02,2026-04-16,2026-04-30,2247.93,2247.93,USD,PAID
AR000014,CUST00084,2024-04-13,2024-06-12,2024-07-13,323.13,323.13,USD,PAID
AR000015,CUST00360,2025-01-14,2025-02-28,2025-03-19,382.82,382.82,USD,PAID
AR000016,CUST00274,2026-08-17,2026-09-01,,1090.01,0.0,USD,OPEN
AR000017,CUST00195,2026-01-16,2026-02-15,,726.66,0.0,USD,OPEN
AR000018,CUST00118,2024-10-03,2024-11-02,2024-10-25,2399.04,2399.04,USD,PAID
AR000019,CUST00138,2026-04-21,2026-05-06,2026-06-11,798.53,798.53,USD,PAID
AR000020,CUST00449,2024-03-08,2024-04-07,2024-06-03,507.21,507.21,USD,PAID
AR000021,CUST00203,2026-01-05,2026-02-19,2026-04-08,6762.07,6762.07,USD,PAID
AR000022,CUST00072,2026-06-24,2026-08-23,,1475.57,0.0,USD,OPEN
AR000023,CUST00460,2024-09-09,2024-10-24,2024-12-02,1921.33,1921.33,USD,PAID
AR000024,CUST00261,2025-08-20,2025-10-19,2025-10-21,501.56,501.56,USD,PAID
AR000025,CUST00079,2025-05-20,2025-06-04,2025-06-03,1107.72,1107.72,USD,PAID
AR000026,CUST00306,2025-10-04,2025-11-03,2025-12-12,1997.86,1997.86,USD,PAID
AR000027,CUST00271,2024-03-06,2024-05-05,2024-06-18,641.69,641.69,USD,PAID
AR000028,CUST00350,2024-09-14,2024-09-29,2024-09-28,2535.45,2535.45,USD,PAID
AR000029,CUST00058,2026-06-25,2026-08-09,,1053.03,0.0,USD,OPEN
AR000030,CUST00002,2024-10-27,2024-12-26,,1390.58,0.0,USD,OPEN
AR000031,CUST00260,2026-01-09,2026-02-23,2026-03-02,1052.02,1052.02,USD,PAID
AR000032,CUST00431,2026-07-23,2026-08-07,2026-08-30,9576.34,9576.34,USD,PAID
AR000033,CUST00391,2025-10-16,2025-11-15,,1786.21,0.0,USD,OPEN
AR000034,CUST00010,2024-06-14,2024-06-29,2024-08-15,697.89,697.89,USD,PAID
AR000035,CUST00123,2024-04-24,2024-06-08,2024-07-02,3790.64,3790.64,USD,PAID
AR000036,CUST00044,2024-02-29,2024-03-30,2024-03-25,602.59,602.59,USD,PAID
AR000037,CUST00393,2026-01-19,2026-03-20,2026-05-12,2181.96,2181.96,USD,PAID
AR000038,CUST00085,2024-05-08,2024-06-07,2024-08-01,309.91,309.91,USD,PAID
AR000039,CUST00387,2024-09-28,2024-11-27,2025-01-20,547.1,547.1,USD,PAID
AR000040,CUST00344,2026-01-17,2026-02-16,2026-03-24,2158.51,2158.51,USD,PAID
AR000041,CUST00232,2025-10-27,2025-12-11,2026-01-31,3514.39,3514.39,USD,PAID
AR000042,CUST00011,2024-05-03,2024-06-02,2024-06-30,2109.55,2109.55,USD,PAID
AR000043,CUST00037,2025-08-25,2025-09-24,2025-09-09,1629.32,1629.32,USD,PAID
AR000044,CUST00441,2025-12-25,2026-01-09,2025-12-29,1378.85,1378.85,USD,PAID
AR000045,CUST00343,2024-12-04,2024-12-19,2025-01-08,477.87,477.87,USD,PAID
AR000046,CUST00296,2025-05-12,2025-06-11,2025-08-08,945.9,945.9,USD,PAID
AR000047,CUST00098,2025-04-29,2025-05-29,2025-07-05,1194.43,1194.43,USD,PAID
AR000048,CUST00217,2024-04-06,2024-04-21,2024-05-21,4681.67,4681.67,USD,PAID
AR000049,CUST00345,2025-02-24,2025-04-25,2025-04-16,2463.3,2463.3,USD,PAID
AR000050,CUST00373,2025-10-31,2025-11-15,,369.91,0.0,USD,OPEN
AR000051,CUST00275,2024-12-13,2024-12-28,2025-01-06,2420.37,2420.37,USD,PAID
AR000052,CUST00237,2025-04-04,2025-05-04,2025-05-24,1278.48,1278.48,USD,PAID
AR000053,CUST00051,2024-09-12,2024-09-27,2024-11-21,983.16,983.16,USD,PAID
AR000054,CUST00086,2024-02-21,2024-03-07,2024-03-22,3135.39,3135.39,USD,PAID
AR000055,CUST00463,2025-02-20,2025-04-21,2025-05-27,4572.88,4572.88,USD,PAID
AR000056,CUST00136,2024-03-01,2024-03-31,2024-05-04,4180.36,4180.36,USD,PAID
AR000057,CUST00339,2026-08-06,2026-10-05,,849.55,0.0,USD,OPEN
AR000058,CUST00152,2026-01-05,2026-03-06,,1368.83,0.0,USD,OPEN
AR000059,CUST00032,2024-08-10,2024-08-25,2024-10-18,2436.06,2436.06,USD,PAID
AR000060,CUST00300,2026-02-04,2026-03-21,,4350.26,0.0,USD,OPEN
AR000061,CUST00261,2025-05-03,2025-06-02,,1174.67,0.0,USD,OPEN
AR000062,CUST00035,2024-03-23,2024-04-22,,1529.82,0.0,USD,OPEN
AR000063,CUST00127,2025-11-22,2025-12-22,2026-02-17,668.01,668.01,USD,PAID
AR000064,CUST00337,2025-08-15,2025-08-30,2025-10-07,616.1,616.1,USD,PAID
AR000065,CUST00343,2025-08-20,2025-10-04,2025-10-15,3756.61,3756.61,USD,PAID
AR000066,CUST00068,2026-01-03,2026-02-17,2026-03-24,6127.95,6127.95,USD,PAID
AR000067,CUST00005,2025-11-18,2026-01-02,2025-12-27,1694.58,1694.58,USD,PAID
AR000068,CUST00110,2025-04-14,2025-04-29,,4461.23,0.0,USD,OPEN
AR000069,CUST00179,2025-06-02,2025-07-17,,2503.57,0.0,USD,OPEN
AR000070,CUST00146,2026-06-21,2026-07-06,2026-08-07,1011.7,1011.7,USD,PAID
AR000071,CUST00314,2024-06-10,2024-08-09,2024-09-01,2503.03,2503.03,USD,PAID
AR000072,CUST00154,2026-04-06,2026-04-21,2026-06-15,7217.28,7217.28,USD,PAID
AR000073,CUST00136,2026-08-12,2026-08-27,2026-08-29,1750.67,1750.67,USD,PAID
AR000074,CUST00140,2024-04-28,2024-05-13,2024-05-17,7392.19,7392.19,USD,PAID
AR000075,CUST00352,2024-10-15,2024-11-14,2024-11-25,171.1,171.1,USD,PAID
AR000076,CUST00464,2025-10-11,2025-11-25,2025-12-12,3788.45,3788.45,USD,PAID
AR000077,CUST00217,2026-07-18,2026-08-02,,1955.38,0.0,USD,OPEN
AR000078,CUST00171,2026-04-29,2026-06-13,,1381.46,0.0,USD,OPEN
AR000079,CUST00083,2026-02-28,2026-03-30,2026-04-17,1963.7,1963.7,USD,PAID
AR000080,CUST00288,2026-01-29,2026-03-30,2026-05-08,302.23,302.23,USD,PAID
AR000081,CUST00453,2024-01-10,2024-01-25,,1483.7,0.0,USD,OPEN
AR000082,CUST00299,2025-12-08,2026-01-07,2026-02-08,2493.4,2493.4,USD,PAID
AR000083,CUST00158,2025-07-19,2025-08-18,2025-08-08,6837.0,6837.0,USD,PAID
AR000084,CUST00350,2025-01-08,2025-01-23,2025-02-03,1134.06,1134.06,USD,PAID
AR000085,CUST00453,2024-09-12,2024-09-27,2024-11-22,873.37,873.37,USD,PAID
AR000086,CUST00474,2026-06-14,2026-08-13,2026-08-17,1151.04,1151.04,USD,PAID
AR000087,CUST00452,2026-08-10,2026-09-09,,4121.04,0.0,USD,OPEN
AR000088,CUST00474,2025-02-26,2025-03-13,,2430.56,0.0,USD,OPEN
AR000089,CUST00137,2024-12-06,2025-02-04,2025-02-20,1122.39,1122.39,USD,PAID
AR000090,CUST00440,2024-06-12,2024-06-27,2024-06-16,2869.64,2869.64,USD,PAID
AR000091,CUST00471,2025-04-26,2025-05-26,,1973.12,0.0,USD,OPEN
AR000092,CUST00115,2025-04-16,2025-05-31,2025-06-14,4323.33,4323.33,USD,PAID
AR000093,CUST00443,2024-01-25,2024-02-24,2024-03-15,961.17,961.17,USD,PAID
AR000094,CUST00205,2024-03-12,2024-04-26,2024-06-15,1346.28,1346.28,USD,PAID
AR000095,CUST00450,2025-11-26,2026-01-10,2026-01-09,1270.42,1270.42,USD,PAID
AR000096,CUST00020,2024-09-24,2024-10-24,2024-11-11,484.36,484.36,USD,PAID
AR000097,CUST00224,2024-04-21,2024-06-20,2024-07-15,2360.22,2360.22,USD,PAID
AR000098,CUST00098,2025-09-12,2025-09-27,2025-11-24,2286.89,2286.89,USD,PAID
AR000099,CUST00267,2024-09-17,2024-10-02,2024-09-17,1816.38,1816.38,USD,PAID
AR000100,CUST00486,2026-08-05,2026-09-04,2026-08-28,1463.92,1463.92,USD,PAID
AR000101,CUST00369,2025-11-11,2025-12-26,2025-12-26,505.81,505.81,USD,PAID
AR000102,CUST00168,2026-07-10,2026-08-24,,1238.21,0.0,USD,OPEN
AR000103,CUST00216,2025-02-16,2025-04-02,2025-04-11,1328.17,1328.17,USD,PAID
AR000104,CUST00316,2025-11-11,2026-01-10,2026-01-17,878.27,878.27,USD,PAID
AR000105,CUST00156,2025-08-05,2025-09-19,2025-09-04,1563.75,1563.75,USD,PAID
AR000106,CUST00311,2024-10-20,2024-11-19,2025-01-17,2600.99,2600.99,USD,PAID
AR000107,CUST00346,2025-11-01,2025-12-16,2026-01-26,9873.08,9873.08,USD,PAID
AR000108,CUST00338,2024-08-06,2024-10-05,2024-10-11,2115.66,2115.66,USD,PAID
AR000109,CUST00048,2024-03-27,2024-05-11,2024-06-07,2279.69,2279.69,USD,PAID
AR000110,CUST00413,2026-04-18,2026-05-18,2026-05-31,1690.87,1690.87,USD,PAID
AR000111,CUST00126,2024-07-22,2024-08-21,,321.53,0.0,USD,OPEN
AR000112,CUST00100,2025-05-01,2025-05-16,2025-07-13,1765.41,1765.41,USD,PAID
AR000113,CUST00076,2026-01-05,2026-03-06,2026-03-22,1908.76,1908.76,USD,PAID
AR000114,CUST00399,2025-11-02,2025-11-17,2025-11-15,16596.02,16596.02,USD,PAID
AR000115,CUST00491,2025-03-11,2025-04-10,,1520.62,0.0,USD,OPEN
AR000116,CUST00128,2025-12-13,2026-02-11,,2371.77,0.0,USD,OPEN
AR000117,CUST00342,2026-07-28,2026-08-12,,1752.43,0.0,USD,OPEN
AR000118,CUST00314,2025-06-27,2025-08-11,2025-09-21,631.56,631.56,USD,PAID
AR000119,CUST00229,2026-04-14,2026-06-13,2026-08-07,5057.06,5057.06,USD,PAID
AR000120,CUST00231,2026-07-07,2026-08-06,,3557.24,0.0,USD,OPEN
AR000121,CUST00393,2024-09-22,2024-10-22,2024-11-11,3684.64,3684.64,USD,PAID
AR000122,CUST00226,2026-03-07,2026-05-06,2026-05-26,797.56,797.56,USD,PAID
AR000123,CUST00164,2024-03-20,2024-05-04,2024-05-31,6390.16,6390.16,USD,PAID
AR000124,CUST00119,2026-07-03,2026-07-18,,512.0,0.0,USD,OPEN
AR000125,CUST00213,2025-01-27,2025-02-26,2025-02-19,3066.13,3066.13,USD,PAID
AR000126,CUST00032,2025-02-21,2025-04-07,2025-05-15,12983.18,12983.18,USD,PAID
AR000127,CUST00485,2024-07-30,2024-09-28,2024-11-26,741.38,741.38,USD,PAID
AR000128,CUST00195,2025-12-13,2025-12-28,2026-02-24,1086.08,1086.08,USD,PAID
AR000129,CUST00386,2025-05-03,2025-05-18,2025-06-10,1977.69,1977.69,USD,PAID
AR000130,CUST00410,2025-02-03,2025-04-04,2025-05-28,1149.26,1149.26,USD,PAID
AR000131,CUST00224,2025-09-09,2025-10-09,2025-10-28,447.83,447.83,USD,PAID
AR000132,CUST00371,2025-05-12,2025-05-27,2025-07-02,1923.12,1923.12,USD,PAID
AR000133,CUST00014,2024-06-18,2024-08-17,2024-10-09,695.01,695.01,USD,PAID
AR000134,CUST00043,2026-07-17,2026-09-15,,2768.98,0.0,USD,OPEN
AR000135,CUST00237,2025-10-20,2025-12-19,,790.38,0.0,USD,OPEN
AR000136,CUST00109,2024-07-05,2024-07-20,2024-08-15,7294.97,7294.97,USD,PAID
AR000137,CUST00143,2025-04-10,2025-05-25,2025-06-27,893.43,893.43,USD,PAID
AR000138,CUST00241,2026-02-09,2026-04-10,2026-04-05,1353.09,1353.09,USD,PAID
AR000139,CUST00115,2024-01-20,2024-02-04,2024-03-04,3759.97,3759.97,USD,PAID
AR000140,CUST00387,2025-10-27,2025-11-11,2025-11-01,597.18,597.18,USD,PAID
AR000141,CUST00011,2024-02-01,2024-03-02,,2218.78,0.0,USD,OPEN
AR000142,CUST00343,2025-09-28,2025-10-28,2025-12-12,5863.07,5863.07,USD,PAID
AR000143,CUST00393,2024-04-27,2024-05-27,2024-06-13,425.5,425.5,USD,PAID
AR000144,CUST00399,2025-01-12,2025-02-11,2025-02-10,2134.89,2134.89,USD,PAID
AR000145,CUST00297,2026-04-18,2026-05-18,2026-05-16,2284.48,2284.48,USD,PAID
AR000146,CUST00204,2024-01-27,2024-03-12,2024-04-14,3654.23,3654.23,USD,PAID
AR000147,CUST00354,2026-08-22,2026-09-21,,593.92,0.0,USD,OPEN
AR000148,CUST00396,2026-04-30,2026-05-30,,550.92,0.0,USD,OPEN
AR000149,CUST00401,2024-11-04,2024-11-19,2025-01-15,2892.13,2892.13,USD,PAID
AR000150,CUST00036,2024-02-12,2024-03-28,2024-04-29,2362.05,2362.05,USD,PAID
AR000151,CUST00216,2025-06-02,2025-07-17,,2265.26,0.0,USD,OPEN
AR000152,CUST00492,2026-04-22,2026-06-21,,2469.58,0.0,USD,OPEN
AR000153,CUST00091,2025-01-05,2025-03-06,2025-04-15,980.42,980.42,USD,PAID
AR000154,CUST00397,2026-01-21,2026-03-07,2026-04-29,2228.38,2228.38,USD,PAID
AR000155,CUST00138,2025-05-10,2025-07-09,2025-09-07,2353.75,2353.75,USD,PAID
AR000156,CUST00143,2024-11-26,2024-12-26,2024-12-22,950.59,950.59,USD,PAID
AR000157,CUST00292,2026-06-21,2026-08-20,,9693.37,0.0,USD,OPEN
AR000158,CUST00436,2025-09-16,2025-11-15,2026-01-02,2769.58,2769.58,USD,PAID
AR000159,CUST00409,2024-11-28,2024-12-28,2025-01-27,618.83,618.83,USD,PAID
AR000160,CUST00285,2024-09-21,2024-11-05,2024-11-25,3264.62,3264.62,USD,PAID
AR000161,CUST00369,2024-01-11,2024-02-10,,752.04,0.0,USD,OPEN
AR000162,CUST00354,2025-02-20,2025-04-21,2025-05-06,3671.58,3671.58,USD,PAID
AR000163,CUST00048,2025-05-02,2025-07-01,2025-06-18,5129.36,5129.36,USD,PAID
AR000164,CUST00157,2024-10-28,2024-11-27,2024-12-13,863.84,863.84,USD,PAID
AR000165,CUST00177,2025-11-10,2025-12-25,2026-02-15,4302.87,4302.87,USD,PAID
AR000166,CUST00139,2025-03-11,2025-04-25,2025-06-07,2621.5,2621.5,USD,PAID
AR000167,CUST00162,2024-11-09,2024-12-24,2025-01-02,3788.99,3788.99,USD,PAID
AR000168,CUST00379,2024-05-02,2024-06-01,,9967.79,0.0,USD,OPEN
AR000169,CUST00306,2025-05-10,2025-06-24,2025-08-15,1449.76,1449.76,USD,PAID
AR000170,CUST00117,2024-10-16,2024-10-31,2024-11-22,917.49,917.49,USD,PAID
AR000171,CUST00065,2025-01-04,2025-02-03,2025-03-28,811.95,811.95,USD,PAID
AR000172,CUST00150,2024-10-07,2024-10-22,2024-12-16,867.63,867.63,USD,PAID
AR000173,CUST00053,2025-12-15,2026-01-14,2026-03-02,1686.83,1686.83,USD,PAID
AR000174,CUST00246,2026-06-12,2026-06-27,2026-08-11,2457.84,2457.84,USD,PAID
AR000175,CUST00027,2025-03-27,2025-05-11,,2319.3,0.0,USD,OPEN
AR000176,CUST00034,2024-09-15,2024-11-14,,3806.5,0.0,USD,OPEN
AR000177,CUST00323,2025-02-14,2025-04-15,,1829.32,0.0,USD,OPEN
AR000178,CUST00416,2025-12-03,2025-12-18,,6688.74,0.0,USD,OPEN
AR000179,CUST00128,2025-07-30,2025-09-13,,1424.83,0.0,USD,OPEN
AR000180,CUST00398,2024-05-01,2024-06-30,2024-07-13,20913.54,20913.54,USD,PAID
AR000181,CUST00153,2025-06-19,2025-08-18,2025-09-28,3175.12,3175.12,USD,PAID
AR000182,CUST00313,2026-05-30,2026-07-29,2026-07-21,835.94,835.94,USD,PAID
AR000183,CUST00321,2026-01-27,2026-02-11,2026-02-22,689.66,689.66,USD,PAID
AR000184,CUST00123,2024-08-04,2024-09-18,2024-09-23,2791.2,2791.2,USD,PAID
AR000185,CUST00210,2024-06-26,2024-07-11,,1478.65,0.0,USD,OPEN
AR000186,CUST00148,2025-04-06,2025-06-05,2025-06-19,3437.85,3437.85,USD,PAID
AR000187,CUST00037,2025-12-24,2026-02-07,2026-03-22,2768.09,2768.09,USD,PAID
AR000188,CUST00339,2025-12-04,2026-01-03,2026-03-04,1693.33,1693.33,USD,PAID
AR000189,CUST00116,2026-04-03,2026-05-03,2026-06-26,843.77,843.77,USD,PAID
AR000190,CUST00037,2025-10-25,2025-11-24,2025-11-27,462.5,462.5,USD,PAID
AR000191,CUST00472,2024-03-02,2024-04-01,2024-05-28,1209.71,1209.71,USD,PAID
AR000192,CUST00353,2024-10-22,2024-12-21,,3907.91,0.0,USD,OPEN
AR000193,CUST00277,2024-11-07,2025-01-06,2025-02-24,2192.25,2192.25,USD,PAID
AR000194,CUST00021,2025-05-20,2025-07-19,,589.24,0.0,USD,OPEN
AR000195,CUST00014,2026-06-29,2026-08-28,,2113.0,0.0,USD,OPEN
AR000196,CUST00301,2024-04-03,2024-05-03,2024-06-30,2557.5,2557.5,USD,PAID
AR000197,CUST00296,2026-08-31,2026-09-15,,816.09,0.0,USD,OPEN
AR000198,CUST00470,2024-02-11,2024-03-12,2024-04-22,2076.32,2076.32,USD,PAID
AR000199,CUST00326,2024-10-11,2024-11-10,2024-12-20,1905.29,1905.29,USD,PAID
AR000200,CUST00179,2026-04-13,2026-06-12,2026-07-27,646.34,646.34,USD,PAID
AR000201,CUST00440,2025-02-22,2025-04-08,2025-04-06,2494.91,2494.91,USD,PAID
AR000202,CUST00148,2024-06-13,2024-07-28,2024-09-14,2995.02,2995.02,USD,PAID
AR000203,CUST00019,2025-11-09,2026-01-08,2026-03-04,4792.21,4792.21,USD,PAID
AR000204,CUST00060,2025-04-10,2025-04-25,2025-05-21,4667.7,4667.7,USD,PAID
AR000205,CUST00337,2026-03-02,2026-05-01,2026-04-16,523.27,523.27,USD,PAID
AR000206,CUST00266,2026-06-09,2026-08-08,2026-08-17,777.4,777.4,USD,PAID
AR000207,CUST00105,2025-01-05,2025-03-06,2025-02-25,2874.21,2874.21,USD,PAID
AR000208,CUST00451,2024-09-30,2024-10-30,2024-12-10,2870.98,2870.98,USD,PAID
AR000209,CUST00499,2025-12-16,2026-02-14,,2874.24,0.0,USD,OPEN
AR000210,CUST00283,2025-10-07,2025-11-06,2025-11-30,57957.1,57957.1,USD,PAID
AR000211,CUST00431,2024-01-15,2024-03-15,,3022.38,0.0,USD,OPEN
AR000212,CUST00332,2026-07-23,2026-08-07,2026-08-07,5024.14,5024.14,USD,PAID
AR000213,CUST00261,2026-05-02,2026-06-01,2026-06-23,4266.72,4266.72,USD,PAID
AR000214,CUST00242,2025-12-23,2026-02-06,2026-03-24,3249.49,3249.49,USD,PAID
AR000215,CUST00098,2024-09-06,2024-11-05,2024-12-09,1361.38,1361.38,USD,PAID
AR000216,CUST00396,2026-08-01,2026-08-31,,3579.84,0.0,USD,OPEN
AR000217,CUST00137,2026-03-19,2026-05-18,2026-07-06,901.86,901.86,USD,PAID
AR000218,CUST00429,2026-04-20,2026-05-05,2026-05-28,1460.98,1460.98,USD,PAID
AR000219,CUST00276,2025-08-24,2025-10-23,2025-12-04,1168.15,1168.15,USD,PAID
AR000220,CUST00194,2025-05-10,2025-06-24,2025-08-17,1946.3,1946.3,USD,PAID
AR000221,CUST00293,2025-04-11,2025-05-26,2025-06-10,14518.7,14518.7,USD,PAID
AR000222,CUST00023,2025-01-27,2025-02-26,2025-04-04,336.79,336.79,USD,PAID
AR000223,CUST00198,2024-11-21,2025-01-20,2025-02-22,3353.08,3353.08,USD,PAID
AR000224,CUST00065,2025-11-10,2025-12-10,2025-11-29,423.5,423.5,USD,PAID
AR000225,CUST00052,2025-05-29,2025-07-13,2025-08-23,1182.35,1182.35,USD,PAID
AR000226,CUST00074,2025-06-22,2025-08-21,,4817.72,0.0,USD,OPEN
AR000227,CUST00401,2025-02-23,2025-03-25,,1915.73,0.0,USD,OPEN
AR000228,CUST00333,2024-09-28,2024-11-12,2024-12-17,685.42,685.42,USD,PAID
AR000229,CUST00195,2024-03-23,2024-05-07,2024-06-29,949.78,949.78,USD,PAID
AR000230,CUST00317,2024-11-20,2025-01-19,2025-01-08,3333.03,3333.03,USD,PAID
AR000231,CUST00117,2024-03-11,2024-04-10,2024-05-01,936.99,936.99,USD,PAID
AR000232,CUST00390,2026-02-03,2026-02-18,2026-02-15,2196.92,2196.92,USD,PAID
AR000233,CUST00463,2025-10-10,2025-10-25,2025-11-17,1883.74,1883.74,USD,PAID
AR000234,CUST00151,2024-01-30,2024-02-14,2024-02-06,1005.82,1005.82,USD,PAID
AR000235,CUST00272,2025-01-02,2025-02-16,2025-03-04,12450.92,12450.92,USD,PAID
AR000236,CUST00041,2025-02-25,2025-03-27,,3198.79,0.0,USD,OPEN
AR000237,CUST00255,2025-09-16,2025-11-15,2025-11-30,292.18,292.18,USD,PAID
AR000238,CUST00236,2026-07-23,2026-08-22,,2138.39,0.0,USD,OPEN
AR000239,CUST00462,2024-09-18,2024-10-03,2024-11-16,996.64,996.64,USD,PAID
AR000240,CUST00484,2024-10-21,2024-11-20,,3893.99,0.0,USD,OPEN
AR000241,CUST00354,2024-12-19,2025-02-02,2025-03-13,886.01,886.01,USD,PAID
AR000242,CUST00197,2024-09-13,2024-11-12,2024-11-22,1630.66,1630.66,USD,PAID
AR000243,CUST00196,2026-05-23,2026-07-22,,2848.33,0.0,USD,OPEN
AR000244,CUST00012,2025-08-08,2025-09-22,2025-10-14,3940.96,3940.96,USD,PAID
AR000245,CUST00443,2026-04-29,2026-06-28,2026-08-24,613.84,613.84,USD,PAID
AR000246,CUST00427,2025-12-03,2025-12-18,2026-02-04,1338.02,1338.02,USD,PAID
AR000247,CUST00311,2026-07-14,2026-08-28,,1179.15,0.0,USD,OPEN
AR000248,CUST00318,2026-04-01,2026-05-16,2026-05-25,1004.26,1004.26,USD,PAID
AR000249,CUST00159,2024-09-13,2024-10-13,2024-10-03,8856.52,8856.52,USD,PAID
AR000250,CUST00187,2026-03-18,2026-05-17,,2603.17,0.0,USD,OPEN
AR000251,CUST00152,2026-01-19,2026-02-18,,581.26,0.0,USD,OPEN
AR000252,CUST00068,2024-11-30,2025-01-29,,4130.18,0.0,USD,OPEN
AR000253,CUST00426,2026-03-16,2026-04-30,2026-05-19,12209.15,12209.15,USD,PAID
AR000254,CUST00496,2024-06-17,2024-08-01,2024-09-16,4578.92,4578.92,USD,PAID
AR000255,CUST00412,2026-04-05,2026-05-20,2026-06-17,460.62,460.62,USD,PAID
AR000256,CUST00387,2024-04-27,2024-06-26,2024-06-29,1169.33,1169.33,USD,PAID
AR000257,CUST00188,2024-08-19,2024-10-18,2024-12-13,5654.57,5654.57,USD,PAID
AR000258,CUST00275,2024-04-02,2024-06-01,,956.32,0.0,USD,OPEN
AR000259,CUST00300,2024-05-06,2024-07-05,2024-07-23,2695.77,2695.77,USD,PAID
AR000260,CUST00120,2025-01-25,2025-03-11,,3630.66,0.0,USD,OPEN
AR000261,CUST00168,2025-04-27,2025-05-12,2025-07-07,785.06,785.06,USD,PAID
AR000262,CUST00466,2026-07-26,2026-08-25,,1713.73,0.0,USD,OPEN
AR000263,CUST00072,2025-12-18,2026-02-01,2026-01-31,97.79,97.79,USD,PAID
AR000264,CUST00060,2024-02-16,2024-03-02,2024-04-19,719.14,719.14,USD,PAID
AR000265,CUST00199,2024-04-09,2024-05-09,2024-05-11,1440.42,1440.42,USD,PAID
AR000266,CUST00215,2025-04-09,2025-05-24,2025-07-17,588.16,588.16,USD,PAID
AR000267,CUST00427,2025-08-24,2025-09-23,2025-09-20,7857.08,7857.08,USD,PAID
AR000268,CUST00017,2025-05-16,2025-07-15,2025-08-04,499.13,499.13,USD,PAID
AR000269,CUST00487,2025-12-07,2026-01-21,2026-03-03,1216.78,1216.78,USD,PAID
AR000270,CUST00352,2024-08-29,2024-10-13,,2033.81,0.0,USD,OPEN
AR000271,CUST00142,2025-01-11,2025-02-25,,6615.34,0.0,USD,OPEN
AR000272,CUST00047,2024-07-13,2024-07-28,2024-09-09,496.57,496.57,USD,PAID
AR000273,CUST00026,2025-11-09,2025-12-09,2025-11-26,5150.49,5150.49,USD,PAID
AR000274,CUST00403,2026-03-16,2026-04-30,2026-05-01,1824.77,1824.77,USD,PAID
AR000275,CUST00392,2025-08-01,2025-08-31,,747.43,0.0,USD,OPEN
AR000276,CUST00169,2025-07-21,2025-08-20,2025-09-03,2740.49,2740.49,USD,PAID
AR000277,CUST00142,2026-03-03,2026-04-02,2026-03-18,2162.79,2162.79,USD,PAID
AR000278,CUST00129,2026-05-29,2026-06-28,2026-08-21,1053.43,1053.43,USD,PAID
AR000279,CUST00444,2026-03-28,2026-04-27,,1925.27,0.0,USD,OPEN
AR000280,CUST00405,2024-01-27,2024-02-26,,1278.21,0.0,USD,OPEN
AR000281,CUST00090,2026-03-18,2026-04-17,2026-04-04,2002.53,2002.53,USD,PAID
AR000282,CUST00216,2024-09-28,2024-10-13,,3281.05,0.0,USD,OPEN
AR000283,CUST00230,2025-06-22,2025-07-07,2025-08-21,7535.76,7535.76,USD,PAID
AR000284,CUST00232,2026-03-07,2026-04-21,2026-04-19,593.46,593.46,USD,PAID
AR000285,CUST00373,2025-05-30,2025-06-29,2025-06-19,12329.25,12329.25,USD,PAID
AR000286,CUST00032,2026-03-13,2026-04-27,2026-04-15,312.04,312.04,USD,PAID
AR000287,CUST00252,2025-05-05,2025-07-04,2025-07-02,1577.18,1577.18,USD,PAID
AR000288,CUST00042,2025-12-30,2026-02-28,,3070.16,0.0,USD,OPEN
AR000289,CUST00141,2024-11-25,2024-12-25,,2328.3,0.0,USD,OPEN
AR000290,CUST00151,2025-10-01,2025-11-15,2026-01-06,1032.33,1032.33,USD,PAID
AR000291,CUST00360,2025-04-09,2025-06-08,,1499.2,0.0,USD,OPEN
AR000292,CUST00212,2024-04-27,2024-05-27,2024-06-10,1160.14,1160.14,USD,PAID
AR000293,CUST00161,2024-12-13,2025-02-11,2025-02-08,1063.77,1063.77,USD,PAID
AR000294,CUST00489,2025-03-13,2025-04-27,2025-05-29,3884.08,3884.08,USD,PAID
AR000295,CUST00426,2024-06-05,2024-08-04,,2493.18,0.0,USD,OPEN
AR000296,CUST00416,2024-03-28,2024-04-12,2024-05-14,969.11,969.11,USD,PAID
AR000297,CUST00288,2024-05-13,2024-05-28,2024-07-23,4062.85,4062.85,USD,PAID
AR000298,CUST00445,2024-12-03,2024-12-18,2025-01-26,2384.08,2384.08,USD,PAID
AR000299,CUST00181,2026-07-26,2026-08-10,,3757.75,0.0,USD,OPEN
AR000300,CUST00247,2024-04-16,2024-05-16,,3186.46,0.0,USD,OPEN
AR000301,CUST00189,2024-08-17,2024-09-01,2024-10-27,857.4,857.4,USD,PAID
AR000302,CUST00433,2024-04-27,2024-06-11,2024-07-20,1092.08,1092.08,USD,PAID
AR000303,CUST00015,2025-07-28,2025-08-12,2025-08-31,3542.42,3542.42,USD,PAID
AR000304,CUST00472,2024-07-03,2024-08-17,2024-09-10,3131.71,3131.71,USD,PAID
AR000305,CUST00446,2024-12-13,2025-01-27,,1774.35,0.0,USD,OPEN
AR000306,CUST00380,2024-05-26,2024-07-25,,2009.41,0.0,USD,OPEN
AR000307,CUST00272,2025-10-10,2025-10-25,,5709.57,0.0,USD,OPEN
AR000308,CUST00081,2024-08-08,2024-10-07,2024-11-04,1061.66,1061.66,USD,PAID
AR000309,CUST00306,2025-01-13,2025-02-27,2025-04-25,2958.35,2958.35,USD,PAID
AR000310,CUST00387,2024-03-27,2024-04-11,,1507.23,0.0,USD,OPEN
AR000311,CUST00227,2025-09-24,2025-10-09,2025-10-28,1486.36,1486.36,USD,PAID
AR000312,CUST00213,2025-11-08,2026-01-07,2026-02-17,4860.51,4860.51,USD,PAID
AR000313,CUST00177,2024-10-06,2024-11-05,2024-11-04,3800.45,3800.45,USD,PAID
AR000314,CUST00250,2025-03-16,2025-03-31,2025-05-30,3759.94,3759.94,USD,PAID
AR000315,CUST00203,2025-06-23,2025-08-07,,5854.3,0.0,USD,OPEN
AR000316,CUST00155,2025-09-05,2025-09-20,,1842.55,0.0,USD,OPEN
AR000317,CUST00149,2026-08-26,2026-09-25,,3340.11,0.0,USD,OPEN
AR000318,CUST00383,2024-12-01,2024-12-16,,1367.53,0.0,USD,OPEN
AR000319,CUST00273,2025-03-16,2025-04-15,,2420.55,0.0,USD,OPEN
AR000320,CUST00037,2025-12-21,2026-01-20,2026-02-19,1608.2,1608.2,USD,PAID
AR000321,CUST00472,2025-02-10,2025-02-25,2025-04-09,1972.97,1972.97,USD,PAID
AR000322,CUST00208,2024-03-20,2024-05-04,2024-07-01,3089.12,3089.12,USD,PAID
AR000323,CUST00011,2025-12-27,2026-02-25,2026-04-02,865.75,865.75,USD,PAID
AR000324,CUST00426,2024-11-28,2024-12-28,2025-02-09,11886.38,11886.38,USD,PAID
AR000325,CUST00433,2025-12-07,2026-01-21,,731.12,0.0,USD,OPEN
AR000326,CUST00269,2024-04-18,2024-05-18,2024-06-23,606.21,606.21,USD,PAID
AR000327,CUST00114,2024-03-21,2024-05-20,2024-06-17,5127.12,5127.12,USD,PAID
AR000328,CUST00325,2024-12-07,2025-01-06,,3686.73,0.0,USD,OPEN
AR000329,CUST00180,2024-04-26,2024-05-26,2024-06-24,3170.7,3170.7,USD,PAID
AR000330,CUST00132,2026-01-14,2026-02-13,2026-02-16,3182.78,3182.78,USD,PAID
AR000331,CUST00091,2024-07-21,2024-08-20,2024-08-14,1788.22,1788.22,USD,PAID
AR000332,CUST00390,2026-09-01,2026-10-31,,806.31,0.0,USD,OPEN
AR000333,CUST00330,2025-08-16,2025-10-15,2025-12-11,1935.7,1935.7,USD,PAID
AR000334,CUST00078,2025-10-12,2025-11-26,2025-12-21,982.95,982.95,USD,PAID
AR000335,CUST00408,2025-03-26,2025-04-10,2025-05-03,4348.59,4348.59,USD,PAID
AR000336,CUST00159,2024-10-08,2024-10-23,2024-10-17,1583.9,1583.9,USD,PAID
AR000337,CUST00189,2025-04-17,2025-06-16,,860.1,0.0,USD,OPEN
AR000338,CUST00443,2026-05-01,2026-06-15,,1353.91,0.0,USD,OPEN
AR000339,CUST00197,2026-05-25,2026-06-09,2026-07-28,2621.86,2621.86,USD,PAID
AR000340,CUST00334,2025-04-18,2025-05-03,2025-06-30,1088.6,1088.6,USD,PAID
AR000341,CUST00078,2024-07-11,2024-08-25,2024-10-13,862.64,862.64,USD,PAID
AR000342,CUST00461,2024-03-04,2024-05-03,,2251.42,0.0,USD,OPEN
AR000343,CUST00259,2026-05-07,2026-06-21,2026-06-16,2254.02,2254.02,USD,PAID
AR000344,CUST00363,2025-10-23,2025-11-22,,1145.68,0.0,USD,OPEN
AR000345,CUST00187,2025-03-24,2025-05-23,2025-05-28,1183.3,1183.3,USD,PAID
AR000346,CUST00348,2025-01-16,2025-03-02,2025-03-30,2227.97,2227.97,USD,PAID
AR000347,CUST00034,2025-09-04,2025-09-19,2025-10-16,491.14,491.14,USD,PAID
AR000348,CUST00146,2024-12-03,2024-12-18,2025-01-21,509.42,509.42,USD,PAID
AR000349,CUST00340,2024-09-15,2024-10-15,2024-12-13,947.1,947.1,USD,PAID
AR000350,CUST00067,2024-05-24,2024-07-08,2024-08-12,1492.04,1492.04,USD,PAID
AR000351,CUST00330,2025-09-01,2025-09-16,2025-10-19,2391.84,2391.84,USD,PAID
AR000352,CUST00048,2026-03-21,2026-05-05,2026-06-26,6821.4,6821.4,USD,PAID
AR000353,CUST00186,2025-10-23,2025-12-22,2025-12-09,3912.35,3912.35,USD,PAID
AR000354,CUST00486,2024-11-12,2024-12-12,2025-01-09,1565.65,1565.65,USD,PAID
AR000355,CUST00071,2026-02-23,2026-04-24,,1777.36,0.0,USD,OPEN
AR000356,CUST00260,2024-06-07,2024-06-22,2024-06-19,733.42,733.42,USD,PAID
AR000357,CUST00306,2026-02-28,2026-03-15,2026-03-16,1778.17,1778.17,USD,PAID
AR000358,CUST00426,2025-01-20,2025-02-19,,1394.38,0.0,USD,OPEN
AR000359,CUST00211,2025-12-10,2026-01-09,2025-12-30,2417.4,2417.4,USD,PAID
AR000360,CUST00386,2025-01-08,2025-02-07,2025-02-28,858.76,858.76,USD,PAID
AR000361,CUST00159,2026-02-05,2026-04-06,2026-04-21,2885.38,2885.38,USD,PAID
AR000362,CUST00189,2026-04-08,2026-06-07,2026-06-16,7182.95,7182.95,USD,PAID
AR000363,CUST00399,2025-11-25,2026-01-24,2026-02-14,1639.45,1639.45,USD,PAID
AR000364,CUST00411,2025-01-26,2025-03-27,2025-04-06,2595.52,2595.52,USD,PAID
AR000365,CUST00329,2025-09-11,2025-10-11,2025-10-02,3364.82,3364.82,USD,PAID
AR000366,CUST00365,2025-05-07,2025-06-21,2025-06-19,1260.04,1260.04,USD,PAID
AR000367,CUST00140,2026-05-16,2026-05-31,2026-06-05,2212.07,2212.07,USD,PAID
AR000368,CUST00485,2025-04-05,2025-05-05,2025-05-01,1828.65,1828.65,USD,PAID
AR000369,CUST00477,2026-07-21,2026-08-20,,1974.18,0.0,USD,OPEN
AR000370,CUST00258,2024-01-28,2024-03-28,,901.71,0.0,USD,OPEN
AR000371,CUST00192,2025-01-17,2025-02-16,2025-02-11,1848.37,1848.37,USD,PAID
AR000372,CUST00430,2024-08-17,2024-09-01,2024-08-29,2830.47,2830.47,USD,PAID
AR000373,CUST00020,2026-01-01,2026-02-15,2026-02-17,6674.36,6674.36,USD,PAID
AR000374,CUST00389,2024-10-20,2024-12-19,2024-12-21,4287.01,4287.01,USD,PAID
AR000375,CUST00464,2025-12-23,2026-02-21,2026-02-06,12554.87,12554.87,USD,PAID
AR000376,CUST00281,2024-03-22,2024-04-06,2024-04-10,906.32,906.32,USD,PAID
AR000377,CUST00148,2026-08-20,2026-10-19,,3964.32,0.0,USD,OPEN
AR000378,CUST00123,2024-08-31,2024-10-15,,2132.41,0.0,USD,OPEN
AR000379,CUST00429,2025-03-05,2025-05-04,,12975.56,0.0,USD,OPEN
AR000380,CUST00324,2026-07-15,2026-09-13,2026-08-31,873.52,873.52,USD,PAID
AR000381,CUST00220,2025-06-11,2025-07-11,2025-08-02,849.16,849.16,USD,PAID
AR000382,CUST00096,2024-01-02,2024-02-16,2024-03-25,1054.21,1054.21,USD,PAID
AR000383,CUST00035,2025-11-11,2025-11-26,2025-12-27,267.33,267.33,USD,PAID
AR000384,CUST00023,2025-06-22,2025-07-07,2025-08-21,1126.44,1126.44,USD,PAID
AR000385,CUST00383,2025-10-12,2025-12-11,2025-12-28,913.04,913.04,USD,PAID
AR000386,CUST00124,2024-01-17,2024-03-02,2024-03-31,2070.1,2070.1,USD,PAID
AR000387,CUST00069,2026-01-20,2026-02-04,2026-03-03,2459.17,2459.17,USD,PAID
AR000388,CUST00426,2024-02-15,2024-03-31,2024-04-07,9784.49,9784.49,USD,PAID
AR000389,CUST00324,2026-03-08,2026-05-07,2026-06-22,4253.01,4253.01,USD,PAID
AR000390,CUST00398,2024-07-05,2024-08-04,,1075.76,0.0,USD,OPEN
AR000391,CUST00104,2026-08-24,2026-10-23,,805.47,0.0,USD,OPEN
AR000392,CUST00478,2024-02-14,2024-03-15,2024-04-09,2815.03,2815.03,USD,PAID
AR000393,CUST00243,2024-11-13,2025-01-12,2025-03-07,551.03,551.03,USD,PAID
AR000394,CUST00147,2024-09-16,2024-10-01,2024-10-10,9398.57,9398.57,USD,PAID
AR000395,CUST00140,2024-12-31,2025-01-15,2025-02-11,5226.49,5226.49,USD,PAID
AR000396,CUST00381,2024-05-07,2024-06-21,2024-07-27,1185.29,1185.29,USD,PAID
AR000397,CUST00255,2025-03-26,2025-05-25,2025-06-02,386.9,386.9,USD,PAID
AR000398,CUST00137,2025-12-09,2026-02-07,2026-03-30,6114.91,6114.91,USD,PAID
AR000399,CUST00221,2026-03-31,2026-04-15,2026-04-10,1630.94,1630.94,USD,PAID
AR000400,CUST00053,2025-09-08,2025-10-08,2025-11-03,5508.43,5508.43,USD,PAID
AR000401,CUST00229,2024-03-22,2024-05-06,2024-05-30,430.53,430.53,USD,PAID
AR000402,CUST00228,2025-09-09,2025-11-08,,1054.23,0.0,USD,OPEN
AR000403,CUST00446,2024-12-25,2025-02-23,,1816.6,0.0,USD,OPEN
AR000404,CUST00141,2026-07-22,2026-09-05,,1886.13,0.0,USD,OPEN
AR000405,CUST00327,2025-10-16,2025-10-31,,1205.85,0.0,USD,OPEN
AR000406,CUST00488,2025-02-19,2025-04-05,2025-04-10,3167.08,3167.08,USD,PAID
AR000407,CUST00018,2024-02-01,2024-03-02,2024-04-12,691.69,691.69,USD,PAID
AR000408,CUST00186,2024-05-09,2024-05-24,2024-06-24,1590.59,1590.59,USD,PAID
AR000409,CUST00486,2025-01-27,2025-02-11,2025-03-25,2014.78,2014.78,USD,PAID
AR000410,CUST00294,2025-01-14,2025-02-28,2025-02-22,2872.66,2872.66,USD,PAID
AR000411,CUST00128,2024-05-20,2024-07-04,2024-07-24,3430.47,3430.47,USD,PAID
AR000412,CUST00266,2024-04-26,2024-05-11,2024-06-28,657.09,657.09,USD,PAID
AR000413,CUST00361,2025-01-31,2025-02-15,2025-03-05,454.55,454.55,USD,PAID
AR000414,CUST00356,2025-04-01,2025-05-01,2025-05-22,5709.63,5709.63,USD,PAID
AR000415,CUST00437,2026-07-27,2026-09-25,,2438.36,0.0,USD,OPEN
AR000416,CUST00366,2024-03-16,2024-05-15,,921.83,0.0,USD,OPEN
AR000417,CUST00342,2025-03-31,2025-04-15,2025-05-10,7302.97,7302.97,USD,PAID
AR000418,CUST00457,2024-12-21,2025-01-05,2025-01-27,2006.42,2006.42,USD,PAID
AR000419,CUST00407,2024-11-03,2024-12-03,2024-12-10,5225.82,5225.82,USD,PAID
AR000420,CUST00103,2025-01-05,2025-02-04,,1921.32,0.0,USD,OPEN
AR000421,CUST00014,2026-03-22,2026-04-21,2026-06-08,11552.68,11552.68,USD,PAID
AR000422,CUST00067,2025-01-04,2025-02-18,2025-04-14,8776.27,8776.27,USD,PAID
AR000423,CUST00204,2025-09-18,2025-10-03,,1445.1,0.0,USD,OPEN
AR000424,CUST00422,2026-01-04,2026-03-05,2026-04-11,4334.73,4334.73,USD,PAID
AR000425,CUST00163,2025-08-11,2025-08-26,,3231.94,0.0,USD,OPEN
AR000426,CUST00177,2025-10-19,2025-11-03,2025-12-24,6196.68,6196.68,USD,PAID
AR000427,CUST00222,2024-05-11,2024-06-10,2024-06-11,758.67,758.67,USD,PAID
AR000428,CUST00079,2025-05-29,2025-06-13,2025-08-03,3352.45,3352.45,USD,PAID
AR000429,CUST00479,2024-11-07,2024-12-07,,4687.16,0.0,USD,OPEN
AR000430,CUST00459,2025-12-27,2026-01-26,2026-03-18,371.35,371.35,USD,PAID
AR000431,CUST00141,2024-10-17,2024-11-01,2024-12-26,623.32,623.32,USD,PAID
AR000432,CUST00258,2024-05-08,2024-06-22,2024-06-18,288.5,288.5,USD,PAID
AR000433,CUST00079,2025-10-18,2025-11-17,2026-01-15,1418.75,1418.75,USD,PAID
AR000434,CUST00022,2024-06-24,2024-08-08,2024-10-04,3448.82,3448.82,USD,PAID
AR000435,CUST00486,2026-04-25,2026-05-10,,6989.2,0.0,USD,OPEN
AR000436,CUST00214,2025-10-18,2025-12-02,2026-01-29,1932.72,1932.72,USD,PAID
AR000437,CUST00149,2025-09-24,2025-10-09,2025-12-02,7830.28,7830.28,USD,PAID
AR000438,CUST00153,2025-10-19,2025-12-03,2026-01-08,522.13,522.13,USD,PAID
AR000439,CUST00226,2025-04-09,2025-04-24,2025-04-29,390.32,390.32,USD,PAID
AR000440,CUST00311,2025-03-01,2025-04-30,2025-05-28,1719.88,1719.88,USD,PAID
AR000441,CUST00376,2024-05-27,2024-07-11,2024-08-05,2554.62,2554.62,USD,PAID
AR000442,CUST00390,2026-05-31,2026-07-15,2026-07-16,1755.62,1755.62,USD,PAID
AR000443,CUST00063,2025-01-14,2025-01-29,2025-03-14,281.27,281.27,USD,PAID
AR000444,CUST00026,2024-09-30,2024-11-29,2024-11-26,1668.69,1668.69,USD,PAID
AR000445,CUST00128,2024-10-24,2024-12-23,2025-01-30,558.9,558.9,USD,PAID
AR000446,CUST00370,2026-06-05,2026-07-05,2026-09-01,3303.39,3303.39,USD,PAID
AR000447,CUST00264,2024-11-16,2024-12-16,2025-02-02,2514.77,2514.77,USD,PAID
AR000448,CUST00012,2025-04-23,2025-06-22,2025-08-09,775.97,775.97,USD,PAID
AR000449,CUST00111,2024-04-02,2024-06-01,2024-06-16,1138.56,1138.56,USD,PAID
AR000450,CUST00145,2025-08-20,2025-10-04,,696.95,0.0,USD,OPEN
AR000451,CUST00434,2025-05-21,2025-07-20,2025-07-06,1708.87,1708.87,USD,PAID
AR000452,CUST00136,2024-04-20,2024-06-19,,4271.11,0.0,USD,OPEN
AR000453,CUST00024,2026-01-14,2026-02-28,2026-03-31,744.6,744.6,USD,PAID
AR000454,CUST00186,2025-02-14,2025-03-01,2025-03-10,2845.92,2845.92,USD,PAID
AR000455,CUST00259,2025-07-20,2025-09-03,,1121.89,0.0,USD,OPEN
AR000456,CUST00066,2025-04-06,2025-05-21,2025-05-21,885.73,885.73,USD,PAID
AR000457,CUST00286,2024-04-09,2024-06-08,2024-07-06,1642.0,1642.0,USD,PAID
AR000458,CUST00309,2026-08-19,2026-10-03,,712.15,0.0,USD,OPEN
AR000459,CUST00020,2025-06-05,2025-08-04,2025-07-25,1098.52,1098.52,USD,PAID
AR000460,CUST00234,2024-05-20,2024-07-04,2024-08-24,615.18,615.18,USD,PAID
AR000461,CUST00084,2024-06-01,2024-07-01,2024-07-26,10596.22,10596.22,USD,PAID
AR000462,CUST00425,2025-02-06,2025-03-23,2025-05-11,1866.34,1866.34,USD,PAID
AR000463,CUST00244,2025-06-05,2025-08-04,2025-08-27,963.19,963.19,USD,PAID
AR000464,CUST00214,2026-04-15,2026-04-30,2026-04-29,2192.03,2192.03,USD,PAID
AR000465,CUST00306,2025-08-20,2025-10-04,2025-09-22,1634.19,1634.19,USD,PAID
AR000466,CUST00296,2025-04-30,2025-06-14,2025-08-12,1481.97,1481.97,USD,PAID
AR000467,CUST00269,2024-08-21,2024-09-05,2024-09-11,3142.42,3142.42,USD,PAID
AR000468,CUST00349,2025-10-06,2025-12-05,,3575.13,0.0,USD,OPEN
AR000469,CUST00098,2024-09-05,2024-09-20,2024-09-19,1121.64,1121.64,USD,PAID
AR000470,CUST00212,2024-01-20,2024-03-20,2024-03-24,1076.82,1076.82,USD,PAID
AR000471,CUST00447,2025-12-08,2026-01-07,2026-02-21,1411.56,1411.56,USD,PAID
AR000472,CUST00107,2026-05-18,2026-06-02,2026-07-23,227.76,227.76,USD,PAID
AR000473,CUST00270,2025-07-28,2025-09-11,2025-10-27,462.35,462.35,USD,PAID
AR000474,CUST00468,2025-01-20,2025-03-06,2025-04-18,6186.88,6186.88,USD,PAID
AR000475,CUST00313,2025-06-29,2025-08-13,2025-08-31,7946.37,7946.37,USD,PAID
AR000476,CUST00286,2025-05-10,2025-06-09,2025-06-29,1445.0,1445.0,USD,PAID
AR000477,CUST00395,2024-11-01,2024-12-01,2024-12-24,3037.84,3037.84,USD,PAID
AR000478,CUST00163,2024-10-22,2024-11-21,2025-01-07,2392.57,2392.57,USD,PAID
AR000479,CUST00148,2025-05-06,2025-06-20,2025-07-10,28882.55,28882.55,USD,PAID
AR000480,CUST00420,2024-05-04,2024-07-03,2024-08-07,4952.35,4952.35,USD,PAID
AR000481,CUST00490,2024-12-19,2025-01-18,2025-02-08,1611.43,1611.43,USD,PAID
AR000482,CUST00336,2026-01-01,2026-01-16,2026-02-26,765.11,765.11,USD,PAID
AR000483,CUST00139,2024-09-19,2024-11-18,2025-01-10,425.9,425.9,USD,PAID
AR000484,CUST00316,2026-08-13,2026-09-27,,2171.38,0.0,USD,OPEN
AR000485,CUST00116,2026-01-28,2026-02-27,2026-04-20,915.33,915.33,USD,PAID
AR000486,CUST00212,2025-10-15,2025-11-14,,502.69,0.0,USD,OPEN
AR000487,CUST00395,2024-12-04,2025-02-02,,1010.38,0.0,USD,OPEN
AR000488,CUST00209,2024-05-20,2024-06-04,2024-06-09,683.08,683.08,USD,PAID
AR000489,CUST00388,2025-10-30,2025-12-29,2026-01-08,8253.79,8253.79,USD,PAID
AR000490,CUST00465,2024-10-21,2024-12-05,2024-11-27,3997.71,3997.71,USD,PAID
AR000491,CUST00274,2026-02-26,2026-03-13,2026-03-27,1795.12,1795.12,USD,PAID
AR000492,CUST00214,2026-01-26,2026-02-10,2026-02-17,6849.63,6849.63,USD,PAID
AR000493,CUST00429,2026-06-22,2026-07-22,2026-07-11,1938.43,1938.43,USD,PAID
AR000494,CUST00384,2025-02-10,2025-04-11,,832.84,0.0,USD,OPEN
AR000495,CUST00153,2026-06-12,2026-07-27,2026-07-13,7121.06,7121.06,USD,PAID
AR000496,CUST00146,2025-08-04,2025-08-19,2025-09-15,2936.63,2936.63,USD,PAID
AR000497,CUST00436,2025-04-10,2025-06-09,2025-06-11,710.86,710.86,USD,PAID
AR000498,CUST00170,2025-05-31,2025-07-30,2025-07-29,1523.39,1523.39,USD,PAID
AR000499,CUST00008,2024-06-15,2024-08-14,2024-08-22,822.17,822.17,USD,PAID
AR000500,CUST00346,2026-01-24,2026-03-10,2026-05-06,520.86,520.86,USD,PAID
AR000501,CUST00439,2026-02-14,2026-03-16,,4161.2,0.0,USD,OPEN
AR000502,CUST00168,2025-10-16,2025-12-15,2026-02-03,10081.68,10081.68,USD,PAID
AR000503,CUST00072,2024-03-29,2024-05-28,2024-06-05,513.52,513.52,USD,PAID
AR000504,CUST00134,2025-05-03,2025-06-17,2025-06-02,3000.91,3000.91,USD,PAID
AR000505,CUST00489,2025-01-27,2025-02-26,2025-03-17,1006.69,1006.69,USD,PAID
AR000506,CUST00006,2024-12-03,2025-01-17,2025-03-16,1166.29,1166.29,USD,PAID
AR000507,CUST00342,2024-09-24,2024-11-08,2024-10-31,1060.87,1060.87,USD,PAID
AR000508,CUST00352,2024-05-01,2024-06-30,2024-08-05,830.82,830.82,USD,PAID
AR000509,CUST00189,2025-05-29,2025-07-13,2025-08-04,1888.75,1888.75,USD,PAID
AR000510,CUST00245,2025-09-21,2025-10-21,2025-10-23,855.89,855.89,USD,PAID
AR000511,CUST00213,2024-06-05,2024-08-04,2024-09-05,2306.33,2306.33,USD,PAID
AR000512,CUST00391,2025-12-19,2026-02-17,2026-03-01,1728.11,1728.11,USD,PAID
AR000513,CUST00361,2024-09-10,2024-09-25,2024-11-16,1458.18,1458.18,USD,PAID
AR000514,CUST00032,2025-01-05,2025-01-20,2025-01-19,798.87,798.87,USD,PAID
AR000515,CUST00085,2026-04-28,2026-05-28,2026-06-01,1075.89,1075.89,USD,PAID
AR000516,CUST00106,2024-12-01,2025-01-30,,3568.33,0.0,USD,OPEN
AR000517,CUST00262,2026-01-04,2026-03-05,,2837.92,0.0,USD,OPEN
AR000518,CUST00213,2025-04-01,2025-04-16,2025-06-05,750.1,750.1,USD,PAID
AR000519,CUST00371,2025-04-12,2025-04-27,2025-05-21,1977.13,1977.13,USD,PAID
AR000520,CUST00382,2024-01-23,2024-03-23,2024-03-08,3555.49,3555.49,USD,PAID
AR000521,CUST00177,2024-08-11,2024-08-26,,402.44,0.0,USD,OPEN
AR000522,CUST00479,2025-12-18,2026-01-02,2025-12-25,2948.42,2948.42,USD,PAID
AR000523,CUST00017,2026-07-04,2026-07-19,,995.89,0.0,USD,OPEN
AR000524,CUST00070,2024-10-20,2024-12-19,,3021.59,0.0,USD,OPEN
AR000525,CUST00230,2026-02-23,2026-04-24,2026-05-27,909.66,909.66,USD,PAID
AR000526,CUST00069,2026-06-09,2026-08-08,,356.24,0.0,USD,OPEN
AR000527,CUST00276,2025-10-31,2025-12-15,,417.89,0.0,USD,OPEN
AR000528,CUST00428,2025-02-06,2025-03-08,2025-03-21,1888.01,1888.01,USD,PAID
AR000529,CUST00345,2024-01-04,2024-01-19,2024-03-03,2284.15,2284.15,USD,PAID
AR000530,CUST00127,2026-01-06,2026-03-07,2026-03-21,801.2,801.2,USD,PAID
AR000531,CUST00097,2025-04-16,2025-05-31,,3212.27,0.0,USD,OPEN
AR000532,CUST00339,2026-08-17,2026-09-01,,405.3,0.0,USD,OPEN
AR000533,CUST00052,2025-03-05,2025-03-20,2025-03-13,1703.65,1703.65,USD,PAID
AR000534,CUST00126,2025-08-31,2025-09-15,2025-09-06,607.95,607.95,USD,PAID
AR000535,CUST00277,2026-01-28,2026-02-12,2026-02-26,1005.61,1005.61,USD,PAID
AR000536,CUST00149,2024-08-10,2024-08-25,,1886.84,0.0,USD,OPEN
AR000537,CUST00122,2024-08-27,2024-10-11,2024-11-06,833.5,833.5,USD,PAID
AR000538,CUST00114,2024-11-05,2024-12-05,2025-01-25,1279.08,1279.08,USD,PAID
AR000539,CUST00486,2025-02-27,2025-04-13,2025-06-08,4472.32,4472.32,USD,PAID
AR000540,CUST00285,2025-08-28,2025-09-27,2025-11-05,1075.78,1075.78,USD,PAID
AR000541,CUST00403,2025-05-22,2025-06-06,2025-07-09,3835.76,3835.76,USD,PAID
AR000542,CUST00077,2025-06-21,2025-08-05,2025-09-11,654.1,654.1,USD,PAID
AR000543,CUST00276,2024-11-03,2025-01-02,,2912.67,0.0,USD,OPEN
AR000544,CUST00440,2025-04-29,2025-05-29,2025-06-21,6617.1,6617.1,USD,PAID
AR000545,CUST00288,2025-12-25,2026-01-24,2026-01-16,195.49,195.49,USD,PAID
AR000546,CUST00199,2025-02-26,2025-04-27,2025-04-29,882.53,882.53,USD,PAID
AR000547,CUST00473,2024-09-05,2024-10-20,2024-10-15,3039.25,3039.25,USD,PAID
AR000548,CUST00371,2025-04-05,2025-05-20,,1506.07,0.0,USD,OPEN
AR000549,CUST00194,2026-04-29,2026-05-29,,2525.09,0.0,USD,OPEN
AR000550,CUST00412,2025-11-20,2025-12-05,2025-12-14,1049.86,1049.86,USD,PAID
AR000551,CUST00156,2026-02-18,2026-03-20,2026-04-16,1954.58,1954.58,USD,PAID
AR000552,CUST00493,2026-07-19,2026-08-03,2026-08-12,1571.66,1571.66,USD,PAID
AR000553,CUST00469,2026-01-29,2026-02-13,2026-03-31,5171.94,5171.94,USD,PAID
AR000554,CUST00283,2024-09-05,2024-10-05,2024-10-20,2273.28,2273.28,USD,PAID
AR000555,CUST00333,2024-11-25,2025-01-09,2025-03-03,2450.0,2450.0,USD,PAID
AR000556,CUST00452,2025-01-02,2025-02-16,2025-04-07,1248.02,1248.02,USD,PAID
AR000557,CUST00370,2025-05-24,2025-07-23,,1165.79,0.0,USD,OPEN
AR000558,CUST00161,2025-04-25,2025-06-09,2025-07-11,1225.0,1225.0,USD,PAID
AR000559,CUST00380,2025-02-27,2025-03-14,2025-03-27,2578.61,2578.61,USD,PAID
AR000560,CUST00297,2024-05-29,2024-06-13,2024-08-11,1237.83,1237.83,USD,PAID
AR000561,CUST00169,2026-01-07,2026-03-08,2026-03-18,2346.78,2346.78,USD,PAID
AR000562,CUST00256,2024-08-23,2024-10-22,2024-11-07,11706.05,11706.05,USD,PAID
AR000563,CUST00495,2025-07-17,2025-08-31,2025-10-17,3960.05,3960.05,USD,PAID
AR000564,CUST00087,2026-01-10,2026-03-11,2026-04-10,1348.27,1348.27,USD,PAID
AR000565,CUST00456,2024-05-23,2024-07-22,,5329.93,0.0,USD,OPEN
AR000566,CUST00484,2025-07-09,2025-07-24,2025-07-18,1252.29,1252.29,USD,PAID
AR000567,CUST00071,2026-04-17,2026-05-02,2026-06-08,288.79,288.79,USD,PAID
AR000568,CUST00078,2026-05-12,2026-06-11,,729.76,0.0,USD,OPEN
AR000569,CUST00031,2024-01-10,2024-02-09,2024-03-12,335.72,335.72,USD,PAID
AR000570,CUST00004,2025-09-24,2025-11-23,2025-11-10,1317.69,1317.69,USD,PAID
AR000571,CUST00272,2025-06-28,2025-08-27,,1838.26,0.0,USD,OPEN
AR000572,CUST00009,2026-01-09,2026-02-23,2026-03-16,8174.65,8174.65,USD,PAID
AR000573,CUST00055,2025-05-29,2025-07-28,2025-08-04,2426.57,2426.57,USD,PAID
AR000574,CUST00099,2026-07-29,2026-08-13,2026-08-28,1484.46,1484.46,USD,PAID
AR000575,CUST00408,2025-09-26,2025-11-10,2025-11-29,3814.12,3814.12,USD,PAID
AR000576,CUST00236,2025-02-10,2025-02-25,2025-04-02,247.15,247.15,USD,PAID
AR000577,CUST00154,2025-08-01,2025-08-31,2025-09-13,2235.13,2235.13,USD,PAID
AR000578,CUST00048,2025-12-01,2025-12-16,2025-12-05,3618.37,3618.37,USD,PAID
AR000579,CUST00029,2025-02-19,2025-04-20,2025-06-04,477.84,477.84,USD,PAID
AR000580,CUST00256,2025-10-14,2025-10-29,2025-10-24,5061.3,5061.3,USD,PAID
AR000581,CUST00290,2026-05-15,2026-07-14,2026-08-10,2451.97,2451.97,USD,PAID
AR000582,CUST00118,2026-05-28,2026-06-12,2026-06-02,1244.19,1244.19,USD,PAID
AR000583,CUST00351,2024-08-04,2024-10-03,2024-09-27,3195.52,3195.52,USD,PAID
AR000584,CUST00337,2026-08-05,2026-09-19,,13955.42,0.0,USD,OPEN
AR000585,CUST00009,2024-02-03,2024-03-04,2024-03-29,2129.58,2129.58,USD,PAID
AR000586,CUST00476,2024-07-31,2024-08-30,2024-10-04,2260.63,2260.63,USD,PAID
AR000587,CUST00124,2024-03-19,2024-05-03,,1195.81,0.0,USD,OPEN
AR000588,CUST00170,2025-08-03,2025-10-02,2025-11-25,841.46,841.46,USD,PAID
AR000589,CUST00257,2025-01-28,2025-02-27,2025-02-22,3817.31,3817.31,USD,PAID
AR000590,CUST00224,2026-02-02,2026-03-19,,836.75,0.0,USD,OPEN
AR000591,CUST00497,2024-08-25,2024-09-09,2024-10-14,1928.33,1928.33,USD,PAID
AR000592,CUST00140,2026-03-03,2026-04-17,,1176.28,0.0,USD,OPEN
AR000593,CUST00284,2026-03-13,2026-05-12,2026-06-11,2782.44,2782.44,USD,PAID
AR000594,CUST00339,2026-08-21,2026-10-20,,2441.32,0.0,USD,OPEN
AR000595,CUST00409,2025-01-24,2025-02-08,2025-03-02,4599.88,4599.88,USD,PAID
AR000596,CUST00079,2024-09-09,2024-09-24,,1142.51,0.0,USD,OPEN
AR000597,CUST00185,2025-01-24,2025-02-23,2025-03-20,1418.16,1418.16,USD,PAID
AR000598,CUST00158,2024-04-19,2024-05-04,,749.28,0.0,USD,OPEN
AR000599,CUST00068,2025-03-31,2025-05-15,2025-05-13,1212.13,1212.13,USD,PAID
AR000600,CUST00285,2024-03-30,2024-04-29,2024-06-24,2539.11,2539.11,USD,PAID
AR000601,CUST00046,2025-06-08,2025-08-07,,3573.46,0.0,USD,OPEN
AR000602,CUST00443,2024-12-28,2025-01-12,2025-02-07,788.44,788.44,USD,PAID
AR000603,CUST00399,2025-01-29,2025-02-13,2025-03-19,3954.64,3954.64,USD,PAID
AR000604,CUST00351,2024-03-27,2024-04-26,2024-05-02,6124.63,6124.63,USD,PAID
AR000605,CUST00155,2025-01-24,2025-02-23,,2623.05,0.0,USD,OPEN
AR000606,CUST00086,2024-10-01,2024-11-30,,9790.0,0.0,USD,OPEN
AR000607,CUST00401,2025-03-21,2025-05-05,2025-06-20,901.08,901.08,USD,PAID
AR000608,CUST00370,2024-03-19,2024-05-03,2024-05-19,589.82,589.82,USD,PAID
AR000609,CUST00235,2025-10-02,2025-12-01,2025-12-11,364.73,364.73,USD,PAID
AR000610,CUST00171,2024-04-19,2024-05-19,2024-06-23,6949.6,6949.6,USD,PAID
AR000611,CUST00226,2026-05-11,2026-07-10,2026-08-06,3258.2,3258.2,USD,PAID
AR000612,CUST00154,2024-12-08,2025-02-06,2025-02-08,1719.82,1719.82,USD,PAID
AR000613,CUST00494,2024-11-24,2024-12-24,2024-12-31,2326.15,2326.15,USD,PAID
AR000614,CUST00496,2025-02-11,2025-03-28,2025-05-14,656.59,656.59,USD,PAID
AR000615,CUST00419,2025-08-12,2025-09-11,2025-10-01,16336.82,16336.82,USD,PAID
AR000616,CUST00103,2026-03-15,2026-05-14,2026-07-10,2031.03,2031.03,USD,PAID
AR000617,CUST00014,2025-08-29,2025-09-28,2025-11-22,1995.11,1995.11,USD,PAID
AR000618,CUST00225,2026-01-14,2026-03-15,2026-03-26,3474.44,3474.44,USD,PAID
AR000619,CUST00420,2026-03-27,2026-05-11,2026-05-04,2787.52,2787.52,USD,PAID
AR000620,CUST00325,2026-05-18,2026-07-17,2026-07-19,2211.65,2211.65,USD,PAID
AR000621,CUST00367,2024-11-06,2024-12-06,2024-12-10,887.65,887.65,USD,PAID
AR000622,CUST00307,2025-03-09,2025-05-08,,2763.69,0.0,USD,OPEN
AR000623,CUST00279,2025-05-05,2025-07-04,2025-08-11,9836.17,9836.17,USD,PAID
AR000624,CUST00305,2024-02-07,2024-03-23,2024-05-15,6068.57,6068.57,USD,PAID
AR000625,CUST00128,2025-10-15,2025-10-30,,7584.55,0.0,USD,OPEN
AR000626,CUST00314,2025-11-04,2025-12-19,,1141.28,0.0,USD,OPEN
AR000627,CUST00495,2024-02-15,2024-04-15,2024-05-12,742.0,742.0,USD,PAID
AR000628,CUST00051,2026-03-26,2026-05-25,,1614.52,0.0,USD,OPEN
AR000629,CUST00286,2024-09-21,2024-10-21,2024-12-11,1901.03,1901.03,USD,PAID
AR000630,CUST00238,2025-08-17,2025-09-16,2025-10-21,4840.5,4840.5,USD,PAID
AR000631,CUST00248,2026-03-01,2026-03-31,2026-03-19,394.17,394.17,USD,PAID
AR000632,CUST00060,2024-04-17,2024-06-01,2024-05-27,7162.36,7162.36,USD,PAID
AR000633,CUST00234,2026-05-01,2026-05-31,2026-06-28,1568.37,1568.37,USD,PAID
AR000634,CUST00244,2026-03-14,2026-04-13,2026-05-12,1231.28,1231.28,USD,PAID
AR000635,CUST00164,2024-04-09,2024-06-08,2024-07-20,727.13,727.13,USD,PAID
AR000636,CUST00364,2024-03-09,2024-04-23,,407.74,0.0,USD,OPEN
AR000637,CUST00347,2024-04-27,2024-05-12,2024-05-10,3792.78,3792.78,USD,PAID
AR000638,CUST00265,2026-03-30,2026-04-29,2026-05-15,1931.37,1931.37,USD,PAID
AR000639,CUST00491,2024-06-27,2024-07-27,2024-09-04,566.25,566.25,USD,PAID
AR000640,CUST00096,2025-04-18,2025-05-18,2025-05-26,563.65,563.65,USD,PAID
AR000641,CUST00231,2025-10-17,2025-12-16,2025-12-26,1336.48,1336.48,USD,PAID
AR000642,CUST00106,2025-08-29,2025-10-28,2025-11-09,8120.28,8120.28,USD,PAID
AR000643,CUST00096,2024-10-12,2024-10-27,2024-12-19,1431.34,1431.34,USD,PAID
AR000644,CUST00059,2025-01-09,2025-02-23,,467.39,0.0,USD,OPEN
AR000645,CUST00306,2024-09-25,2024-11-24,2024-12-19,1449.29,1449.29,USD,PAID
AR000646,CUST00181,2025-02-01,2025-04-02,2025-05-01,1414.52,1414.52,USD,PAID
AR000647,CUST00471,2026-05-15,2026-07-14,2026-08-06,159.62,159.62,USD,PAID
AR000648,CUST00061,2025-09-21,2025-10-06,2025-10-31,1721.82,1721.82,USD,PAID
AR000649,CUST00192,2024-09-01,2024-10-16,,1468.74,0.0,USD,OPEN
AR000650,CUST00306,2025-12-11,2026-01-10,2026-02-17,3383.23,3383.23,USD,PAID
AR000651,CUST00326,2024-05-21,2024-07-20,2024-09-05,9547.75,9547.75,USD,PAID
AR000652,CUST00148,2025-07-04,2025-08-03,2025-09-19,4983.6,4983.6,USD,PAID
AR000653,CUST00318,2024-05-23,2024-06-22,2024-08-03,1419.42,1419.42,USD,PAID
AR000654,CUST00070,2024-02-24,2024-04-09,2024-05-26,667.89,667.89,USD,PAID
AR000655,CUST00335,2024-07-18,2024-09-16,2024-11-04,18325.04,18325.04,USD,PAID
AR000656,CUST00364,2025-05-21,2025-07-20,2025-08-27,1907.02,1907.02,USD,PAID
AR000657,CUST00290,2026-05-10,2026-07-09,2026-07-04,1830.85,1830.85,USD,PAID
AR000658,CUST00116,2024-02-01,2024-03-02,2024-03-22,1769.21,1769.21,USD,PAID
AR000659,CUST00235,2025-07-04,2025-08-18,,2160.89,0.0,USD,OPEN
AR000660,CUST00294,2025-08-02,2025-10-01,2025-09-30,1587.75,1587.75,USD,PAID
AR000661,CUST00278,2024-04-26,2024-06-10,2024-07-11,1078.91,1078.91,USD,PAID
AR000662,CUST00280,2026-04-22,2026-05-07,2026-06-17,1105.25,1105.25,USD,PAID
AR000663,CUST00425,2024-08-11,2024-10-10,,1755.52,0.0,USD,OPEN
AR000664,CUST00231,2025-10-31,2025-11-30,2025-11-19,1108.67,1108.67,USD,PAID
AR000665,CUST00225,2024-09-26,2024-11-10,2024-11-06,951.88,951.88,USD,PAID
AR000666,CUST00108,2026-06-05,2026-06-20,2026-07-05,1989.8,1989.8,USD,PAID
AR000667,CUST00085,2026-04-10,2026-05-25,2026-07-03,1437.3,1437.3,USD,PAID
AR000668,CUST00413,2025-09-22,2025-10-22,2025-11-02,6999.5,6999.5,USD,PAID
AR000669,CUST00087,2024-03-01,2024-04-15,2024-06-07,166.36,166.36,USD,PAID
AR000670,CUST00488,2024-11-27,2025-01-11,2025-01-30,4828.81,4828.81,USD,PAID
AR000671,CUST00385,2026-05-28,2026-06-12,,5549.58,0.0,USD,OPEN
AR000672,CUST00444,2026-03-15,2026-05-14,2026-06-03,279.76,279.76,USD,PAID
AR000673,CUST00128,2025-11-02,2025-12-02,2025-12-03,1328.2,1328.2,USD,PAID
AR000674,CUST00251,2024-05-29,2024-07-13,2024-08-17,1294.27,1294.27,USD,PAID
AR000675,CUST00232,2024-05-25,2024-07-09,2024-08-11,509.4,509.4,USD,PAID
AR000676,CUST00356,2024-03-18,2024-04-02,2024-04-22,897.82,897.82,USD,PAID
AR000677,CUST00168,2026-08-16,2026-09-30,,665.46,0.0,USD,OPEN
AR000678,CUST00375,2025-08-18,2025-09-02,2025-08-29,8752.05,8752.05,USD,PAID
AR000679,CUST00204,2025-04-14,2025-05-29,2025-07-21,4196.94,4196.94,USD,PAID
AR000680,CUST00138,2024-08-11,2024-10-10,2024-11-27,5678.26,5678.26,USD,PAID
AR000681,CUST00067,2024-11-26,2025-01-10,2025-03-09,3461.66,3461.66,USD,PAID
AR000682,CUST00024,2025-08-02,2025-10-01,2025-09-22,654.49,654.49,USD,PAID
AR000683,CUST00476,2024-04-11,2024-06-10,,1127.7,0.0,USD,OPEN
AR000684,CUST00491,2026-05-28,2026-06-27,2026-06-12,2808.59,2808.59,USD,PAID
AR000685,CUST00452,2025-03-14,2025-04-13,2025-04-14,601.9,601.9,USD,PAID
AR000686,CUST00478,2025-10-27,2025-12-11,,3434.75,0.0,USD,OPEN
AR000687,CUST00185,2026-06-16,2026-07-31,,1456.38,0.0,USD,OPEN
AR000688,CUST00027,2024-09-13,2024-09-28,2024-10-04,1290.34,1290.34,USD,PAID
AR000689,CUST00220,2025-02-09,2025-03-26,2025-04-09,3428.45,3428.45,USD,PAID
AR000690,CUST00110,2025-11-02,2025-11-17,2025-11-02,2696.84,2696.84,USD,PAID
AR000691,CUST00116,2025-05-03,2025-05-18,,1306.53,0.0,USD,OPEN
AR000692,CUST00357,2025-06-15,2025-08-14,,5132.75,0.0,USD,OPEN
AR000693,CUST00356,2024-12-17,2025-01-01,2025-02-09,683.37,683.37,USD,PAID
AR000694,CUST00197,2024-05-15,2024-07-14,,3147.43,0.0,USD,OPEN
AR000695,CUST00189,2024-04-01,2024-04-16,,3083.41,0.0,USD,OPEN
AR000696,CUST00397,2026-06-21,2026-08-05,,1368.41,0.0,USD,OPEN
AR000697,CUST00036,2026-04-12,2026-05-12,2026-05-15,2424.84,2424.84,USD,PAID
AR000698,CUST00226,2025-06-27,2025-07-12,2025-07-18,586.4,586.4,USD,PAID
AR000699,CUST00471,2024-12-25,2025-01-24,2025-01-28,4153.16,4153.16,USD,PAID
AR000700,CUST00460,2025-02-25,2025-04-26,2025-04-22,1530.86,1530.86,USD,PAID
AR000701,CUST00374,2024-04-12,2024-05-12,2024-07-11,1129.52,1129.52,USD,PAID
AR000702,CUST00406,2025-01-28,2025-03-14,2025-04-08,4647.61,4647.61,USD,PAID
AR000703,CUST00128,2024-05-23,2024-06-22,2024-06-17,959.19,959.19,USD,PAID
AR000704,CUST00435,2025-07-20,2025-09-03,2025-08-22,508.97,508.97,USD,PAID
AR000705,CUST00097,2026-05-17,2026-07-01,2026-08-20,445.43,445.43,USD,PAID
AR000706,CUST00402,2026-02-04,2026-04-05,2026-03-27,3119.44,3119.44,USD,PAID
AR000707,CUST00124,2026-07-08,2026-08-07,2026-08-06,571.13,571.13,USD,PAID
AR000708,CUST00185,2025-05-26,2025-06-10,2025-05-27,8771.95,8771.95,USD,PAID
AR000709,CUST00441,2026-08-14,2026-09-28,,277.62,0.0,USD,OPEN
AR000710,CUST00391,2026-05-09,2026-07-08,2026-07-15,8323.27,8323.27,USD,PAID
AR000711,CUST00035,2025-04-27,2025-05-12,,2186.19,0.0,USD,OPEN
AR000712,CUST00486,2024-01-15,2024-02-29,2024-02-21,1657.32,1657.32,USD,PAID
AR000713,CUST00393,2026-03-19,2026-05-18,2026-07-06,1107.18,1107.18,USD,PAID
AR000714,CUST00328,2025-03-01,2025-04-30,2025-04-25,2589.51,2589.51,USD,PAID
AR000715,CUST00041,2025-07-03,2025-08-02,2025-08-26,1747.83,1747.83,USD,PAID
AR000716,CUST00275,2025-06-07,2025-07-07,2025-07-11,4880.35,4880.35,USD,PAID
AR000717,CUST00159,2024-11-30,2025-01-29,2025-01-22,2003.81,2003.81,USD,PAID
AR000718,CUST00030,2025-12-16,2026-02-14,2026-03-01,2069.93,2069.93,USD,PAID
AR000719,CUST00233,2024-09-07,2024-09-22,2024-09-21,1303.42,1303.42,USD,PAID
AR000720,CUST00062,2025-09-18,2025-10-03,2025-10-10,1717.71,1717.71,USD,PAID
AR000721,CUST00255,2024-01-13,2024-02-12,2024-02-17,2385.16,2385.16,USD,PAID
AR000722,CUST00065,2024-12-21,2025-02-04,,387.94,0.0,USD,OPEN
AR000723,CUST00395,2026-02-06,2026-03-23,2026-03-23,537.34,537.34,USD,PAID
AR000724,CUST00140,2026-07-10,2026-07-25,,3529.59,0.0,USD,OPEN
AR000725,CUST00322,2025-06-20,2025-07-05,2025-09-01,2108.6,2108.6,USD,PAID
AR000726,CUST00029,2024-03-19,2024-05-18,2024-06-18,1532.13,1532.13,USD,PAID
AR000727,CUST00396,2025-05-26,2025-06-25,2025-07-12,1838.29,1838.29,USD,PAID
AR000728,CUST00002,2024-04-15,2024-04-30,2024-06-19,2472.1,2472.1,USD,PAID
AR000729,CUST00187,2024-02-15,2024-03-01,2024-04-15,1112.33,1112.33,USD,PAID
AR000730,CUST00492,2025-01-27,2025-02-26,,897.42,0.0,USD,OPEN
AR000731,CUST00115,2026-05-28,2026-06-12,2026-07-20,2156.54,2156.54,USD,PAID
AR000732,CUST00139,2024-11-25,2024-12-25,2025-01-19,749.54,749.54,USD,PAID
AR000733,CUST00258,2026-04-25,2026-05-10,2026-05-10,2610.84,2610.84,USD,PAID
AR000734,CUST00412,2025-11-20,2025-12-05,,390.6,0.0,USD,OPEN
AR000735,CUST00450,2025-06-12,2025-06-27,2025-06-20,4565.3,4565.3,USD,PAID
AR000736,CUST00168,2025-04-21,2025-06-05,2025-06-29,2766.5,2766.5,USD,PAID
AR000737,CUST00103,2024-03-29,2024-05-28,,2276.57,0.0,USD,OPEN
AR000738,CUST00238,2024-10-25,2024-12-09,2024-12-25,4378.33,4378.33,USD,PAID
AR000739,CUST00376,2025-01-12,2025-03-13,2025-03-23,8094.39,8094.39,USD,PAID
AR000740,CUST00478,2026-07-11,2026-08-10,,4504.95,0.0,USD,OPEN
AR000741,CUST00326,2025-02-23,2025-03-10,2025-04-08,344.89,344.89,USD,PAID
AR000742,CUST00389,2026-05-09,2026-05-24,2026-05-09,571.57,571.57,USD,PAID
AR000743,CUST00054,2025-11-04,2026-01-03,2026-01-27,1030.36,1030.36,USD,PAID
AR000744,CUST00498,2024-07-29,2024-08-28,2024-08-20,1851.0,1851.0,USD,PAID
AR000745,CUST00472,2024-05-25,2024-07-09,,2881.0,0.0,USD,OPEN
AR000746,CUST00235,2024-08-25,2024-10-24,2024-11-25,940.89,940.89,USD,PAID
AR000747,CUST00069,2026-02-04,2026-02-19,2026-04-09,2138.99,2138.99,USD,PAID
AR000748,CUST00291,2025-10-14,2025-12-13,,916.13,0.0,USD,OPEN
AR000749,CUST00122,2024-03-04,2024-05-03,2024-05-04,1042.77,1042.77,USD,PAID
AR000750,CUST00359,2024-10-25,2024-12-09,2025-01-13,509.79,509.79,USD,PAID
AR000751,CUST00120,2026-05-01,2026-06-15,2026-07-04,787.68,787.68,USD,PAID
AR000752,CUST00395,2024-03-17,2024-04-16,,535.65,0.0,USD,OPEN
AR000753,CUST00085,2025-08-21,2025-09-05,,751.23,0.0,USD,OPEN
AR000754,CUST00275,2025-04-05,2025-06-04,2025-06-04,4667.03,4667.03,USD,PAID
AR000755,CUST00136,2025-01-01,2025-01-31,2025-03-16,769.35,769.35,USD,PAID
AR000756,CUST00414,2026-05-22,2026-06-06,,19324.79,0.0,USD,OPEN
AR000757,CUST00111,2025-12-03,2026-01-17,2026-01-07,2818.57,2818.57,USD,PAID
AR000758,CUST00365,2026-05-05,2026-06-19,,2135.28,0.0,USD,OPEN
AR000759,CUST00347,2024-09-11,2024-10-26,2024-10-17,835.04,835.04,USD,PAID
AR000760,CUST00016,2024-11-02,2024-12-17,2024-12-24,3395.75,3395.75,USD,PAID
AR000761,CUST00384,2026-09-01,2026-10-31,,1076.99,0.0,USD,OPEN
AR000762,CUST00053,2025-07-17,2025-08-16,,2017.89,0.0,USD,OPEN
AR000763,CUST00032,2026-04-03,2026-05-03,,18107.4,0.0,USD,OPEN
AR000764,CUST00422,2026-04-30,2026-05-30,,1658.3,0.0,USD,OPEN
AR000765,CUST00299,2025-02-14,2025-03-31,2025-03-26,5086.5,5086.5,USD,PAID
AR000766,CUST00012,2025-08-23,2025-10-07,2025-10-01,960.2,960.2,USD,PAID
AR000767,CUST00415,2024-03-07,2024-04-06,2024-05-17,1751.99,1751.99,USD,PAID
AR000768,CUST00063,2024-05-11,2024-05-26,2024-06-22,8899.23,8899.23,USD,PAID
AR000769,CUST00474,2024-02-13,2024-04-13,,1028.37,0.0,USD,OPEN
AR000770,CUST00255,2025-08-10,2025-10-09,2025-11-13,9239.14,9239.14,USD,PAID
AR000771,CUST00182,2024-01-31,2024-03-31,2024-04-07,3418.57,3418.57,USD,PAID
AR000772,CUST00453,2024-08-07,2024-09-06,2024-10-18,1089.83,1089.83,USD,PAID
AR000773,CUST00332,2024-06-01,2024-06-16,2024-07-02,3194.44,3194.44,USD,PAID
AR000774,CUST00246,2024-10-29,2024-12-28,2025-02-21,4338.57,4338.57,USD,PAID
AR000775,CUST00215,2024-03-03,2024-03-18,2024-03-20,3164.12,3164.12,USD,PAID
AR000776,CUST00407,2024-07-23,2024-08-22,2024-10-15,440.01,440.01,USD,PAID
AR000777,CUST00246,2024-01-20,2024-03-20,2024-04-19,939.71,939.71,USD,PAID
AR000778,CUST00258,2025-07-11,2025-09-09,2025-11-05,1446.98,1446.98,USD,PAID
AR000779,CUST00164,2024-11-25,2025-01-24,2025-01-12,1690.89,1690.89,USD,PAID
AR000780,CUST00416,2025-09-03,2025-10-03,,3160.88,0.0,USD,OPEN
AR000781,CUST00242,2026-03-08,2026-04-22,,2121.61,0.0,USD,OPEN
AR000782,CUST00499,2025-06-26,2025-08-10,2025-08-24,543.59,543.59,USD,PAID
AR000783,CUST00137,2024-06-12,2024-06-27,2024-07-12,2545.74,2545.74,USD,PAID
AR000784,CUST00295,2025-06-30,2025-07-15,2025-07-28,3132.31,3132.31,USD,PAID
AR000785,CUST00091,2026-05-16,2026-07-15,2026-07-22,2992.34,2992.34,USD,PAID
AR000786,CUST00468,2024-08-30,2024-10-14,2024-11-13,4782.42,4782.42,USD,PAID
AR000787,CUST00486,2025-08-28,2025-09-12,2025-10-12,3829.65,3829.65,USD,PAID
AR000788,CUST00429,2025-08-04,2025-09-03,2025-09-12,2733.29,2733.29,USD,PAID
AR000789,CUST00252,2026-04-09,2026-06-08,2026-06-15,1697.4,1697.4,USD,PAID
AR000790,CUST00309,2024-02-08,2024-02-23,,405.51,0.0,USD,OPEN
AR000791,CUST00170,2024-08-12,2024-08-27,2024-08-12,2661.53,2661.53,USD,PAID
AR000792,CUST00368,2026-07-28,2026-08-27,,2179.65,0.0,USD,OPEN
AR000793,CUST00076,2024-06-30,2024-08-14,,2308.66,0.0,USD,OPEN
AR000794,CUST00441,2025-08-23,2025-09-22,2025-11-13,573.02,573.02,USD,PAID
AR000795,CUST00301,2025-01-08,2025-01-23,2025-02-27,683.38,683.38,USD,PAID
AR000796,CUST00500,2024-04-13,2024-05-28,2024-05-30,4664.97,4664.97,USD,PAID
AR000797,CUST00333,2024-06-10,2024-08-09,2024-09-25,1744.81,1744.81,USD,PAID
AR000798,CUST00356,2024-11-20,2024-12-20,2025-02-14,3338.75,3338.75,USD,PAID
AR000799,CUST00418,2026-06-29,2026-08-13,,1854.72,0.0,USD,OPEN
AR000800,CUST00066,2024-06-28,2024-08-27,2024-09-18,1857.12,1857.12,USD,PAID
AR000801,CUST00201,2024-06-30,2024-07-15,2024-09-11,4206.79,4206.79,USD,PAID
AR000802,CUST00163,2026-05-21,2026-06-05,,1136.33,0.0,USD,OPEN
AR000803,CUST00480,2026-08-01,2026-08-31,2026-08-29,1971.42,1971.42,USD,PAID
AR000804,CUST00122,2025-05-23,2025-06-22,2025-06-16,1192.67,1192.67,USD,PAID
AR000805,CUST00454,2024-12-21,2025-02-04,,1222.87,0.0,USD,OPEN
AR000806,CUST00108,2024-03-31,2024-05-15,2024-06-02,1368.88,1368.88,USD,PAID
AR000807,CUST00369,2024-09-12,2024-09-27,2024-09-25,2208.17,2208.17,USD,PAID
AR000808,CUST00497,2024-01-02,2024-01-17,2024-02-24,1175.12,1175.12,USD,PAID
AR000809,CUST00180,2024-06-19,2024-08-18,2024-09-20,5598.09,5598.09,USD,PAID
AR000810,CUST00246,2025-07-13,2025-09-11,,808.24,0.0,USD,OPEN
AR000811,CUST00038,2026-03-18,2026-04-17,,1528.15,0.0,USD,OPEN
AR000812,CUST00134,2026-03-29,2026-04-13,2026-05-08,1217.12,1217.12,USD,PAID
AR000813,CUST00088,2026-09-01,2026-09-16,,6649.39,0.0,USD,OPEN
AR000814,CUST00039,2026-06-28,2026-08-27,,2157.92,0.0,USD,OPEN
AR000815,CUST00361,2025-07-14,2025-07-29,2025-09-13,4576.36,4576.36,USD,PAID
AR000816,CUST00311,2024-02-01,2024-04-01,2024-04-07,474.85,474.85,USD,PAID
AR000817,CUST00052,2026-06-30,2026-08-29,,2299.27,0.0,USD,OPEN
AR000818,CUST00357,2024-12-05,2025-01-04,2025-02-10,4026.56,4026.56,USD,PAID
AR000819,CUST00122,2025-07-21,2025-09-04,2025-09-27,1947.02,1947.02,USD,PAID
AR000820,CUST00431,2024-04-08,2024-04-23,2024-06-17,4717.02,4717.02,USD,PAID
AR000821,CUST00002,2025-05-17,2025-06-16,,1135.06,0.0,USD,OPEN
AR000822,CUST00103,2025-03-13,2025-03-28,2025-05-13,6427.96,6427.96,USD,PAID
AR000823,CUST00042,2024-04-09,2024-04-24,2024-05-16,14314.21,14314.21,USD,PAID
AR000824,CUST00242,2025-04-29,2025-05-14,2025-06-18,1304.33,1304.33,USD,PAID
AR000825,CUST00279,2025-05-15,2025-06-29,,1210.81,0.0,USD,OPEN
AR000826,CUST00190,2025-01-31,2025-03-02,2025-04-04,6687.84,6687.84,USD,PAID
AR000827,CUST00226,2024-07-10,2024-09-08,,7492.18,0.0,USD,OPEN
AR000828,CUST00289,2025-04-21,2025-06-05,2025-06-24,1129.38,1129.38,USD,PAID
AR000829,CUST00044,2024-03-04,2024-04-03,2024-03-31,1238.72,1238.72,USD,PAID
AR000830,CUST00498,2025-11-15,2025-12-30,2026-02-05,1403.04,1403.04,USD,PAID
AR000831,CUST00420,2026-02-13,2026-03-15,2026-04-18,539.15,539.15,USD,PAID
AR000832,CUST00294,2025-06-19,2025-08-18,2025-10-02,790.93,790.93,USD,PAID
AR000833,CUST00203,2026-06-21,2026-07-21,2026-07-16,732.36,732.36,USD,PAID
AR000834,CUST00410,2026-07-13,2026-07-28,,905.95,0.0,USD,OPEN
AR000835,CUST00388,2025-08-08,2025-09-07,,1752.47,0.0,USD,OPEN
AR000836,CUST00498,2025-04-04,2025-05-04,2025-05-10,2232.31,2232.31,USD,PAID
AR000837,CUST00217,2024-08-04,2024-09-03,,7298.69,0.0,USD,OPEN
AR000838,CUST00428,2024-03-21,2024-05-20,2024-05-23,736.18,736.18,USD,PAID
AR000839,CUST00045,2025-09-01,2025-10-16,2025-10-09,4384.76,4384.76,USD,PAID
AR000840,CUST00267,2025-02-01,2025-04-02,2025-04-22,1491.31,1491.31,USD,PAID
AR000841,CUST00268,2025-04-14,2025-04-29,2025-06-28,1729.32,1729.32,USD,PAID
AR000842,CUST00077,2026-03-11,2026-05-10,,3318.73,0.0,USD,OPEN
AR000843,CUST00400,2024-05-31,2024-06-15,2024-08-11,658.23,658.23,USD,PAID
AR000844,CUST00450,2024-04-13,2024-05-28,2024-06-26,2550.82,2550.82,USD,PAID
AR000845,CUST00293,2025-02-24,2025-04-10,2025-05-27,2100.24,2100.24,USD,PAID
AR000846,CUST00142,2025-09-15,2025-11-14,,2816.38,0.0,USD,OPEN
AR000847,CUST00020,2025-02-16,2025-03-18,2025-04-23,2345.5,2345.5,USD,PAID
AR000848,CUST00382,2025-02-09,2025-03-26,2025-03-17,16477.81,16477.81,USD,PAID
AR000849,CUST00173,2025-05-01,2025-06-15,2025-06-02,1018.45,1018.45,USD,PAID
AR000850,CUST00440,2026-04-17,2026-06-01,2026-07-18,1121.14,1121.14,USD,PAID
AR000851,CUST00069,2025-12-13,2025-12-28,2026-01-11,1031.92,1031.92,USD,PAID
AR000852,CUST00138,2024-11-03,2025-01-02,2025-01-28,1096.71,1096.71,USD,PAID
AR000853,CUST00097,2026-01-16,2026-03-17,2026-03-13,1018.77,1018.77,USD,PAID
AR000854,CUST00380,2025-03-28,2025-04-27,2025-06-03,5271.74,5271.74,USD,PAID
AR000855,CUST00406,2025-05-11,2025-06-25,2025-08-14,6492.83,6492.83,USD,PAID
AR000856,CUST00207,2024-06-11,2024-06-26,2024-08-14,1081.74,1081.74,USD,PAID
AR000857,CUST00449,2024-05-18,2024-06-02,,854.81,0.0,USD,OPEN
AR000858,CUST00017,2026-05-02,2026-06-01,2026-06-17,2763.56,2763.56,USD,PAID
AR000859,CUST00141,2025-04-12,2025-04-27,2025-05-07,1099.93,1099.93,USD,PAID
AR000860,CUST00349,2025-01-12,2025-03-13,2025-03-13,3195.95,3195.95,USD,PAID
AR000861,CUST00091,2024-02-01,2024-03-02,2024-04-13,2170.32,2170.32,USD,PAID
AR000862,CUST00177,2026-06-10,2026-08-09,,462.12,0.0,USD,OPEN
AR000863,CUST00146,2024-06-16,2024-07-31,2024-07-27,7279.04,7279.04,USD,PAID
AR000864,CUST00438,2024-01-29,2024-03-29,,9102.37,0.0,USD,OPEN
AR000865,CUST00347,2025-08-08,2025-09-07,2025-09-20,1041.58,1041.58,USD,PAID
AR000866,CUST00011,2024-07-30,2024-09-13,2024-11-02,1275.47,1275.47,USD,PAID
AR000867,CUST00332,2026-06-04,2026-06-19,2026-06-20,2338.53,2338.53,USD,PAID
AR000868,CUST00365,2024-06-26,2024-07-11,2024-08-04,2443.07,2443.07,USD,PAID
AR000869,CUST00437,2025-12-27,2026-02-10,2026-03-15,3270.47,3270.47,USD,PAID
AR000870,CUST00155,2024-12-23,2025-02-21,2025-04-06,11038.94,11038.94,USD,PAID
AR000871,CUST00262,2025-11-24,2026-01-23,2026-01-08,1541.86,1541.86,USD,PAID
AR000872,CUST00153,2025-11-09,2025-12-24,2026-01-14,881.42,881.42,USD,PAID
AR000873,CUST00142,2025-12-01,2025-12-16,2026-01-13,522.49,522.49,USD,PAID
AR000874,CUST00336,2025-10-17,2025-12-01,2025-12-19,936.51,936.51,USD,PAID
AR000875,CUST00265,2025-12-29,2026-02-12,,1754.93,0.0,USD,OPEN
AR000876,CUST00339,2026-02-22,2026-03-24,2026-04-29,9091.56,9091.56,USD,PAID
AR000877,CUST00152,2024-11-23,2024-12-23,2025-02-09,1134.73,1134.73,USD,PAID
AR000878,CUST00299,2024-09-22,2024-11-21,2024-11-10,2211.46,2211.46,USD,PAID
AR000879,CUST00352,2025-12-26,2026-01-25,2026-02-07,1781.51,1781.51,USD,PAID
AR000880,CUST00260,2025-07-01,2025-08-30,2025-09-29,5268.78,5268.78,USD,PAID
AR000881,CUST00093,2024-11-03,2024-12-03,2025-01-28,17575.11,17575.11,USD,PAID
AR000882,CUST00372,2024-10-27,2024-11-11,2024-11-29,1121.27,1121.27,USD,PAID
AR000883,CUST00336,2026-04-07,2026-05-07,2026-06-03,1163.87,1163.87,USD,PAID
AR000884,CUST00216,2024-04-01,2024-05-01,2024-05-25,4627.37,4627.37,USD,PAID
AR000885,CUST00151,2026-03-18,2026-05-02,2026-06-30,3339.92,3339.92,USD,PAID
AR000886,CUST00298,2025-04-19,2025-05-04,2025-07-02,9528.44,9528.44,USD,PAID
AR000887,CUST00257,2026-08-24,2026-09-08,,3058.06,0.0,USD,OPEN
AR000888,CUST00028,2024-05-02,2024-07-01,2024-08-07,1308.5,1308.5,USD,PAID
AR000889,CUST00103,2026-06-10,2026-07-10,,3076.63,0.0,USD,OPEN
AR000890,CUST00074,2024-12-16,2025-02-14,2025-03-29,4904.13,4904.13,USD,PAID
AR000891,CUST00171,2024-11-19,2024-12-19,2025-02-04,3783.61,3783.61,USD,PAID
AR000892,CUST00003,2025-10-08,2025-11-07,2025-10-30,2854.2,2854.2,USD,PAID
AR000893,CUST00296,2025-04-07,2025-05-22,2025-05-28,4722.09,4722.09,USD,PAID
AR000894,CUST00067,2026-02-21,2026-03-23,2026-03-19,5178.99,5178.99,USD,PAID
AR000895,CUST00220,2025-09-21,2025-11-20,2025-12-26,6272.58,6272.58,USD,PAID
AR000896,CUST00274,2025-05-03,2025-07-02,,3241.65,0.0,USD,OPEN
AR000897,CUST00388,2024-07-23,2024-09-06,2024-10-02,1555.56,1555.56,USD,PAID
AR000898,CUST00003,2026-05-03,2026-06-02,,2063.26,0.0,USD,OPEN
AR000899,CUST00160,2025-10-03,2025-11-02,2025-12-01,5355.39,5355.39,USD,PAID
AR000900,CUST00157,2024-05-12,2024-05-27,2024-07-26,866.76,866.76,USD,PAID
AR000901,CUST00486,2024-06-20,2024-07-05,2024-07-28,2519.48,2519.48,USD,PAID
AR000902,CUST00173,2024-10-24,2024-12-23,2025-02-13,1269.01,1269.01,USD,PAID
AR000903,CUST00184,2025-03-20,2025-04-19,2025-06-05,1855.43,1855.43,USD,PAID
AR000904,CUST00465,2026-02-07,2026-03-09,,5713.61,0.0,USD,OPEN
AR000905,CUST00115,2026-07-29,2026-09-27,,2147.35,0.0,USD,OPEN
AR000906,CUST00302,2026-01-14,2026-02-13,2026-01-31,1885.21,1885.21,USD,PAID
AR000907,CUST00365,2025-05-31,2025-06-30,,531.73,0.0,USD,OPEN
AR000908,CUST00395,2025-10-28,2025-11-12,2025-11-29,3539.1,3539.1,USD,PAID
AR000909,CUST00339,2025-07-01,2025-07-16,2025-07-07,3232.26,3232.26,USD,PAID
AR000910,CUST00060,2024-04-20,2024-05-05,,12669.2,0.0,USD,OPEN
AR000911,CUST00130,2025-03-02,2025-05-01,2025-06-25,1370.59,1370.59,USD,PAID
AR000912,CUST00155,2025-04-30,2025-05-30,2025-05-16,2202.25,2202.25,USD,PAID
AR000913,CUST00319,2025-03-06,2025-03-21,2025-04-09,2263.0,2263.0,USD,PAID
AR000914,CUST00262,2025-09-12,2025-10-12,2025-10-10,7477.91,7477.91,USD,PAID
AR000915,CUST00255,2026-01-06,2026-01-21,2026-01-19,1659.44,1659.44,USD,PAID
AR000916,CUST00499,2024-07-22,2024-08-21,2024-10-11,2324.17,2324.17,USD,PAID
AR000917,CUST00083,2024-07-25,2024-09-08,2024-09-30,3124.74,3124.74,USD,PAID
AR000918,CUST00170,2024-02-10,2024-04-10,2024-05-26,2138.69,2138.69,USD,PAID
AR000919,CUST00046,2024-08-28,2024-09-12,,1209.8,0.0,USD,OPEN
AR000920,CUST00077,2026-07-17,2026-08-01,,2153.14,0.0,USD,OPEN
AR000921,CUST00371,2026-08-30,2026-09-14,,4751.75,0.0,USD,OPEN
AR000922,CUST00234,2026-01-10,2026-01-25,2026-02-08,717.76,717.76,USD,PAID
AR000923,CUST00417,2024-10-30,2024-12-14,2024-12-11,2037.9,2037.9,USD,PAID
AR000924,CUST00411,2024-06-27,2024-07-12,2024-08-12,962.84,962.84,USD,PAID
AR000925,CUST00049,2025-11-24,2026-01-08,2026-01-07,5300.42,5300.42,USD,PAID
AR000926,CUST00071,2026-05-21,2026-06-05,,459.04,0.0,USD,OPEN
AR000927,CUST00490,2025-11-10,2025-12-10,2026-01-20,1093.32,1093.32,USD,PAID
AR000928,CUST00191,2025-09-28,2025-11-12,2025-11-08,2538.91,2538.91,USD,PAID
AR000929,CUST00206,2026-04-14,2026-05-29,,7398.05,0.0,USD,OPEN
AR000930,CUST00354,2025-02-13,2025-04-14,2025-05-18,1704.16,1704.16,USD,PAID
AR000931,CUST00058,2026-05-21,2026-07-20,2026-07-26,1096.98,1096.98,USD,PAID
AR000932,CUST00054,2024-05-15,2024-05-30,2024-06-04,9828.5,9828.5,USD,PAID
AR000933,CUST00093,2025-03-02,2025-05-01,2025-06-11,491.17,491.17,USD,PAID
AR000934,CUST00442,2025-09-17,2025-11-16,2025-11-04,249.9,249.9,USD,PAID
AR000935,CUST00058,2025-12-01,2025-12-31,2026-02-16,2686.55,2686.55,USD,PAID
AR000936,CUST00134,2026-06-27,2026-08-26,2026-08-19,1150.73,1150.73,USD,PAID
AR000937,CUST00445,2025-11-01,2025-12-16,,721.18,0.0,USD,OPEN
AR000938,CUST00266,2025-11-25,2025-12-25,2026-01-22,3420.43,3420.43,USD,PAID
AR000939,CUST00247,2025-06-19,2025-07-04,2025-07-20,2251.65,2251.65,USD,PAID
AR000940,CUST00424,2024-12-20,2025-02-18,,1088.25,0.0,USD,OPEN
AR000941,CUST00479,2025-07-25,2025-08-09,,571.19,0.0,USD,OPEN
AR000942,CUST00039,2024-06-09,2024-08-08,2024-08-14,3964.8,3964.8,USD,PAID
AR000943,CUST00497,2026-02-08,2026-04-09,2026-05-06,3246.01,3246.01,USD,PAID
AR000944,CUST00330,2024-10-11,2024-10-26,2024-12-20,1653.65,1653.65,USD,PAID
AR000945,CUST00236,2025-01-22,2025-03-23,2025-03-18,9527.84,9527.84,USD,PAID
AR000946,CUST00256,2025-03-30,2025-05-29,,690.16,0.0,USD,OPEN
AR000947,CUST00255,2025-04-02,2025-05-17,,458.07,0.0,USD,OPEN
AR000948,CUST00212,2026-02-02,2026-02-17,,969.99,0.0,USD,OPEN
AR000949,CUST00456,2024-02-06,2024-02-21,2024-03-15,1735.36,1735.36,USD,PAID
AR000950,CUST00487,2025-06-04,2025-07-04,2025-08-16,2250.72,2250.72,USD,PAID
AR000951,CUST00433,2024-12-15,2025-01-29,2025-02-11,1455.18,1455.18,USD,PAID
AR000952,CUST00367,2025-04-10,2025-05-25,2025-07-09,2482.07,2482.07,USD,PAID
AR000953,CUST00050,2025-11-03,2025-12-18,2025-12-17,586.17,586.17,USD,PAID
AR000954,CUST00182,2026-02-16,2026-03-18,,6630.19,0.0,USD,OPEN
AR000955,CUST00360,2026-04-29,2026-06-13,2026-07-15,1679.19,1679.19,USD,PAID
AR000956,CUST00072,2024-04-18,2024-05-03,2024-06-20,4942.2,4942.2,USD,PAID
AR000957,CUST00313,2026-04-21,2026-06-20,,2461.32,0.0,USD,OPEN
AR000958,CUST00437,2024-07-19,2024-08-18,,2727.33,0.0,USD,OPEN
AR000959,CUST00367,2025-02-06,2025-03-08,2025-03-17,3019.33,3019.33,USD,PAID
AR000960,CUST00475,2024-12-12,2024-12-27,2024-12-17,2705.22,2705.22,USD,PAID
AR000961,CUST00235,2025-10-10,2025-10-25,2025-12-06,3224.23,3224.23,USD,PAID
AR000962,CUST00272,2025-11-05,2025-12-05,2025-11-20,5980.37,5980.37,USD,PAID
AR000963,CUST00430,2026-01-23,2026-02-07,2026-03-19,2157.85,2157.85,USD,PAID
AR000964,CUST00355,2025-08-22,2025-10-21,2025-10-28,3422.42,3422.42,USD,PAID
AR000965,CUST00054,2025-08-15,2025-09-14,2025-09-15,1667.76,1667.76,USD,PAID
AR000966,CUST00215,2025-01-31,2025-03-17,2025-04-20,6608.46,6608.46,USD,PAID
AR000967,CUST00497,2025-09-15,2025-10-15,2025-11-12,983.63,983.63,USD,PAID
AR000968,CUST00212,2024-10-28,2024-12-27,2024-12-29,9143.94,9143.94,USD,PAID
AR000969,CUST00441,2025-09-08,2025-10-23,2025-12-17,1743.86,1743.86,USD,PAID
AR000970,CUST00352,2024-11-17,2024-12-17,2025-01-08,498.85,498.85,USD,PAID
AR000971,CUST00258,2024-12-19,2025-01-18,2025-01-25,2028.99,2028.99,USD,PAID
AR000972,CUST00288,2025-07-09,2025-08-23,2025-09-22,979.51,979.51,USD,PAID
AR000973,CUST00147,2025-05-06,2025-07-05,2025-08-27,3852.89,3852.89,USD,PAID
AR000974,CUST00055,2026-06-17,2026-08-16,,1004.9,0.0,USD,OPEN
AR000975,CUST00344,2024-01-26,2024-03-26,,1210.07,0.0,USD,OPEN
AR000976,CUST00147,2024-02-27,2024-03-28,2024-04-02,330.11,330.11,USD,PAID
AR000977,CUST00032,2025-11-30,2026-01-14,,1203.42,0.0,USD,OPEN
AR000978,CUST00017,2025-12-08,2026-01-22,2026-03-17,204.08,204.08,USD,PAID
AR000979,CUST00445,2025-01-02,2025-03-03,,434.63,0.0,USD,OPEN
AR000980,CUST00200,2025-11-22,2025-12-22,2026-02-16,3584.5,3584.5,USD,PAID
AR000981,CUST00475,2024-08-31,2024-10-15,2024-10-06,3667.33,3667.33,USD,PAID
AR000982,CUST00495,2025-01-25,2025-03-26,2025-04-20,2651.58,2651.58,USD,PAID
AR000983,CUST00129,2025-07-19,2025-08-03,,757.27,0.0,USD,OPEN
AR000984,CUST00387,2024-07-26,2024-09-24,2024-10-26,1732.05,1732.05,USD,PAID
AR000985,CUST00151,2025-08-25,2025-09-24,2025-10-03,1802.19,1802.19,USD,PAID
AR000986,CUST00096,2025-04-04,2025-05-04,2025-04-28,637.45,637.45,USD,PAID
AR000987,CUST00143,2024-06-26,2024-07-11,2024-08-19,6995.75,6995.75,USD,PAID
AR000988,CUST00300,2025-07-23,2025-09-06,,3982.34,0.0,USD,OPEN
AR000989,CUST00239,2026-05-16,2026-06-30,,1481.98,0.0,USD,OPEN
AR000990,CUST00476,2025-12-27,2026-01-26,,1852.33,0.0,USD,OPEN
AR000991,CUST00252,2024-11-26,2024-12-11,2025-01-03,2181.01,2181.01,USD,PAID
AR000992,CUST00363,2026-03-19,2026-05-03,,287.85,0.0,USD,OPEN
AR000993,CUST00035,2024-11-21,2024-12-21,2025-02-10,1447.42,1447.42,USD,PAID
AR000994,CUST00207,2026-03-16,2026-04-15,2026-06-07,978.69,978.69,USD,PAID
AR000995,CUST00340,2024-04-04,2024-05-19,2024-05-31,734.02,734.02,USD,PAID
AR000996,CUST00487,2024-12-05,2025-01-19,2025-01-31,1403.9,1403.9,USD,PAID
AR000997,CUST00059,2026-02-09,2026-04-10,2026-03-27,9117.2,9117.2,USD,PAID
AR000998,CUST00491,2025-11-15,2025-12-30,2026-01-15,3218.78,3218.78,USD,PAID
AR000999,CUST00198,2024-02-10,2024-03-26,2024-03-25,1081.32,1081.32,USD,PAID
AR001000,CUST00265,2024-09-19,2024-11-03,,3026.99,0.0,USD,OPEN
AR001001,CUST00229,2026-04-21,2026-06-05,2026-07-25,6370.41,6370.41,USD,PAID
AR001002,CUST00165,2025-05-13,2025-05-28,2025-06-06,4155.43,4155.43,USD,PAID
AR001003,CUST00498,2025-06-10,2025-06-25,2025-07-01,1907.73,1907.73,USD,PAID
AR001004,CUST00344,2026-03-02,2026-03-17,2026-03-28,1010.05,1010.05,USD,PAID
AR001005,CUST00428,2025-10-06,2025-11-05,2025-12-14,3389.38,3389.38,USD,PAID
AR001006,CUST00332,2024-04-16,2024-05-16,2024-06-25,2576.37,2576.37,USD,PAID
AR001007,CUST00013,2026-04-16,2026-05-01,2026-05-05,4046.77,4046.77,USD,PAID
AR001008,CUST00038,2025-04-15,2025-05-30,,3202.4,0.0,USD,OPEN
AR001009,CUST00037,2024-02-25,2024-03-26,2024-05-21,4649.88,4649.88,USD,PAID
AR001010,CUST00199,2025-08-11,2025-09-10,2025-10-17,1116.87,1116.87,USD,PAID
AR001011,CUST00200,2025-04-06,2025-06-05,2025-05-23,5917.41,5917.41,USD,PAID
AR001012,CUST00388,2025-11-20,2025-12-05,2025-11-28,2159.95,2159.95,USD,PAID
AR001013,CUST00184,2026-02-02,2026-02-17,2026-02-11,11704.57,11704.57,USD,PAID
AR001014,CUST00311,2026-08-08,2026-08-23,,972.36,0.0,USD,OPEN
AR001015,CUST00196,2024-03-29,2024-05-13,2024-06-23,8624.54,8624.54,USD,PAID
AR001016,CUST00113,2025-02-08,2025-02-23,2025-04-17,2160.55,2160.55,USD,PAID
AR001017,CUST00152,2024-05-19,2024-07-18,2024-09-10,1005.99,1005.99,USD,PAID
AR001018,CUST00491,2025-10-11,2025-11-10,2025-12-12,1169.7,1169.7,USD,PAID
AR001019,CUST00073,2026-08-30,2026-09-14,,1355.18,0.0,USD,OPEN
AR001020,CUST00306,2024-05-06,2024-05-21,,2648.5,0.0,USD,OPEN
AR001021,CUST00109,2025-02-07,2025-02-22,2025-03-23,2894.45,2894.45,USD,PAID
AR001022,CUST00114,2025-02-26,2025-03-28,,1078.87,0.0,USD,OPEN
AR001023,CUST00093,2025-09-23,2025-11-07,,1768.84,0.0,USD,OPEN
AR001024,CUST00237,2025-11-18,2025-12-03,2026-01-27,12432.18,12432.18,USD,PAID
AR001025,CUST00129,2025-10-22,2025-11-06,2025-10-30,8559.43,8559.43,USD,PAID
AR001026,CUST00488,2024-04-10,2024-05-10,2024-06-26,2677.64,2677.64,USD,PAID
AR001027,CUST00336,2024-12-04,2025-01-18,,1870.95,0.0,USD,OPEN
AR001028,CUST00461,2024-08-28,2024-09-12,2024-09-05,2014.3,2014.3,USD,PAID
AR001029,CUST00316,2024-07-17,2024-08-31,2024-09-27,3140.59,3140.59,USD,PAID
AR001030,CUST00290,2025-11-06,2025-12-21,2025-12-25,720.17,720.17,USD,PAID
AR001031,CUST00087,2025-08-03,2025-09-17,2025-10-26,1434.2,1434.2,USD,PAID
AR001032,CUST00365,2024-01-05,2024-02-19,2024-03-03,402.73,402.73,USD,PAID
AR001033,CUST00069,2026-01-27,2026-03-28,2026-04-28,2589.71,2589.71,USD,PAID
AR001034,CUST00229,2025-11-26,2026-01-10,2026-02-23,3237.24,3237.24,USD,PAID
AR001035,CUST00090,2025-01-02,2025-02-16,2025-02-14,1170.44,1170.44,USD,PAID
AR001036,CUST00457,2025-10-23,2025-11-07,2025-11-09,7454.61,7454.61,USD,PAID
AR001037,CUST00373,2025-07-05,2025-08-04,2025-07-29,599.93,599.93,USD,PAID
AR001038,CUST00417,2024-03-18,2024-04-02,2024-03-21,483.99,483.99,USD,PAID
AR001039,CUST00465,2025-08-18,2025-10-17,2025-10-29,2212.78,2212.78,USD,PAID
AR001040,CUST00242,2024-02-07,2024-03-23,2024-05-16,4639.62,4639.62,USD,PAID
AR001041,CUST00457,2025-10-31,2025-11-30,2025-12-13,8229.95,8229.95,USD,PAID
AR001042,CUST00257,2026-03-01,2026-04-15,,1196.32,0.0,USD,OPEN
AR001043,CUST00006,2025-06-06,2025-06-21,2025-08-09,4773.39,4773.39,USD,PAID
AR001044,CUST00388,2025-11-09,2025-12-09,2025-12-15,1746.45,1746.45,USD,PAID
AR001045,CUST00290,2025-06-10,2025-07-10,2025-07-17,1547.87,1547.87,USD,PAID
AR001046,CUST00481,2026-08-29,2026-09-28,,4004.98,0.0,USD,OPEN
AR001047,CUST00119,2025-01-02,2025-01-17,2025-03-05,3252.21,3252.21,USD,PAID
AR001048,CUST00343,2024-03-05,2024-04-19,2024-04-09,437.57,437.57,USD,PAID
AR001049,CUST00452,2024-07-30,2024-09-13,2024-10-26,6828.68,6828.68,USD,PAID
AR001050,CUST00053,2024-02-17,2024-03-03,2024-03-29,6260.92,6260.92,USD,PAID
AR001051,CUST00297,2025-12-21,2026-02-04,2026-02-22,1029.67,1029.67,USD,PAID
AR001052,CUST00188,2025-07-11,2025-08-10,2025-09-12,2581.75,2581.75,USD,PAID
AR001053,CUST00499,2025-08-24,2025-09-08,2025-10-11,2820.38,2820.38,USD,PAID
AR001054,CUST00419,2026-07-18,2026-08-17,,2286.11,0.0,USD,OPEN
AR001055,CUST00455,2026-06-07,2026-07-22,,1101.83,0.0,USD,OPEN
AR001056,CUST00226,2025-09-10,2025-09-25,2025-09-27,987.86,987.86,USD,PAID
AR001057,CUST00330,2024-06-18,2024-07-18,,1766.93,0.0,USD,OPEN
AR001058,CUST00081,2024-10-14,2024-11-13,,5195.02,0.0,USD,OPEN
AR001059,CUST00416,2025-01-05,2025-01-20,2025-02-27,2949.06,2949.06,USD,PAID
AR001060,CUST00246,2024-12-04,2024-12-19,2025-02-03,1295.23,1295.23,USD,PAID
AR001061,CUST00012,2024-08-03,2024-09-02,2024-10-09,3621.08,3621.08,USD,PAID
AR001062,CUST00304,2024-09-06,2024-09-21,,139.26,0.0,USD,OPEN
AR001063,CUST00457,2024-06-13,2024-07-13,2024-07-03,5084.18,5084.18,USD,PAID
AR001064,CUST00133,2025-08-09,2025-09-08,,377.76,0.0,USD,OPEN
AR001065,CUST00307,2026-08-02,2026-09-01,,1304.8,0.0,USD,OPEN
AR001066,CUST00485,2025-07-31,2025-08-15,2025-09-05,660.04,660.04,USD,PAID
AR001067,CUST00445,2024-03-28,2024-04-27,2024-06-11,563.85,563.85,USD,PAID
AR001068,CUST00308,2025-05-08,2025-06-07,2025-07-14,5139.67,5139.67,USD,PAID
AR001069,CUST00136,2024-05-26,2024-06-25,2024-08-14,1186.86,1186.86,USD,PAID
AR001070,CUST00036,2024-06-20,2024-08-04,2024-10-03,2469.7,2469.7,USD,PAID
AR001071,CUST00009,2024-08-23,2024-10-22,2024-10-20,1733.28,1733.28,USD,PAID
AR001072,CUST00091,2024-07-26,2024-09-24,2024-09-21,2777.58,2777.58,USD,PAID
AR001073,CUST00258,2025-05-02,2025-05-17,2025-07-09,1937.47,1937.47,USD,PAID
AR001074,CUST00338,2026-02-09,2026-02-24,,569.81,0.0,USD,OPEN
AR001075,CUST00268,2024-05-13,2024-05-28,2024-07-07,4432.15,4432.15,USD,PAID
AR001076,CUST00220,2025-03-06,2025-04-20,2025-06-11,1159.35,1159.35,USD,PAID
AR001077,CUST00180,2024-08-22,2024-10-21,2024-11-23,445.45,445.45,USD,PAID
AR001078,CUST00245,2025-08-26,2025-09-10,2025-09-27,1229.91,1229.91,USD,PAID
AR001079,CUST00146,2026-02-23,2026-03-25,2026-03-20,6979.16,6979.16,USD,PAID
AR001080,CUST00364,2025-09-04,2025-11-03,2025-10-19,3886.25,3886.25,USD,PAID
AR001081,CUST00267,2026-01-31,2026-02-15,2026-02-15,1321.09,1321.09,USD,PAID
AR001082,CUST00210,2024-01-08,2024-03-08,2024-04-02,1320.37,1320.37,USD,PAID
AR001083,CUST00334,2025-01-05,2025-01-20,,1353.61,0.0,USD,OPEN
AR001084,CUST00217,2025-08-22,2025-10-06,2025-11-28,11720.25,11720.25,USD,PAID
AR001085,CUST00387,2025-08-01,2025-09-15,2025-10-20,2549.73,2549.73,USD,PAID
AR001086,CUST00248,2024-07-27,2024-09-25,2024-11-20,2662.54,2662.54,USD,PAID
AR001087,CUST00130,2024-07-02,2024-08-16,2024-10-01,4569.94,4569.94,USD,PAID
AR001088,CUST00377,2024-11-10,2024-12-25,2025-01-29,2241.52,2241.52,USD,PAID
AR001089,CUST00401,2024-05-21,2024-06-05,2024-07-17,1432.05,1432.05,USD,PAID
AR001090,CUST00261,2025-12-17,2026-01-16,,1515.17,0.0,USD,OPEN
AR001091,CUST00083,2025-02-14,2025-03-31,2025-03-22,1695.2,1695.2,USD,PAID
AR001092,CUST00242,2025-02-02,2025-02-17,2025-02-20,1748.48,1748.48,USD,PAID
AR001093,CUST00135,2026-08-06,2026-10-05,,3480.27,0.0,USD,OPEN
AR001094,CUST00020,2024-08-15,2024-09-29,,1894.58,0.0,USD,OPEN
AR001095,CUST00315,2026-01-11,2026-03-12,2026-04-17,3496.0,3496.0,USD,PAID
AR001096,CUST00485,2025-11-02,2025-12-17,2025-12-09,1681.35,1681.35,USD,PAID
AR001097,CUST00006,2026-03-03,2026-04-02,2026-05-13,1940.64,1940.64,USD,PAID
AR001098,CUST00402,2024-07-25,2024-09-08,,299.35,0.0,USD,OPEN
AR001099,CUST00185,2025-09-05,2025-10-05,2025-09-24,4124.48,4124.48,USD,PAID
AR001100,CUST00142,2024-09-01,2024-09-16,2024-09-12,2469.67,2469.67,USD,PAID
AR001101,CUST00208,2026-03-09,2026-05-08,2026-06-12,4439.11,4439.11,USD,PAID
AR001102,CUST00471,2025-08-23,2025-09-22,2025-09-15,133.4,133.4,USD,PAID
AR001103,CUST00469,2024-04-02,2024-05-17,2024-07-12,11843.53,11843.53,USD,PAID
AR001104,CUST00116,2025-08-19,2025-10-03,2025-10-23,1594.59,1594.59,USD,PAID
AR001105,CUST00295,2025-09-12,2025-10-12,2025-11-17,4901.83,4901.83,USD,PAID
AR001106,CUST00260,2024-01-05,2024-02-19,,709.16,0.0,USD,OPEN
AR001107,CUST00485,2024-04-19,2024-05-04,2024-06-01,3138.49,3138.49,USD,PAID
AR001108,CUST00129,2024-04-29,2024-06-13,2024-08-10,700.59,700.59,USD,PAID
AR001109,CUST00248,2025-12-11,2026-02-09,2026-04-07,1031.33,1031.33,USD,PAID
AR001110,CUST00349,2026-02-27,2026-03-29,2026-05-11,10123.64,10123.64,USD,PAID
AR001111,CUST00035,2025-04-16,2025-05-01,2025-05-19,1522.92,1522.92,USD,PAID
AR001112,CUST00410,2025-01-26,2025-02-25,2025-03-11,2198.85,2198.85,USD,PAID
AR001113,CUST00275,2024-11-19,2025-01-18,2025-03-10,3956.29,3956.29,USD,PAID
AR001114,CUST00205,2024-01-10,2024-02-24,2024-02-20,2824.58,2824.58,USD,PAID
AR001115,CUST00477,2025-11-20,2026-01-04,,2070.15,0.0,USD,OPEN
AR001116,CUST00458,2024-07-01,2024-08-30,2024-09-11,2511.07,2511.07,USD,PAID
AR001117,CUST00383,2025-08-10,2025-09-24,,15726.05,0.0,USD,OPEN
AR001118,CUST00121,2025-11-30,2025-12-30,2026-01-09,1716.67,1716.67,USD,PAID
AR001119,CUST00118,2026-01-23,2026-02-22,2026-03-05,2166.76,2166.76,USD,PAID
AR001120,CUST00080,2024-07-26,2024-08-25,2024-09-24,4654.5,4654.5,USD,PAID
AR001121,CUST00041,2026-03-08,2026-03-23,,4890.13,0.0,USD,OPEN
AR001122,CUST00491,2025-11-23,2026-01-22,2026-03-17,5262.32,5262.32,USD,PAID
AR001123,CUST00253,2024-02-13,2024-04-13,2024-05-08,3212.67,3212.67,USD,PAID
AR001124,CUST00144,2026-07-08,2026-08-22,,646.32,0.0,USD,OPEN
AR001125,CUST00028,2025-02-11,2025-03-13,2025-03-14,7864.3,7864.3,USD,PAID
AR001126,CUST00017,2025-06-22,2025-08-21,2025-10-14,644.38,644.38,USD,PAID
AR001127,CUST00235,2025-05-29,2025-07-13,2025-07-20,2374.1,2374.1,USD,PAID
AR001128,CUST00007,2024-05-03,2024-07-02,2024-06-18,917.04,917.04,USD,PAID
AR001129,CUST00167,2025-11-21,2025-12-21,2025-12-18,1706.63,1706.63,USD,PAID
AR001130,CUST00135,2025-01-05,2025-02-19,,2430.58,0.0,USD,OPEN
AR001131,CUST00188,2024-08-30,2024-10-14,2024-11-11,2414.44,2414.44,USD,PAID
AR001132,CUST00359,2024-07-07,2024-09-05,2024-10-13,2643.16,2643.16,USD,PAID
AR001133,CUST00144,2026-02-09,2026-03-26,2026-05-01,7725.95,7725.95,USD,PAID
AR001134,CUST00352,2025-04-06,2025-05-06,2025-07-03,2719.44,2719.44,USD,PAID
AR001135,CUST00285,2024-08-22,2024-09-06,2024-09-21,1451.36,1451.36,USD,PAID
AR001136,CUST00410,2025-03-18,2025-05-17,,4305.63,0.0,USD,OPEN
AR001137,CUST00091,2026-01-26,2026-02-25,2026-02-11,5273.89,5273.89,USD,PAID
AR001138,CUST00458,2025-03-07,2025-05-06,,598.93,0.0,USD,OPEN
AR001139,CUST00129,2026-05-19,2026-07-03,2026-07-26,3095.36,3095.36,USD,PAID
AR001140,CUST00031,2025-07-29,2025-08-13,2025-08-18,3398.38,3398.38,USD,PAID
AR001141,CUST00231,2024-08-08,2024-09-22,2024-09-19,1383.25,1383.25,USD,PAID
AR001142,CUST00287,2026-02-01,2026-03-18,2026-04-18,6236.26,6236.26,USD,PAID
AR001143,CUST00063,2025-07-24,2025-09-07,2025-10-14,1579.64,1579.64,USD,PAID
AR001144,CUST00090,2024-12-25,2025-01-24,2025-03-18,2024.38,2024.38,USD,PAID
AR001145,CUST00250,2026-03-10,2026-04-24,2026-06-13,1547.25,1547.25,USD,PAID
AR001146,CUST00315,2026-03-04,2026-05-03,2026-06-05,1833.57,1833.57,USD,PAID
AR001147,CUST00445,2024-10-20,2024-12-19,2024-12-22,674.08,674.08,USD,PAID
AR001148,CUST00208,2024-06-20,2024-08-04,2024-10-01,494.7,494.7,USD,PAID
AR001149,CUST00176,2026-05-19,2026-06-03,,7593.55,0.0,USD,OPEN
AR001150,CUST00364,2024-08-21,2024-10-05,2024-10-27,843.65,843.65,USD,PAID
AR001151,CUST00400,2024-09-30,2024-11-29,2025-01-09,740.81,740.81,USD,PAID
AR001152,CUST00495,2026-06-02,2026-07-17,,260.33,0.0,USD,OPEN
AR001153,CUST00438,2025-04-06,2025-06-05,,1017.33,0.0,USD,OPEN
AR001154,CUST00482,2024-01-24,2024-02-23,2024-03-11,549.62,549.62,USD,PAID
AR001155,CUST00053,2026-01-31,2026-02-15,2026-03-22,7925.29,7925.29,USD,PAID
AR001156,CUST00281,2024-04-07,2024-04-22,2024-06-06,4486.53,4486.53,USD,PAID
AR001157,CUST00392,2024-02-25,2024-03-11,2024-05-02,973.27,973.27,USD,PAID
AR001158,CUST00044,2024-03-26,2024-04-10,2024-04-14,13727.99,13727.99,USD,PAID
AR001159,CUST00378,2025-11-01,2025-12-31,2026-01-16,4374.68,4374.68,USD,PAID
AR001160,CUST00270,2024-10-17,2024-12-16,2024-12-17,1349.72,1349.72,USD,PAID
AR001161,CUST00340,2026-05-08,2026-06-07,,190.67,0.0,USD,OPEN
AR001162,CUST00500,2024-12-31,2025-02-14,2025-03-30,14212.09,14212.09,USD,PAID
AR001163,CUST00497,2026-06-10,2026-07-25,2026-07-27,517.69,517.69,USD,PAID
AR001164,CUST00324,2026-08-29,2026-09-28,,411.23,0.0,USD,OPEN
AR001165,CUST00159,2026-02-05,2026-04-06,2026-05-29,4538.33,4538.33,USD,PAID
AR001166,CUST00413,2026-07-19,2026-09-02,,16248.85,0.0,USD,OPEN
AR001167,CUST00134,2024-04-01,2024-05-31,2024-07-07,6284.52,6284.52,USD,PAID
AR001168,CUST00268,2024-06-08,2024-07-23,,3003.45,0.0,USD,OPEN
AR001169,CUST00274,2026-04-14,2026-05-14,2026-06-28,3088.0,3088.0,USD,PAID
AR001170,CUST00154,2024-01-09,2024-03-09,2024-04-24,3897.44,3897.44,USD,PAID
AR001171,CUST00408,2024-01-10,2024-03-10,2024-03-24,3579.71,3579.71,USD,PAID
AR001172,CUST00452,2024-01-08,2024-02-22,,2328.72,0.0,USD,OPEN
AR001173,CUST00367,2025-07-28,2025-09-26,2025-10-01,1985.81,1985.81,USD,PAID
AR001174,CUST00135,2026-01-24,2026-03-25,2026-04-07,1709.0,1709.0,USD,PAID
AR001175,CUST00392,2024-03-22,2024-05-21,2024-07-11,917.3,917.3,USD,PAID
AR001176,CUST00415,2026-03-30,2026-05-14,2026-07-06,1404.44,1404.44,USD,PAID
AR001177,CUST00036,2024-10-02,2024-12-01,,394.0,0.0,USD,OPEN
AR001178,CUST00317,2024-07-05,2024-08-04,2024-09-16,1654.9,1654.9,USD,PAID
AR001179,CUST00097,2025-04-08,2025-05-23,2025-07-09,742.68,742.68,USD,PAID
AR001180,CUST00497,2024-11-24,2024-12-09,,669.66,0.0,USD,OPEN
AR001181,CUST00053,2025-07-01,2025-07-16,,2125.8,0.0,USD,OPEN
AR001182,CUST00225,2024-10-15,2024-11-29,,6328.4,0.0,USD,OPEN
AR001183,CUST00008,2026-01-14,2026-01-29,2026-02-02,4131.87,4131.87,USD,PAID
AR001184,CUST00403,2025-05-20,2025-06-19,2025-07-13,439.9,439.9,USD,PAID
AR001185,CUST00357,2026-03-29,2026-05-28,2026-07-11,741.99,741.99,USD,PAID
AR001186,CUST00029,2026-03-21,2026-04-05,2026-04-08,4216.22,4216.22,USD,PAID
AR001187,CUST00241,2024-09-29,2024-11-28,,746.77,0.0,USD,OPEN
AR001188,CUST00419,2024-07-04,2024-08-03,2024-08-20,1477.09,1477.09,USD,PAID
AR001189,CUST00394,2025-01-25,2025-02-09,,2966.23,0.0,USD,OPEN
AR001190,CUST00127,2026-01-01,2026-01-31,2026-03-13,756.34,756.34,USD,PAID
AR001191,CUST00377,2026-01-25,2026-02-09,,1987.91,0.0,USD,OPEN
AR001192,CUST00243,2026-02-28,2026-03-15,2026-03-26,544.23,544.23,USD,PAID
AR001193,CUST00323,2025-02-02,2025-03-19,2025-03-24,1052.34,1052.34,USD,PAID
AR001194,CUST00267,2026-01-15,2026-01-30,2026-03-26,2411.02,2411.02,USD,PAID
AR001195,CUST00102,2024-05-05,2024-06-19,2024-07-12,431.09,431.09,USD,PAID
AR001196,CUST00499,2025-01-04,2025-01-19,2025-01-31,2687.66,2687.66,USD,PAID
AR001197,CUST00008,2024-04-25,2024-05-25,2024-06-20,1776.37,1776.37,USD,PAID
AR001198,CUST00405,2024-06-20,2024-08-04,2024-09-08,2972.74,2972.74,USD,PAID
AR001199,CUST00402,2024-09-05,2024-09-20,2024-11-18,2211.71,2211.71,USD,PAID
AR001200,CUST00191,2025-12-08,2026-02-06,2026-02-10,6171.68,6171.68,USD,PAID
AR001201,CUST00047,2026-02-28,2026-03-15,2026-05-02,2023.74,2023.74,USD,PAID
AR001202,CUST00031,2025-12-03,2026-01-17,2026-01-09,1228.48,1228.48,USD,PAID
AR001203,CUST00065,2024-12-30,2025-01-29,2025-01-27,2018.41,2018.41,USD,PAID
AR001204,CUST00404,2025-05-14,2025-06-13,2025-08-08,2948.25,2948.25,USD,PAID
AR001205,CUST00376,2025-10-22,2025-12-06,2026-01-16,1889.32,1889.32,USD,PAID
AR001206,CUST00371,2024-07-16,2024-07-31,2024-08-30,1875.32,1875.32,USD,PAID
AR001207,CUST00362,2024-05-17,2024-07-01,2024-08-17,961.22,961.22,USD,PAID
AR001208,CUST00098,2025-03-24,2025-05-08,2025-06-24,995.64,995.64,USD,PAID
AR001209,CUST00375,2025-08-03,2025-09-02,2025-09-28,511.66,511.66,USD,PAID
AR001210,CUST00083,2025-04-24,2025-06-08,2025-08-02,8730.86,8730.86,USD,PAID
AR001211,CUST00278,2024-03-11,2024-04-10,2024-04-28,590.24,590.24,USD,PAID
AR001212,CUST00327,2025-01-10,2025-03-11,,969.12,0.0,USD,OPEN
AR001213,CUST00318,2025-06-02,2025-08-01,2025-07-19,947.13,947.13,USD,PAID
AR001214,CUST00165,2026-05-27,2026-07-11,2026-07-26,4045.79,4045.79,USD,PAID
AR001215,CUST00420,2026-01-08,2026-01-23,2026-03-17,1386.51,1386.51,USD,PAID
AR001216,CUST00393,2025-01-31,2025-03-02,2025-04-19,5557.86,5557.86,USD,PAID
AR001217,CUST00210,2025-07-18,2025-08-17,2025-09-12,986.2,986.2,USD,PAID
AR001218,CUST00268,2025-10-18,2025-12-02,,2324.12,0.0,USD,OPEN
AR001219,CUST00481,2025-11-05,2025-11-20,,852.51,0.0,USD,OPEN
AR001220,CUST00055,2024-05-12,2024-06-11,2024-06-21,12464.43,12464.43,USD,PAID
AR001221,CUST00293,2025-05-12,2025-06-11,,620.89,0.0,USD,OPEN
AR001222,CUST00320,2025-10-19,2025-12-18,2026-02-08,2389.5,2389.5,USD,PAID
AR001223,CUST00114,2025-12-19,2026-02-02,,3198.38,0.0,USD,OPEN
AR001224,CUST00472,2025-09-12,2025-09-27,,2623.91,0.0,USD,OPEN
AR001225,CUST00240,2024-08-01,2024-09-30,2024-09-25,1530.33,1530.33,USD,PAID
AR001226,CUST00421,2026-03-31,2026-04-15,2026-05-23,1608.67,1608.67,USD,PAID
AR001227,CUST00271,2025-01-12,2025-01-27,2025-02-15,1880.76,1880.76,USD,PAID
AR001228,CUST00484,2024-02-11,2024-02-26,2024-02-20,1583.98,1583.98,USD,PAID
AR001229,CUST00119,2024-08-09,2024-08-24,,4304.82,0.0,USD,OPEN
AR001230,CUST00270,2025-06-28,2025-08-27,,13219.8,0.0,USD,OPEN
AR001231,CUST00286,2025-11-03,2025-12-03,2025-12-10,1094.72,1094.72,USD,PAID
AR001232,CUST00184,2026-02-06,2026-04-07,2026-06-04,526.99,526.99,USD,PAID
AR001233,CUST00453,2025-11-21,2026-01-20,2026-02-28,1669.95,1669.95,USD,PAID
AR001234,CUST00206,2024-04-16,2024-05-16,2024-07-10,18430.06,18430.06,USD,PAID
AR001235,CUST00308,2025-05-31,2025-07-15,2025-09-06,877.16,877.16,USD,PAID
AR001236,CUST00167,2025-03-29,2025-05-13,2025-07-07,7904.64,7904.64,USD,PAID
AR001237,CUST00423,2026-05-15,2026-06-29,2026-08-08,8183.95,8183.95,USD,PAID
AR001238,CUST00280,2026-01-13,2026-02-27,2026-04-25,1098.58,1098.58,USD,PAID
AR001239,CUST00185,2024-08-07,2024-10-06,2024-10-23,3017.2,3017.2,USD,PAID
AR001240,CUST00372,2025-04-08,2025-06-07,2025-05-23,7828.74,7828.74,USD,PAID
AR001241,CUST00070,2024-02-05,2024-03-21,2024-05-11,1285.35,1285.35,USD,PAID
AR001242,CUST00114,2026-06-30,2026-08-14,,1505.35,0.0,USD,OPEN
AR001243,CUST00421,2024-08-07,2024-09-21,,1071.15,0.0,USD,OPEN
AR001244,CUST00285,2026-08-23,2026-10-07,,725.4,0.0,USD,OPEN
AR001245,CUST00236,2025-08-07,2025-09-06,,1007.93,0.0,USD,OPEN
AR001246,CUST00188,2024-12-30,2025-01-29,,600.92,0.0,USD,OPEN
AR001247,CUST00048,2026-06-29,2026-07-29,2026-08-21,1864.36,1864.36,USD,PAID
AR001248,CUST00376,2025-08-07,2025-10-06,2025-10-18,904.18,904.18,USD,PAID
AR001249,CUST00250,2024-03-20,2024-05-04,2024-05-11,2231.45,2231.45,USD,PAID
AR001250,CUST00020,2026-04-25,2026-05-10,2026-06-02,445.72,445.72,USD,PAID
AR001251,CUST00029,2026-01-18,2026-03-19,,2435.22,0.0,USD,OPEN
AR001252,CUST00214,2026-08-01,2026-09-15,,3828.3,0.0,USD,OPEN
AR001253,CUST00383,2026-08-10,2026-08-25,,300.56,0.0,USD,OPEN
AR001254,CUST00028,2025-10-30,2025-11-14,2025-12-17,2531.71,2531.71,USD,PAID
AR001255,CUST00077,2024-11-08,2024-11-23,2025-01-19,5458.35,5458.35,USD,PAID
AR001256,CUST00345,2024-11-30,2024-12-30,,608.7,0.0,USD,OPEN
AR001257,CUST00259,2026-01-19,2026-03-20,2026-05-17,8146.27,8146.27,USD,PAID
AR001258,CUST00076,2024-04-02,2024-05-02,2024-06-06,2636.26,2636.26,USD,PAID
AR001259,CUST00293,2024-05-15,2024-06-29,,958.61,0.0,USD,OPEN
AR001260,CUST00044,2026-02-02,2026-02-17,2026-03-07,1719.53,1719.53,USD,PAID
AR001261,CUST00391,2025-02-12,2025-04-13,2025-04-14,2988.4,2988.4,USD,PAID
AR001262,CUST00203,2024-05-18,2024-07-17,2024-09-02,1936.05,1936.05,USD,PAID
AR001263,CUST00127,2025-10-29,2025-11-28,2026-01-19,2936.23,2936.23,USD,PAID
AR001264,CUST00166,2024-09-05,2024-09-20,2024-10-30,789.5,789.5,USD,PAID
AR001265,CUST00212,2025-12-02,2025-12-17,,2105.75,0.0,USD,OPEN
AR001266,CUST00177,2025-03-09,2025-04-23,2025-05-19,506.57,506.57,USD,PAID
AR001267,CUST00180,2025-08-31,2025-09-15,2025-09-21,1635.82,1635.82,USD,PAID
AR001268,CUST00023,2025-09-23,2025-11-22,2026-01-02,801.5,801.5,USD,PAID
AR001269,CUST00192,2026-08-04,2026-09-03,,932.64,0.0,USD,OPEN
AR001270,CUST00028,2024-06-08,2024-06-23,,5499.89,0.0,USD,OPEN
AR001271,CUST00008,2024-09-05,2024-10-05,2024-10-26,4827.96,4827.96,USD,PAID
AR001272,CUST00012,2024-12-17,2025-01-01,2025-02-15,3128.24,3128.24,USD,PAID
AR001273,CUST00105,2024-12-05,2025-01-04,2025-01-16,676.49,676.49,USD,PAID
AR001274,CUST00356,2025-07-13,2025-08-27,2025-08-30,1359.99,1359.99,USD,PAID
AR001275,CUST00023,2025-12-16,2025-12-31,2026-02-21,5387.24,5387.24,USD,PAID
AR001276,CUST00103,2024-09-18,2024-10-18,,2054.0,0.0,USD,OPEN
AR001277,CUST00336,2026-03-19,2026-05-03,,14579.86,0.0,USD,OPEN
AR001278,CUST00339,2026-08-25,2026-09-09,,2575.98,0.0,USD,OPEN
AR001279,CUST00150,2024-10-04,2024-11-18,2024-11-05,2149.19,2149.19,USD,PAID
AR001280,CUST00261,2026-06-07,2026-08-06,,1368.94,0.0,USD,OPEN
AR001281,CUST00444,2025-12-27,2026-01-11,2026-02-27,2038.94,2038.94,USD,PAID
AR001282,CUST00257,2025-09-03,2025-09-18,,1576.21,0.0,USD,OPEN
AR001283,CUST00473,2025-04-13,2025-04-28,,3419.66,0.0,USD,OPEN
AR001284,CUST00382,2025-06-26,2025-08-10,2025-09-14,4277.11,4277.11,USD,PAID
AR001285,CUST00182,2024-06-09,2024-06-24,2024-07-24,891.24,891.24,USD,PAID
AR001286,CUST00142,2025-10-02,2025-11-16,2026-01-04,545.6,545.6,USD,PAID
AR001287,CUST00456,2026-04-11,2026-04-26,2026-05-30,346.34,346.34,USD,PAID
AR001288,CUST00116,2026-04-14,2026-04-29,2026-05-19,2856.04,2856.04,USD,PAID
AR001289,CUST00045,2024-06-04,2024-07-19,2024-07-21,669.79,669.79,USD,PAID
AR001290,CUST00214,2026-01-17,2026-03-18,2026-04-01,260.45,260.45,USD,PAID
AR001291,CUST00466,2024-09-03,2024-10-03,2024-10-27,2565.02,2565.02,USD,PAID
AR001292,CUST00106,2025-09-11,2025-10-26,2025-10-27,17046.49,17046.49,USD,PAID
AR001293,CUST00442,2025-10-30,2025-11-29,2025-12-09,1798.19,1798.19,USD,PAID
AR001294,CUST00466,2024-05-21,2024-07-05,2024-08-26,3845.43,3845.43,USD,PAID
AR001295,CUST00336,2024-05-18,2024-07-17,2024-07-20,1946.22,1946.22,USD,PAID
AR001296,CUST00273,2026-08-13,2026-09-12,,1654.08,0.0,USD,OPEN
AR001297,CUST00430,2026-08-29,2026-09-13,,4134.69,0.0,USD,OPEN
AR001298,CUST00451,2026-06-19,2026-07-19,2026-08-13,1392.36,1392.36,USD,PAID
AR001299,CUST00078,2025-02-27,2025-04-28,2025-05-18,2299.97,2299.97,USD,PAID
AR001300,CUST00095,2026-03-08,2026-04-07,,2415.18,0.0,USD,OPEN
AR001301,CUST00306,2024-01-27,2024-03-12,2024-03-26,991.0,991.0,USD,PAID
AR001302,CUST00041,2024-08-25,2024-09-24,2024-10-24,4415.33,4415.33,USD,PAID
AR001303,CUST00434,2025-12-05,2026-02-03,,1544.62,0.0,USD,OPEN
AR001304,CUST00095,2025-09-11,2025-11-10,2025-12-12,915.83,915.83,USD,PAID
AR001305,CUST00084,2026-05-22,2026-07-21,2026-07-23,2930.3,2930.3,USD,PAID
AR001306,CUST00392,2024-07-16,2024-08-15,,805.43,0.0,USD,OPEN
AR001307,CUST00381,2024-01-16,2024-03-01,2024-03-14,1854.49,1854.49,USD,PAID
AR001308,CUST00091,2025-11-18,2025-12-18,2025-12-11,1793.26,1793.26,USD,PAID
AR001309,CUST00353,2026-08-07,2026-10-06,,4804.49,0.0,USD,OPEN
AR001310,CUST00208,2024-11-28,2025-01-27,2025-03-07,2771.73,2771.73,USD,PAID
AR001311,CUST00369,2026-03-05,2026-03-20,2026-04-22,1767.77,1767.77,USD,PAID
AR001312,CUST00305,2024-11-16,2025-01-15,2025-03-14,3774.37,3774.37,USD,PAID
AR001313,CUST00234,2025-07-03,2025-07-18,2025-08-29,6318.18,6318.18,USD,PAID
AR001314,CUST00266,2026-04-26,2026-05-11,2026-05-27,2987.01,2987.01,USD,PAID
AR001315,CUST00286,2025-07-04,2025-09-02,2025-08-23,1824.97,1824.97,USD,PAID
AR001316,CUST00226,2025-01-31,2025-02-15,,555.21,0.0,USD,OPEN
AR001317,CUST00237,2025-02-11,2025-03-28,2025-04-18,693.25,693.25,USD,PAID
AR001318,CUST00354,2024-06-19,2024-08-18,2024-08-09,1373.75,1373.75,USD,PAID
AR001319,CUST00047,2025-06-13,2025-07-13,2025-08-24,1044.65,1044.65,USD,PAID
AR001320,CUST00300,2026-01-09,2026-01-24,,1528.02,0.0,USD,OPEN
AR001321,CUST00231,2026-08-18,2026-09-17,,1902.62,0.0,USD,OPEN
AR001322,CUST00452,2024-01-26,2024-02-25,2024-03-06,2912.37,2912.37,USD,PAID
AR001323,CUST00368,2025-04-10,2025-04-25,2025-04-30,1696.89,1696.89,USD,PAID
AR001324,CUST00362,2026-01-20,2026-02-04,,2801.34,0.0,USD,OPEN
AR001325,CUST00363,2025-04-05,2025-05-20,,1916.06,0.0,USD,OPEN
AR001326,CUST00023,2025-01-28,2025-02-27,2025-04-01,305.54,305.54,USD,PAID
AR001327,CUST00447,2026-02-25,2026-03-27,2026-05-23,776.35,776.35,USD,PAID
AR001328,CUST00075,2025-11-06,2025-12-06,,1588.14,0.0,USD,OPEN
AR001329,CUST00374,2024-07-02,2024-07-17,2024-08-10,608.67,608.67,USD,PAID
AR001330,CUST00061,2026-02-26,2026-04-27,2026-05-05,3102.41,3102.41,USD,PAID
AR001331,CUST00319,2026-07-09,2026-08-08,2026-07-24,7170.11,7170.11,USD,PAID
AR001332,CUST00255,2026-02-22,2026-04-08,,5414.77,0.0,USD,OPEN
AR001333,CUST00312,2026-05-25,2026-07-24,2026-07-09,1492.04,1492.04,USD,PAID
AR001334,CUST00338,2026-06-22,2026-08-21,,6916.42,0.0,USD,OPEN
AR001335,CUST00308,2025-05-02,2025-07-01,2025-06-26,2066.89,2066.89,USD,PAID
AR001336,CUST00143,2025-09-06,2025-09-21,2025-11-15,1334.91,1334.91,USD,PAID
AR001337,CUST00076,2025-09-26,2025-10-26,,1041.0,0.0,USD,OPEN
AR001338,CUST00438,2024-02-26,2024-04-11,,1377.16,0.0,USD,OPEN
AR001339,CUST00026,2024-02-03,2024-03-19,2024-03-15,1274.92,1274.92,USD,PAID
AR001340,CUST00345,2024-04-21,2024-06-20,2024-06-25,2107.75,2107.75,USD,PAID
AR001341,CUST00185,2024-10-18,2024-11-17,2025-01-15,2089.16,2089.16,USD,PAID
AR001342,CUST00154,2026-08-11,2026-08-26,,1813.01,0.0,USD,OPEN
AR001343,CUST00389,2024-11-26,2025-01-10,2025-01-03,2679.12,2679.12,USD,PAID
AR001344,CUST00063,2025-03-13,2025-03-28,2025-03-30,5279.47,5279.47,USD,PAID
AR001345,CUST00269,2025-12-12,2026-01-26,2026-03-04,4249.68,4249.68,USD,PAID
AR001346,CUST00293,2024-08-02,2024-09-01,2024-08-30,475.13,475.13,USD,PAID
AR001347,CUST00219,2026-01-17,2026-02-01,2026-02-22,181.54,181.54,USD,PAID
AR001348,CUST00320,2025-09-15,2025-10-30,2025-12-27,4191.81,4191.81,USD,PAID
AR001349,CUST00267,2024-12-28,2025-01-27,2025-03-16,528.38,528.38,USD,PAID
AR001350,CUST00453,2026-01-16,2026-03-17,2026-03-25,1476.92,1476.92,USD,PAID
AR001351,CUST00001,2025-09-16,2025-10-16,2025-10-25,630.74,630.74,USD,PAID
AR001352,CUST00378,2024-05-01,2024-05-16,2024-05-16,357.17,357.17,USD,PAID
AR001353,CUST00212,2026-05-18,2026-06-17,2026-07-25,2943.39,2943.39,USD,PAID
AR001354,CUST00006,2024-02-16,2024-04-01,2024-04-13,3580.44,3580.44,USD,PAID
AR001355,CUST00405,2025-10-17,2025-11-16,2025-12-03,1076.15,1076.15,USD,PAID
AR001356,CUST00166,2024-03-10,2024-04-24,2024-06-18,175.57,175.57,USD,PAID
AR001357,CUST00171,2026-02-24,2026-03-11,,1105.86,0.0,USD,OPEN
AR001358,CUST00427,2024-12-15,2025-02-13,2025-02-01,2572.47,2572.47,USD,PAID
AR001359,CUST00473,2024-06-28,2024-07-28,2024-08-25,477.7,477.7,USD,PAID
AR001360,CUST00331,2025-11-19,2026-01-18,2026-01-07,2132.44,2132.44,USD,PAID
AR001361,CUST00236,2024-05-19,2024-07-18,,1783.3,0.0,USD,OPEN
AR001362,CUST00476,2026-07-02,2026-08-16,,3045.32,0.0,USD,OPEN
AR001363,CUST00290,2026-01-30,2026-02-14,2026-03-09,2013.49,2013.49,USD,PAID
AR001364,CUST00107,2026-01-12,2026-02-26,2026-02-13,753.13,753.13,USD,PAID
AR001365,CUST00034,2025-08-14,2025-09-28,2025-10-28,5307.7,5307.7,USD,PAID
AR001366,CUST00193,2024-06-01,2024-07-16,2024-08-13,1567.63,1567.63,USD,PAID
AR001367,CUST00096,2025-10-03,2025-11-02,2025-12-06,1764.15,1764.15,USD,PAID
AR001368,CUST00362,2025-09-01,2025-09-16,2025-10-10,780.6,780.6,USD,PAID
AR001369,CUST00212,2026-05-28,2026-07-12,2026-07-31,1213.24,1213.24,USD,PAID
AR001370,CUST00232,2024-03-29,2024-05-28,2024-06-29,815.4,815.4,USD,PAID
AR001371,CUST00090,2026-04-29,2026-06-13,2026-07-06,1547.43,1547.43,USD,PAID
AR001372,CUST00468,2024-04-24,2024-06-08,2024-06-18,8438.31,8438.31,USD,PAID
AR001373,CUST00464,2024-04-04,2024-06-03,2024-07-19,525.99,525.99,USD,PAID
AR001374,CUST00473,2025-05-27,2025-06-26,,423.18,0.0,USD,OPEN
AR001375,CUST00394,2025-05-10,2025-06-24,2025-06-27,6795.75,6795.75,USD,PAID
AR001376,CUST00347,2026-06-11,2026-06-26,2026-08-16,1497.58,1497.58,USD,PAID
AR001377,CUST00199,2024-05-15,2024-06-14,2024-07-27,990.13,990.13,USD,PAID
AR001378,CUST00478,2025-12-31,2026-01-15,,4609.68,0.0,USD,OPEN
AR001379,CUST00053,2024-02-15,2024-03-01,2024-02-20,1048.32,1048.32,USD,PAID
AR001380,CUST00389,2025-06-17,2025-08-01,,9352.59,0.0,USD,OPEN
AR001381,CUST00147,2024-11-15,2024-12-15,2024-12-24,3328.02,3328.02,USD,PAID
AR001382,CUST00140,2024-10-10,2024-11-24,2024-11-24,1165.47,1165.47,USD,PAID
AR001383,CUST00491,2024-06-01,2024-07-01,2024-06-17,12601.58,12601.58,USD,PAID
AR001384,CUST00282,2025-09-29,2025-10-14,2025-11-12,1048.23,1048.23,USD,PAID
AR001385,CUST00361,2024-11-22,2025-01-06,,3525.88,0.0,USD,OPEN
AR001386,CUST00037,2026-04-03,2026-05-18,2026-05-24,2366.96,2366.96,USD,PAID
AR001387,CUST00067,2024-11-14,2024-12-29,2024-12-20,5834.64,5834.64,USD,PAID
AR001388,CUST00055,2024-01-30,2024-03-30,2024-03-21,7371.38,7371.38,USD,PAID
AR001389,CUST00201,2025-01-27,2025-02-11,,1860.88,0.0,USD,OPEN
AR001390,CUST00171,2024-07-02,2024-08-31,2024-09-24,917.75,917.75,USD,PAID
AR001391,CUST00041,2026-04-17,2026-05-17,2026-07-09,2735.24,2735.24,USD,PAID
AR001392,CUST00417,2026-08-02,2026-10-01,,982.46,0.0,USD,OPEN
AR001393,CUST00159,2026-04-01,2026-05-31,,11070.6,0.0,USD,OPEN
AR001394,CUST00074,2025-12-01,2026-01-30,2026-02-12,2044.45,2044.45,USD,PAID
AR001395,CUST00094,2026-05-31,2026-07-15,2026-08-19,1301.42,1301.42,USD,PAID
AR001396,CUST00233,2025-12-17,2026-01-31,2026-02-26,2134.98,2134.98,USD,PAID
AR001397,CUST00058,2025-05-14,2025-05-29,,537.85,0.0,USD,OPEN
AR001398,CUST00145,2024-12-25,2025-02-23,2025-03-01,754.12,754.12,USD,PAID
AR001399,CUST00261,2026-02-25,2026-04-11,2026-04-12,5326.09,5326.09,USD,PAID
AR001400,CUST00167,2024-04-15,2024-06-14,2024-06-12,1001.04,1001.04,USD,PAID
AR001401,CUST00237,2025-07-23,2025-08-07,2025-09-29,704.71,704.71,USD,PAID
AR001402,CUST00281,2025-02-14,2025-04-15,2025-05-01,2930.67,2930.67,USD,PAID
AR001403,CUST00107,2024-06-11,2024-08-10,2024-09-07,5256.04,5256.04,USD,PAID
AR001404,CUST00291,2026-04-13,2026-06-12,2026-07-22,3453.2,3453.2,USD,PAID
AR001405,CUST00089,2026-03-17,2026-05-01,2026-05-16,4431.28,4431.28,USD,PAID
AR001406,CUST00429,2025-11-09,2025-11-24,2026-01-21,914.96,914.96,USD,PAID
AR001407,CUST00167,2025-05-13,2025-05-28,2025-07-11,502.89,502.89,USD,PAID
AR001408,CUST00158,2025-07-22,2025-08-06,2025-08-13,6982.77,6982.77,USD,PAID
AR001409,CUST00168,2025-02-19,2025-03-06,2025-04-08,1352.34,1352.34,USD,PAID
AR001410,CUST00419,2025-05-21,2025-06-05,,1442.67,0.0,USD,OPEN
AR001411,CUST00232,2024-05-22,2024-06-06,2024-06-10,5975.21,5975.21,USD,PAID
AR001412,CUST00229,2025-06-28,2025-08-12,2025-10-09,2982.77,2982.77,USD,PAID
AR001413,CUST00154,2024-07-19,2024-08-18,2024-09-12,2725.21,2725.21,USD,PAID
AR001414,CUST00368,2025-08-06,2025-09-20,2025-10-30,12689.14,12689.14,USD,PAID
AR001415,CUST00005,2026-07-26,2026-09-09,,1013.16,0.0,USD,OPEN
AR001416,CUST00032,2025-09-18,2025-11-17,2025-12-09,4167.44,4167.44,USD,PAID
AR001417,CUST00287,2025-01-13,2025-01-28,,1903.24,0.0,USD,OPEN
AR001418,CUST00145,2026-04-20,2026-06-04,,2302.46,0.0,USD,OPEN
AR001419,CUST00202,2026-06-05,2026-06-20,2026-08-19,7155.39,7155.39,USD,PAID
AR001420,CUST00196,2025-10-02,2025-11-16,2025-12-22,2855.64,2855.64,USD,PAID
AR001421,CUST00072,2025-03-21,2025-04-20,2025-06-04,2935.01,2935.01,USD,PAID
AR001422,CUST00431,2024-07-11,2024-09-09,2024-10-10,4746.95,4746.95,USD,PAID
AR001423,CUST00069,2025-03-03,2025-04-02,2025-04-03,1301.85,1301.85,USD,PAID
AR001424,CUST00370,2024-01-12,2024-01-27,2024-01-30,849.55,849.55,USD,PAID
AR001425,CUST00044,2026-06-25,2026-08-24,2026-08-26,706.04,706.04,USD,PAID
AR001426,CUST00320,2024-05-20,2024-07-19,2024-08-27,308.06,308.06,USD,PAID
AR001427,CUST00420,2024-07-03,2024-09-01,2024-10-26,11505.57,11505.57,USD,PAID
AR001428,CUST00218,2025-04-05,2025-06-04,2025-06-12,669.89,669.89,USD,PAID
AR001429,CUST00365,2025-09-11,2025-09-26,2025-10-11,1481.59,1481.59,USD,PAID
AR001430,CUST00296,2025-05-28,2025-07-12,2025-09-04,1409.33,1409.33,USD,PAID
AR001431,CUST00248,2025-01-10,2025-01-25,2025-03-23,2384.31,2384.31,USD,PAID
AR001432,CUST00247,2025-12-22,2026-02-05,,3767.49,0.0,USD,OPEN
AR001433,CUST00375,2025-12-08,2025-12-23,,3922.27,0.0,USD,OPEN
AR001434,CUST00268,2025-06-23,2025-08-07,2025-08-02,1069.8,1069.8,USD,PAID
AR001435,CUST00351,2026-06-30,2026-07-15,2026-07-09,1555.56,1555.56,USD,PAID
AR001436,CUST00274,2025-10-10,2025-11-24,2025-12-22,2331.63,2331.63,USD,PAID
AR001437,CUST00464,2026-03-08,2026-03-23,2026-05-12,1445.45,1445.45,USD,PAID
AR001438,CUST00149,2025-04-25,2025-06-09,2025-07-01,7681.81,7681.81,USD,PAID
AR001439,CUST00373,2024-06-20,2024-07-05,2024-07-28,2812.64,2812.64,USD,PAID
AR001440,CUST00243,2026-03-14,2026-04-28,,3503.05,0.0,USD,OPEN
AR001441,CUST00415,2025-08-15,2025-09-14,2025-10-06,3283.26,3283.26,USD,PAID
AR001442,CUST00065,2026-01-25,2026-02-09,2026-02-04,5198.51,5198.51,USD,PAID
AR001443,CUST00130,2025-06-01,2025-06-16,2025-07-06,2127.96,2127.96,USD,PAID
AR001444,CUST00008,2024-05-15,2024-06-29,2024-07-16,562.76,562.76,USD,PAID
AR001445,CUST00379,2026-01-29,2026-02-13,2026-04-14,2590.79,2590.79,USD,PAID
AR001446,CUST00134,2024-06-03,2024-08-02,2024-08-09,1006.04,1006.04,USD,PAID
AR001447,CUST00442,2026-03-12,2026-04-11,2026-06-02,1123.55,1123.55,USD,PAID
AR001448,CUST00305,2024-02-03,2024-03-19,2024-03-22,3064.77,3064.77,USD,PAID
AR001449,CUST00395,2026-08-14,2026-09-13,,5510.74,0.0,USD,OPEN
AR001450,CUST00108,2025-01-27,2025-02-26,2025-03-04,1842.99,1842.99,USD,PAID
AR001451,CUST00136,2025-08-14,2025-09-28,,2387.37,0.0,USD,OPEN
AR001452,CUST00238,2026-02-12,2026-02-27,,8366.52,0.0,USD,OPEN
AR001453,CUST00120,2025-02-12,2025-04-13,2025-06-05,2245.49,2245.49,USD,PAID
AR001454,CUST00272,2025-01-23,2025-03-24,2025-03-27,18798.17,18798.17,USD,PAID
AR001455,CUST00475,2026-06-10,2026-08-09,,3007.78,0.0,USD,OPEN
AR001456,CUST00493,2026-03-27,2026-05-26,2026-06-20,370.67,370.67,USD,PAID
AR001457,CUST00273,2025-06-26,2025-07-11,,3561.75,0.0,USD,OPEN
AR001458,CUST00313,2025-10-14,2025-11-28,2026-01-07,2547.95,2547.95,USD,PAID
AR001459,CUST00411,2026-07-29,2026-09-12,,5772.02,0.0,USD,OPEN
AR001460,CUST00237,2024-04-10,2024-05-25,2024-06-29,3313.84,3313.84,USD,PAID
AR001461,CUST00395,2026-03-02,2026-04-01,2026-05-31,1596.21,1596.21,USD,PAID
AR001462,CUST00161,2024-07-18,2024-09-01,2024-09-09,600.72,600.72,USD,PAID
AR001463,CUST00007,2025-07-14,2025-07-29,2025-07-22,1497.99,1497.99,USD,PAID
AR001464,CUST00180,2025-02-25,2025-03-12,2025-04-23,840.95,840.95,USD,PAID
AR001465,CUST00013,2024-08-12,2024-09-26,2024-09-15,1072.27,1072.27,USD,PAID
AR001466,CUST00305,2025-09-26,2025-10-11,,3070.88,0.0,USD,OPEN
AR001467,CUST00363,2025-11-03,2025-12-03,2025-12-03,8126.73,8126.73,USD,PAID
AR001468,CUST00193,2024-05-02,2024-05-17,2024-05-18,2579.12,2579.12,USD,PAID
AR001469,CUST00130,2025-11-03,2025-12-03,2025-12-11,616.28,616.28,USD,PAID
AR001470,CUST00328,2024-10-28,2024-12-27,2024-12-21,2697.67,2697.67,USD,PAID
AR001471,CUST00132,2025-04-09,2025-05-24,2025-06-19,5307.99,5307.99,USD,PAID
AR001472,CUST00196,2024-06-14,2024-06-29,2024-06-21,1044.4,1044.4,USD,PAID
AR001473,CUST00490,2025-02-01,2025-03-18,2025-04-05,1602.6,1602.6,USD,PAID
AR001474,CUST00036,2026-04-12,2026-05-27,,1832.1,0.0,USD,OPEN
AR001475,CUST00331,2025-05-18,2025-06-17,2025-06-24,892.11,892.11,USD,PAID
AR001476,CUST00394,2025-05-18,2025-06-02,,3240.4,0.0,USD,OPEN
AR001477,CUST00468,2025-03-17,2025-04-16,2025-04-14,1621.56,1621.56,USD,PAID
AR001478,CUST00038,2025-03-28,2025-05-12,,2637.48,0.0,USD,OPEN
AR001479,CUST00460,2024-03-13,2024-04-27,2024-04-14,813.43,813.43,USD,PAID
AR001480,CUST00478,2025-05-24,2025-06-23,2025-06-08,1219.61,1219.61,USD,PAID
AR001481,CUST00464,2024-02-08,2024-04-08,2024-05-05,3463.88,3463.88,USD,PAID
AR001482,CUST00245,2025-02-04,2025-02-19,2025-04-07,1292.65,1292.65,USD,PAID
AR001483,CUST00277,2025-03-22,2025-05-21,2025-05-14,8554.97,8554.97,USD,PAID
AR001484,CUST00063,2024-08-19,2024-09-03,2024-10-19,1261.84,1261.84,USD,PAID
AR001485,CUST00206,2025-08-03,2025-09-17,2025-10-10,2213.25,2213.25,USD,PAID
AR001486,CUST00042,2024-02-26,2024-03-12,2024-04-09,4185.29,4185.29,USD,PAID
AR001487,CUST00332,2026-05-11,2026-07-10,2026-08-01,504.45,504.45,USD,PAID
AR001488,CUST00339,2024-07-26,2024-08-25,2024-09-28,370.66,370.66,USD,PAID
AR001489,CUST00323,2024-07-14,2024-08-28,2024-08-26,458.02,458.02,USD,PAID
AR001490,CUST00377,2025-12-06,2026-01-20,2026-03-02,5632.6,5632.6,USD,PAID
AR001491,CUST00013,2024-07-13,2024-08-12,,1100.29,0.0,USD,OPEN
AR001492,CUST00406,2026-01-07,2026-02-06,2026-01-30,18076.7,18076.7,USD,PAID
AR001493,CUST00495,2025-07-07,2025-08-21,2025-10-02,1088.09,1088.09,USD,PAID
AR001494,CUST00404,2024-01-17,2024-02-01,2024-02-29,2134.73,2134.73,USD,PAID
AR001495,CUST00414,2026-01-08,2026-01-23,2026-02-04,7243.78,7243.78,USD,PAID
AR001496,CUST00077,2025-10-31,2025-12-30,2026-02-21,10998.16,10998.16,USD,PAID
AR001497,CUST00377,2026-01-28,2026-02-27,2026-02-16,11560.54,11560.54,USD,PAID
AR001498,CUST00465,2024-05-24,2024-07-23,2024-09-06,5364.35,5364.35,USD,PAID
AR001499,CUST00008,2026-07-29,2026-08-13,2026-08-14,4544.42,4544.42,USD,PAID
AR001500,CUST00234,2024-06-25,2024-07-10,2024-07-07,3081.82,3081.82,USD,PAID
AR001501,CUST00419,2025-09-17,2025-10-17,2025-10-10,3642.86,3642.86,USD,PAID
AR001502,CUST00305,2026-04-17,2026-05-02,,1100.95,0.0,USD,OPEN
AR001503,CUST00104,2026-03-29,2026-04-28,,865.77,0.0,USD,OPEN
AR001504,CUST00167,2025-03-12,2025-04-26,2025-06-01,1802.56,1802.56,USD,PAID
AR001505,CUST00392,2024-05-03,2024-06-02,2024-06-14,1551.28,1551.28,USD,PAID
AR001506,CUST00141,2024-02-16,2024-03-17,2024-03-17,1202.42,1202.42,USD,PAID
AR001507,CUST00190,2024-05-24,2024-07-23,,3383.78,0.0,USD,OPEN
AR001508,CUST00021,2025-07-20,2025-08-19,2025-10-17,4271.73,4271.73,USD,PAID
AR001509,CUST00399,2024-05-16,2024-05-31,2024-07-03,1957.78,1957.78,USD,PAID
AR001510,CUST00004,2024-06-10,2024-06-25,2024-06-20,6834.76,6834.76,USD,PAID
AR001511,CUST00455,2024-01-08,2024-02-07,2024-04-07,647.09,647.09,USD,PAID
AR001512,CUST00355,2024-10-17,2024-12-16,2025-01-30,1518.85,1518.85,USD,PAID
AR001513,CUST00139,2024-05-09,2024-06-08,,948.48,0.0,USD,OPEN
AR001514,CUST00313,2025-06-19,2025-08-18,2025-08-25,337.01,337.01,USD,PAID
AR001515,CUST00314,2025-12-09,2025-12-24,2026-02-10,1678.39,1678.39,USD,PAID
AR001516,CUST00179,2026-08-31,2026-09-15,,1620.4,0.0,USD,OPEN
AR001517,CUST00061,2025-03-04,2025-03-19,2025-03-28,7059.33,7059.33,USD,PAID
AR001518,CUST00260,2025-06-26,2025-07-11,2025-09-03,3189.85,3189.85,USD,PAID
AR001519,CUST00142,2024-08-12,2024-10-11,2024-10-22,719.27,719.27,USD,PAID
AR001520,CUST00077,2024-02-24,2024-03-25,,9591.99,0.0,USD,OPEN
AR001521,CUST00344,2025-12-02,2026-01-31,2026-02-05,5425.85,5425.85,USD,PAID
AR001522,CUST00187,2026-08-02,2026-08-17,,3053.02,0.0,USD,OPEN
AR001523,CUST00316,2024-10-18,2024-11-17,2024-12-14,1474.63,1474.63,USD,PAID
AR001524,CUST00380,2026-04-04,2026-06-03,,762.43,0.0,USD,OPEN
AR001525,CUST00015,2024-02-23,2024-03-24,,1293.38,0.0,USD,OPEN
AR001526,CUST00121,2025-05-11,2025-05-26,,4816.84,0.0,USD,OPEN
AR001527,CUST00215,2026-01-08,2026-03-09,2026-04-04,9858.88,9858.88,USD,PAID
AR001528,CUST00167,2024-07-22,2024-09-05,2024-09-04,7251.18,7251.18,USD,PAID
AR001529,CUST00446,2024-08-21,2024-09-05,2024-10-12,1164.49,1164.49,USD,PAID
AR001530,CUST00242,2024-07-23,2024-09-21,2024-09-15,660.07,660.07,USD,PAID
AR001531,CUST00224,2025-08-22,2025-10-21,,2052.47,0.0,USD,OPEN
AR001532,CUST00092,2024-05-28,2024-06-27,2024-08-09,368.12,368.12,USD,PAID
AR001533,CUST00369,2025-01-31,2025-03-17,,2418.37,0.0,USD,OPEN
AR001534,CUST00172,2024-07-17,2024-08-31,2024-09-10,1583.13,1583.13,USD,PAID
AR001535,CUST00144,2024-05-10,2024-05-25,2024-05-17,1188.64,1188.64,USD,PAID
AR001536,CUST00215,2024-05-19,2024-06-03,2024-07-16,430.42,430.42,USD,PAID
AR001537,CUST00310,2024-06-24,2024-08-08,2024-08-30,2870.5,2870.5,USD,PAID
AR001538,CUST00438,2024-06-09,2024-07-09,2024-09-02,1119.42,1119.42,USD,PAID
AR001539,CUST00251,2024-08-23,2024-09-07,2024-10-28,630.85,630.85,USD,PAID
AR001540,CUST00143,2026-06-01,2026-07-01,2026-08-14,136.31,136.31,USD,PAID
AR001541,CUST00127,2024-01-15,2024-03-15,2024-03-31,1763.82,1763.82,USD,PAID
AR001542,CUST00485,2024-12-01,2025-01-30,2025-03-31,8910.86,8910.86,USD,PAID
AR001543,CUST00021,2024-06-01,2024-06-16,2024-06-06,8063.74,8063.74,USD,PAID
AR001544,CUST00246,2025-04-26,2025-05-11,2025-06-15,1198.25,1198.25,USD,PAID
AR001545,CUST00043,2026-04-09,2026-04-24,2026-05-09,1051.54,1051.54,USD,PAID
AR001546,CUST00487,2025-07-25,2025-08-09,2025-09-15,2757.0,2757.0,USD,PAID
AR001547,CUST00332,2024-08-11,2024-09-10,2024-09-25,736.16,736.16,USD,PAID
AR001548,CUST00083,2024-04-02,2024-04-17,2024-05-11,2372.29,2372.29,USD,PAID
AR001549,CUST00013,2025-12-21,2026-02-19,2026-04-19,3602.82,3602.82,USD,PAID
AR001550,CUST00095,2025-04-10,2025-06-09,2025-07-15,5454.74,5454.74,USD,PAID
AR001551,CUST00441,2026-03-19,2026-05-03,2026-04-18,1652.2,1652.2,USD,PAID
AR001552,CUST00272,2025-10-04,2025-10-19,2025-11-15,1505.22,1505.22,USD,PAID
AR001553,CUST00358,2024-02-03,2024-03-19,2024-04-07,820.42,820.42,USD,PAID
AR001554,CUST00318,2026-08-26,2026-09-25,,859.03,0.0,USD,OPEN
AR001555,CUST00264,2026-06-20,2026-08-04,2026-07-27,1474.64,1474.64,USD,PAID
AR001556,CUST00197,2026-08-26,2026-10-10,,2516.51,0.0,USD,OPEN
AR001557,CUST00188,2025-01-09,2025-03-10,2025-04-10,4114.31,4114.31,USD,PAID
AR001558,CUST00071,2024-06-28,2024-07-13,2024-07-24,877.55,877.55,USD,PAID
AR001559,CUST00378,2024-12-08,2025-01-07,2025-02-22,6928.65,6928.65,USD,PAID
AR001560,CUST00165,2026-08-19,2026-09-18,,1416.56,0.0,USD,OPEN
AR001561,CUST00142,2024-12-27,2025-02-10,2025-03-21,1773.6,1773.6,USD,PAID
AR001562,CUST00249,2024-02-25,2024-03-11,2024-04-22,922.89,922.89,USD,PAID
AR001563,CUST00348,2025-05-28,2025-06-12,2025-08-04,204.01,204.01,USD,PAID
AR001564,CUST00410,2026-04-25,2026-06-09,2026-07-11,4006.37,4006.37,USD,PAID
AR001565,CUST00453,2025-11-20,2025-12-05,,3509.26,0.0,USD,OPEN
AR001566,CUST00460,2025-04-13,2025-04-28,,1403.61,0.0,USD,OPEN
AR001567,CUST00056,2024-07-02,2024-08-16,2024-08-10,1920.41,1920.41,USD,PAID
AR001568,CUST00076,2024-06-17,2024-08-01,,2876.55,0.0,USD,OPEN
AR001569,CUST00488,2025-05-23,2025-06-22,2025-08-12,443.06,443.06,USD,PAID
AR001570,CUST00478,2025-10-04,2025-10-19,2025-12-12,1123.11,1123.11,USD,PAID
AR001571,CUST00378,2024-05-15,2024-07-14,2024-08-24,3695.38,3695.38,USD,PAID
AR001572,CUST00012,2025-10-22,2025-11-06,2025-10-30,584.72,584.72,USD,PAID
AR001573,CUST00331,2026-06-11,2026-07-11,2026-08-31,2354.78,2354.78,USD,PAID
AR001574,CUST00249,2024-12-09,2025-02-07,2025-03-05,533.3,533.3,USD,PAID
AR001575,CUST00068,2025-08-30,2025-10-29,2025-12-25,2751.18,2751.18,USD,PAID
AR001576,CUST00134,2026-07-08,2026-08-22,,1750.97,0.0,USD,OPEN
AR001577,CUST00395,2024-08-20,2024-10-19,2024-11-09,422.58,422.58,USD,PAID
AR001578,CUST00146,2026-05-15,2026-05-30,,5157.8,0.0,USD,OPEN
AR001579,CUST00365,2025-04-11,2025-05-11,2025-05-16,933.43,933.43,USD,PAID
AR001580,CUST00090,2025-07-02,2025-08-16,,871.99,0.0,USD,OPEN
AR001581,CUST00060,2026-05-09,2026-06-08,,2165.73,0.0,USD,OPEN
AR001582,CUST00134,2024-02-12,2024-03-28,2024-05-08,5083.59,5083.59,USD,PAID
AR001583,CUST00341,2025-01-13,2025-02-12,2025-02-01,724.7,724.7,USD,PAID
AR001584,CUST00230,2024-11-20,2025-01-04,,1911.25,0.0,USD,OPEN
AR001585,CUST00472,2025-07-06,2025-08-05,2025-08-05,2659.61,2659.61,USD,PAID
AR001586,CUST00486,2024-01-26,2024-03-26,2024-03-29,3373.8,3373.8,USD,PAID
AR001587,CUST00497,2025-04-14,2025-05-29,,2119.21,0.0,USD,OPEN
AR001588,CUST00243,2026-01-26,2026-03-12,2026-04-03,1299.42,1299.42,USD,PAID
AR001589,CUST00342,2026-07-06,2026-08-20,,858.48,0.0,USD,OPEN
AR001590,CUST00375,2024-05-30,2024-07-29,2024-07-28,1953.8,1953.8,USD,PAID
AR001591,CUST00283,2025-05-05,2025-05-20,,688.89,0.0,USD,OPEN
AR001592,CUST00317,2024-04-29,2024-06-13,,130.42,0.0,USD,OPEN
AR001593,CUST00168,2026-05-11,2026-06-10,2026-06-06,2678.21,2678.21,USD,PAID
AR001594,CUST00401,2024-02-26,2024-03-27,2024-04-09,4078.73,4078.73,USD,PAID
AR001595,CUST00043,2026-08-16,2026-09-30,,215.59,0.0,USD,OPEN
AR001596,CUST00500,2025-07-05,2025-09-03,2025-08-30,728.69,728.69,USD,PAID
AR001597,CUST00163,2025-06-08,2025-08-07,,3156.56,0.0,USD,OPEN
AR001598,CUST00204,2025-09-09,2025-09-24,2025-10-25,11518.92,11518.92,USD,PAID
AR001599,CUST00007,2024-05-31,2024-07-30,2024-08-31,1842.2,1842.2,USD,PAID
AR001600,CUST00448,2024-10-18,2024-12-02,2025-01-13,938.98,938.98,USD,PAID
AR001601,CUST00380,2025-07-28,2025-08-12,2025-09-22,1533.63,1533.63,USD,PAID
AR001602,CUST00374,2025-03-01,2025-04-30,2025-06-08,6231.6,6231.6,USD,PAID
AR001603,CUST00301,2026-07-06,2026-09-04,,1010.94,0.0,USD,OPEN
AR001604,CUST00156,2025-09-04,2025-09-19,,880.71,0.0,USD,OPEN
AR001605,CUST00492,2025-05-01,2025-06-15,,1170.9,0.0,USD,OPEN
AR001606,CUST00210,2025-08-27,2025-10-26,,766.63,0.0,USD,OPEN
AR001607,CUST00237,2025-10-16,2025-11-30,2026-01-25,2019.09,2019.09,USD,PAID
AR001608,CUST00427,2025-12-28,2026-01-27,,7802.59,0.0,USD,OPEN
AR001609,CUST00422,2025-01-25,2025-03-11,2025-03-01,2418.18,2418.18,USD,PAID
AR001610,CUST00253,2026-04-26,2026-06-10,2026-07-03,1440.7,1440.7,USD,PAID
AR001611,CUST00079,2025-07-26,2025-09-24,2025-09-09,1390.43,1390.43,USD,PAID
AR001612,CUST00064,2024-09-25,2024-11-09,2024-12-24,442.8,442.8,USD,PAID
AR001613,CUST00465,2025-10-31,2025-12-15,2026-01-31,4003.0,4003.0,USD,PAID
AR001614,CUST00392,2025-12-05,2026-01-04,,1685.72,0.0,USD,OPEN
AR001615,CUST00307,2024-10-10,2024-12-09,2024-12-02,1536.97,1536.97,USD,PAID
AR001616,CUST00224,2026-02-02,2026-03-19,2026-05-15,32009.78,32009.78,USD,PAID
AR001617,CUST00499,2026-06-08,2026-07-23,,2365.81,0.0,USD,OPEN
AR001618,CUST00009,2025-12-11,2025-12-26,2026-02-22,919.09,919.09,USD,PAID
AR001619,CUST00030,2026-05-15,2026-06-29,,1231.86,0.0,USD,OPEN
AR001620,CUST00183,2024-05-29,2024-07-13,2024-07-15,5082.72,5082.72,USD,PAID
AR001621,CUST00326,2024-06-16,2024-07-01,2024-08-08,2002.08,2002.08,USD,PAID
AR001622,CUST00150,2026-07-22,2026-09-05,,495.49,0.0,USD,OPEN
AR001623,CUST00392,2025-06-26,2025-07-11,2025-07-19,4135.26,4135.26,USD,PAID
AR001624,CUST00424,2024-04-06,2024-05-06,2024-05-31,990.96,990.96,USD,PAID
AR001625,CUST00050,2026-05-15,2026-06-29,2026-07-30,9759.22,9759.22,USD,PAID
AR001626,CUST00071,2025-07-01,2025-08-15,2025-08-01,4779.27,4779.27,USD,PAID
AR001627,CUST00211,2025-06-14,2025-07-29,2025-09-14,1208.83,1208.83,USD,PAID
AR001628,CUST00080,2024-12-14,2025-01-13,,5726.81,0.0,USD,OPEN
AR001629,CUST00315,2025-05-30,2025-06-29,2025-08-24,1921.9,1921.9,USD,PAID
AR001630,CUST00060,2025-12-07,2025-12-22,2025-12-16,3895.18,3895.18,USD,PAID
AR001631,CUST00179,2026-04-18,2026-05-18,2026-07-03,2796.88,2796.88,USD,PAID
AR001632,CUST00227,2024-11-15,2024-12-30,,844.11,0.0,USD,OPEN
AR001633,CUST00156,2026-06-30,2026-08-14,,1013.14,0.0,USD,OPEN
AR001634,CUST00353,2024-01-30,2024-02-14,2024-02-17,4568.61,4568.61,USD,PAID
AR001635,CUST00067,2024-08-20,2024-10-04,,1337.69,0.0,USD,OPEN
AR001636,CUST00040,2024-03-21,2024-05-20,2024-05-19,1257.29,1257.29,USD,PAID
AR001637,CUST00101,2024-01-20,2024-03-20,2024-03-10,765.39,765.39,USD,PAID
AR001638,CUST00304,2024-04-20,2024-05-05,2024-06-24,2647.15,2647.15,USD,PAID
AR001639,CUST00130,2024-03-01,2024-04-30,,11571.18,0.0,USD,OPEN
AR001640,CUST00387,2024-02-14,2024-02-29,2024-02-15,691.75,691.75,USD,PAID
AR001641,CUST00301,2024-04-08,2024-04-23,2024-05-04,1847.89,1847.89,USD,PAID
AR001642,CUST00180,2026-07-11,2026-08-10,,6444.6,0.0,USD,OPEN
AR001643,CUST00383,2024-01-30,2024-02-14,,1682.98,0.0,USD,OPEN
AR001644,CUST00181,2026-08-22,2026-10-06,,2716.6,0.0,USD,OPEN
AR001645,CUST00051,2024-06-13,2024-07-13,2024-07-06,694.95,694.95,USD,PAID
AR001646,CUST00494,2026-04-19,2026-05-04,2026-05-13,2658.39,2658.39,USD,PAID
AR001647,CUST00003,2024-10-15,2024-11-14,2025-01-06,1527.78,1527.78,USD,PAID
AR001648,CUST00436,2026-01-12,2026-01-27,2026-03-17,4390.32,4390.32,USD,PAID
AR001649,CUST00095,2025-12-25,2026-02-23,2026-04-24,5264.01,5264.01,USD,PAID
AR001650,CUST00182,2025-03-26,2025-04-10,,18594.24,0.0,USD,OPEN
AR001651,CUST00209,2025-01-23,2025-03-24,2025-04-07,3046.26,3046.26,USD,PAID
AR001652,CUST00057,2024-04-25,2024-06-09,,2424.1,0.0,USD,OPEN
AR001653,CUST00361,2025-06-16,2025-07-16,2025-08-16,2153.71,2153.71,USD,PAID
AR001654,CUST00253,2024-10-22,2024-11-06,,1315.73,0.0,USD,OPEN
AR001655,CUST00352,2024-04-28,2024-06-27,2024-07-21,2451.94,2451.94,USD,PAID
AR001656,CUST00149,2026-05-11,2026-07-10,2026-08-16,1385.95,1385.95,USD,PAID
AR001657,CUST00036,2026-05-25,2026-07-24,,2104.04,0.0,USD,OPEN
AR001658,CUST00092,2026-07-05,2026-09-03,,5918.5,0.0,USD,OPEN
AR001659,CUST00225,2024-01-14,2024-03-14,2024-04-18,730.78,730.78,USD,PAID
AR001660,CUST00203,2025-06-19,2025-07-04,,5043.68,0.0,USD,OPEN
AR001661,CUST00034,2025-02-14,2025-03-01,2025-03-07,5915.93,5915.93,USD,PAID
AR001662,CUST00063,2025-01-07,2025-02-06,2025-03-14,1625.77,1625.77,USD,PAID
AR001663,CUST00392,2024-08-26,2024-10-25,2024-11-14,267.82,267.82,USD,PAID
AR001664,CUST00183,2025-12-31,2026-02-14,2026-03-22,1046.24,1046.24,USD,PAID
AR001665,CUST00143,2025-05-02,2025-07-01,2025-08-20,5809.76,5809.76,USD,PAID
AR001666,CUST00129,2024-05-30,2024-07-29,,1771.21,0.0,USD,OPEN
AR001667,CUST00016,2025-05-16,2025-07-15,2025-07-17,735.56,735.56,USD,PAID
AR001668,CUST00348,2024-04-11,2024-04-26,2024-06-13,1147.92,1147.92,USD,PAID
AR001669,CUST00079,2024-01-28,2024-02-27,2024-03-24,3852.81,3852.81,USD,PAID
AR001670,CUST00393,2024-11-06,2024-11-21,2025-01-11,2957.38,2957.38,USD,PAID
AR001671,CUST00252,2025-05-19,2025-07-18,2025-09-04,1458.2,1458.2,USD,PAID
AR001672,CUST00280,2025-05-31,2025-07-15,2025-09-07,1299.66,1299.66,USD,PAID
AR001673,CUST00197,2024-01-19,2024-02-03,2024-02-03,1270.82,1270.82,USD,PAID
AR001674,CUST00236,2025-04-05,2025-05-20,2025-06-30,788.26,788.26,USD,PAID
AR001675,CUST00338,2024-02-06,2024-02-21,,7737.53,0.0,USD,OPEN
AR001676,CUST00252,2026-05-31,2026-07-15,2026-07-21,1352.77,1352.77,USD,PAID
AR001677,CUST00250,2025-03-17,2025-04-16,2025-05-20,5406.96,5406.96,USD,PAID
AR001678,CUST00338,2026-02-21,2026-03-08,2026-04-24,7109.48,7109.48,USD,PAID
AR001679,CUST00260,2025-07-21,2025-09-19,2025-09-24,4440.31,4440.31,USD,PAID
AR001680,CUST00498,2024-02-27,2024-04-27,2024-06-26,1226.04,1226.04,USD,PAID
AR001681,CUST00165,2025-01-21,2025-03-07,2025-03-28,2600.23,2600.23,USD,PAID
AR001682,CUST00429,2024-03-03,2024-03-18,2024-03-19,1769.1,1769.1,USD,PAID
AR001683,CUST00014,2025-01-10,2025-02-24,2025-04-24,801.65,801.65,USD,PAID
AR001684,CUST00177,2026-02-22,2026-04-08,2026-05-17,2420.97,2420.97,USD,PAID
AR001685,CUST00127,2024-12-31,2025-03-01,2025-03-17,625.7,625.7,USD,PAID
AR001686,CUST00445,2024-08-28,2024-10-12,2024-10-05,5265.4,5265.4,USD,PAID
AR001687,CUST00276,2024-11-08,2024-11-23,2024-11-10,1190.16,1190.16,USD,PAID
AR001688,CUST00291,2024-11-29,2024-12-14,2025-01-22,2166.88,2166.88,USD,PAID
AR001689,CUST00302,2025-06-11,2025-08-10,2025-09-24,2333.11,2333.11,USD,PAID
AR001690,CUST00166,2024-01-23,2024-03-08,2024-04-11,1432.23,1432.23,USD,PAID
AR001691,CUST00354,2025-08-09,2025-08-24,2025-08-21,3065.68,3065.68,USD,PAID
AR001692,CUST00416,2025-11-22,2025-12-22,2026-02-09,1179.19,1179.19,USD,PAID
AR001693,CUST00154,2026-02-22,2026-04-08,,3960.67,0.0,USD,OPEN
AR001694,CUST00431,2025-01-07,2025-03-08,2025-03-02,538.41,538.41,USD,PAID
AR001695,CUST00153,2026-05-20,2026-06-19,2026-06-10,2025.84,2025.84,USD,PAID
AR001696,CUST00368,2025-08-10,2025-10-09,2025-10-05,10353.05,10353.05,USD,PAID
AR001697,CUST00035,2026-05-14,2026-05-29,2026-06-17,734.88,734.88,USD,PAID
AR001698,CUST00408,2025-08-03,2025-10-02,2025-10-31,982.43,982.43,USD,PAID
AR001699,CUST00222,2024-03-19,2024-05-03,2024-05-26,2871.29,2871.29,USD,PAID
AR001700,CUST00129,2025-11-10,2025-12-25,2026-01-30,2125.21,2125.21,USD,PAID
AR001701,CUST00093,2025-10-01,2025-11-30,2026-01-24,2478.89,2478.89,USD,PAID
AR001702,CUST00442,2026-06-21,2026-07-06,2026-08-26,2808.11,2808.11,USD,PAID
AR001703,CUST00138,2024-07-10,2024-09-08,2024-10-22,3201.1,3201.1,USD,PAID
AR001704,CUST00268,2026-08-17,2026-10-16,,4908.53,0.0,USD,OPEN
AR001705,CUST00078,2024-07-24,2024-09-07,2024-09-22,2614.52,2614.52,USD,PAID
AR001706,CUST00164,2026-02-03,2026-03-20,2026-04-26,1455.16,1455.16,USD,PAID
AR001707,CUST00137,2026-05-30,2026-06-14,2026-07-21,3312.03,3312.03,USD,PAID
AR001708,CUST00352,2026-04-23,2026-06-07,2026-06-24,9995.53,9995.53,USD,PAID
AR001709,CUST00077,2025-09-07,2025-10-07,2025-10-06,1604.6,1604.6,USD,PAID
AR001710,CUST00238,2024-07-15,2024-07-30,2024-08-23,752.14,752.14,USD,PAID
AR001711,CUST00104,2025-05-12,2025-07-11,2025-06-30,4896.97,4896.97,USD,PAID
AR001712,CUST00133,2024-06-12,2024-07-27,,1622.39,0.0,USD,OPEN
AR001713,CUST00330,2026-03-19,2026-05-03,2026-05-10,255.85,255.85,USD,PAID
AR001714,CUST00401,2026-05-22,2026-06-06,2026-07-23,3876.47,3876.47,USD,PAID
AR001715,CUST00161,2024-01-21,2024-02-05,2024-01-31,1116.78,1116.78,USD,PAID
AR001716,CUST00460,2025-09-08,2025-10-23,2025-11-29,1666.57,1666.57,USD,PAID
AR001717,CUST00121,2025-01-07,2025-01-22,2025-01-24,2437.63,2437.63,USD,PAID
AR001718,CUST00487,2024-04-24,2024-05-09,2024-07-07,2146.19,2146.19,USD,PAID
AR001719,CUST00122,2026-03-04,2026-04-18,2026-04-14,3423.8,3423.8,USD,PAID
AR001720,CUST00169,2025-09-06,2025-09-21,2025-10-16,1221.78,1221.78,USD,PAID
AR001721,CUST00479,2026-05-02,2026-07-01,2026-07-16,2869.22,2869.22,USD,PAID
AR001722,CUST00090,2025-03-09,2025-04-08,,1431.4,0.0,USD,OPEN
AR001723,CUST00442,2024-08-07,2024-09-21,2024-10-08,3515.47,3515.47,USD,PAID
AR001724,CUST00359,2025-08-26,2025-09-10,2025-10-12,3145.82,3145.82,USD,PAID
AR001725,CUST00244,2026-08-29,2026-09-13,,779.07,0.0,USD,OPEN
AR001726,CUST00186,2025-11-30,2025-12-30,2026-01-02,4804.86,4804.86,USD,PAID
AR001727,CUST00331,2025-05-01,2025-06-15,2025-06-02,1116.14,1116.14,USD,PAID
AR001728,CUST00354,2026-07-15,2026-07-30,2026-07-21,3741.54,3741.54,USD,PAID
AR001729,CUST00159,2026-07-28,2026-08-27,,2516.33,0.0,USD,OPEN
AR001730,CUST00274,2025-10-16,2025-11-30,2025-11-30,9455.63,9455.63,USD,PAID
AR001731,CUST00005,2026-06-06,2026-07-06,2026-08-09,1478.64,1478.64,USD,PAID
AR001732,CUST00155,2026-07-20,2026-09-18,,1320.3,0.0,USD,OPEN
AR001733,CUST00469,2024-04-02,2024-05-02,2024-05-07,1776.72,1776.72,USD,PAID
AR001734,CUST00405,2025-03-25,2025-05-09,2025-06-15,1376.28,1376.28,USD,PAID
AR001735,CUST00242,2024-02-04,2024-03-20,2024-05-06,3714.31,3714.31,USD,PAID
AR001736,CUST00368,2026-01-24,2026-03-25,2026-04-21,422.13,422.13,USD,PAID
AR001737,CUST00260,2025-03-08,2025-03-23,2025-04-10,700.42,700.42,USD,PAID
AR001738,CUST00378,2024-03-08,2024-04-22,2024-06-16,691.58,691.58,USD,PAID
AR001739,CUST00329,2024-11-30,2025-01-29,2025-01-20,4252.56,4252.56,USD,PAID
AR001740,CUST00002,2025-10-18,2025-11-17,2025-11-19,8430.0,8430.0,USD,PAID
AR001741,CUST00295,2025-02-14,2025-03-16,2025-04-10,1645.82,1645.82,USD,PAID
AR001742,CUST00265,2024-03-25,2024-04-09,,1553.18,0.0,USD,OPEN
AR001743,CUST00406,2025-12-31,2026-01-30,2026-03-08,1925.7,1925.7,USD,PAID
AR001744,CUST00134,2026-08-19,2026-10-03,,5144.54,0.0,USD,OPEN
AR001745,CUST00044,2024-06-26,2024-08-10,2024-08-20,784.76,784.76,USD,PAID
AR001746,CUST00449,2025-02-28,2025-04-14,,2240.67,0.0,USD,OPEN
AR001747,CUST00012,2025-01-21,2025-02-20,,4348.9,0.0,USD,OPEN
AR001748,CUST00102,2026-08-03,2026-09-02,,2838.37,0.0,USD,OPEN
AR001749,CUST00317,2024-09-25,2024-10-25,,2144.42,0.0,USD,OPEN
AR001750,CUST00491,2025-03-15,2025-04-29,,4451.26,0.0,USD,OPEN
AR001751,CUST00008,2025-01-11,2025-02-10,2025-02-10,158.71,158.71,USD,PAID
AR001752,CUST00424,2026-01-05,2026-03-06,2026-04-18,3327.87,3327.87,USD,PAID
AR001753,CUST00366,2025-11-20,2026-01-19,,1003.58,0.0,USD,OPEN
AR001754,CUST00148,2024-07-27,2024-08-26,2024-09-14,348.08,348.08,USD,PAID
AR001755,CUST00439,2026-02-03,2026-04-04,2026-05-14,2864.31,2864.31,USD,PAID
AR001756,CUST00373,2024-07-30,2024-08-29,2024-09-19,6224.78,6224.78,USD,PAID
AR001757,CUST00406,2025-11-24,2025-12-24,2026-01-30,1597.66,1597.66,USD,PAID
AR001758,CUST00121,2024-05-29,2024-06-13,2024-07-01,4262.4,4262.4,USD,PAID
AR001759,CUST00299,2025-09-24,2025-11-23,2025-12-25,7715.99,7715.99,USD,PAID
AR001760,CUST00241,2025-12-01,2026-01-30,,5904.22,0.0,USD,OPEN
AR001761,CUST00352,2024-05-16,2024-06-30,2024-08-04,7910.67,7910.67,USD,PAID
AR001762,CUST00038,2024-08-05,2024-10-04,2024-10-21,3525.98,3525.98,USD,PAID
AR001763,CUST00477,2024-04-07,2024-04-22,,1935.05,0.0,USD,OPEN
AR001764,CUST00003,2024-08-28,2024-10-27,2024-10-17,427.62,427.62,USD,PAID
AR001765,CUST00344,2024-09-16,2024-11-15,2024-12-20,1448.88,1448.88,USD,PAID
AR001766,CUST00022,2025-01-14,2025-02-13,2025-04-10,846.47,846.47,USD,PAID
AR001767,CUST00253,2025-08-17,2025-09-16,2025-11-04,12757.17,12757.17,USD,PAID
AR001768,CUST00046,2026-08-10,2026-09-24,,1543.34,0.0,USD,OPEN
AR001769,CUST00060,2024-11-20,2025-01-19,,2020.06,0.0,USD,OPEN
AR001770,CUST00447,2024-11-16,2024-12-01,2025-01-18,2970.06,2970.06,USD,PAID
AR001771,CUST00145,2026-05-04,2026-06-18,2026-07-28,1880.4,1880.4,USD,PAID
AR001772,CUST00265,2026-07-13,2026-08-27,,8312.75,0.0,USD,OPEN
AR001773,CUST00378,2024-11-16,2025-01-15,2025-02-09,1032.37,1032.37,USD,PAID
AR001774,CUST00028,2025-05-18,2025-06-17,2025-07-28,2154.14,2154.14,USD,PAID
AR001775,CUST00094,2024-07-12,2024-08-11,,926.84,0.0,USD,OPEN
AR001776,CUST00224,2024-02-06,2024-04-06,2024-05-20,551.13,551.13,USD,PAID
AR001777,CUST00183,2024-04-28,2024-06-27,,1042.53,0.0,USD,OPEN
AR001778,CUST00434,2025-12-27,2026-02-25,2026-02-24,1748.77,1748.77,USD,PAID
AR001779,CUST00048,2026-01-07,2026-02-06,,1228.6,0.0,USD,OPEN
AR001780,CUST00087,2024-07-27,2024-09-10,,969.54,0.0,USD,OPEN
AR001781,CUST00109,2026-02-06,2026-03-23,2026-05-21,509.95,509.95,USD,PAID
AR001782,CUST00093,2025-08-20,2025-09-04,2025-11-01,1677.74,1677.74,USD,PAID
AR001783,CUST00347,2025-03-02,2025-03-17,2025-05-04,466.73,466.73,USD,PAID
AR001784,CUST00349,2024-04-06,2024-05-21,,3583.34,0.0,USD,OPEN
AR001785,CUST00476,2025-11-27,2025-12-12,2026-02-10,1947.29,1947.29,USD,PAID
AR001786,CUST00015,2026-09-01,2026-09-16,,486.97,0.0,USD,OPEN
AR001787,CUST00233,2024-03-24,2024-05-23,2024-07-08,1368.83,1368.83,USD,PAID
AR001788,CUST00169,2025-10-05,2025-11-19,2025-11-04,918.79,918.79,USD,PAID
AR001789,CUST00067,2024-02-14,2024-04-14,2024-06-10,2409.7,2409.7,USD,PAID
AR001790,CUST00166,2024-08-04,2024-08-19,2024-09-09,6041.49,6041.49,USD,PAID
AR001791,CUST00488,2026-03-28,2026-04-12,2026-06-06,334.4,334.4,USD,PAID
AR001792,CUST00131,2025-09-08,2025-11-07,,2005.25,0.0,USD,OPEN
AR001793,CUST00046,2024-07-01,2024-07-31,2024-09-05,1565.37,1565.37,USD,PAID
AR001794,CUST00400,2024-01-22,2024-02-21,,3308.35,0.0,USD,OPEN
AR001795,CUST00062,2025-02-16,2025-04-02,2025-04-06,2190.48,2190.48,USD,PAID
AR001796,CUST00463,2024-11-01,2024-12-31,2025-01-24,918.95,918.95,USD,PAID
AR001797,CUST00427,2025-12-02,2026-01-01,2025-12-29,1356.76,1356.76,USD,PAID
AR001798,CUST00244,2025-01-11,2025-02-10,2025-03-16,883.22,883.22,USD,PAID
AR001799,CUST00217,2024-10-01,2024-11-30,,4761.92,0.0,USD,OPEN
AR001800,CUST00323,2026-04-10,2026-05-25,2026-07-04,1843.06,1843.06,USD,PAID
AR001801,CUST00175,2025-03-12,2025-03-27,,10007.32,0.0,USD,OPEN
AR001802,CUST00477,2025-04-19,2025-05-19,2025-05-23,1711.98,1711.98,USD,PAID
AR001803,CUST00041,2025-05-22,2025-06-06,2025-07-16,955.69,955.69,USD,PAID
AR001804,CUST00351,2026-07-17,2026-09-15,,462.97,0.0,USD,OPEN
AR001805,CUST00219,2026-07-13,2026-08-27,,356.8,0.0,USD,OPEN
AR001806,CUST00263,2024-10-29,2024-11-13,2024-11-03,434.54,434.54,USD,PAID
AR001807,CUST00339,2024-04-20,2024-06-19,2024-08-02,2299.42,2299.42,USD,PAID
AR001808,CUST00042,2026-01-07,2026-02-21,2026-04-21,2857.93,2857.93,USD,PAID
AR001809,CUST00339,2026-02-26,2026-03-13,,435.69,0.0,USD,OPEN
AR001810,CUST00024,2025-04-18,2025-05-18,2025-06-22,4046.2,4046.2,USD,PAID
AR001811,CUST00161,2024-03-26,2024-05-25,2024-06-17,1170.57,1170.57,USD,PAID
AR001812,CUST00320,2025-08-24,2025-10-23,2025-12-04,2063.41,2063.41,USD,PAID
AR001813,CUST00109,2026-04-07,2026-05-22,2026-05-30,7715.59,7715.59,USD,PAID
AR001814,CUST00447,2024-07-08,2024-07-23,2024-08-10,4052.77,4052.77,USD,PAID
AR001815,CUST00003,2025-11-20,2025-12-05,2025-11-22,1419.87,1419.87,USD,PAID
AR001816,CUST00336,2025-02-08,2025-02-23,,810.72,0.0,USD,OPEN
AR001817,CUST00156,2025-05-03,2025-07-02,2025-08-18,260.7,260.7,USD,PAID
AR001818,CUST00412,2025-09-25,2025-11-09,2025-12-14,946.49,946.49,USD,PAID
AR001819,CUST00008,2024-11-05,2024-11-20,,1495.15,0.0,USD,OPEN
AR001820,CUST00440,2024-07-14,2024-07-29,2024-08-07,743.63,743.63,USD,PAID
AR001821,CUST00333,2024-01-28,2024-02-27,2024-03-01,1606.59,1606.59,USD,PAID
AR001822,CUST00098,2024-09-04,2024-11-03,2024-12-26,1937.53,1937.53,USD,PAID
AR001823,CUST00243,2024-03-29,2024-05-13,2024-05-16,1476.8,1476.8,USD,PAID
AR001824,CUST00463,2025-03-08,2025-03-23,,1007.27,0.0,USD,OPEN
AR001825,CUST00011,2024-06-05,2024-08-04,2024-09-18,2104.41,2104.41,USD,PAID
AR001826,CUST00151,2026-05-30,2026-07-29,2026-08-08,2691.21,2691.21,USD,PAID
AR001827,CUST00005,2025-08-06,2025-10-05,,677.66,0.0,USD,OPEN
AR001828,CUST00378,2024-04-15,2024-06-14,2024-08-01,6437.14,6437.14,USD,PAID
AR001829,CUST00205,2025-08-15,2025-09-29,,1654.53,0.0,USD,OPEN
AR001830,CUST00271,2025-05-12,2025-07-11,2025-07-03,1838.98,1838.98,USD,PAID
AR001831,CUST00033,2024-01-20,2024-03-20,2024-05-14,3419.99,3419.99,USD,PAID
AR001832,CUST00254,2024-10-01,2024-11-30,2024-11-29,2230.31,2230.31,USD,PAID
AR001833,CUST00011,2025-09-29,2025-11-13,2025-12-23,4263.4,4263.4,USD,PAID
AR001834,CUST00177,2024-06-14,2024-07-29,2024-09-12,2341.18,2341.18,USD,PAID
AR001835,CUST00466,2025-03-24,2025-04-23,2025-06-22,1041.91,1041.91,USD,PAID
AR001836,CUST00068,2025-12-02,2026-01-16,2026-03-01,2503.27,2503.27,USD,PAID
AR001837,CUST00492,2026-06-23,2026-08-07,,645.9,0.0,USD,OPEN
AR001838,CUST00319,2025-03-02,2025-04-16,2025-04-21,1993.61,1993.61,USD,PAID
AR001839,CUST00342,2024-07-31,2024-09-14,2024-09-10,1754.77,1754.77,USD,PAID
AR001840,CUST00081,2025-05-09,2025-06-08,,1499.21,0.0,USD,OPEN
AR001841,CUST00213,2025-09-12,2025-11-11,,1610.53,0.0,USD,OPEN
AR001842,CUST00286,2026-08-23,2026-10-22,,332.4,0.0,USD,OPEN
AR001843,CUST00183,2024-02-18,2024-03-04,2024-03-22,1103.4,1103.4,USD,PAID
AR001844,CUST00441,2025-11-24,2025-12-24,,1965.61,0.0,USD,OPEN
AR001845,CUST00221,2026-07-04,2026-07-19,2026-08-16,2087.81,2087.81,USD,PAID
AR001846,CUST00115,2024-04-26,2024-05-26,,717.01,0.0,USD,OPEN
AR001847,CUST00394,2025-05-13,2025-06-27,2025-07-27,5648.45,5648.45,USD,PAID
AR001848,CUST00310,2024-02-17,2024-04-02,2024-05-22,829.18,829.18,USD,PAID
AR001849,CUST00410,2025-11-16,2025-12-01,2026-01-11,4326.49,4326.49,USD,PAID
AR001850,CUST00422,2025-04-13,2025-04-28,2025-04-26,2655.73,2655.73,USD,PAID
AR001851,CUST00323,2025-07-29,2025-08-13,2025-08-19,1010.7,1010.7,USD,PAID
AR001852,CUST00373,2024-04-30,2024-05-30,2024-06-04,8935.43,8935.43,USD,PAID
AR001853,CUST00376,2024-10-26,2024-12-25,2025-02-11,617.53,617.53,USD,PAID
AR001854,CUST00187,2026-06-10,2026-06-25,,4134.98,0.0,USD,OPEN
AR001855,CUST00104,2024-12-08,2025-01-07,,4449.4,0.0,USD,OPEN
AR001856,CUST00126,2025-03-25,2025-05-24,2025-05-09,988.75,988.75,USD,PAID
AR001857,CUST00088,2026-05-04,2026-07-03,2026-08-21,6331.03,6331.03,USD,PAID
AR001858,CUST00185,2024-03-28,2024-05-12,2024-06-19,1443.69,1443.69,USD,PAID
AR001859,CUST00386,2025-10-06,2025-11-05,,2344.49,0.0,USD,OPEN
AR001860,CUST00411,2025-06-26,2025-08-25,2025-08-27,2285.38,2285.38,USD,PAID
AR001861,CUST00488,2025-03-15,2025-05-14,2025-06-26,1602.18,1602.18,USD,PAID
AR001862,CUST00075,2026-05-22,2026-07-06,2026-08-16,3750.81,3750.81,USD,PAID
AR001863,CUST00484,2026-02-27,2026-03-14,2026-05-04,3692.8,3692.8,USD,PAID
AR001864,CUST00396,2024-03-12,2024-03-27,2024-05-02,374.77,374.77,USD,PAID
AR001865,CUST00389,2024-06-17,2024-08-16,,5848.3,0.0,USD,OPEN
AR001866,CUST00324,2024-02-07,2024-03-08,2024-02-29,404.95,404.95,USD,PAID
AR001867,CUST00448,2025-12-31,2026-02-14,2026-04-10,4579.25,4579.25,USD,PAID
AR001868,CUST00424,2024-11-07,2024-12-22,2024-12-08,4984.23,4984.23,USD,PAID
AR001869,CUST00330,2024-10-13,2024-11-12,2024-12-24,677.31,677.31,USD,PAID
AR001870,CUST00398,2024-07-29,2024-09-27,2024-11-02,1249.21,1249.21,USD,PAID
AR001871,CUST00276,2024-07-21,2024-09-04,,668.39,0.0,USD,OPEN
AR001872,CUST00267,2024-12-08,2025-02-06,2025-02-07,1490.06,1490.06,USD,PAID
AR001873,CUST00283,2025-07-07,2025-08-21,2025-10-10,1370.28,1370.28,USD,PAID
AR001874,CUST00012,2024-11-15,2024-12-30,2025-01-04,3647.13,3647.13,USD,PAID
AR001875,CUST00372,2024-01-29,2024-03-14,2024-04-06,5879.8,5879.8,USD,PAID
AR001876,CUST00133,2025-03-08,2025-03-23,2025-04-24,6349.4,6349.4,USD,PAID
AR001877,CUST00388,2025-10-04,2025-11-18,,1090.13,0.0,USD,OPEN
AR001878,CUST00378,2025-10-28,2025-11-12,2026-01-09,1497.72,1497.72,USD,PAID
AR001879,CUST00413,2024-01-06,2024-03-06,2024-03-21,397.39,397.39,USD,PAID
AR001880,CUST00342,2026-02-02,2026-03-04,2026-03-25,875.43,875.43,USD,PAID
AR001881,CUST00378,2026-03-14,2026-04-13,2026-06-03,4308.59,4308.59,USD,PAID
AR001882,CUST00099,2024-09-10,2024-09-25,2024-11-23,7738.98,7738.98,USD,PAID
AR001883,CUST00365,2026-04-22,2026-06-06,2026-06-09,595.31,595.31,USD,PAID
AR001884,CUST00032,2025-03-11,2025-05-10,,1060.8,0.0,USD,OPEN
AR001885,CUST00040,2025-03-11,2025-04-10,2025-05-22,1765.58,1765.58,USD,PAID
AR001886,CUST00399,2025-01-13,2025-03-14,2025-05-04,2326.56,2326.56,USD,PAID
AR001887,CUST00226,2025-02-08,2025-03-25,2025-05-03,872.49,872.49,USD,PAID
AR001888,CUST00422,2025-12-06,2026-02-04,2026-03-14,2648.25,2648.25,USD,PAID
AR001889,CUST00365,2024-06-15,2024-07-15,2024-08-31,1180.32,1180.32,USD,PAID
AR001890,CUST00442,2025-04-13,2025-05-13,2025-07-02,1784.68,1784.68,USD,PAID
AR001891,CUST00243,2025-06-25,2025-07-10,2025-08-22,2956.19,2956.19,USD,PAID
AR001892,CUST00472,2024-02-03,2024-03-04,2024-04-05,1818.52,1818.52,USD,PAID
AR001893,CUST00057,2026-09-01,2026-09-16,,1220.79,0.0,USD,OPEN
AR001894,CUST00268,2024-05-03,2024-06-17,2024-06-07,1638.2,1638.2,USD,PAID
AR001895,CUST00156,2024-06-05,2024-06-20,2024-07-22,1669.82,1669.82,USD,PAID
AR001896,CUST00074,2024-10-28,2024-12-27,,1295.94,0.0,USD,OPEN
AR001897,CUST00458,2024-05-25,2024-07-24,,1432.37,0.0,USD,OPEN
AR001898,CUST00002,2024-11-08,2024-12-23,2025-02-08,7621.91,7621.91,USD,PAID
AR001899,CUST00023,2024-05-05,2024-06-19,,2995.38,0.0,USD,OPEN
AR001900,CUST00232,2025-03-03,2025-05-02,2025-06-28,1385.85,1385.85,USD,PAID
AR001901,CUST00428,2026-07-10,2026-08-24,,3385.51,0.0,USD,OPEN
AR001902,CUST00326,2026-01-07,2026-02-06,2026-03-27,1338.84,1338.84,USD,PAID
AR001903,CUST00444,2025-04-16,2025-06-15,2025-06-19,5196.87,5196.87,USD,PAID
AR001904,CUST00320,2026-01-15,2026-03-01,,2521.67,0.0,USD,OPEN
AR001905,CUST00174,2025-11-11,2026-01-10,2026-02-14,1641.6,1641.6,USD,PAID
AR001906,CUST00377,2025-07-07,2025-07-22,2025-09-01,2705.24,2705.24,USD,PAID
AR001907,CUST00293,2024-10-11,2024-10-26,2024-10-14,439.75,439.75,USD,PAID
AR001908,CUST00330,2025-10-07,2025-11-21,2025-11-21,655.84,655.84,USD,PAID
AR001909,CUST00317,2025-07-26,2025-08-10,,617.37,0.0,USD,OPEN
AR001910,CUST00097,2025-07-08,2025-07-23,2025-09-12,2056.27,2056.27,USD,PAID
AR001911,CUST00062,2026-02-07,2026-04-08,2026-03-26,8597.82,8597.82,USD,PAID
AR001912,CUST00403,2025-11-05,2025-12-05,2025-12-25,13469.32,13469.32,USD,PAID
AR001913,CUST00228,2024-07-29,2024-08-28,2024-10-26,3210.71,3210.71,USD,PAID
AR001914,CUST00252,2024-03-27,2024-05-11,2024-05-01,2837.73,2837.73,USD,PAID
AR001915,CUST00213,2026-06-01,2026-06-16,2026-06-24,357.47,357.47,USD,PAID
AR001916,CUST00059,2024-01-25,2024-03-10,2024-03-06,1109.42,1109.42,USD,PAID
AR001917,CUST00131,2024-04-11,2024-05-11,2024-05-19,889.8,889.8,USD,PAID
AR001918,CUST00488,2026-02-25,2026-03-12,,1034.05,0.0,USD,OPEN
AR001919,CUST00493,2025-02-21,2025-03-23,,1554.13,0.0,USD,OPEN
AR001920,CUST00030,2024-11-29,2024-12-29,,1182.18,0.0,USD,OPEN
AR001921,CUST00073,2024-11-01,2024-12-31,,304.49,0.0,USD,OPEN
AR001922,CUST00027,2025-02-26,2025-04-12,2025-04-12,3544.38,3544.38,USD,PAID
AR001923,CUST00122,2024-07-26,2024-08-25,2024-10-24,688.51,688.51,USD,PAID
AR001924,CUST00032,2025-05-19,2025-07-18,2025-08-06,2242.45,2242.45,USD,PAID
AR001925,CUST00248,2024-11-21,2025-01-20,2025-01-13,11692.17,11692.17,USD,PAID
AR001926,CUST00138,2024-01-30,2024-03-30,2024-03-17,790.41,790.41,USD,PAID
AR001927,CUST00334,2025-07-21,2025-08-05,2025-09-30,185.44,185.44,USD,PAID
AR001928,CUST00229,2026-03-15,2026-04-14,2026-05-21,1397.72,1397.72,USD,PAID
AR001929,CUST00192,2024-03-26,2024-04-25,2024-04-28,4870.07,4870.07,USD,PAID
AR001930,CUST00488,2025-07-07,2025-08-06,2025-09-28,10535.57,10535.57,USD,PAID
AR001931,CUST00417,2025-03-09,2025-05-08,,597.89,0.0,USD,OPEN
AR001932,CUST00001,2025-04-20,2025-06-04,2025-06-10,2827.16,2827.16,USD,PAID
AR001933,CUST00430,2024-03-02,2024-05-01,2024-05-18,1189.42,1189.42,USD,PAID
AR001934,CUST00300,2025-11-27,2026-01-26,2026-02-07,1643.6,1643.6,USD,PAID
AR001935,CUST00379,2026-05-10,2026-06-24,,19533.95,0.0,USD,OPEN
AR001936,CUST00358,2025-06-30,2025-07-15,2025-08-19,467.47,467.47,USD,PAID
AR001937,CUST00450,2024-05-05,2024-06-04,2024-06-24,2271.89,2271.89,USD,PAID
AR001938,CUST00453,2025-03-18,2025-04-17,2025-05-12,2754.31,2754.31,USD,PAID
AR001939,CUST00140,2025-11-29,2026-01-13,2026-02-24,4804.02,4804.02,USD,PAID
AR001940,CUST00492,2024-09-08,2024-10-23,2024-12-05,1974.73,1974.73,USD,PAID
AR001941,CUST00355,2025-09-05,2025-10-20,,2385.69,0.0,USD,OPEN
AR001942,CUST00462,2024-05-16,2024-05-31,2024-05-16,1270.95,1270.95,USD,PAID
AR001943,CUST00391,2024-01-10,2024-02-09,2024-03-27,2303.57,2303.57,USD,PAID
AR001944,CUST00276,2025-02-06,2025-02-21,2025-02-15,1327.6,1327.6,USD,PAID
AR001945,CUST00498,2024-02-01,2024-04-01,2024-05-01,3163.44,3163.44,USD,PAID
AR001946,CUST00199,2026-04-12,2026-06-11,2026-07-11,1296.41,1296.41,USD,PAID
AR001947,CUST00190,2024-06-30,2024-07-15,,2538.66,0.0,USD,OPEN
AR001948,CUST00381,2026-08-16,2026-09-15,,1761.05,0.0,USD,OPEN
AR001949,CUST00099,2024-01-21,2024-03-06,2024-04-05,4981.3,4981.3,USD,PAID
AR001950,CUST00120,2024-04-02,2024-05-17,2024-05-30,1726.32,1726.32,USD,PAID
AR001951,CUST00253,2025-05-20,2025-07-04,,366.6,0.0,USD,OPEN
AR001952,CUST00421,2026-07-15,2026-08-14,,5629.24,0.0,USD,OPEN
AR001953,CUST00143,2025-10-15,2025-12-14,,800.18,0.0,USD,OPEN
AR001954,CUST00100,2025-08-05,2025-10-04,,1003.86,0.0,USD,OPEN
AR001955,CUST00066,2025-11-06,2025-12-06,,1057.76,0.0,USD,OPEN
AR001956,CUST00478,2026-02-02,2026-02-17,,6229.14,0.0,USD,OPEN
AR001957,CUST00099,2025-08-06,2025-09-05,2025-09-25,264.51,264.51,USD,PAID
AR001958,CUST00315,2026-05-18,2026-06-02,2026-07-25,30454.03,30454.03,USD,PAID
AR001959,CUST00219,2024-09-15,2024-11-14,,4677.18,0.0,USD,OPEN
AR001960,CUST00222,2025-10-18,2025-11-02,2025-11-28,2210.37,2210.37,USD,PAID
AR001961,CUST00239,2026-05-14,2026-07-13,,1720.89,0.0,USD,OPEN
AR001962,CUST00453,2025-05-22,2025-07-06,2025-06-26,2337.88,2337.88,USD,PAID
AR001963,CUST00471,2026-01-08,2026-02-07,,2890.0,0.0,USD,OPEN
AR001964,CUST00100,2025-03-06,2025-05-05,2025-06-09,3231.48,3231.48,USD,PAID
AR001965,CUST00378,2024-12-08,2024-12-23,2024-12-11,2981.09,2981.09,USD,PAID
AR001966,CUST00101,2024-08-19,2024-10-18,2024-11-03,1959.85,1959.85,USD,PAID
AR001967,CUST00015,2024-06-17,2024-08-01,2024-07-29,1513.83,1513.83,USD,PAID
AR001968,CUST00409,2025-05-06,2025-07-05,2025-09-03,1577.91,1577.91,USD,PAID
AR001969,CUST00056,2025-10-03,2025-11-17,2025-12-03,1517.14,1517.14,USD,PAID
AR001970,CUST00421,2025-04-29,2025-05-29,2025-05-20,5016.03,5016.03,USD,PAID
AR001971,CUST00392,2024-12-07,2025-01-06,2025-02-16,3084.67,3084.67,USD,PAID
AR001972,CUST00499,2024-04-07,2024-06-06,2024-06-01,128.21,128.21,USD,PAID
AR001973,CUST00401,2024-03-03,2024-03-18,2024-03-11,3262.7,3262.7,USD,PAID
AR001974,CUST00029,2024-05-10,2024-05-25,2024-07-05,2154.39,2154.39,USD,PAID
AR001975,CUST00347,2024-11-04,2025-01-03,,1777.85,0.0,USD,OPEN
AR001976,CUST00206,2024-02-27,2024-03-13,2024-04-15,1274.53,1274.53,USD,PAID
AR001977,CUST00233,2024-04-08,2024-06-07,2024-05-24,4972.62,4972.62,USD,PAID
AR001978,CUST00174,2025-01-28,2025-03-29,2025-03-26,4241.93,4241.93,USD,PAID
AR001979,CUST00301,2025-10-28,2025-11-12,2025-12-09,901.82,901.82,USD,PAID
AR001980,CUST00305,2024-07-16,2024-07-31,,2608.02,0.0,USD,OPEN
AR001981,CUST00464,2025-12-31,2026-01-15,2026-01-24,754.09,754.09,USD,PAID
AR001982,CUST00182,2025-08-09,2025-09-08,2025-09-25,522.35,522.35,USD,PAID
AR001983,CUST00096,2025-03-07,2025-05-06,2025-06-16,1028.6,1028.6,USD,PAID
AR001984,CUST00066,2024-09-05,2024-10-05,2024-09-27,3929.05,3929.05,USD,PAID
AR001985,CUST00160,2024-11-15,2025-01-14,2025-02-13,4263.36,4263.36,USD,PAID
AR001986,CUST00159,2025-08-20,2025-09-19,,2869.17,0.0,USD,OPEN
AR001987,CUST00266,2025-09-09,2025-10-24,2025-10-10,3472.35,3472.35,USD,PAID
AR001988,CUST00260,2025-08-23,2025-09-22,,2877.16,0.0,USD,OPEN
AR001989,CUST00500,2026-04-18,2026-05-03,2026-05-13,1015.02,1015.02,USD,PAID
AR001990,CUST00097,2024-07-24,2024-08-23,2024-09-20,2667.06,2667.06,USD,PAID
AR001991,CUST00308,2025-11-14,2026-01-13,2026-02-26,3715.87,3715.87,USD,PAID
AR001992,CUST00494,2025-12-10,2026-01-24,2026-03-22,3564.8,3564.8,USD,PAID
AR001993,CUST00054,2024-12-09,2025-01-23,2025-01-28,5271.25,5271.25,USD,PAID
AR001994,CUST00328,2025-04-10,2025-04-25,2025-04-10,3420.27,3420.27,USD,PAID
AR001995,CUST00123,2024-08-16,2024-09-15,2024-09-27,2480.72,2480.72,USD,PAID
AR001996,CUST00106,2025-05-07,2025-06-21,2025-07-24,4736.89,4736.89,USD,PAID
AR001997,CUST00186,2025-02-13,2025-03-15,2025-02-28,1765.4,1765.4,USD,PAID
AR001998,CUST00059,2024-01-11,2024-01-26,2024-03-22,817.55,817.55,USD,PAID
AR001999,CUST00468,2024-05-25,2024-07-09,2024-09-06,1561.25,1561.25,USD,PAID
AR002000,CUST00016,2026-02-22,2026-04-08,,924.81,0.0,USD,OPEN
AR002001,CUST00454,2024-07-22,2024-08-21,2024-09-03,984.7,984.7,USD,PAID
AR002002,CUST00126,2024-09-25,2024-10-25,2024-12-19,1587.53,1587.53,USD,PAID
AR002003,CUST00432,2024-07-01,2024-07-31,,886.09,0.0,USD,OPEN
AR002004,CUST00347,2024-09-25,2024-10-10,,1370.37,0.0,USD,OPEN
AR002005,CUST00174,2024-05-20,2024-07-19,2024-07-18,328.9,328.9,USD,PAID
AR002006,CUST00190,2026-08-16,2026-09-15,,2190.67,0.0,USD,OPEN
AR002007,CUST00410,2026-04-08,2026-05-23,2026-07-14,1810.01,1810.01,USD,PAID
AR002008,CUST00061,2025-09-30,2025-11-29,2025-11-22,866.64,866.64,USD,PAID
AR002009,CUST00273,2024-05-27,2024-06-26,2024-07-05,3272.54,3272.54,USD,PAID
AR002010,CUST00326,2025-01-22,2025-03-08,2025-04-16,4204.09,4204.09,USD,PAID
AR002011,CUST00097,2024-09-07,2024-09-22,2024-11-21,425.47,425.47,USD,PAID
AR002012,CUST00127,2026-05-24,2026-07-08,2026-08-03,910.09,910.09,USD,PAID
AR002013,CUST00496,2024-02-24,2024-04-09,2024-05-29,904.85,904.85,USD,PAID
AR002014,CUST00402,2025-08-21,2025-10-20,2025-10-15,775.95,775.95,USD,PAID
AR002015,CUST00199,2025-04-26,2025-05-11,,3814.36,0.0,USD,OPEN
AR002016,CUST00092,2026-02-08,2026-03-25,2026-05-08,1518.62,1518.62,USD,PAID
AR002017,CUST00367,2024-11-25,2025-01-09,2025-02-24,1425.01,1425.01,USD,PAID
AR002018,CUST00327,2025-05-21,2025-07-20,2025-08-25,297.83,297.83,USD,PAID
AR002019,CUST00232,2026-08-01,2026-08-16,2026-08-26,3203.11,3203.11,USD,PAID
AR002020,CUST00218,2026-06-02,2026-07-02,2026-07-26,592.69,592.69,USD,PAID
AR002021,CUST00131,2026-06-29,2026-08-28,,1908.25,0.0,USD,OPEN
AR002022,CUST00044,2025-07-17,2025-08-01,,2320.74,0.0,USD,OPEN
AR002023,CUST00299,2024-10-29,2024-12-28,2025-01-11,6152.37,6152.37,USD,PAID
AR002024,CUST00219,2024-02-12,2024-04-12,2024-05-10,556.72,556.72,USD,PAID
AR002025,CUST00412,2025-04-06,2025-06-05,2025-07-07,119.4,119.4,USD,PAID
AR002026,CUST00092,2025-05-24,2025-07-08,2025-06-26,2133.38,2133.38,USD,PAID
AR002027,CUST00184,2025-03-28,2025-04-27,2025-04-21,9140.41,9140.41,USD,PAID
AR002028,CUST00263,2026-07-12,2026-07-27,,5514.03,0.0,USD,OPEN
AR002029,CUST00051,2025-07-13,2025-07-28,2025-08-11,2183.52,2183.52,USD,PAID
AR002030,CUST00103,2024-05-01,2024-05-16,2024-07-09,1161.57,1161.57,USD,PAID
AR002031,CUST00155,2024-12-07,2025-01-06,2025-01-23,3738.39,3738.39,USD,PAID
AR002032,CUST00310,2026-02-02,2026-03-19,,752.81,0.0,USD,OPEN
AR002033,CUST00154,2024-05-21,2024-07-05,,2775.88,0.0,USD,OPEN
AR002034,CUST00485,2024-10-15,2024-11-29,2025-01-04,2849.57,2849.57,USD,PAID
AR002035,CUST00390,2025-02-19,2025-03-06,2025-04-25,4694.7,4694.7,USD,PAID
AR002036,CUST00117,2026-09-01,2026-10-01,,21670.22,0.0,USD,OPEN
AR002037,CUST00301,2026-01-10,2026-02-09,2026-04-01,2573.89,2573.89,USD,PAID
AR002038,CUST00175,2026-03-15,2026-05-14,2026-06-27,1143.6,1143.6,USD,PAID
AR002039,CUST00220,2026-03-21,2026-04-05,2026-04-14,1766.9,1766.9,USD,PAID
AR002040,CUST00437,2026-02-27,2026-04-28,2026-06-09,367.91,367.91,USD,PAID
AR002041,CUST00448,2025-07-25,2025-08-09,2025-10-06,967.54,967.54,USD,PAID
AR002042,CUST00256,2024-05-11,2024-06-25,2024-06-11,1250.93,1250.93,USD,PAID
AR002043,CUST00218,2026-04-09,2026-05-24,2026-07-01,1128.13,1128.13,USD,PAID
AR002044,CUST00154,2025-12-03,2026-02-01,2026-03-26,2073.76,2073.76,USD,PAID
AR002045,CUST00473,2024-11-29,2024-12-14,2024-12-03,862.49,862.49,USD,PAID
AR002046,CUST00291,2024-05-22,2024-06-21,2024-07-18,4958.84,4958.84,USD,PAID
AR002047,CUST00486,2025-10-06,2025-12-05,2025-12-16,1808.38,1808.38,USD,PAID
AR002048,CUST00244,2025-02-04,2025-02-19,2025-02-28,1792.97,1792.97,USD,PAID
AR002049,CUST00328,2024-04-21,2024-06-05,2024-07-17,1346.0,1346.0,USD,PAID
AR002050,CUST00054,2026-07-05,2026-08-19,,2079.06,0.0,USD,OPEN
AR002051,CUST00353,2025-11-22,2025-12-22,,3799.36,0.0,USD,OPEN
AR002052,CUST00102,2025-09-09,2025-11-08,,828.47,0.0,USD,OPEN
AR002053,CUST00150,2024-03-12,2024-05-11,2024-05-25,999.94,999.94,USD,PAID
AR002054,CUST00266,2025-11-06,2025-11-21,2025-12-23,1375.6,1375.6,USD,PAID
AR002055,CUST00201,2024-01-12,2024-02-11,2024-03-19,538.46,538.46,USD,PAID
AR002056,CUST00215,2024-06-09,2024-06-24,,864.95,0.0,USD,OPEN
AR002057,CUST00067,2025-05-04,2025-05-19,2025-05-30,1177.8,1177.8,USD,PAID
AR002058,CUST00082,2026-06-10,2026-07-10,2026-08-24,3971.7,3971.7,USD,PAID
AR002059,CUST00367,2025-09-10,2025-10-25,2025-12-13,2290.0,2290.0,USD,PAID
AR002060,CUST00074,2025-12-02,2026-01-31,2026-01-16,2152.17,2152.17,USD,PAID
AR002061,CUST00270,2025-04-01,2025-04-16,2025-05-02,3888.61,3888.61,USD,PAID
AR002062,CUST00021,2024-12-02,2025-01-31,2025-03-30,1597.77,1597.77,USD,PAID
AR002063,CUST00178,2026-01-24,2026-02-08,2026-03-23,2569.38,2569.38,USD,PAID
AR002064,CUST00213,2025-12-18,2026-02-01,2026-02-08,1647.64,1647.64,USD,PAID
AR002065,CUST00235,2024-09-12,2024-10-12,2024-11-21,2295.78,2295.78,USD,PAID
AR002066,CUST00202,2025-01-28,2025-02-27,2025-02-24,1070.11,1070.11,USD,PAID
AR002067,CUST00141,2025-12-16,2025-12-31,2026-01-05,201.35,201.35,USD,PAID
AR002068,CUST00358,2026-06-22,2026-08-06,2026-07-30,1602.23,1602.23,USD,PAID
AR002069,CUST00391,2026-01-13,2026-02-12,2026-03-21,6505.96,6505.96,USD,PAID
AR002070,CUST00387,2025-07-20,2025-08-04,2025-07-29,4161.35,4161.35,USD,PAID
AR002071,CUST00130,2024-04-17,2024-06-01,2024-06-07,4310.71,4310.71,USD,PAID
AR002072,CUST00328,2024-07-31,2024-08-15,2024-08-09,5500.08,5500.08,USD,PAID
AR002073,CUST00439,2025-12-12,2026-02-10,2026-03-18,1958.22,1958.22,USD,PAID
AR002074,CUST00129,2024-07-18,2024-09-16,,2159.4,0.0,USD,OPEN
AR002075,CUST00249,2024-04-27,2024-05-27,2024-07-10,1037.03,1037.03,USD,PAID
AR002076,CUST00337,2025-04-17,2025-05-02,,1360.4,0.0,USD,OPEN
AR002077,CUST00421,2024-09-05,2024-11-04,,3146.97,0.0,USD,OPEN
AR002078,CUST00010,2024-10-12,2024-11-11,,5342.75,0.0,USD,OPEN
AR002079,CUST00064,2025-09-13,2025-09-28,,1594.79,0.0,USD,OPEN
AR002080,CUST00344,2025-07-01,2025-08-30,,1205.72,0.0,USD,OPEN
AR002081,CUST00226,2026-02-20,2026-03-07,2026-03-11,1808.9,1808.9,USD,PAID
AR002082,CUST00458,2025-01-01,2025-01-31,2025-01-20,3105.98,3105.98,USD,PAID
AR002083,CUST00429,2025-11-22,2025-12-22,2025-12-13,493.01,493.01,USD,PAID
AR002084,CUST00228,2025-10-12,2025-10-27,2025-11-20,228.93,228.93,USD,PAID
AR002085,CUST00194,2024-02-23,2024-03-09,,1101.6,0.0,USD,OPEN
AR002086,CUST00466,2026-02-24,2026-03-26,2026-04-27,602.66,602.66,USD,PAID
AR002087,CUST00216,2024-09-01,2024-10-01,,1144.44,0.0,USD,OPEN
AR002088,CUST00349,2024-01-29,2024-02-13,2024-02-22,1582.87,1582.87,USD,PAID
AR002089,CUST00409,2025-11-16,2025-12-01,2025-11-28,1202.4,1202.4,USD,PAID
AR002090,CUST00213,2026-05-05,2026-06-04,2026-05-25,6682.32,6682.32,USD,PAID
AR002091,CUST00288,2025-06-08,2025-06-23,2025-07-19,2426.17,2426.17,USD,PAID
AR002092,CUST00203,2025-10-03,2025-11-02,2025-12-26,2369.48,2369.48,USD,PAID
AR002093,CUST00110,2026-08-19,2026-10-18,,3165.25,0.0,USD,OPEN
AR002094,CUST00206,2024-04-18,2024-06-02,2024-05-19,648.75,648.75,USD,PAID
AR002095,CUST00109,2025-10-31,2025-12-15,,4606.39,0.0,USD,OPEN
AR002096,CUST00418,2025-04-14,2025-05-14,,1688.87,0.0,USD,OPEN
AR002097,CUST00454,2024-10-12,2024-11-26,,3305.8,0.0,USD,OPEN
AR002098,CUST00053,2024-08-11,2024-10-10,2024-11-27,689.06,689.06,USD,PAID
AR002099,CUST00308,2025-12-30,2026-01-29,2026-01-26,446.58,446.58,USD,PAID
AR002100,CUST00171,2024-11-28,2025-01-27,2025-01-29,3774.79,3774.79,USD,PAID
AR002101,CUST00035,2024-06-28,2024-08-12,2024-09-27,2537.08,2537.08,USD,PAID
AR002102,CUST00230,2024-12-09,2024-12-24,2025-02-21,802.84,802.84,USD,PAID
AR002103,CUST00120,2025-01-26,2025-02-25,2025-02-11,826.59,826.59,USD,PAID
AR002104,CUST00388,2024-01-22,2024-02-06,2024-03-16,4978.54,4978.54,USD,PAID
AR002105,CUST00192,2024-09-06,2024-09-21,,619.88,0.0,USD,OPEN
AR002106,CUST00105,2025-05-25,2025-07-09,2025-08-11,7929.98,7929.98,USD,PAID
AR002107,CUST00379,2025-10-19,2025-11-03,2025-12-14,803.87,803.87,USD,PAID
AR002108,CUST00163,2026-06-17,2026-08-01,,3211.69,0.0,USD,OPEN
AR002109,CUST00332,2025-10-21,2025-11-05,2025-12-13,1345.13,1345.13,USD,PAID
AR002110,CUST00434,2026-04-12,2026-05-27,2026-06-10,3111.53,3111.53,USD,PAID
AR002111,CUST00277,2026-01-20,2026-03-06,2026-03-17,1107.98,1107.98,USD,PAID
AR002112,CUST00312,2024-02-25,2024-03-26,2024-04-08,1561.63,1561.63,USD,PAID
AR002113,CUST00227,2026-06-12,2026-08-11,2026-08-19,1875.87,1875.87,USD,PAID
AR002114,CUST00252,2025-10-06,2025-10-21,,733.65,0.0,USD,OPEN
AR002115,CUST00073,2024-03-12,2024-04-11,,3521.85,0.0,USD,OPEN
AR002116,CUST00089,2026-08-18,2026-09-17,,1139.23,0.0,USD,OPEN
AR002117,CUST00219,2025-08-29,2025-09-28,2025-09-23,1471.83,1471.83,USD,PAID
AR002118,CUST00126,2026-01-12,2026-03-13,2026-03-23,738.84,738.84,USD,PAID
AR002119,CUST00147,2025-03-10,2025-04-09,2025-05-02,180.17,180.17,USD,PAID
AR002120,CUST00140,2025-08-13,2025-10-12,2025-10-22,1522.45,1522.45,USD,PAID
AR002121,CUST00498,2026-06-02,2026-08-01,,15856.8,0.0,USD,OPEN
AR002122,CUST00226,2025-01-03,2025-03-04,2025-04-18,3663.39,3663.39,USD,PAID
AR002123,CUST00011,2025-03-08,2025-05-07,2025-06-22,1776.97,1776.97,USD,PAID
AR002124,CUST00389,2026-02-19,2026-04-20,2026-04-15,1427.1,1427.1,USD,PAID
AR002125,CUST00284,2026-07-17,2026-08-31,,1844.97,0.0,USD,OPEN
AR002126,CUST00157,2026-01-14,2026-02-13,2026-03-29,2958.41,2958.41,USD,PAID
AR002127,CUST00037,2025-04-09,2025-05-24,2025-07-09,624.7,624.7,USD,PAID
AR002128,CUST00080,2024-12-07,2025-01-06,2025-01-16,4928.99,4928.99,USD,PAID
AR002129,CUST00442,2026-07-27,2026-08-26,,3442.12,0.0,USD,OPEN
AR002130,CUST00482,2025-05-27,2025-07-11,2025-08-18,3450.82,3450.82,USD,PAID
AR002131,CUST00329,2025-02-08,2025-03-25,2025-04-18,2682.83,2682.83,USD,PAID
AR002132,CUST00472,2025-08-25,2025-09-09,2025-08-29,1840.25,1840.25,USD,PAID
AR002133,CUST00100,2024-05-07,2024-07-06,2024-07-11,3312.89,3312.89,USD,PAID
AR002134,CUST00261,2026-02-20,2026-04-21,2026-05-20,3079.84,3079.84,USD,PAID
AR002135,CUST00357,2025-12-27,2026-02-25,2026-03-29,1314.7,1314.7,USD,PAID
AR002136,CUST00125,2024-02-29,2024-04-29,2024-05-15,1078.97,1078.97,USD,PAID
AR002137,CUST00324,2025-05-04,2025-05-19,2025-06-19,1981.62,1981.62,USD,PAID
AR002138,CUST00134,2025-12-24,2026-01-08,2026-01-11,7288.97,7288.97,USD,PAID
AR002139,CUST00131,2025-09-11,2025-11-10,2025-11-13,592.77,592.77,USD,PAID
AR002140,CUST00395,2024-09-10,2024-10-10,,482.62,0.0,USD,OPEN
AR002141,CUST00499,2024-04-04,2024-06-03,2024-08-02,2097.05,2097.05,USD,PAID
AR002142,CUST00449,2026-07-11,2026-07-26,2026-08-04,1892.77,1892.77,USD,PAID
AR002143,CUST00355,2025-03-09,2025-04-08,2025-04-25,2113.3,2113.3,USD,PAID
AR002144,CUST00386,2024-11-05,2025-01-04,2025-02-10,2251.96,2251.96,USD,PAID
AR002145,CUST00294,2026-06-16,2026-07-01,,1478.99,0.0,USD,OPEN
AR002146,CUST00384,2026-03-06,2026-04-20,2026-05-09,6911.05,6911.05,USD,PAID
AR002147,CUST00087,2024-08-02,2024-10-01,2024-09-16,428.03,428.03,USD,PAID
AR002148,CUST00036,2026-04-15,2026-06-14,,857.78,0.0,USD,OPEN
AR002149,CUST00376,2026-03-03,2026-05-02,2026-05-23,1647.59,1647.59,USD,PAID
AR002150,CUST00096,2025-03-17,2025-04-16,,412.04,0.0,USD,OPEN
AR002151,CUST00094,2025-12-21,2026-01-20,,1543.38,0.0,USD,OPEN
AR002152,CUST00096,2025-05-29,2025-06-13,2025-06-25,8065.28,8065.28,USD,PAID
AR002153,CUST00133,2024-07-24,2024-08-08,2024-08-17,1842.35,1842.35,USD,PAID
AR002154,CUST00445,2026-07-12,2026-09-10,,2225.26,0.0,USD,OPEN
AR002155,CUST00044,2025-10-13,2025-11-12,,581.64,0.0,USD,OPEN
AR002156,CUST00016,2025-01-21,2025-02-05,2025-03-05,1038.23,1038.23,USD,PAID
AR002157,CUST00005,2025-08-22,2025-09-21,2025-09-18,1289.9,1289.9,USD,PAID
AR002158,CUST00341,2024-03-03,2024-04-17,2024-04-02,1358.39,1358.39,USD,PAID
AR002159,CUST00268,2025-08-19,2025-09-03,,5730.05,0.0,USD,OPEN
AR002160,CUST00493,2026-03-21,2026-04-05,2026-05-26,2986.69,2986.69,USD,PAID
AR002161,CUST00388,2026-02-18,2026-04-04,2026-05-19,664.93,664.93,USD,PAID
AR002162,CUST00162,2024-12-11,2025-02-09,2025-03-09,2257.14,2257.14,USD,PAID
AR002163,CUST00194,2026-04-16,2026-05-16,2026-06-21,2831.04,2831.04,USD,PAID
AR002164,CUST00413,2025-09-17,2025-10-02,2025-10-29,5044.91,5044.91,USD,PAID
AR002165,CUST00372,2024-04-12,2024-04-27,2024-06-02,7498.71,7498.71,USD,PAID
AR002166,CUST00063,2026-05-05,2026-06-04,,725.18,0.0,USD,OPEN
AR002167,CUST00189,2026-06-08,2026-07-23,2026-08-08,871.51,871.51,USD,PAID
AR002168,CUST00002,2025-04-07,2025-06-06,2025-06-15,583.0,583.0,USD,PAID
AR002169,CUST00185,2025-10-15,2025-11-29,,1464.67,0.0,USD,OPEN
AR002170,CUST00348,2026-06-13,2026-06-28,2026-07-24,2751.01,2751.01,USD,PAID
AR002171,CUST00379,2025-03-30,2025-04-29,2025-06-04,4396.66,4396.66,USD,PAID
AR002172,CUST00338,2025-09-19,2025-10-04,2025-11-18,1688.58,1688.58,USD,PAID
AR002173,CUST00311,2026-05-27,2026-06-11,2026-07-03,1355.79,1355.79,USD,PAID
AR002174,CUST00402,2024-07-18,2024-08-17,2024-10-14,2072.65,2072.65,USD,PAID
AR002175,CUST00408,2026-05-27,2026-06-11,,852.67,0.0,USD,OPEN
AR002176,CUST00448,2024-03-30,2024-05-14,2024-07-08,11855.95,11855.95,USD,PAID
AR002177,CUST00247,2025-04-23,2025-05-23,2025-05-22,425.43,425.43,USD,PAID
AR002178,CUST00386,2025-11-09,2025-12-09,2025-12-15,2135.1,2135.1,USD,PAID
AR002179,CUST00367,2026-08-24,2026-09-08,,11172.89,0.0,USD,OPEN
AR002180,CUST00463,2024-01-30,2024-02-29,2024-03-26,1819.14,1819.14,USD,PAID
AR002181,CUST00341,2025-01-27,2025-03-13,2025-03-30,1523.8,1523.8,USD,PAID
AR002182,CUST00325,2025-05-02,2025-05-17,2025-07-09,1310.68,1310.68,USD,PAID
AR002183,CUST00355,2026-01-12,2026-03-13,,1537.09,0.0,USD,OPEN
AR002184,CUST00330,2024-12-06,2025-01-05,2024-12-29,6220.24,6220.24,USD,PAID
AR002185,CUST00335,2024-12-17,2025-02-15,2025-03-20,246.98,246.98,USD,PAID
AR002186,CUST00133,2025-10-19,2025-12-18,2025-12-31,7187.44,7187.44,USD,PAID
AR002187,CUST00046,2024-04-28,2024-06-12,,501.92,0.0,USD,OPEN
AR002188,CUST00294,2024-12-14,2025-01-13,2025-01-12,1422.27,1422.27,USD,PAID
AR002189,CUST00296,2025-01-11,2025-02-10,2025-03-15,1228.66,1228.66,USD,PAID
AR002190,CUST00275,2026-01-24,2026-02-08,2026-04-09,3070.81,3070.81,USD,PAID
AR002191,CUST00395,2024-07-13,2024-09-11,2024-10-06,429.1,429.1,USD,PAID
AR002192,CUST00114,2025-01-08,2025-02-07,2025-04-08,2740.66,2740.66,USD,PAID
AR002193,CUST00437,2024-04-19,2024-06-18,,11179.97,0.0,USD,OPEN
AR002194,CUST00483,2025-04-16,2025-05-31,,530.14,0.0,USD,OPEN
AR002195,CUST00076,2024-10-30,2024-11-29,2025-01-11,2144.66,2144.66,USD,PAID
AR002196,CUST00341,2025-09-07,2025-10-22,,996.47,0.0,USD,OPEN
AR002197,CUST00258,2026-05-19,2026-06-03,2026-06-27,2652.61,2652.61,USD,PAID
AR002198,CUST00245,2025-12-06,2025-12-21,2026-02-17,1839.47,1839.47,USD,PAID
AR002199,CUST00031,2025-10-08,2025-11-07,2025-12-10,1015.02,1015.02,USD,PAID
AR002200,CUST00367,2026-04-09,2026-05-24,,2804.79,0.0,USD,OPEN
AR002201,CUST00473,2024-08-03,2024-09-02,2024-08-24,9172.02,9172.02,USD,PAID
AR002202,CUST00154,2026-06-05,2026-07-05,2026-08-09,1522.62,1522.62,USD,PAID
AR002203,CUST00201,2026-04-14,2026-05-14,2026-07-08,3455.71,3455.71,USD,PAID
AR002204,CUST00388,2024-12-11,2025-02-09,2025-03-10,564.56,564.56,USD,PAID
AR002205,CUST00373,2025-02-04,2025-04-05,,764.49,0.0,USD,OPEN
AR002206,CUST00359,2024-10-16,2024-11-30,2024-12-09,2766.02,2766.02,USD,PAID
AR002207,CUST00166,2026-05-26,2026-07-25,,6875.4,0.0,USD,OPEN
AR002208,CUST00235,2026-02-09,2026-02-24,2026-03-19,2490.03,2490.03,USD,PAID
AR002209,CUST00357,2025-11-01,2025-12-01,2026-01-11,1364.1,1364.1,USD,PAID
AR002210,CUST00112,2025-05-09,2025-06-23,2025-07-04,1806.89,1806.89,USD,PAID
AR002211,CUST00186,2026-04-03,2026-05-03,2026-04-19,586.77,586.77,USD,PAID
AR002212,CUST00193,2026-01-13,2026-01-28,2026-01-31,3115.25,3115.25,USD,PAID
AR002213,CUST00475,2026-08-31,2026-10-30,,4000.2,0.0,USD,OPEN
AR002214,CUST00092,2024-02-27,2024-03-13,2024-04-27,1203.66,1203.66,USD,PAID
AR002215,CUST00264,2026-08-25,2026-09-09,,1184.37,0.0,USD,OPEN
AR002216,CUST00322,2025-10-27,2025-12-11,2025-12-15,2296.84,2296.84,USD,PAID
AR002217,CUST00124,2026-01-09,2026-03-10,2026-03-10,1220.42,1220.42,USD,PAID
AR002218,CUST00335,2025-02-10,2025-04-11,2025-04-18,1703.57,1703.57,USD,PAID
AR002219,CUST00399,2026-02-02,2026-04-03,2026-03-30,11965.1,11965.1,USD,PAID
AR002220,CUST00189,2025-04-19,2025-06-18,2025-07-29,1447.62,1447.62,USD,PAID
AR002221,CUST00063,2024-01-12,2024-01-27,,1309.62,0.0,USD,OPEN
AR002222,CUST00294,2025-05-15,2025-06-14,,1009.5,0.0,USD,OPEN
AR002223,CUST00407,2025-08-09,2025-10-08,2025-10-05,3532.54,3532.54,USD,PAID
AR002224,CUST00153,2025-08-30,2025-09-29,2025-11-08,1535.94,1535.94,USD,PAID
AR002225,CUST00033,2025-08-08,2025-09-07,,1007.84,0.0,USD,OPEN
AR002226,CUST00202,2025-12-31,2026-01-30,2026-01-17,5938.27,5938.27,USD,PAID
AR002227,CUST00429,2025-07-23,2025-09-21,,6487.57,0.0,USD,OPEN
AR002228,CUST00495,2025-08-21,2025-09-05,2025-09-16,1053.23,1053.23,USD,PAID
AR002229,CUST00307,2025-11-05,2025-11-20,,337.01,0.0,USD,OPEN
AR002230,CUST00229,2025-12-12,2026-01-11,,4477.24,0.0,USD,OPEN
AR002231,CUST00066,2026-03-30,2026-05-14,,976.36,0.0,USD,OPEN
AR002232,CUST00288,2025-08-11,2025-09-10,2025-09-06,3683.3,3683.3,USD,PAID
AR002233,CUST00064,2024-09-19,2024-10-04,,307.02,0.0,USD,OPEN
AR002234,CUST00088,2025-06-02,2025-07-17,2025-09-09,4037.32,4037.32,USD,PAID
AR002235,CUST00485,2025-03-09,2025-03-24,2025-03-14,607.86,607.86,USD,PAID
AR002236,CUST00072,2026-08-26,2026-10-10,,3490.11,0.0,USD,OPEN
AR002237,CUST00467,2025-08-13,2025-10-12,2025-12-02,1831.42,1831.42,USD,PAID
AR002238,CUST00122,2024-12-26,2025-01-25,2025-01-15,766.21,766.21,USD,PAID
AR002239,CUST00439,2024-02-07,2024-03-08,,1253.47,0.0,USD,OPEN
AR002240,CUST00111,2026-05-02,2026-06-01,2026-07-26,3353.25,3353.25,USD,PAID
AR002241,CUST00039,2025-08-28,2025-10-12,2025-11-20,1988.84,1988.84,USD,PAID
AR002242,CUST00205,2025-07-17,2025-08-31,2025-09-05,3059.39,3059.39,USD,PAID
AR002243,CUST00482,2025-04-12,2025-04-27,2025-06-05,10708.54,10708.54,USD,PAID
AR002244,CUST00323,2025-12-12,2026-01-11,2026-01-05,442.39,442.39,USD,PAID
AR002245,CUST00366,2026-01-20,2026-03-06,2026-03-15,7750.33,7750.33,USD,PAID
AR002246,CUST00162,2025-01-16,2025-02-15,2025-02-19,1986.08,1986.08,USD,PAID
AR002247,CUST00040,2026-03-17,2026-05-16,2026-06-01,805.2,805.2,USD,PAID
AR002248,CUST00209,2024-10-03,2024-10-18,2024-12-12,546.05,546.05,USD,PAID
AR002249,CUST00466,2024-03-08,2024-04-22,2024-05-23,1525.06,1525.06,USD,PAID
AR002250,CUST00409,2024-12-07,2025-01-21,,4144.28,0.0,USD,OPEN
AR002251,CUST00194,2024-08-19,2024-10-03,,1611.96,0.0,USD,OPEN
AR002252,CUST00090,2024-08-15,2024-10-14,2024-10-14,7044.76,7044.76,USD,PAID
AR002253,CUST00049,2025-06-23,2025-08-07,2025-09-23,489.77,489.77,USD,PAID
AR002254,CUST00283,2025-06-25,2025-08-09,2025-08-30,1788.48,1788.48,USD,PAID
AR002255,CUST00163,2024-10-04,2024-10-19,2024-10-25,585.72,585.72,USD,PAID
AR002256,CUST00413,2026-08-27,2026-10-26,,2508.07,0.0,USD,OPEN
AR002257,CUST00133,2026-01-29,2026-03-30,2026-03-31,4016.63,4016.63,USD,PAID
AR002258,CUST00194,2024-01-10,2024-02-09,2024-02-12,1238.08,1238.08,USD,PAID
AR002259,CUST00372,2025-08-04,2025-09-18,,173.51,0.0,USD,OPEN
AR002260,CUST00348,2025-10-16,2025-11-30,2025-12-16,2162.57,2162.57,USD,PAID
AR002261,CUST00225,2025-09-15,2025-11-14,2025-11-22,2678.64,2678.64,USD,PAID
AR002262,CUST00488,2024-12-28,2025-02-26,2025-03-18,2601.56,2601.56,USD,PAID
AR002263,CUST00486,2025-03-14,2025-04-13,2025-04-09,5498.35,5498.35,USD,PAID
AR002264,CUST00325,2024-11-08,2025-01-07,2025-01-03,689.56,689.56,USD,PAID
AR002265,CUST00085,2024-03-22,2024-04-06,2024-04-02,3334.89,3334.89,USD,PAID
AR002266,CUST00147,2025-08-12,2025-08-27,,5288.32,0.0,USD,OPEN
AR002267,CUST00493,2025-07-21,2025-09-19,2025-09-05,364.77,364.77,USD,PAID
AR002268,CUST00246,2026-08-29,2026-10-28,,2410.73,0.0,USD,OPEN
AR002269,CUST00467,2025-05-24,2025-06-08,2025-06-17,1148.53,1148.53,USD,PAID
AR002270,CUST00384,2026-05-01,2026-05-16,2026-07-08,1680.14,1680.14,USD,PAID
AR002271,CUST00351,2024-12-19,2025-01-18,2025-03-11,2472.31,2472.31,USD,PAID
AR002272,CUST00346,2025-09-15,2025-09-30,2025-10-06,1166.19,1166.19,USD,PAID
AR002273,CUST00188,2026-08-10,2026-09-09,,984.23,0.0,USD,OPEN
AR002274,CUST00217,2026-05-09,2026-06-08,2026-05-30,1864.48,1864.48,USD,PAID
AR002275,CUST00497,2025-05-22,2025-07-21,,679.58,0.0,USD,OPEN
AR002276,CUST00426,2024-04-25,2024-06-09,2024-06-25,680.45,680.45,USD,PAID
AR002277,CUST00151,2025-07-06,2025-07-21,2025-09-05,3332.36,3332.36,USD,PAID
AR002278,CUST00324,2024-09-28,2024-10-28,,642.96,0.0,USD,OPEN
AR002279,CUST00476,2025-08-05,2025-10-04,2025-10-28,3293.42,3293.42,USD,PAID
AR002280,CUST00030,2026-08-13,2026-08-28,,2741.7,0.0,USD,OPEN
AR002281,CUST00153,2024-12-30,2025-01-14,2025-02-10,382.52,382.52,USD,PAID
AR002282,CUST00456,2024-12-28,2025-01-12,,982.59,0.0,USD,OPEN
AR002283,CUST00052,2026-01-09,2026-02-08,2026-01-25,5295.95,5295.95,USD,PAID
AR002284,CUST00271,2025-03-17,2025-05-16,,747.66,0.0,USD,OPEN
AR002285,CUST00004,2025-06-10,2025-07-10,2025-08-26,1190.39,1190.39,USD,PAID
AR002286,CUST00192,2024-06-08,2024-07-23,2024-08-27,2740.39,2740.39,USD,PAID
AR002287,CUST00275,2024-11-02,2024-12-17,2024-12-25,3659.39,3659.39,USD,PAID
AR002288,CUST00225,2026-04-11,2026-05-26,,1441.75,0.0,USD,OPEN
AR002289,CUST00182,2025-11-03,2026-01-02,,1056.0,0.0,USD,OPEN
AR002290,CUST00453,2026-02-04,2026-04-05,,6503.74,0.0,USD,OPEN
AR002291,CUST00146,2026-06-10,2026-07-10,,8647.36,0.0,USD,OPEN
AR002292,CUST00462,2024-02-11,2024-03-12,2024-04-08,4363.25,4363.25,USD,PAID
AR002293,CUST00492,2024-02-02,2024-03-03,2024-04-18,1952.34,1952.34,USD,PAID
AR002294,CUST00251,2025-11-12,2025-12-27,,873.55,0.0,USD,OPEN
AR002295,CUST00167,2025-07-17,2025-09-15,2025-09-16,856.28,856.28,USD,PAID
AR002296,CUST00068,2026-02-08,2026-04-09,2026-05-13,2893.62,2893.62,USD,PAID
AR002297,CUST00080,2024-04-22,2024-05-07,2024-05-08,2634.79,2634.79,USD,PAID
AR002298,CUST00027,2024-12-18,2025-01-02,2025-01-17,6383.29,6383.29,USD,PAID
AR002299,CUST00223,2025-11-25,2026-01-09,2025-12-26,3246.73,3246.73,USD,PAID
AR002300,CUST00390,2025-05-06,2025-06-20,2025-06-15,467.42,467.42,USD,PAID
AR002301,CUST00096,2025-03-15,2025-04-14,2025-06-03,4659.92,4659.92,USD,PAID
AR002302,CUST00359,2024-09-12,2024-10-27,2024-11-14,736.38,736.38,USD,PAID
AR002303,CUST00362,2024-09-10,2024-11-09,,1279.76,0.0,USD,OPEN
AR002304,CUST00313,2026-03-12,2026-03-27,2026-05-15,2264.66,2264.66,USD,PAID
AR002305,CUST00323,2024-07-04,2024-08-03,2024-10-02,10895.45,10895.45,USD,PAID
AR002306,CUST00206,2025-10-11,2025-11-10,2025-11-11,29700.72,29700.72,USD,PAID
AR002307,CUST00219,2024-02-09,2024-03-25,2024-03-28,3121.44,3121.44,USD,PAID
AR002308,CUST00027,2024-01-19,2024-02-18,,1533.22,0.0,USD,OPEN
AR002309,CUST00114,2025-01-24,2025-03-25,2025-04-08,2925.02,2925.02,USD,PAID
AR002310,CUST00219,2024-12-10,2025-02-08,2025-03-30,4019.41,4019.41,USD,PAID
AR002311,CUST00187,2025-10-21,2025-11-05,2025-11-24,1354.79,1354.79,USD,PAID
AR002312,CUST00164,2024-10-14,2024-11-28,2024-12-14,9096.91,9096.91,USD,PAID
AR002313,CUST00001,2026-07-05,2026-07-20,,2224.0,0.0,USD,OPEN
AR002314,CUST00144,2024-02-23,2024-04-08,2024-05-23,2829.82,2829.82,USD,PAID
AR002315,CUST00486,2026-07-19,2026-08-03,2026-08-20,3292.27,3292.27,USD,PAID
AR002316,CUST00050,2025-05-18,2025-07-02,2025-07-01,2642.36,2642.36,USD,PAID
AR002317,CUST00170,2025-11-16,2025-12-01,2025-12-02,3846.99,3846.99,USD,PAID
AR002318,CUST00271,2025-01-04,2025-02-18,2025-04-19,1037.4,1037.4,USD,PAID
AR002319,CUST00108,2025-09-11,2025-10-26,2025-11-15,1093.93,1093.93,USD,PAID
AR002320,CUST00055,2025-08-21,2025-10-20,,671.73,0.0,USD,OPEN
AR002321,CUST00496,2024-05-13,2024-05-28,,2685.31,0.0,USD,OPEN
AR002322,CUST00229,2026-07-23,2026-08-22,,3644.75,0.0,USD,OPEN
AR002323,CUST00280,2026-08-05,2026-08-20,,2729.83,0.0,USD,OPEN
AR002324,CUST00390,2025-09-25,2025-11-09,2025-12-24,8160.36,8160.36,USD,PAID
AR002325,CUST00099,2024-07-25,2024-08-24,,1798.96,0.0,USD,OPEN
AR002326,CUST00500,2025-03-04,2025-04-18,2025-06-13,3300.63,3300.63,USD,PAID
AR002327,CUST00467,2024-12-21,2025-02-04,2025-02-04,676.86,676.86,USD,PAID
AR002328,CUST00477,2025-03-22,2025-04-06,2025-05-28,1276.16,1276.16,USD,PAID
AR002329,CUST00141,2025-05-30,2025-06-14,,3381.19,0.0,USD,OPEN
AR002330,CUST00032,2025-12-14,2026-01-13,2026-03-11,3882.33,3882.33,USD,PAID
AR002331,CUST00254,2026-03-24,2026-04-23,2026-05-28,1387.74,1387.74,USD,PAID
AR002332,CUST00385,2025-12-02,2025-12-17,,1695.21,0.0,USD,OPEN
AR002333,CUST00206,2025-06-05,2025-08-04,2025-09-07,461.24,461.24,USD,PAID
AR002334,CUST00082,2025-09-13,2025-10-28,2025-10-13,1311.17,1311.17,USD,PAID
AR002335,CUST00451,2025-08-08,2025-09-07,2025-08-24,4029.29,4029.29,USD,PAID
AR002336,CUST00133,2026-08-08,2026-10-07,,3034.14,0.0,USD,OPEN
AR002337,CUST00283,2024-11-06,2024-12-06,2024-12-25,2837.27,2837.27,USD,PAID
AR002338,CUST00122,2024-05-01,2024-05-31,2024-07-23,1890.88,1890.88,USD,PAID
AR002339,CUST00475,2024-10-25,2024-11-09,2024-11-29,1819.57,1819.57,USD,PAID
AR002340,CUST00329,2024-05-16,2024-06-30,2024-06-21,997.96,997.96,USD,PAID
AR002341,CUST00333,2024-09-11,2024-10-11,2024-09-26,3391.22,3391.22,USD,PAID
AR002342,CUST00136,2024-12-21,2025-02-04,2025-03-31,2640.9,2640.9,USD,PAID
AR002343,CUST00167,2026-01-09,2026-02-08,2026-03-02,2815.28,2815.28,USD,PAID
AR002344,CUST00375,2024-02-28,2024-03-14,2024-03-27,1126.16,1126.16,USD,PAID
AR002345,CUST00276,2024-10-13,2024-11-12,2024-10-30,260.34,260.34,USD,PAID
AR002346,CUST00485,2025-11-04,2025-11-19,2025-12-22,4853.41,4853.41,USD,PAID
AR002347,CUST00106,2025-10-31,2025-12-15,2026-02-08,1175.03,1175.03,USD,PAID
AR002348,CUST00105,2026-04-16,2026-06-15,2026-07-04,831.72,831.72,USD,PAID
AR002349,CUST00119,2025-08-18,2025-10-17,,3374.93,0.0,USD,OPEN
AR002350,CUST00048,2026-01-17,2026-03-18,2026-05-03,1270.53,1270.53,USD,PAID
AR002351,CUST00097,2025-05-22,2025-06-21,2025-06-28,4693.54,4693.54,USD,PAID
AR002352,CUST00332,2025-08-06,2025-10-05,2025-10-13,3150.47,3150.47,USD,PAID
AR002353,CUST00419,2024-10-15,2024-10-30,2024-11-06,3344.97,3344.97,USD,PAID
AR002354,CUST00037,2025-02-07,2025-03-09,,528.82,0.0,USD,OPEN
AR002355,CUST00052,2025-03-12,2025-04-11,2025-05-17,5381.65,5381.65,USD,PAID
AR002356,CUST00309,2026-01-11,2026-02-10,2026-01-27,2287.3,2287.3,USD,PAID
AR002357,CUST00424,2024-04-12,2024-06-11,2024-06-10,1296.79,1296.79,USD,PAID
AR002358,CUST00395,2024-01-14,2024-01-29,,2057.09,0.0,USD,OPEN
AR002359,CUST00322,2024-03-26,2024-05-10,,365.54,0.0,USD,OPEN
AR002360,CUST00491,2025-09-06,2025-09-21,2025-09-07,2611.78,2611.78,USD,PAID
AR002361,CUST00437,2026-03-21,2026-04-05,2026-05-03,715.92,715.92,USD,PAID
AR002362,CUST00389,2025-12-25,2026-01-09,2026-02-24,535.18,535.18,USD,PAID
AR002363,CUST00170,2025-07-30,2025-09-28,2025-10-22,459.38,459.38,USD,PAID
AR002364,CUST00355,2025-05-05,2025-06-04,2025-07-28,4921.75,4921.75,USD,PAID
AR002365,CUST00023,2024-09-30,2024-10-15,,1026.25,0.0,USD,OPEN
AR002366,CUST00454,2024-04-15,2024-05-30,,7189.34,0.0,USD,OPEN
AR002367,CUST00468,2026-05-06,2026-07-05,,1116.3,0.0,USD,OPEN
AR002368,CUST00076,2024-08-17,2024-09-01,2024-10-05,388.92,388.92,USD,PAID
AR002369,CUST00352,2024-12-27,2025-02-10,2025-03-16,661.91,661.91,USD,PAID
AR002370,CUST00115,2026-06-24,2026-07-09,2026-07-08,5498.5,5498.5,USD,PAID
AR002371,CUST00061,2024-04-14,2024-05-29,2024-06-25,1571.35,1571.35,USD,PAID
AR002372,CUST00092,2025-01-04,2025-01-19,2025-01-23,1103.83,1103.83,USD,PAID
AR002373,CUST00077,2025-03-14,2025-04-28,2025-06-06,2088.11,2088.11,USD,PAID
AR002374,CUST00179,2026-07-03,2026-08-17,,2840.13,0.0,USD,OPEN
AR002375,CUST00339,2026-06-15,2026-06-30,2026-08-17,4942.66,4942.66,USD,PAID
AR002376,CUST00404,2025-01-12,2025-02-26,2025-02-20,6658.5,6658.5,USD,PAID
AR002377,CUST00164,2024-01-03,2024-02-02,2024-02-05,1307.94,1307.94,USD,PAID
AR002378,CUST00418,2024-05-31,2024-07-30,2024-09-14,548.15,548.15,USD,PAID
AR002379,CUST00075,2024-03-09,2024-03-24,2024-04-13,1246.23,1246.23,USD,PAID
AR002380,CUST00393,2024-04-02,2024-05-17,2024-05-25,2285.3,2285.3,USD,PAID
AR002381,CUST00247,2025-01-29,2025-03-15,2025-04-23,759.47,759.47,USD,PAID
AR002382,CUST00071,2025-12-11,2026-02-09,2026-03-08,764.0,764.0,USD,PAID
AR002383,CUST00255,2026-04-01,2026-05-01,2026-06-25,2463.67,2463.67,USD,PAID
AR002384,CUST00197,2025-07-05,2025-09-03,2025-09-17,1730.58,1730.58,USD,PAID
AR002385,CUST00360,2024-03-26,2024-05-25,2024-06-07,1862.21,1862.21,USD,PAID
AR002386,CUST00436,2024-03-30,2024-04-29,2024-05-10,913.56,913.56,USD,PAID
AR002387,CUST00472,2024-01-18,2024-03-03,2024-03-05,1469.44,1469.44,USD,PAID
AR002388,CUST00435,2024-04-22,2024-05-07,2024-06-07,786.97,786.97,USD,PAID
AR002389,CUST00428,2026-05-19,2026-06-18,2026-06-21,4028.62,4028.62,USD,PAID
AR002390,CUST00029,2026-05-23,2026-07-22,2026-08-04,4590.41,4590.41,USD,PAID
AR002391,CUST00357,2026-02-03,2026-03-05,,343.24,0.0,USD,OPEN
AR002392,CUST00357,2025-12-21,2026-01-20,2026-01-08,783.24,783.24,USD,PAID
AR002393,CUST00055,2025-03-10,2025-04-24,,470.18,0.0,USD,OPEN
AR002394,CUST00016,2025-11-09,2025-11-24,2025-11-29,1007.25,1007.25,USD,PAID
AR002395,CUST00126,2024-05-30,2024-07-14,,1677.24,0.0,USD,OPEN
AR002396,CUST00077,2024-03-19,2024-04-03,2024-05-11,490.45,490.45,USD,PAID
AR002397,CUST00384,2026-02-22,2026-03-24,2026-03-26,788.65,788.65,USD,PAID
AR002398,CUST00228,2025-06-24,2025-08-08,2025-09-05,732.48,732.48,USD,PAID
AR002399,CUST00031,2026-03-11,2026-03-26,2026-03-30,2178.82,2178.82,USD,PAID
AR002400,CUST00258,2026-06-21,2026-07-06,2026-07-13,1924.48,1924.48,USD,PAID
AR002401,CUST00349,2024-06-13,2024-06-28,2024-08-06,944.29,944.29,USD,PAID
AR002402,CUST00471,2026-08-28,2026-10-27,,2119.93,0.0,USD,OPEN
AR002403,CUST00477,2025-08-08,2025-09-22,2025-10-31,1105.43,1105.43,USD,PAID
AR002404,CUST00194,2024-06-09,2024-07-24,2024-09-13,1415.89,1415.89,USD,PAID
AR002405,CUST00317,2026-08-31,2026-09-30,,8152.72,0.0,USD,OPEN
AR002406,CUST00310,2024-02-27,2024-03-28,2024-05-23,6041.54,6041.54,USD,PAID
AR002407,CUST00245,2026-05-11,2026-05-26,2026-07-09,561.37,561.37,USD,PAID
AR002408,CUST00028,2024-11-16,2025-01-15,2025-01-21,3815.24,3815.24,USD,PAID
AR002409,CUST00139,2026-04-02,2026-05-17,2026-05-26,3752.8,3752.8,USD,PAID
AR002410,CUST00309,2024-04-21,2024-05-06,,643.27,0.0,USD,OPEN
AR002411,CUST00145,2026-03-08,2026-04-22,,3777.81,0.0,USD,OPEN
AR002412,CUST00306,2024-06-15,2024-06-30,,7216.6,0.0,USD,OPEN
AR002413,CUST00104,2024-01-12,2024-02-26,,658.33,0.0,USD,OPEN
AR002414,CUST00292,2025-10-15,2025-10-30,2025-10-25,791.75,791.75,USD,PAID
AR002415,CUST00024,2025-08-01,2025-08-16,2025-10-01,4518.32,4518.32,USD,PAID
AR002416,CUST00159,2024-02-19,2024-04-04,,2308.48,0.0,USD,OPEN
AR002417,CUST00257,2024-01-09,2024-02-23,2024-03-29,2970.03,2970.03,USD,PAID
AR002418,CUST00499,2024-07-18,2024-09-01,2024-10-01,2456.59,2456.59,USD,PAID
AR002419,CUST00052,2024-05-12,2024-05-27,2024-07-15,2569.91,2569.91,USD,PAID
AR002420,CUST00408,2025-05-29,2025-06-28,,547.95,0.0,USD,OPEN
AR002421,CUST00149,2025-01-26,2025-03-27,2025-03-16,4640.54,4640.54,USD,PAID
AR002422,CUST00454,2024-06-14,2024-07-14,2024-07-09,5180.37,5180.37,USD,PAID
AR002423,CUST00453,2025-10-02,2025-10-17,2025-10-31,1470.78,1470.78,USD,PAID
AR002424,CUST00494,2024-08-08,2024-09-07,2024-09-12,1738.66,1738.66,USD,PAID
AR002425,CUST00174,2025-05-28,2025-07-12,2025-07-13,455.78,455.78,USD,PAID
AR002426,CUST00021,2024-10-24,2024-12-08,2025-01-17,2872.19,2872.19,USD,PAID
AR002427,CUST00491,2026-07-01,2026-08-30,2026-08-24,3025.56,3025.56,USD,PAID
AR002428,CUST00008,2024-06-05,2024-08-04,,1709.62,0.0,USD,OPEN
AR002429,CUST00256,2024-05-26,2024-07-10,2024-07-06,4973.69,4973.69,USD,PAID
AR002430,CUST00083,2024-04-06,2024-06-05,2024-06-27,1338.53,1338.53,USD,PAID
AR002431,CUST00046,2024-03-10,2024-04-24,2024-05-24,3005.34,3005.34,USD,PAID
AR002432,CUST00133,2024-03-13,2024-04-12,2024-05-25,722.2,722.2,USD,PAID
AR002433,CUST00333,2025-04-29,2025-06-13,2025-07-24,1770.12,1770.12,USD,PAID
AR002434,CUST00250,2026-08-04,2026-09-03,,1545.47,0.0,USD,OPEN
AR002435,CUST00210,2024-02-10,2024-03-26,2024-05-01,2214.49,2214.49,USD,PAID
AR002436,CUST00433,2026-05-27,2026-06-26,2026-08-15,1296.5,1296.5,USD,PAID
AR002437,CUST00260,2025-10-01,2025-11-15,2025-12-22,1606.28,1606.28,USD,PAID
AR002438,CUST00318,2025-04-05,2025-05-20,2025-05-10,3802.61,3802.61,USD,PAID
AR002439,CUST00359,2025-10-21,2025-11-05,2025-11-21,1220.37,1220.37,USD,PAID
AR002440,CUST00054,2026-04-20,2026-05-05,,425.85,0.0,USD,OPEN
AR002441,CUST00205,2024-10-24,2024-12-23,,8730.92,0.0,USD,OPEN
AR002442,CUST00343,2026-05-24,2026-06-08,2026-07-22,6268.6,6268.6,USD,PAID
AR002443,CUST00461,2024-04-05,2024-05-20,2024-07-12,565.08,565.08,USD,PAID
AR002444,CUST00093,2026-04-17,2026-06-16,,3363.5,0.0,USD,OPEN
AR002445,CUST00394,2026-01-19,2026-02-03,2026-03-10,1149.78,1149.78,USD,PAID
AR002446,CUST00163,2025-03-19,2025-04-18,2025-04-11,2291.9,2291.9,USD,PAID
AR002447,CUST00059,2024-12-16,2025-02-14,2025-03-31,2356.19,2356.19,USD,PAID
AR002448,CUST00080,2024-10-12,2024-12-11,,1464.15,0.0,USD,OPEN
AR002449,CUST00110,2026-08-29,2026-10-28,,893.02,0.0,USD,OPEN
AR002450,CUST00032,2024-11-23,2024-12-08,2025-01-10,971.18,971.18,USD,PAID
AR002451,CUST00110,2026-08-16,2026-09-30,,792.69,0.0,USD,OPEN
AR002452,CUST00139,2024-02-25,2024-03-26,2024-05-04,855.22,855.22,USD,PAID
AR002453,CUST00036,2024-09-15,2024-10-15,,1701.97,0.0,USD,OPEN
AR002454,CUST00448,2024-10-07,2024-12-06,,949.39,0.0,USD,OPEN
AR002455,CUST00110,2025-12-30,2026-02-28,2026-04-21,3340.4,3340.4,USD,PAID
AR002456,CUST00028,2025-11-16,2025-12-31,,6894.79,0.0,USD,OPEN
AR002457,CUST00085,2024-04-04,2024-06-03,2024-06-26,1072.72,1072.72,USD,PAID
AR002458,CUST00244,2024-07-22,2024-09-05,2024-10-21,2242.76,2242.76,USD,PAID
AR002459,CUST00182,2025-07-02,2025-08-01,2025-09-10,2834.77,2834.77,USD,PAID
AR002460,CUST00401,2026-07-23,2026-09-21,,2765.02,0.0,USD,OPEN
AR002461,CUST00342,2026-07-04,2026-08-03,,1935.96,0.0,USD,OPEN
AR002462,CUST00008,2025-08-15,2025-09-14,2025-10-09,3527.75,3527.75,USD,PAID
AR002463,CUST00443,2024-06-03,2024-08-02,2024-09-19,2790.63,2790.63,USD,PAID
AR002464,CUST00135,2024-11-20,2024-12-05,2025-01-11,593.54,593.54,USD,PAID
AR002465,CUST00325,2025-06-17,2025-07-02,2025-07-03,3953.04,3953.04,USD,PAID
AR002466,CUST00382,2025-04-05,2025-04-20,,4018.09,0.0,USD,OPEN
AR002467,CUST00308,2024-07-11,2024-09-09,2024-09-15,909.63,909.63,USD,PAID
AR002468,CUST00498,2025-01-21,2025-02-20,2025-03-01,1870.84,1870.84,USD,PAID
AR002469,CUST00009,2025-11-26,2025-12-11,2026-01-11,3344.24,3344.24,USD,PAID
AR002470,CUST00359,2024-11-05,2024-12-20,2024-12-20,1497.6,1497.6,USD,PAID
AR002471,CUST00181,2025-05-26,2025-07-25,2025-08-24,4748.96,4748.96,USD,PAID
AR002472,CUST00059,2026-04-28,2026-06-27,2026-07-24,15176.22,15176.22,USD,PAID
AR002473,CUST00091,2026-08-06,2026-09-05,,891.24,0.0,USD,OPEN
AR002474,CUST00146,2025-07-20,2025-08-19,2025-09-21,521.68,521.68,USD,PAID
AR002475,CUST00045,2026-05-15,2026-07-14,2026-07-11,2376.63,2376.63,USD,PAID
AR002476,CUST00009,2026-04-05,2026-04-20,,3461.32,0.0,USD,OPEN
AR002477,CUST00384,2025-09-23,2025-11-22,,1468.83,0.0,USD,OPEN
AR002478,CUST00298,2026-02-08,2026-02-23,2026-04-13,6687.09,6687.09,USD,PAID
AR002479,CUST00109,2026-04-05,2026-04-20,2026-05-28,541.99,541.99,USD,PAID
AR002480,CUST00101,2024-08-16,2024-10-15,2024-10-14,3373.23,3373.23,USD,PAID
AR002481,CUST00496,2026-05-26,2026-07-25,2026-08-23,1048.09,1048.09,USD,PAID
AR002482,CUST00004,2026-03-23,2026-05-22,2026-06-26,8496.76,8496.76,USD,PAID
AR002483,CUST00146,2026-08-20,2026-10-04,,10864.59,0.0,USD,OPEN
AR002484,CUST00345,2024-10-01,2024-11-15,2024-12-23,906.88,906.88,USD,PAID
AR002485,CUST00017,2024-09-04,2024-09-19,2024-10-27,1102.57,1102.57,USD,PAID
AR002486,CUST00192,2024-01-16,2024-01-31,,3919.15,0.0,USD,OPEN
AR002487,CUST00221,2026-05-10,2026-06-24,2026-08-21,1276.12,1276.12,USD,PAID
AR002488,CUST00330,2024-09-04,2024-11-03,,1735.64,0.0,USD,OPEN
AR002489,CUST00220,2025-02-06,2025-02-21,2025-04-20,1849.83,1849.83,USD,PAID
AR002490,CUST00207,2024-05-11,2024-07-10,2024-07-17,321.27,321.27,USD,PAID
AR002491,CUST00119,2026-07-14,2026-08-28,,1785.66,0.0,USD,OPEN
AR002492,CUST00402,2024-04-11,2024-05-11,2024-07-08,971.89,971.89,USD,PAID
AR002493,CUST00486,2025-02-05,2025-03-22,2025-03-27,1160.02,1160.02,USD,PAID
AR002494,CUST00014,2024-11-26,2024-12-26,,6629.39,0.0,USD,OPEN
AR002495,CUST00079,2025-03-23,2025-04-07,2025-06-06,583.56,583.56,USD,PAID
AR002496,CUST00381,2024-01-29,2024-02-13,2024-02-01,3758.91,3758.91,USD,PAID
AR002497,CUST00096,2026-01-21,2026-02-20,2026-03-22,1406.6,1406.6,USD,PAID
AR002498,CUST00431,2024-09-02,2024-10-02,2024-11-24,1405.59,1405.59,USD,PAID
AR002499,CUST00141,2024-09-08,2024-11-07,2024-10-29,3682.45,3682.45,USD,PAID
AR002500,CUST00444,2024-03-25,2024-04-24,2024-06-22,2455.4,2455.4,USD,PAID
AR002501,CUST00055,2024-04-15,2024-04-30,2024-04-30,3021.63,3021.63,USD,PAID
AR002502,CUST00048,2024-05-25,2024-07-09,2024-07-17,4321.54,4321.54,USD,PAID
AR002503,CUST00201,2024-03-20,2024-05-19,2024-05-30,1341.87,1341.87,USD,PAID
AR002504,CUST00038,2024-04-13,2024-06-12,2024-07-19,1042.09,1042.09,USD,PAID
AR002505,CUST00193,2025-05-13,2025-05-28,2025-07-05,680.87,680.87,USD,PAID
AR002506,CUST00414,2026-06-30,2026-08-14,,860.17,0.0,USD,OPEN
AR002507,CUST00338,2024-06-13,2024-07-13,2024-07-20,25698.42,25698.42,USD,PAID
AR002508,CUST00176,2025-08-03,2025-08-18,,5542.56,0.0,USD,OPEN
AR002509,CUST00003,2024-12-21,2025-02-19,2025-04-14,535.95,535.95,USD,PAID
AR002510,CUST00311,2024-06-11,2024-07-26,2024-08-04,549.93,549.93,USD,PAID
AR002511,CUST00111,2024-01-31,2024-02-15,2024-02-19,2789.67,2789.67,USD,PAID
AR002512,CUST00112,2026-06-06,2026-07-21,,2958.8,0.0,USD,OPEN
AR002513,CUST00043,2024-01-31,2024-03-16,,2963.11,0.0,USD,OPEN
AR002514,CUST00103,2026-01-15,2026-02-14,2026-04-01,1437.33,1437.33,USD,PAID
AR002515,CUST00240,2024-04-04,2024-05-19,2024-06-10,1615.0,1615.0,USD,PAID
AR002516,CUST00473,2026-02-02,2026-04-03,2026-05-09,2428.65,2428.65,USD,PAID
AR002517,CUST00352,2024-07-16,2024-08-30,,1953.36,0.0,USD,OPEN
AR002518,CUST00299,2026-05-16,2026-06-30,2026-06-28,245.34,245.34,USD,PAID
AR002519,CUST00106,2026-03-23,2026-05-07,,1470.24,0.0,USD,OPEN
AR002520,CUST00217,2026-01-09,2026-03-10,2026-04-21,840.28,840.28,USD,PAID
AR002521,CUST00311,2025-09-02,2025-10-17,2025-10-15,2116.86,2116.86,USD,PAID
AR002522,CUST00181,2025-01-27,2025-03-28,,26548.62,0.0,USD,OPEN
AR002523,CUST00491,2025-01-17,2025-02-01,2025-01-21,2516.77,2516.77,USD,PAID
AR002524,CUST00310,2025-06-07,2025-07-22,2025-08-13,1363.52,1363.52,USD,PAID
AR002525,CUST00093,2026-04-26,2026-06-10,2026-06-09,4144.85,4144.85,USD,PAID
AR002526,CUST00184,2026-04-08,2026-05-23,2026-05-31,2791.74,2791.74,USD,PAID
AR002527,CUST00191,2024-09-08,2024-09-23,2024-10-25,2638.81,2638.81,USD,PAID
AR002528,CUST00164,2024-05-28,2024-07-12,,3121.8,0.0,USD,OPEN
AR002529,CUST00239,2025-12-05,2025-12-20,2026-01-01,11509.05,11509.05,USD,PAID
AR002530,CUST00034,2025-08-04,2025-09-18,2025-11-13,653.41,653.41,USD,PAID
AR002531,CUST00112,2025-01-29,2025-03-15,2025-05-06,2769.08,2769.08,USD,PAID
AR002532,CUST00294,2024-04-15,2024-05-30,2024-05-24,785.45,785.45,USD,PAID
AR002533,CUST00163,2026-07-03,2026-09-01,,2980.84,0.0,USD,OPEN
AR002534,CUST00026,2026-04-12,2026-05-27,,790.91,0.0,USD,OPEN
AR002535,CUST00216,2026-04-01,2026-05-31,2026-06-20,1241.87,1241.87,USD,PAID
AR002536,CUST00303,2024-05-02,2024-05-17,2024-06-12,1386.34,1386.34,USD,PAID
AR002537,CUST00010,2025-01-27,2025-02-26,2025-03-19,4351.32,4351.32,USD,PAID
AR002538,CUST00068,2025-10-21,2025-11-05,2025-11-26,4132.38,4132.38,USD,PAID
AR002539,CUST00274,2026-05-11,2026-07-10,,589.25,0.0,USD,OPEN
AR002540,CUST00036,2026-07-29,2026-08-13,2026-07-31,1899.68,1899.68,USD,PAID
AR002541,CUST00371,2025-04-26,2025-05-11,2025-06-18,954.68,954.68,USD,PAID
AR002542,CUST00205,2024-11-04,2024-12-19,2025-01-17,582.51,582.51,USD,PAID
AR002543,CUST00202,2024-03-22,2024-05-06,2024-04-27,1487.25,1487.25,USD,PAID
AR002544,CUST00432,2024-11-01,2024-12-31,2024-12-31,1369.73,1369.73,USD,PAID
AR002545,CUST00025,2025-01-17,2025-02-01,,16059.32,0.0,USD,OPEN
AR002546,CUST00166,2026-04-25,2026-05-10,,2669.55,0.0,USD,OPEN
AR002547,CUST00098,2026-06-01,2026-07-31,2026-07-27,523.29,523.29,USD,PAID
AR002548,CUST00003,2026-01-11,2026-02-25,2026-04-19,1087.57,1087.57,USD,PAID
AR002549,CUST00057,2026-08-14,2026-08-29,2026-08-19,4533.48,4533.48,USD,PAID
AR002550,CUST00169,2024-02-19,2024-04-04,,11844.26,0.0,USD,OPEN
AR002551,CUST00474,2025-12-05,2026-02-03,2026-02-09,433.81,433.81,USD,PAID
AR002552,CUST00164,2024-05-21,2024-07-20,,332.98,0.0,USD,OPEN
AR002553,CUST00327,2026-06-01,2026-07-01,2026-08-07,9738.76,9738.76,USD,PAID
AR002554,CUST00296,2025-04-02,2025-04-17,2025-05-02,2567.41,2567.41,USD,PAID
AR002555,CUST00396,2025-05-04,2025-07-03,2025-07-29,827.61,827.61,USD,PAID
AR002556,CUST00393,2026-01-18,2026-03-19,2026-04-06,2925.34,2925.34,USD,PAID
AR002557,CUST00338,2024-10-30,2024-11-14,2024-11-30,168.65,168.65,USD,PAID
AR002558,CUST00498,2025-10-24,2025-11-23,2025-11-17,1813.54,1813.54,USD,PAID
AR002559,CUST00240,2025-05-21,2025-06-05,2025-06-17,2428.52,2428.52,USD,PAID
AR002560,CUST00054,2026-04-18,2026-06-17,,4154.07,0.0,USD,OPEN
AR002561,CUST00264,2024-12-14,2025-01-13,2025-03-06,725.96,725.96,USD,PAID
AR002562,CUST00363,2026-05-29,2026-07-13,2026-08-06,1952.99,1952.99,USD,PAID
AR002563,CUST00469,2025-04-09,2025-05-09,2025-05-07,786.13,786.13,USD,PAID
AR002564,CUST00500,2024-05-13,2024-06-12,2024-07-16,2275.25,2275.25,USD,PAID
AR002565,CUST00036,2025-04-08,2025-05-08,2025-05-17,807.7,807.7,USD,PAID
AR002566,CUST00158,2024-10-11,2024-12-10,,1252.27,0.0,USD,OPEN
AR002567,CUST00449,2026-09-01,2026-09-16,,737.87,0.0,USD,OPEN
AR002568,CUST00096,2024-04-19,2024-05-04,2024-06-16,3248.74,3248.74,USD,PAID
AR002569,CUST00232,2024-09-30,2024-10-15,2024-12-06,3915.14,3915.14,USD,PAID
AR002570,CUST00282,2024-12-26,2025-02-09,,1463.87,0.0,USD,OPEN
AR002571,CUST00204,2024-03-27,2024-05-11,2024-05-15,1871.35,1871.35,USD,PAID
AR002572,CUST00226,2025-05-29,2025-07-28,2025-07-19,490.91,490.91,USD,PAID
AR002573,CUST00333,2024-10-06,2024-11-20,,1380.62,0.0,USD,OPEN
AR002574,CUST00097,2025-01-26,2025-03-27,,1728.17,0.0,USD,OPEN
AR002575,CUST00312,2025-02-16,2025-03-18,2025-05-09,19124.28,19124.28,USD,PAID
AR002576,CUST00026,2025-05-20,2025-07-19,,664.63,0.0,USD,OPEN
AR002577,CUST00059,2025-10-23,2025-11-22,2025-12-05,6753.12,6753.12,USD,PAID
AR002578,CUST00034,2024-02-24,2024-03-10,2024-03-25,4434.51,4434.51,USD,PAID
AR002579,CUST00201,2025-06-28,2025-07-13,2025-08-18,2327.55,2327.55,USD,PAID
AR002580,CUST00254,2025-02-06,2025-02-21,2025-03-12,8802.21,8802.21,USD,PAID
AR002581,CUST00327,2024-07-29,2024-08-28,2024-09-26,2527.27,2527.27,USD,PAID
AR002582,CUST00095,2024-10-21,2024-12-05,2024-12-02,2566.36,2566.36,USD,PAID
AR002583,CUST00088,2025-05-30,2025-07-29,2025-08-13,1723.64,1723.64,USD,PAID
AR002584,CUST00171,2024-11-18,2024-12-03,,5438.25,0.0,USD,OPEN
AR002585,CUST00007,2026-07-10,2026-09-08,,4850.43,0.0,USD,OPEN
AR002586,CUST00091,2025-11-13,2026-01-12,2025-12-30,1029.56,1029.56,USD,PAID
AR002587,CUST00390,2024-09-27,2024-10-12,,551.52,0.0,USD,OPEN
AR002588,CUST00299,2026-05-23,2026-06-07,2026-07-22,1506.16,1506.16,USD,PAID
AR002589,CUST00057,2024-01-02,2024-03-02,2024-04-16,880.04,880.04,USD,PAID
AR002590,CUST00428,2024-02-16,2024-03-02,2024-03-24,1707.57,1707.57,USD,PAID
AR002591,CUST00052,2024-08-21,2024-09-20,2024-09-17,5506.55,5506.55,USD,PAID
AR002592,CUST00280,2024-11-07,2024-12-22,2025-01-20,1198.02,1198.02,USD,PAID
AR002593,CUST00007,2024-09-20,2024-11-19,2025-01-01,1739.68,1739.68,USD,PAID
AR002594,CUST00457,2026-04-27,2026-06-11,2026-07-08,1904.97,1904.97,USD,PAID
AR002595,CUST00352,2025-06-14,2025-08-13,,3879.99,0.0,USD,OPEN
AR002596,CUST00211,2025-06-15,2025-06-30,,239.32,0.0,USD,OPEN
AR002597,CUST00183,2026-05-26,2026-06-25,2026-06-28,1047.3,1047.3,USD,PAID
AR002598,CUST00185,2025-05-24,2025-06-08,2025-07-18,2186.71,2186.71,USD,PAID
AR002599,CUST00489,2024-07-30,2024-08-14,,5324.48,0.0,USD,OPEN
AR002600,CUST00461,2025-01-21,2025-02-05,2025-03-31,1161.29,1161.29,USD,PAID
AR002601,CUST00090,2026-07-23,2026-09-21,,333.99,0.0,USD,OPEN
AR002602,CUST00302,2024-09-28,2024-11-12,2024-12-17,3158.15,3158.15,USD,PAID
AR002603,CUST00297,2025-03-03,2025-04-17,2025-04-07,1020.63,1020.63,USD,PAID
AR002604,CUST00222,2025-06-16,2025-07-31,2025-07-31,619.74,619.74,USD,PAID
AR002605,CUST00148,2026-03-25,2026-05-24,2026-06-22,1030.8,1030.8,USD,PAID
AR002606,CUST00239,2024-04-22,2024-05-07,2024-05-10,1531.38,1531.38,USD,PAID
AR002607,CUST00320,2025-11-28,2025-12-28,2026-01-19,1049.14,1049.14,USD,PAID
AR002608,CUST00034,2025-07-25,2025-08-24,2025-09-14,248.39,248.39,USD,PAID
AR002609,CUST00021,2026-03-29,2026-05-13,,4053.6,0.0,USD,OPEN
AR002610,CUST00028,2024-08-10,2024-09-24,2024-09-24,5695.25,5695.25,USD,PAID
AR002611,CUST00181,2025-05-15,2025-06-29,,3249.87,0.0,USD,OPEN
AR002612,CUST00071,2025-11-07,2025-11-22,,649.42,0.0,USD,OPEN
AR002613,CUST00341,2024-12-24,2025-02-07,2025-03-28,1508.18,1508.18,USD,PAID
AR002614,CUST00074,2026-02-26,2026-03-28,2026-04-16,1797.46,1797.46,USD,PAID
AR002615,CUST00149,2026-01-20,2026-02-19,2026-02-14,3099.25,3099.25,USD,PAID
AR002616,CUST00128,2024-08-12,2024-08-27,2024-09-26,3299.43,3299.43,USD,PAID
AR002617,CUST00458,2026-04-11,2026-06-10,2026-06-07,933.78,933.78,USD,PAID
AR002618,CUST00289,2024-09-24,2024-11-08,2024-11-15,1946.52,1946.52,USD,PAID
AR002619,CUST00350,2025-03-22,2025-05-06,2025-05-08,2728.62,2728.62,USD,PAID
AR002620,CUST00284,2026-02-25,2026-03-27,2026-05-04,6702.53,6702.53,USD,PAID
AR002621,CUST00291,2024-07-23,2024-09-06,2024-09-29,3408.6,3408.6,USD,PAID
AR002622,CUST00401,2026-08-07,2026-10-06,,3678.1,0.0,USD,OPEN
AR002623,CUST00270,2026-06-15,2026-08-14,,1949.73,0.0,USD,OPEN
AR002624,CUST00240,2025-03-28,2025-05-12,2025-06-11,6434.4,6434.4,USD,PAID
AR002625,CUST00237,2024-12-28,2025-02-26,2025-04-04,2614.39,2614.39,USD,PAID
AR002626,CUST00046,2024-01-29,2024-02-13,2024-03-22,832.99,832.99,USD,PAID
AR002627,CUST00403,2026-02-12,2026-03-14,2026-04-06,6393.47,6393.47,USD,PAID
AR002628,CUST00279,2024-09-05,2024-10-20,,3388.4,0.0,USD,OPEN
AR002629,CUST00433,2026-07-10,2026-08-24,,1213.5,0.0,USD,OPEN
AR002630,CUST00237,2025-02-06,2025-03-08,2025-02-21,1174.33,1174.33,USD,PAID
AR002631,CUST00029,2026-04-06,2026-06-05,2026-05-31,2361.18,2361.18,USD,PAID
AR002632,CUST00421,2024-10-03,2024-10-18,2024-10-15,2743.16,2743.16,USD,PAID
AR002633,CUST00063,2024-10-24,2024-12-23,2024-12-15,2159.35,2159.35,USD,PAID
AR002634,CUST00074,2026-01-28,2026-02-12,2026-04-04,2392.7,2392.7,USD,PAID
AR002635,CUST00459,2025-07-29,2025-09-27,,8349.54,0.0,USD,OPEN
AR002636,CUST00369,2025-11-22,2025-12-22,2026-01-15,4742.83,4742.83,USD,PAID
AR002637,CUST00059,2026-08-17,2026-09-01,,2146.45,0.0,USD,OPEN
AR002638,CUST00451,2024-03-09,2024-03-24,,4218.27,0.0,USD,OPEN
AR002639,CUST00243,2024-05-03,2024-05-18,2024-05-16,713.89,713.89,USD,PAID
AR002640,CUST00154,2024-01-26,2024-03-26,2024-03-26,2586.69,2586.69,USD,PAID
AR002641,CUST00431,2025-02-18,2025-04-19,2025-05-04,9213.05,9213.05,USD,PAID
AR002642,CUST00440,2026-05-18,2026-07-02,2026-08-12,1485.87,1485.87,USD,PAID
AR002643,CUST00095,2025-11-04,2025-11-19,2025-11-06,843.14,843.14,USD,PAID
AR002644,CUST00380,2024-05-25,2024-06-24,,1005.38,0.0,USD,OPEN
AR002645,CUST00149,2025-12-17,2026-01-16,2026-02-07,678.12,678.12,USD,PAID
AR002646,CUST00189,2025-11-14,2025-11-29,2026-01-16,892.22,892.22,USD,PAID
AR002647,CUST00238,2025-11-14,2025-12-29,2025-12-27,1295.36,1295.36,USD,PAID
AR002648,CUST00146,2025-03-02,2025-05-01,,510.3,0.0,USD,OPEN
AR002649,CUST00298,2025-04-13,2025-04-28,2025-04-14,1833.64,1833.64,USD,PAID
AR002650,CUST00022,2024-11-06,2024-11-21,2025-01-01,4072.65,4072.65,USD,PAID
AR002651,CUST00452,2026-07-18,2026-09-01,,798.73,0.0,USD,OPEN
AR002652,CUST00184,2026-01-10,2026-03-11,2026-03-16,7096.49,7096.49,USD,PAID
AR002653,CUST00200,2025-05-27,2025-06-26,2025-08-17,2863.25,2863.25,USD,PAID
AR002654,CUST00078,2025-06-09,2025-06-24,,4571.16,0.0,USD,OPEN
AR002655,CUST00143,2024-12-26,2025-02-09,2025-02-11,1000.19,1000.19,USD,PAID
AR002656,CUST00470,2026-03-14,2026-04-28,2026-04-21,3901.33,3901.33,USD,PAID
AR002657,CUST00311,2026-05-09,2026-07-08,2026-08-22,676.72,676.72,USD,PAID
AR002658,CUST00398,2025-11-05,2025-12-05,2026-01-23,4028.8,4028.8,USD,PAID
AR002659,CUST00166,2025-11-05,2025-12-20,,2110.45,0.0,USD,OPEN
AR002660,CUST00035,2025-08-25,2025-10-09,2025-11-14,2974.78,2974.78,USD,PAID
AR002661,CUST00119,2024-02-16,2024-03-02,2024-03-07,627.64,627.64,USD,PAID
AR002662,CUST00166,2024-04-08,2024-04-23,2024-06-07,807.9,807.9,USD,PAID
AR002663,CUST00054,2026-02-17,2026-03-19,2026-04-03,3094.88,3094.88,USD,PAID
AR002664,CUST00387,2026-07-10,2026-08-09,,770.07,0.0,USD,OPEN
AR002665,CUST00129,2025-03-06,2025-03-21,,2743.21,0.0,USD,OPEN
AR002666,CUST00227,2024-04-27,2024-05-12,2024-05-06,528.25,528.25,USD,PAID
AR002667,CUST00473,2026-02-20,2026-04-06,2026-03-25,3879.09,3879.09,USD,PAID
AR002668,CUST00231,2024-06-27,2024-08-11,,596.29,0.0,USD,OPEN
AR002669,CUST00285,2025-01-21,2025-02-20,2025-04-19,2972.24,2972.24,USD,PAID
AR002670,CUST00348,2024-07-23,2024-08-22,2024-10-02,3175.02,3175.02,USD,PAID
AR002671,CUST00223,2024-10-19,2024-11-18,2024-11-23,965.75,965.75,USD,PAID
AR002672,CUST00013,2026-04-13,2026-05-13,,3052.83,0.0,USD,OPEN
AR002673,CUST00458,2025-10-06,2025-10-21,2025-10-23,2285.63,2285.63,USD,PAID
AR002674,CUST00280,2024-01-06,2024-02-20,2024-04-17,1113.25,1113.25,USD,PAID
AR002675,CUST00255,2026-06-04,2026-06-19,2026-08-10,729.46,729.46,USD,PAID
AR002676,CUST00257,2024-07-13,2024-08-12,2024-09-26,309.09,309.09,USD,PAID
AR002677,CUST00437,2024-12-26,2025-02-09,2025-04-06,2476.71,2476.71,USD,PAID
AR002678,CUST00448,2024-05-21,2024-06-05,2024-07-08,442.16,442.16,USD,PAID
AR002679,CUST00265,2024-03-13,2024-03-28,,1970.04,0.0,USD,OPEN
AR002680,CUST00119,2024-11-01,2024-11-16,,1426.38,0.0,USD,OPEN
AR002681,CUST00421,2024-02-22,2024-04-07,,3331.67,0.0,USD,OPEN
AR002682,CUST00200,2026-08-21,2026-10-05,,1377.68,0.0,USD,OPEN
AR002683,CUST00447,2025-12-21,2026-02-04,,1344.12,0.0,USD,OPEN
AR002684,CUST00295,2024-06-10,2024-07-25,,3493.58,0.0,USD,OPEN
AR002685,CUST00280,2024-09-04,2024-10-19,2024-10-11,2444.39,2444.39,USD,PAID
AR002686,CUST00335,2025-12-15,2025-12-30,2026-01-17,2403.16,2403.16,USD,PAID
AR002687,CUST00103,2024-01-31,2024-02-15,2024-03-04,2758.22,2758.22,USD,PAID
AR002688,CUST00281,2024-12-08,2024-12-23,,453.95,0.0,USD,OPEN
AR002689,CUST00121,2026-04-16,2026-05-31,2026-05-23,3572.82,3572.82,USD,PAID
AR002690,CUST00464,2025-05-20,2025-06-04,2025-07-31,3137.63,3137.63,USD,PAID
AR002691,CUST00487,2025-09-16,2025-10-01,2025-09-25,724.14,724.14,USD,PAID
AR002692,CUST00485,2025-03-02,2025-03-17,2025-05-02,1451.46,1451.46,USD,PAID
AR002693,CUST00019,2024-05-12,2024-06-26,2024-06-24,1745.2,1745.2,USD,PAID
AR002694,CUST00245,2025-05-23,2025-06-22,2025-08-01,1601.91,1601.91,USD,PAID
AR002695,CUST00029,2024-11-06,2024-12-06,,2441.76,0.0,USD,OPEN
AR002696,CUST00350,2024-01-27,2024-02-26,2024-03-30,6556.62,6556.62,USD,PAID
AR002697,CUST00199,2025-12-01,2025-12-16,2025-12-07,4786.67,4786.67,USD,PAID
AR002698,CUST00360,2026-02-23,2026-04-24,2026-06-03,555.02,555.02,USD,PAID
AR002699,CUST00061,2025-03-13,2025-04-12,,3164.86,0.0,USD,OPEN
AR002700,CUST00224,2026-07-07,2026-08-21,,5979.19,0.0,USD,OPEN
AR002701,CUST00302,2026-07-29,2026-08-13,2026-08-09,2560.93,2560.93,USD,PAID
AR002702,CUST00291,2024-01-11,2024-02-10,2024-04-03,4826.53,4826.53,USD,PAID
AR002703,CUST00417,2024-02-16,2024-03-02,2024-03-18,11059.48,11059.48,USD,PAID
AR002704,CUST00225,2024-02-28,2024-03-14,,4542.98,0.0,USD,OPEN
AR002705,CUST00180,2024-07-03,2024-08-17,,2262.84,0.0,USD,OPEN
AR002706,CUST00311,2025-09-08,2025-10-08,2025-10-09,4631.24,4631.24,USD,PAID
AR002707,CUST00040,2025-02-11,2025-04-12,2025-04-06,2059.87,2059.87,USD,PAID
AR002708,CUST00460,2024-09-13,2024-10-13,2024-11-12,1847.36,1847.36,USD,PAID
AR002709,CUST00483,2026-07-26,2026-08-25,,1317.81,0.0,USD,OPEN
AR002710,CUST00270,2025-01-10,2025-02-24,2025-03-12,7384.01,7384.01,USD,PAID
AR002711,CUST00258,2026-07-03,2026-08-17,,865.59,0.0,USD,OPEN
AR002712,CUST00362,2024-04-16,2024-05-01,2024-06-07,7180.55,7180.55,USD,PAID
AR002713,CUST00467,2026-08-31,2026-10-30,,2835.23,0.0,USD,OPEN
AR002714,CUST00108,2024-05-20,2024-06-19,2024-08-13,513.18,513.18,USD,PAID
AR002715,CUST00019,2024-05-05,2024-06-19,2024-06-22,2517.15,2517.15,USD,PAID
AR002716,CUST00488,2024-08-28,2024-10-27,2024-12-09,273.14,273.14,USD,PAID
AR002717,CUST00139,2024-04-26,2024-05-11,2024-04-30,3174.66,3174.66,USD,PAID
AR002718,CUST00031,2024-10-11,2024-12-10,2024-12-05,4010.65,4010.65,USD,PAID
AR002719,CUST00197,2024-10-12,2024-12-11,2025-01-13,1060.91,1060.91,USD,PAID
AR002720,CUST00095,2025-03-30,2025-04-14,2025-05-17,2020.69,2020.69,USD,PAID
AR002721,CUST00017,2025-11-06,2026-01-05,2026-01-29,10495.92,10495.92,USD,PAID
AR002722,CUST00473,2025-07-08,2025-08-22,2025-09-19,1146.91,1146.91,USD,PAID
AR002723,CUST00111,2026-04-28,2026-06-12,2026-08-11,697.14,697.14,USD,PAID
AR002724,CUST00444,2026-02-14,2026-03-01,2026-04-10,6860.24,6860.24,USD,PAID
AR002725,CUST00199,2025-03-13,2025-03-28,2025-05-22,10575.85,10575.85,USD,PAID
AR002726,CUST00238,2026-01-08,2026-02-22,2026-04-16,1814.07,1814.07,USD,PAID
AR002727,CUST00196,2025-03-10,2025-04-24,,4493.18,0.0,USD,OPEN
AR002728,CUST00008,2025-04-23,2025-05-23,,6047.07,0.0,USD,OPEN
AR002729,CUST00128,2024-10-14,2024-11-28,,926.82,0.0,USD,OPEN
AR002730,CUST00020,2026-02-28,2026-04-14,2026-05-19,1168.21,1168.21,USD,PAID
AR002731,CUST00401,2025-09-22,2025-11-06,2025-11-23,5474.12,5474.12,USD,PAID
AR002732,CUST00292,2025-10-30,2025-11-14,,8238.0,0.0,USD,OPEN
AR002733,CUST00228,2025-11-07,2025-12-22,2025-12-29,3000.68,3000.68,USD,PAID
AR002734,CUST00019,2025-04-18,2025-05-03,2025-06-16,819.07,819.07,USD,PAID
AR002735,CUST00112,2025-01-02,2025-03-03,2025-04-28,10811.38,10811.38,USD,PAID
AR002736,CUST00142,2025-02-22,2025-03-09,2025-03-04,1121.17,1121.17,USD,PAID
AR002737,CUST00093,2026-07-07,2026-08-21,,1337.26,0.0,USD,OPEN
AR002738,CUST00066,2024-09-21,2024-11-05,2024-12-23,2460.46,2460.46,USD,PAID
AR002739,CUST00317,2024-08-20,2024-09-19,,7322.77,0.0,USD,OPEN
AR002740,CUST00095,2025-11-02,2025-11-17,2025-11-06,3899.4,3899.4,USD,PAID
AR002741,CUST00284,2025-12-01,2026-01-30,2026-01-20,2626.43,2626.43,USD,PAID
AR002742,CUST00366,2026-01-04,2026-02-03,,2743.42,0.0,USD,OPEN
AR002743,CUST00433,2024-09-22,2024-11-06,,1880.26,0.0,USD,OPEN
AR002744,CUST00308,2026-05-28,2026-07-12,2026-07-02,2987.9,2987.9,USD,PAID
AR002745,CUST00260,2024-08-28,2024-10-12,,185.56,0.0,USD,OPEN
AR002746,CUST00105,2025-03-30,2025-04-14,2025-04-29,1384.44,1384.44,USD,PAID
AR002747,CUST00037,2024-11-29,2025-01-13,2025-02-20,2246.64,2246.64,USD,PAID
AR002748,CUST00013,2025-10-19,2025-12-18,2025-12-21,641.68,641.68,USD,PAID
AR002749,CUST00460,2024-11-30,2025-01-14,2025-02-20,2559.82,2559.82,USD,PAID
AR002750,CUST00319,2025-10-29,2025-12-13,2026-01-04,1504.14,1504.14,USD,PAID
AR002751,CUST00477,2024-02-01,2024-03-02,2024-03-24,8777.34,8777.34,USD,PAID
AR002752,CUST00109,2024-06-02,2024-06-17,,7448.13,0.0,USD,OPEN
AR002753,CUST00402,2026-04-07,2026-05-22,2026-07-11,1188.89,1188.89,USD,PAID
AR002754,CUST00426,2025-08-18,2025-10-02,2025-11-04,1578.52,1578.52,USD,PAID
AR002755,CUST00196,2025-08-19,2025-09-03,2025-09-07,1691.63,1691.63,USD,PAID
AR002756,CUST00290,2026-02-19,2026-03-06,2026-03-19,1204.12,1204.12,USD,PAID
AR002757,CUST00434,2025-05-30,2025-07-29,2025-07-29,2154.95,2154.95,USD,PAID
AR002758,CUST00267,2026-06-18,2026-07-03,2026-08-24,913.74,913.74,USD,PAID
AR002759,CUST00151,2025-03-27,2025-05-11,2025-07-08,653.57,653.57,USD,PAID
AR002760,CUST00119,2026-07-21,2026-08-20,,3166.68,0.0,USD,OPEN
AR002761,CUST00355,2025-04-11,2025-05-26,2025-05-25,3186.18,3186.18,USD,PAID
AR002762,CUST00186,2024-09-03,2024-11-02,2024-12-09,876.66,876.66,USD,PAID
AR002763,CUST00469,2024-03-22,2024-05-06,2024-04-30,4047.36,4047.36,USD,PAID
AR002764,CUST00403,2025-01-05,2025-03-06,2025-04-17,1024.11,1024.11,USD,PAID
AR002765,CUST00474,2025-03-04,2025-04-03,2025-04-04,2270.71,2270.71,USD,PAID
AR002766,CUST00346,2025-07-04,2025-08-03,2025-09-09,3783.14,3783.14,USD,PAID
AR002767,CUST00175,2025-08-21,2025-09-20,2025-10-11,1754.17,1754.17,USD,PAID
AR002768,CUST00216,2024-11-17,2024-12-02,,2722.39,0.0,USD,OPEN
AR002769,CUST00461,2025-06-01,2025-07-01,2025-07-11,1135.94,1135.94,USD,PAID
AR002770,CUST00062,2024-07-03,2024-09-01,,1515.01,0.0,USD,OPEN
AR002771,CUST00381,2025-03-04,2025-04-18,2025-06-02,1502.26,1502.26,USD,PAID
AR002772,CUST00013,2024-04-13,2024-05-13,2024-06-22,923.42,923.42,USD,PAID
AR002773,CUST00264,2025-12-07,2026-01-06,2026-01-07,1542.1,1542.1,USD,PAID
AR002774,CUST00066,2026-06-06,2026-08-05,,448.65,0.0,USD,OPEN
AR002775,CUST00173,2025-02-15,2025-03-17,2025-03-17,1162.07,1162.07,USD,PAID
AR002776,CUST00370,2026-07-07,2026-08-21,2026-08-19,1399.14,1399.14,USD,PAID
AR002777,CUST00487,2024-02-16,2024-03-02,2024-04-01,1435.74,1435.74,USD,PAID
AR002778,CUST00149,2025-04-04,2025-06-03,2025-07-13,1454.84,1454.84,USD,PAID
AR002779,CUST00371,2026-02-14,2026-04-15,2026-04-23,1710.28,1710.28,USD,PAID
AR002780,CUST00004,2026-02-23,2026-03-10,,2783.59,0.0,USD,OPEN
AR002781,CUST00195,2025-08-30,2025-10-14,2025-11-26,3972.16,3972.16,USD,PAID
AR002782,CUST00370,2024-11-24,2025-01-23,,1007.48,0.0,USD,OPEN
AR002783,CUST00119,2025-08-25,2025-10-09,2025-10-06,612.24,612.24,USD,PAID
AR002784,CUST00266,2024-10-31,2024-12-30,2025-02-25,707.8,707.8,USD,PAID
AR002785,CUST00164,2026-07-07,2026-09-05,,1166.21,0.0,USD,OPEN
AR002786,CUST00417,2026-02-14,2026-03-16,2026-03-06,1317.21,1317.21,USD,PAID
AR002787,CUST00295,2026-08-25,2026-09-24,,904.16,0.0,USD,OPEN
AR002788,CUST00146,2026-06-19,2026-08-03,,563.12,0.0,USD,OPEN
AR002789,CUST00225,2024-06-18,2024-07-03,2024-08-19,1199.3,1199.3,USD,PAID
AR002790,CUST00311,2024-08-17,2024-09-16,2024-10-04,2128.74,2128.74,USD,PAID
AR002791,CUST00073,2026-02-10,2026-02-25,2026-03-17,3088.76,3088.76,USD,PAID
AR002792,CUST00387,2024-04-08,2024-05-08,2024-06-27,1094.79,1094.79,USD,PAID
AR002793,CUST00492,2024-06-21,2024-07-06,2024-06-26,1246.76,1246.76,USD,PAID
AR002794,CUST00427,2026-07-01,2026-07-31,,785.23,0.0,USD,OPEN
AR002795,CUST00483,2026-04-22,2026-05-07,2026-05-28,1757.6,1757.6,USD,PAID
AR002796,CUST00065,2026-08-28,2026-10-27,,842.53,0.0,USD,OPEN
AR002797,CUST00367,2026-04-30,2026-06-29,2026-06-28,3028.48,3028.48,USD,PAID
AR002798,CUST00253,2025-12-24,2026-01-08,2026-02-17,362.39,362.39,USD,PAID
AR002799,CUST00375,2024-09-26,2024-10-11,2024-10-31,1308.1,1308.1,USD,PAID
AR002800,CUST00382,2025-11-15,2025-11-30,2025-11-25,2370.83,2370.83,USD,PAID
AR002801,CUST00081,2026-03-23,2026-04-22,2026-05-18,2133.35,2133.35,USD,PAID
AR002802,CUST00345,2025-06-03,2025-07-18,2025-09-06,20408.98,20408.98,USD,PAID
AR002803,CUST00457,2026-03-06,2026-03-21,2026-04-15,2477.04,2477.04,USD,PAID
AR002804,CUST00163,2026-08-04,2026-08-19,,732.42,0.0,USD,OPEN
AR002805,CUST00126,2024-07-13,2024-07-28,2024-07-14,1659.19,1659.19,USD,PAID
AR002806,CUST00345,2024-05-20,2024-07-19,2024-08-01,365.54,365.54,USD,PAID
AR002807,CUST00417,2024-07-19,2024-09-02,2024-10-19,1681.53,1681.53,USD,PAID
AR002808,CUST00326,2024-07-10,2024-09-08,2024-09-18,854.27,854.27,USD,PAID
AR002809,CUST00002,2026-06-15,2026-06-30,2026-07-12,4121.0,4121.0,USD,PAID
AR002810,CUST00364,2025-03-20,2025-04-04,2025-04-15,1102.59,1102.59,USD,PAID
AR002811,CUST00315,2024-07-01,2024-07-16,2024-08-03,1627.68,1627.68,USD,PAID
AR002812,CUST00272,2025-01-24,2025-02-23,2025-04-10,1020.45,1020.45,USD,PAID
AR002813,CUST00449,2025-11-03,2025-12-03,2025-12-17,8646.99,8646.99,USD,PAID
AR002814,CUST00307,2024-10-26,2024-12-25,2025-01-29,1354.09,1354.09,USD,PAID
AR002815,CUST00058,2024-12-31,2025-03-01,2025-03-14,9407.87,9407.87,USD,PAID
AR002816,CUST00167,2026-06-21,2026-08-05,,3762.12,0.0,USD,OPEN
AR002817,CUST00238,2024-09-10,2024-11-09,,2790.18,0.0,USD,OPEN
AR002818,CUST00361,2024-11-22,2024-12-07,2025-01-11,2519.61,2519.61,USD,PAID
AR002819,CUST00308,2024-05-11,2024-07-10,2024-08-26,2577.09,2577.09,USD,PAID
AR002820,CUST00138,2025-02-25,2025-03-27,,318.97,0.0,USD,OPEN
AR002821,CUST00032,2025-06-03,2025-07-03,2025-08-09,1406.7,1406.7,USD,PAID
AR002822,CUST00211,2025-07-29,2025-09-12,2025-10-07,3868.58,3868.58,USD,PAID
AR002823,CUST00468,2025-02-04,2025-04-05,2025-04-23,1730.2,1730.2,USD,PAID
AR002824,CUST00174,2024-02-25,2024-04-10,2024-04-23,510.47,510.47,USD,PAID
AR002825,CUST00114,2025-10-13,2025-10-28,2025-12-04,1724.75,1724.75,USD,PAID
AR002826,CUST00486,2025-08-09,2025-09-08,2025-09-07,8380.77,8380.77,USD,PAID
AR002827,CUST00277,2025-09-20,2025-11-04,,5553.6,0.0,USD,OPEN
AR002828,CUST00400,2024-01-21,2024-02-05,2024-02-01,1709.91,1709.91,USD,PAID
AR002829,CUST00033,2025-12-22,2026-02-05,2026-04-01,4256.93,4256.93,USD,PAID
AR002830,CUST00275,2025-11-01,2025-11-16,2025-12-17,1300.03,1300.03,USD,PAID
AR002831,CUST00441,2024-07-22,2024-08-21,2024-09-25,390.14,390.14,USD,PAID
AR002832,CUST00467,2026-01-05,2026-02-04,2026-02-09,786.81,786.81,USD,PAID
AR002833,CUST00376,2025-01-17,2025-03-03,2025-04-27,7380.52,7380.52,USD,PAID
AR002834,CUST00011,2024-09-11,2024-09-26,,1412.91,0.0,USD,OPEN
AR002835,CUST00022,2026-02-12,2026-02-27,2026-04-15,1452.37,1452.37,USD,PAID
AR002836,CUST00324,2024-06-09,2024-07-24,2024-08-07,1380.42,1380.42,USD,PAID
AR002837,CUST00384,2026-03-01,2026-03-31,,10033.88,0.0,USD,OPEN
AR002838,CUST00419,2024-05-06,2024-07-05,2024-07-06,7811.58,7811.58,USD,PAID
AR002839,CUST00038,2026-01-28,2026-03-14,2026-03-08,13318.41,13318.41,USD,PAID
AR002840,CUST00381,2025-05-31,2025-07-30,,1566.91,0.0,USD,OPEN
AR002841,CUST00302,2026-04-30,2026-05-30,,2359.16,0.0,USD,OPEN
AR002842,CUST00311,2026-03-22,2026-05-21,,461.75,0.0,USD,OPEN
AR002843,CUST00263,2026-05-29,2026-07-13,2026-08-21,6831.1,6831.1,USD,PAID
AR002844,CUST00104,2026-01-31,2026-02-15,2026-03-30,632.07,632.07,USD,PAID
AR002845,CUST00242,2024-04-12,2024-05-27,2024-07-24,2197.55,2197.55,USD,PAID
AR002846,CUST00496,2025-01-20,2025-03-06,2025-03-19,673.46,673.46,USD,PAID
AR002847,CUST00260,2025-02-20,2025-04-06,2025-05-29,1064.24,1064.24,USD,PAID
AR002848,CUST00255,2024-09-07,2024-11-06,,851.04,0.0,USD,OPEN
AR002849,CUST00366,2026-01-15,2026-03-16,2026-05-09,1046.19,1046.19,USD,PAID
AR002850,CUST00204,2024-04-20,2024-06-19,2024-06-07,1112.97,1112.97,USD,PAID
AR002851,CUST00289,2026-02-28,2026-03-30,2026-05-15,1103.85,1103.85,USD,PAID
AR002852,CUST00049,2024-04-21,2024-06-05,2024-05-31,3827.63,3827.63,USD,PAID
AR002853,CUST00304,2025-07-28,2025-08-27,2025-10-13,668.89,668.89,USD,PAID
AR002854,CUST00316,2024-09-12,2024-09-27,,2205.01,0.0,USD,OPEN
AR002855,CUST00390,2026-05-08,2026-07-07,,5410.86,0.0,USD,OPEN
AR002856,CUST00211,2024-08-26,2024-09-10,2024-09-27,1139.25,1139.25,USD,PAID
AR002857,CUST00165,2024-11-14,2024-12-29,2024-12-18,947.54,947.54,USD,PAID
AR002858,CUST00354,2025-12-06,2026-02-04,2026-02-23,1469.28,1469.28,USD,PAID
AR002859,CUST00492,2024-08-02,2024-10-01,2024-10-26,5227.84,5227.84,USD,PAID
AR002860,CUST00264,2025-10-29,2025-11-28,2026-01-13,2153.17,2153.17,USD,PAID
AR002861,CUST00359,2025-07-22,2025-08-06,2025-09-14,1120.92,1120.92,USD,PAID
AR002862,CUST00007,2024-03-20,2024-05-19,,2794.72,0.0,USD,OPEN
AR002863,CUST00225,2024-06-14,2024-06-29,,670.44,0.0,USD,OPEN
AR002864,CUST00218,2026-06-09,2026-06-24,,3338.32,0.0,USD,OPEN
AR002865,CUST00250,2025-05-22,2025-06-21,2025-08-12,2611.67,2611.67,USD,PAID
AR002866,CUST00061,2024-05-23,2024-07-22,2024-08-13,1370.56,1370.56,USD,PAID
AR002867,CUST00268,2025-03-21,2025-05-05,2025-05-24,850.03,850.03,USD,PAID
AR002868,CUST00073,2024-11-26,2025-01-10,2025-01-16,814.02,814.02,USD,PAID
AR002869,CUST00266,2024-10-24,2024-11-23,2024-12-25,2925.84,2925.84,USD,PAID
AR002870,CUST00480,2025-09-11,2025-10-26,2025-11-06,5464.8,5464.8,USD,PAID
AR002871,CUST00367,2024-12-04,2025-01-03,,1018.84,0.0,USD,OPEN
AR002872,CUST00214,2026-04-29,2026-06-28,,2731.34,0.0,USD,OPEN
AR002873,CUST00160,2024-07-02,2024-08-01,2024-07-17,276.35,276.35,USD,PAID
AR002874,CUST00049,2025-12-19,2026-01-18,,1068.32,0.0,USD,OPEN
AR002875,CUST00320,2025-07-04,2025-09-02,2025-08-25,1758.2,1758.2,USD,PAID
AR002876,CUST00326,2025-04-24,2025-05-24,,797.34,0.0,USD,OPEN
AR002877,CUST00476,2025-07-26,2025-08-25,2025-08-11,778.33,778.33,USD,PAID
AR002878,CUST00300,2024-07-16,2024-08-30,2024-10-08,991.28,991.28,USD,PAID
AR002879,CUST00479,2026-01-16,2026-03-02,2026-04-07,2351.89,2351.89,USD,PAID
AR002880,CUST00079,2024-09-17,2024-10-17,,1527.52,0.0,USD,OPEN
AR002881,CUST00289,2024-04-15,2024-05-15,2024-06-02,241.19,241.19,USD,PAID
AR002882,CUST00331,2024-04-14,2024-05-14,2024-07-13,268.1,268.1,USD,PAID
AR002883,CUST00310,2026-02-23,2026-04-24,2026-06-23,1047.14,1047.14,USD,PAID
AR002884,CUST00402,2024-10-10,2024-12-09,2024-11-24,2729.62,2729.62,USD,PAID
AR002885,CUST00412,2024-08-25,2024-09-24,,152.51,0.0,USD,OPEN
AR002886,CUST00244,2025-09-21,2025-10-21,,1153.14,0.0,USD,OPEN
AR002887,CUST00071,2026-06-14,2026-06-29,2026-06-20,1125.94,1125.94,USD,PAID
AR002888,CUST00168,2025-06-07,2025-08-06,2025-09-20,6307.56,6307.56,USD,PAID
AR002889,CUST00194,2024-11-05,2024-11-20,2024-12-25,1278.55,1278.55,USD,PAID
AR002890,CUST00160,2026-03-03,2026-05-02,2026-06-01,2552.15,2552.15,USD,PAID
AR002891,CUST00490,2026-05-08,2026-06-22,2026-07-04,2053.15,2053.15,USD,PAID
AR002892,CUST00287,2024-06-19,2024-08-03,2024-09-12,265.73,265.73,USD,PAID
AR002893,CUST00351,2025-03-28,2025-05-27,2025-06-13,3609.72,3609.72,USD,PAID
AR002894,CUST00013,2024-05-03,2024-07-02,2024-07-09,2194.82,2194.82,USD,PAID
AR002895,CUST00373,2026-06-05,2026-07-20,2026-08-18,2856.76,2856.76,USD,PAID
AR002896,CUST00196,2025-03-10,2025-04-09,2025-04-18,61920.96,61920.96,USD,PAID
AR002897,CUST00101,2025-01-18,2025-02-17,2025-02-03,277.08,277.08,USD,PAID
AR002898,CUST00301,2025-03-28,2025-05-12,2025-04-27,8537.53,8537.53,USD,PAID
AR002899,CUST00189,2024-11-13,2024-12-28,,1395.9,0.0,USD,OPEN
AR002900,CUST00311,2026-07-26,2026-09-09,2026-08-26,2341.61,2341.61,USD,PAID
AR002901,CUST00204,2024-10-06,2024-10-21,2024-12-06,1735.48,1735.48,USD,PAID
AR002902,CUST00498,2024-02-14,2024-03-30,2024-03-22,1234.21,1234.21,USD,PAID
AR002903,CUST00312,2025-08-08,2025-08-23,2025-10-07,1082.63,1082.63,USD,PAID
AR002904,CUST00384,2025-10-09,2025-12-08,2026-01-22,2432.22,2432.22,USD,PAID
AR002905,CUST00015,2026-06-14,2026-06-29,,461.53,0.0,USD,OPEN
AR002906,CUST00446,2025-09-19,2025-10-19,2025-10-26,3552.91,3552.91,USD,PAID
AR002907,CUST00428,2026-05-21,2026-06-20,,1243.18,0.0,USD,OPEN
AR002908,CUST00327,2026-05-16,2026-05-31,,653.89,0.0,USD,OPEN
AR002909,CUST00143,2025-12-28,2026-01-12,2026-03-07,1205.91,1205.91,USD,PAID
AR002910,CUST00171,2026-05-23,2026-06-22,2026-06-09,5605.11,5605.11,USD,PAID
AR002911,CUST00464,2026-05-07,2026-06-21,2026-06-27,1116.77,1116.77,USD,PAID
AR002912,CUST00214,2025-08-23,2025-10-07,2025-11-12,2496.41,2496.41,USD,PAID
AR002913,CUST00423,2026-05-07,2026-05-22,,936.49,0.0,USD,OPEN
AR002914,CUST00089,2026-02-18,2026-03-20,2026-03-15,3576.46,3576.46,USD,PAID
AR002915,CUST00353,2025-03-30,2025-04-14,2025-04-24,3350.81,3350.81,USD,PAID
AR002916,CUST00383,2025-06-01,2025-07-31,,9544.76,0.0,USD,OPEN
AR002917,CUST00180,2026-05-12,2026-05-27,2026-07-22,1543.78,1543.78,USD,PAID
AR002918,CUST00290,2024-04-30,2024-06-14,2024-06-10,3300.37,3300.37,USD,PAID
AR002919,CUST00471,2026-08-10,2026-10-09,,1974.88,0.0,USD,OPEN
AR002920,CUST00163,2024-04-02,2024-05-02,2024-05-10,5803.9,5803.9,USD,PAID
AR002921,CUST00112,2025-08-28,2025-09-12,2025-08-29,946.76,946.76,USD,PAID
AR002922,CUST00158,2025-10-15,2025-11-29,2025-12-15,3535.13,3535.13,USD,PAID
AR002923,CUST00159,2026-05-07,2026-06-06,2026-06-07,1517.43,1517.43,USD,PAID
AR002924,CUST00143,2024-02-24,2024-04-24,2024-05-01,1706.55,1706.55,USD,PAID
AR002925,CUST00140,2024-05-23,2024-07-07,2024-07-16,1963.68,1963.68,USD,PAID
AR002926,CUST00152,2026-06-23,2026-07-23,,2268.82,0.0,USD,OPEN
AR002927,CUST00182,2024-09-22,2024-11-21,2025-01-07,1628.47,1628.47,USD,PAID
AR002928,CUST00231,2025-08-15,2025-09-29,2025-11-19,2193.47,2193.47,USD,PAID
AR002929,CUST00428,2026-04-29,2026-05-29,,7482.38,0.0,USD,OPEN
AR002930,CUST00292,2025-08-22,2025-10-21,,4389.21,0.0,USD,OPEN
AR002931,CUST00107,2024-08-03,2024-10-02,2024-10-23,3953.04,3953.04,USD,PAID
AR002932,CUST00396,2024-12-16,2025-01-30,,1199.93,0.0,USD,OPEN
AR002933,CUST00017,2024-08-03,2024-09-17,2024-10-05,812.15,812.15,USD,PAID
AR002934,CUST00244,2026-08-02,2026-08-17,2026-08-25,4271.71,4271.71,USD,PAID
AR002935,CUST00289,2024-05-23,2024-07-22,2024-08-23,3977.63,3977.63,USD,PAID
AR002936,CUST00323,2025-01-21,2025-02-05,2025-02-03,6804.94,6804.94,USD,PAID
AR002937,CUST00244,2025-01-02,2025-01-17,,1049.87,0.0,USD,OPEN
AR002938,CUST00096,2024-12-08,2025-01-22,2025-01-19,1470.57,1470.57,USD,PAID
AR002939,CUST00280,2026-07-24,2026-09-07,,413.42,0.0,USD,OPEN
AR002940,CUST00304,2024-07-09,2024-07-24,2024-09-05,1270.0,1270.0,USD,PAID
AR002941,CUST00428,2025-08-12,2025-10-11,2025-11-25,4433.36,4433.36,USD,PAID
AR002942,CUST00248,2024-09-06,2024-10-21,2024-11-18,1188.15,1188.15,USD,PAID
AR002943,CUST00391,2025-11-25,2026-01-24,2026-02-07,3217.73,3217.73,USD,PAID
AR002944,CUST00489,2026-08-15,2026-08-30,,1523.17,0.0,USD,OPEN
AR002945,CUST00263,2025-08-14,2025-10-13,2025-10-18,2420.31,2420.31,USD,PAID
AR002946,CUST00102,2024-06-19,2024-08-03,2024-09-24,643.6,643.6,USD,PAID
AR002947,CUST00171,2026-09-01,2026-10-01,,1952.15,0.0,USD,OPEN
AR002948,CUST00406,2026-03-18,2026-04-02,2026-04-26,122.48,122.48,USD,PAID
AR002949,CUST00203,2026-02-23,2026-03-25,2026-05-07,1528.12,1528.12,USD,PAID
AR002950,CUST00076,2024-06-18,2024-08-17,,416.79,0.0,USD,OPEN
AR002951,CUST00095,2024-07-24,2024-08-23,2024-08-18,5352.91,5352.91,USD,PAID
AR002952,CUST00079,2024-08-29,2024-09-28,2024-10-14,3639.74,3639.74,USD,PAID
AR002953,CUST00082,2025-12-02,2026-01-16,,2751.78,0.0,USD,OPEN
AR002954,CUST00358,2024-12-18,2025-01-02,2025-02-06,7107.5,7107.5,USD,PAID
AR002955,CUST00362,2024-08-05,2024-10-04,2024-11-17,769.68,769.68,USD,PAID
AR002956,CUST00391,2024-09-05,2024-09-20,2024-10-15,8713.48,8713.48,USD,PAID
AR002957,CUST00460,2026-08-15,2026-09-14,,4183.79,0.0,USD,OPEN
AR002958,CUST00037,2024-10-16,2024-12-15,2025-02-06,1461.33,1461.33,USD,PAID
AR002959,CUST00014,2024-12-21,2025-02-19,2025-04-20,5024.38,5024.38,USD,PAID
AR002960,CUST00186,2024-08-15,2024-09-14,2024-10-16,668.03,668.03,USD,PAID
AR002961,CUST00469,2024-12-14,2024-12-29,2025-02-02,860.86,860.86,USD,PAID
AR002962,CUST00097,2024-03-20,2024-04-19,,1045.52,0.0,USD,OPEN
AR002963,CUST00174,2024-02-15,2024-03-16,2024-03-12,1123.18,1123.18,USD,PAID
AR002964,CUST00160,2025-01-28,2025-02-27,2025-03-20,698.61,698.61,USD,PAID
AR002965,CUST00491,2025-01-31,2025-04-01,,5435.87,0.0,USD,OPEN
AR002966,CUST00350,2025-03-07,2025-04-06,,1432.29,0.0,USD,OPEN
AR002967,CUST00178,2025-06-13,2025-06-28,2025-06-23,2483.08,2483.08,USD,PAID
AR002968,CUST00412,2025-12-03,2025-12-18,2026-01-23,1082.13,1082.13,USD,PAID
AR002969,CUST00066,2026-04-06,2026-04-21,,351.24,0.0,USD,OPEN
AR002970,CUST00249,2025-08-11,2025-10-10,2025-09-26,2305.5,2305.5,USD,PAID
AR002971,CUST00156,2025-10-31,2025-12-30,2025-12-21,323.43,323.43,USD,PAID
AR002972,CUST00310,2025-03-11,2025-04-25,2025-04-24,1699.74,1699.74,USD,PAID
AR002973,CUST00365,2026-04-06,2026-06-05,2026-07-20,527.69,527.69,USD,PAID
AR002974,CUST00092,2024-12-09,2025-01-23,,10813.48,0.0,USD,OPEN
AR002975,CUST00077,2025-03-10,2025-05-09,2025-05-04,4106.09,4106.09,USD,PAID
AR002976,CUST00133,2024-01-08,2024-02-22,2024-04-22,1988.58,1988.58,USD,PAID
AR002977,CUST00145,2024-07-21,2024-09-19,2024-11-02,5638.29,5638.29,USD,PAID
AR002978,CUST00188,2024-02-10,2024-02-25,2024-04-08,844.14,844.14,USD,PAID
AR002979,CUST00346,2024-02-21,2024-04-06,2024-05-04,2948.73,2948.73,USD,PAID
AR002980,CUST00151,2024-10-30,2024-11-14,2024-11-21,2164.25,2164.25,USD,PAID
AR002981,CUST00167,2024-12-31,2025-03-01,,2293.0,0.0,USD,OPEN
AR002982,CUST00375,2024-10-31,2024-11-15,2024-12-15,5682.34,5682.34,USD,PAID
AR002983,CUST00274,2024-02-07,2024-04-07,2024-04-02,3495.54,3495.54,USD,PAID
AR002984,CUST00221,2024-04-06,2024-05-06,2024-06-23,2344.56,2344.56,USD,PAID
AR002985,CUST00353,2026-07-03,2026-08-17,,407.73,0.0,USD,OPEN
AR002986,CUST00292,2025-09-24,2025-10-24,2025-12-15,762.01,762.01,USD,PAID
AR002987,CUST00191,2025-04-14,2025-04-29,,1619.0,0.0,USD,OPEN
AR002988,CUST00196,2024-02-09,2024-03-10,2024-03-07,1966.55,1966.55,USD,PAID
AR002989,CUST00217,2025-06-08,2025-06-23,2025-07-16,653.81,653.81,USD,PAID
AR002990,CUST00383,2025-02-14,2025-03-01,,15843.41,0.0,USD,OPEN
AR002991,CUST00495,2024-09-20,2024-10-05,2024-11-14,7078.06,7078.06,USD,PAID
AR002992,CUST00316,2024-04-29,2024-05-29,2024-06-21,3108.53,3108.53,USD,PAID
AR002993,CUST00192,2025-06-10,2025-07-10,2025-07-01,1929.15,1929.15,USD,PAID
AR002994,CUST00141,2025-08-10,2025-10-09,2025-11-18,1493.7,1493.7,USD,PAID
AR002995,CUST00310,2026-02-03,2026-03-05,2026-02-23,767.6,767.6,USD,PAID
AR002996,CUST00003,2025-02-12,2025-03-14,2025-04-02,1938.62,1938.62,USD,PAID
AR002997,CUST00213,2025-02-20,2025-03-22,,2280.11,0.0,USD,OPEN
AR002998,CUST00307,2025-11-03,2025-12-03,2026-01-16,591.35,591.35,USD,PAID
AR002999,CUST00116,2026-03-20,2026-05-04,,2442.45,0.0,USD,OPEN
AR003000,CUST00373,2024-01-19,2024-03-04,2024-03-25,1572.26,1572.26,USD,PAID
AR003001,CUST00278,2025-12-30,2026-02-28,2026-03-27,324.72,324.72,USD,PAID
AR003002,CUST00176,2025-02-02,2025-04-03,2025-03-20,833.52,833.52,USD,PAID
AR003003,CUST00078,2024-12-14,2025-01-28,2025-03-10,1246.08,1246.08,USD,PAID
AR003004,CUST00345,2025-04-18,2025-06-17,2025-06-23,9886.43,9886.43,USD,PAID
AR003005,CUST00496,2025-02-03,2025-03-20,2025-05-17,2983.64,2983.64,USD,PAID
AR003006,CUST00043,2024-03-21,2024-05-20,2024-06-18,543.52,543.52,USD,PAID
AR003007,CUST00232,2024-07-31,2024-09-14,2024-10-09,2800.16,2800.16,USD,PAID
AR003008,CUST00320,2025-11-21,2026-01-20,,449.18,0.0,USD,OPEN
AR003009,CUST00221,2025-08-21,2025-09-20,2025-11-16,4790.65,4790.65,USD,PAID
AR003010,CUST00285,2025-03-01,2025-03-16,2025-04-06,1183.21,1183.21,USD,PAID
AR003011,CUST00472,2026-01-31,2026-04-01,2026-05-04,1661.92,1661.92,USD,PAID
AR003012,CUST00050,2025-07-04,2025-08-03,2025-08-03,5962.33,5962.33,USD,PAID
AR003013,CUST00293,2025-02-09,2025-03-11,2025-03-10,567.68,567.68,USD,PAID
AR003014,CUST00282,2024-10-23,2024-11-22,2024-12-28,514.19,514.19,USD,PAID
AR003015,CUST00462,2025-02-22,2025-04-08,2025-05-16,1069.3,1069.3,USD,PAID
AR003016,CUST00323,2025-09-05,2025-10-20,2025-11-20,4603.36,4603.36,USD,PAID
AR003017,CUST00201,2024-04-18,2024-06-02,2024-07-25,460.63,460.63,USD,PAID
AR003018,CUST00147,2024-08-18,2024-10-17,2024-11-30,141.32,141.32,USD,PAID
AR003019,CUST00448,2026-04-25,2026-06-24,,1204.67,0.0,USD,OPEN
AR003020,CUST00425,2024-06-30,2024-08-29,2024-10-21,2970.74,2970.74,USD,PAID
AR003021,CUST00197,2024-12-08,2025-02-06,2025-02-03,5325.36,5325.36,USD,PAID
AR003022,CUST00097,2025-08-17,2025-10-16,2025-11-22,1191.72,1191.72,USD,PAID
AR003023,CUST00313,2025-10-13,2025-10-28,2025-10-30,1248.52,1248.52,USD,PAID
AR003024,CUST00485,2025-09-26,2025-10-11,2025-11-17,5107.73,5107.73,USD,PAID
AR003025,CUST00292,2024-01-24,2024-03-09,2024-03-15,336.04,336.04,USD,PAID
AR003026,CUST00012,2025-10-02,2025-12-01,2026-01-02,1274.53,1274.53,USD,PAID
AR003027,CUST00436,2026-01-30,2026-03-31,2026-04-09,2146.04,2146.04,USD,PAID
AR003028,CUST00090,2026-07-24,2026-08-23,,2708.9,0.0,USD,OPEN
AR003029,CUST00034,2025-04-28,2025-05-28,2025-06-19,1142.73,1142.73,USD,PAID
AR003030,CUST00236,2026-07-04,2026-07-19,2026-09-01,1864.96,1864.96,USD,PAID
AR003031,CUST00499,2024-09-07,2024-11-06,2024-11-13,192.58,192.58,USD,PAID
AR003032,CUST00447,2025-04-17,2025-05-02,2025-05-29,999.82,999.82,USD,PAID
AR003033,CUST00004,2026-07-31,2026-08-30,2026-08-23,2719.38,2719.38,USD,PAID
AR003034,CUST00444,2026-02-05,2026-02-20,2026-03-29,746.9,746.9,USD,PAID
AR003035,CUST00401,2025-06-16,2025-08-15,2025-08-09,1906.62,1906.62,USD,PAID
AR003036,CUST00062,2025-03-03,2025-04-17,2025-06-09,2703.18,2703.18,USD,PAID
AR003037,CUST00150,2026-01-02,2026-01-17,2026-01-09,1328.37,1328.37,USD,PAID
AR003038,CUST00187,2026-04-11,2026-06-10,2026-05-31,2107.84,2107.84,USD,PAID
AR003039,CUST00054,2025-02-13,2025-04-14,2025-04-14,760.17,760.17,USD,PAID
AR003040,CUST00386,2024-05-29,2024-07-13,2024-09-10,1501.24,1501.24,USD,PAID
AR003041,CUST00212,2026-03-21,2026-04-05,2026-05-06,3131.27,3131.27,USD,PAID
AR003042,CUST00125,2025-11-03,2025-12-18,,2082.4,0.0,USD,OPEN
AR003043,CUST00169,2026-03-25,2026-05-24,2026-05-21,1066.48,1066.48,USD,PAID
AR003044,CUST00386,2025-10-19,2025-11-03,2025-12-20,2212.32,2212.32,USD,PAID
AR003045,CUST00170,2024-09-07,2024-10-22,2024-12-02,3439.73,3439.73,USD,PAID
AR003046,CUST00141,2026-03-17,2026-05-16,2026-07-12,285.73,285.73,USD,PAID
AR003047,CUST00268,2025-08-31,2025-09-15,2025-09-18,5131.57,5131.57,USD,PAID
AR003048,CUST00289,2024-10-22,2024-11-06,2024-12-08,1335.91,1335.91,USD,PAID
AR003049,CUST00291,2025-01-06,2025-02-20,2025-02-25,2651.66,2651.66,USD,PAID
AR003050,CUST00345,2025-10-11,2025-11-25,2026-01-05,5310.93,5310.93,USD,PAID
AR003051,CUST00076,2024-10-28,2024-11-27,2024-11-28,526.1,526.1,USD,PAID
AR003052,CUST00327,2025-09-14,2025-10-29,2025-11-15,954.8,954.8,USD,PAID
AR003053,CUST00156,2024-08-21,2024-09-05,2024-11-03,1394.52,1394.52,USD,PAID
AR003054,CUST00382,2024-05-31,2024-06-15,2024-08-04,893.03,893.03,USD,PAID
AR003055,CUST00498,2026-06-10,2026-08-09,2026-08-15,8616.57,8616.57,USD,PAID
AR003056,CUST00161,2024-12-18,2025-01-17,2025-03-07,836.23,836.23,USD,PAID
AR003057,CUST00332,2025-06-19,2025-08-03,2025-09-19,1096.64,1096.64,USD,PAID
AR003058,CUST00460,2024-06-22,2024-08-21,,2173.19,0.0,USD,OPEN
AR003059,CUST00176,2025-01-23,2025-02-07,2025-01-31,612.82,612.82,USD,PAID
AR003060,CUST00143,2024-08-18,2024-10-02,2024-10-06,1266.34,1266.34,USD,PAID
AR003061,CUST00256,2025-09-15,2025-09-30,2025-10-30,2405.97,2405.97,USD,PAID
AR003062,CUST00460,2025-04-15,2025-04-30,2025-06-21,1340.0,1340.0,USD,PAID
AR003063,CUST00205,2024-08-21,2024-09-20,2024-09-09,1662.29,1662.29,USD,PAID
AR003064,CUST00035,2025-10-03,2025-10-18,2025-12-06,1122.82,1122.82,USD,PAID
AR003065,CUST00229,2024-10-04,2024-10-19,2024-10-11,462.65,462.65,USD,PAID
AR003066,CUST00354,2025-08-03,2025-09-02,2025-09-10,2414.95,2414.95,USD,PAID
AR003067,CUST00091,2026-08-16,2026-09-15,,8773.05,0.0,USD,OPEN
AR003068,CUST00381,2024-02-11,2024-03-27,2024-03-23,1838.24,1838.24,USD,PAID
AR003069,CUST00268,2024-07-13,2024-07-28,2024-07-29,2214.4,2214.4,USD,PAID
AR003070,CUST00300,2024-11-06,2024-11-21,2024-12-07,3372.64,3372.64,USD,PAID
AR003071,CUST00452,2026-02-18,2026-04-19,2026-06-11,576.86,576.86,USD,PAID
AR003072,CUST00101,2026-03-11,2026-03-26,2026-03-20,8368.78,8368.78,USD,PAID
AR003073,CUST00102,2025-05-04,2025-05-19,2025-07-03,2169.16,2169.16,USD,PAID
AR003074,CUST00292,2024-04-12,2024-05-12,2024-06-04,7853.16,7853.16,USD,PAID
AR003075,CUST00369,2024-01-10,2024-03-10,2024-03-09,934.74,934.74,USD,PAID
AR003076,CUST00302,2026-06-26,2026-08-25,,9285.93,0.0,USD,OPEN
AR003077,CUST00387,2026-04-05,2026-06-04,2026-06-21,3632.37,3632.37,USD,PAID
AR003078,CUST00169,2025-02-20,2025-04-06,2025-04-13,2974.22,2974.22,USD,PAID
AR003079,CUST00136,2025-06-03,2025-08-02,2025-08-25,2231.93,2231.93,USD,PAID
AR003080,CUST00258,2026-06-07,2026-07-07,2026-09-01,1445.66,1445.66,USD,PAID
AR003081,CUST00388,2024-11-12,2025-01-11,,5326.65,0.0,USD,OPEN
AR003082,CUST00458,2026-08-26,2026-09-25,,2051.49,0.0,USD,OPEN
AR003083,CUST00034,2025-06-05,2025-08-04,2025-08-11,307.86,307.86,USD,PAID
AR003084,CUST00474,2026-02-17,2026-04-18,2026-04-15,661.51,661.51,USD,PAID
AR003085,CUST00422,2026-06-01,2026-07-31,,1529.57,0.0,USD,OPEN
AR003086,CUST00110,2024-07-06,2024-08-05,2024-08-19,2389.88,2389.88,USD,PAID
AR003087,CUST00242,2024-11-10,2024-12-25,2025-02-15,1718.27,1718.27,USD,PAID
AR003088,CUST00293,2024-04-15,2024-05-30,2024-06-10,5415.79,5415.79,USD,PAID
AR003089,CUST00393,2025-11-19,2025-12-19,2025-12-28,312.31,312.31,USD,PAID
AR003090,CUST00167,2025-02-09,2025-03-11,2025-03-16,2057.46,2057.46,USD,PAID
AR003091,CUST00400,2025-06-12,2025-08-11,2025-09-18,352.07,352.07,USD,PAID
AR003092,CUST00242,2026-01-13,2026-02-27,2026-03-17,3582.23,3582.23,USD,PAID
AR003093,CUST00171,2026-08-14,2026-09-28,,1660.69,0.0,USD,OPEN
AR003094,CUST00231,2026-01-14,2026-02-28,2026-03-25,2637.66,2637.66,USD,PAID
AR003095,CUST00003,2024-11-11,2025-01-10,2025-02-17,830.9,830.9,USD,PAID
AR003096,CUST00210,2026-02-19,2026-04-20,,5718.82,0.0,USD,OPEN
AR003097,CUST00010,2024-12-28,2025-01-27,2025-02-16,4617.24,4617.24,USD,PAID
AR003098,CUST00151,2026-04-18,2026-05-18,2026-06-04,3057.0,3057.0,USD,PAID
AR003099,CUST00219,2026-05-02,2026-06-16,,1609.11,0.0,USD,OPEN
AR003100,CUST00379,2026-03-20,2026-05-19,2026-07-14,3046.87,3046.87,USD,PAID
AR003101,CUST00439,2024-07-23,2024-08-22,2024-10-02,956.99,956.99,USD,PAID
AR003102,CUST00083,2024-10-07,2024-10-22,,3904.95,0.0,USD,OPEN
AR003103,CUST00241,2024-11-29,2025-01-28,2025-03-29,7978.72,7978.72,USD,PAID
AR003104,CUST00353,2026-09-01,2026-09-16,,4738.85,0.0,USD,OPEN
AR003105,CUST00193,2026-07-19,2026-09-17,,937.63,0.0,USD,OPEN
AR003106,CUST00176,2024-03-01,2024-03-16,,2503.08,0.0,USD,OPEN
AR003107,CUST00057,2024-10-09,2024-11-23,2024-12-14,564.63,564.63,USD,PAID
AR003108,CUST00167,2025-04-28,2025-05-28,2025-05-22,3026.47,3026.47,USD,PAID
AR003109,CUST00302,2026-03-04,2026-05-03,2026-05-07,2712.28,2712.28,USD,PAID
AR003110,CUST00126,2024-11-02,2024-12-02,2025-01-12,336.02,336.02,USD,PAID
AR003111,CUST00354,2024-12-01,2025-01-15,2025-02-06,635.49,635.49,USD,PAID
AR003112,CUST00446,2024-01-23,2024-02-22,2024-02-15,1401.33,1401.33,USD,PAID
AR003113,CUST00464,2026-03-15,2026-04-29,2026-05-30,1379.15,1379.15,USD,PAID
AR003114,CUST00095,2026-03-02,2026-05-01,2026-05-13,608.79,608.79,USD,PAID
AR003115,CUST00171,2024-11-24,2025-01-23,2025-02-23,2565.94,2565.94,USD,PAID
AR003116,CUST00072,2024-07-22,2024-09-05,2024-08-23,2267.26,2267.26,USD,PAID
AR003117,CUST00409,2024-05-02,2024-07-01,2024-08-17,1518.01,1518.01,USD,PAID
AR003118,CUST00192,2024-02-19,2024-03-05,2024-04-24,915.79,915.79,USD,PAID
AR003119,CUST00448,2024-01-17,2024-03-17,2024-05-05,4646.35,4646.35,USD,PAID
AR003120,CUST00145,2026-03-28,2026-05-12,2026-06-28,8021.39,8021.39,USD,PAID
AR003121,CUST00290,2025-08-11,2025-09-25,2025-09-19,1170.04,1170.04,USD,PAID
AR003122,CUST00434,2024-04-04,2024-04-19,2024-06-08,1042.16,1042.16,USD,PAID
AR003123,CUST00313,2026-05-21,2026-06-05,2026-07-19,2813.23,2813.23,USD,PAID
AR003124,CUST00419,2025-10-27,2025-11-26,2026-01-05,1309.99,1309.99,USD,PAID
AR003125,CUST00334,2024-10-10,2024-12-09,2024-12-13,1594.86,1594.86,USD,PAID
AR003126,CUST00295,2024-12-04,2024-12-19,,3518.14,0.0,USD,OPEN
AR003127,CUST00456,2024-12-13,2025-02-11,2025-03-23,324.27,324.27,USD,PAID
AR003128,CUST00320,2024-01-22,2024-03-22,2024-03-07,5922.25,5922.25,USD,PAID
AR003129,CUST00116,2026-04-28,2026-06-27,,1930.26,0.0,USD,OPEN
AR003130,CUST00439,2024-11-26,2025-01-25,,1248.45,0.0,USD,OPEN
AR003131,CUST00395,2024-08-16,2024-09-30,2024-10-10,1668.51,1668.51,USD,PAID
AR003132,CUST00079,2026-04-21,2026-06-05,2026-08-02,1747.93,1747.93,USD,PAID
AR003133,CUST00052,2024-07-12,2024-08-11,2024-08-19,380.66,380.66,USD,PAID
AR003134,CUST00179,2024-01-27,2024-02-11,2024-04-05,6942.69,6942.69,USD,PAID
AR003135,CUST00337,2024-03-11,2024-04-25,2024-05-09,1876.56,1876.56,USD,PAID
AR003136,CUST00139,2024-08-01,2024-08-31,2024-10-09,2693.78,2693.78,USD,PAID
AR003137,CUST00071,2024-08-26,2024-09-25,2024-09-13,4257.32,4257.32,USD,PAID
AR003138,CUST00486,2026-06-17,2026-08-16,,721.23,0.0,USD,OPEN
AR003139,CUST00195,2025-01-19,2025-02-03,2025-02-14,2768.68,2768.68,USD,PAID
AR003140,CUST00106,2024-02-20,2024-04-20,2024-04-30,1421.01,1421.01,USD,PAID
AR003141,CUST00048,2026-02-28,2026-04-29,2026-04-29,3874.2,3874.2,USD,PAID
AR003142,CUST00108,2024-06-28,2024-07-13,,266.53,0.0,USD,OPEN
AR003143,CUST00384,2024-05-03,2024-07-02,2024-08-01,1653.77,1653.77,USD,PAID
AR003144,CUST00047,2024-11-20,2025-01-19,,1050.96,0.0,USD,OPEN
AR003145,CUST00058,2026-03-29,2026-05-13,2026-07-02,2667.87,2667.87,USD,PAID
AR003146,CUST00195,2026-08-25,2026-10-24,,2760.15,0.0,USD,OPEN
AR003147,CUST00182,2026-04-02,2026-06-01,2026-05-29,956.36,956.36,USD,PAID
AR003148,CUST00485,2025-01-04,2025-02-18,2025-03-30,952.46,952.46,USD,PAID
AR003149,CUST00334,2026-05-18,2026-07-02,2026-06-27,1636.64,1636.64,USD,PAID
AR003150,CUST00488,2025-10-21,2025-12-20,2025-12-07,806.76,806.76,USD,PAID
AR003151,CUST00434,2024-10-08,2024-11-22,,3857.54,0.0,USD,OPEN
AR003152,CUST00266,2024-09-11,2024-10-11,2024-10-12,1296.88,1296.88,USD,PAID
AR003153,CUST00032,2024-06-08,2024-07-08,2024-06-27,132.12,132.12,USD,PAID
AR003154,CUST00191,2025-09-02,2025-10-02,2025-10-24,1290.34,1290.34,USD,PAID
AR003155,CUST00089,2025-09-24,2025-11-23,2025-12-31,710.03,710.03,USD,PAID
AR003156,CUST00187,2024-06-27,2024-07-27,2024-08-04,416.49,416.49,USD,PAID
AR003157,CUST00255,2026-06-19,2026-07-04,2026-06-22,593.67,593.67,USD,PAID
AR003158,CUST00466,2024-07-27,2024-09-10,2024-10-12,1995.14,1995.14,USD,PAID
AR003159,CUST00402,2026-05-11,2026-06-25,2026-06-13,5977.61,5977.61,USD,PAID
AR003160,CUST00241,2024-01-27,2024-03-12,,2396.74,0.0,USD,OPEN
AR003161,CUST00277,2024-02-05,2024-03-06,2024-02-25,1047.48,1047.48,USD,PAID
AR003162,CUST00008,2025-01-21,2025-02-20,,2725.25,0.0,USD,OPEN
AR003163,CUST00034,2024-12-23,2025-01-22,,1196.1,0.0,USD,OPEN
AR003164,CUST00439,2024-04-25,2024-06-24,2024-08-01,967.64,967.64,USD,PAID
AR003165,CUST00309,2026-07-08,2026-09-06,,639.75,0.0,USD,OPEN
AR003166,CUST00461,2026-04-08,2026-04-23,2026-06-07,373.66,373.66,USD,PAID
AR003167,CUST00337,2026-07-13,2026-08-27,,1272.92,0.0,USD,OPEN
AR003168,CUST00245,2025-07-06,2025-08-20,2025-08-17,2084.42,2084.42,USD,PAID
AR003169,CUST00264,2025-05-19,2025-06-18,,1657.46,0.0,USD,OPEN
AR003170,CUST00381,2024-05-12,2024-06-11,2024-06-06,1243.43,1243.43,USD,PAID
AR003171,CUST00128,2024-04-07,2024-06-06,2024-06-04,771.88,771.88,USD,PAID
AR003172,CUST00338,2024-08-19,2024-10-03,,3125.73,0.0,USD,OPEN
AR003173,CUST00343,2024-11-04,2024-12-19,2025-02-01,552.57,552.57,USD,PAID
AR003174,CUST00168,2025-08-27,2025-10-11,2025-10-12,3635.22,3635.22,USD,PAID
AR003175,CUST00378,2025-03-08,2025-04-22,2025-06-20,733.63,733.63,USD,PAID
AR003176,CUST00324,2026-08-15,2026-08-30,,918.56,0.0,USD,OPEN
AR003177,CUST00074,2024-02-19,2024-03-20,2024-03-06,482.94,482.94,USD,PAID
AR003178,CUST00083,2025-10-11,2025-10-26,2025-11-10,1151.4,1151.4,USD,PAID
AR003179,CUST00247,2025-02-10,2025-03-27,,4349.35,0.0,USD,OPEN
AR003180,CUST00446,2025-05-10,2025-06-24,,2875.74,0.0,USD,OPEN
AR003181,CUST00233,2026-04-16,2026-06-15,2026-06-27,4361.54,4361.54,USD,PAID
AR003182,CUST00382,2025-09-28,2025-11-12,2025-11-12,2892.65,2892.65,USD,PAID
AR003183,CUST00131,2024-10-13,2024-11-27,2024-12-05,669.61,669.61,USD,PAID
AR003184,CUST00340,2024-12-15,2025-02-13,2025-03-28,1342.5,1342.5,USD,PAID
AR003185,CUST00033,2024-04-08,2024-05-23,2024-06-10,895.89,895.89,USD,PAID
AR003186,CUST00494,2026-03-11,2026-04-25,2026-04-13,5988.03,5988.03,USD,PAID
AR003187,CUST00500,2025-07-10,2025-08-09,,615.78,0.0,USD,OPEN
AR003188,CUST00365,2025-04-13,2025-04-28,,4041.33,0.0,USD,OPEN
AR003189,CUST00232,2024-10-29,2024-11-28,2024-12-22,4038.62,4038.62,USD,PAID
AR003190,CUST00094,2025-03-22,2025-04-06,2025-05-25,9383.03,9383.03,USD,PAID
AR003191,CUST00349,2025-02-11,2025-03-13,,1250.48,0.0,USD,OPEN
AR003192,CUST00382,2024-08-15,2024-08-30,,3432.66,0.0,USD,OPEN
AR003193,CUST00269,2024-12-28,2025-01-27,2025-03-20,14093.75,14093.75,USD,PAID
AR003194,CUST00086,2024-02-18,2024-04-03,2024-05-25,1037.04,1037.04,USD,PAID
AR003195,CUST00085,2025-01-18,2025-02-17,,454.17,0.0,USD,OPEN
AR003196,CUST00277,2025-10-12,2025-11-11,2025-11-15,332.95,332.95,USD,PAID
AR003197,CUST00026,2026-08-22,2026-10-21,,3433.86,0.0,USD,OPEN
AR003198,CUST00498,2026-08-29,2026-10-28,,332.01,0.0,USD,OPEN
AR003199,CUST00370,2025-03-07,2025-05-06,2025-05-08,1293.25,1293.25,USD,PAID
AR003200,CUST00129,2026-08-18,2026-10-02,,2680.03,0.0,USD,OPEN
AR003201,CUST00031,2025-12-26,2026-02-09,2026-02-02,2135.93,2135.93,USD,PAID
AR003202,CUST00247,2026-02-12,2026-04-13,,2651.55,0.0,USD,OPEN
AR003203,CUST00201,2026-04-22,2026-05-22,2026-06-07,2208.48,2208.48,USD,PAID
AR003204,CUST00303,2026-03-16,2026-04-15,2026-05-20,5715.74,5715.74,USD,PAID
AR003205,CUST00116,2024-07-17,2024-08-16,2024-08-10,767.33,767.33,USD,PAID
AR003206,CUST00206,2026-08-29,2026-10-13,,983.09,0.0,USD,OPEN
AR003207,CUST00345,2024-05-06,2024-06-05,2024-06-08,901.99,901.99,USD,PAID
AR003208,CUST00061,2024-10-09,2024-11-23,,3816.82,0.0,USD,OPEN
AR003209,CUST00119,2025-06-17,2025-08-01,2025-09-15,4065.77,4065.77,USD,PAID
AR003210,CUST00278,2025-11-07,2026-01-06,2026-01-06,2713.79,2713.79,USD,PAID
AR003211,CUST00451,2026-01-30,2026-03-31,,5245.6,0.0,USD,OPEN
AR003212,CUST00196,2026-02-11,2026-03-28,2026-03-18,626.26,626.26,USD,PAID
AR003213,CUST00239,2026-05-08,2026-06-22,,8107.15,0.0,USD,OPEN
AR003214,CUST00389,2025-03-12,2025-04-11,2025-05-28,7121.79,7121.79,USD,PAID
AR003215,CUST00375,2024-10-25,2024-11-24,2024-11-20,3505.4,3505.4,USD,PAID
AR003216,CUST00429,2025-09-09,2025-10-24,2025-12-11,8987.76,8987.76,USD,PAID
AR003217,CUST00443,2025-12-19,2026-02-17,2026-02-15,407.09,407.09,USD,PAID
AR003218,CUST00464,2026-02-27,2026-04-13,2026-05-03,1127.77,1127.77,USD,PAID
AR003219,CUST00183,2024-09-14,2024-10-29,2024-11-15,932.83,932.83,USD,PAID
AR003220,CUST00413,2024-03-26,2024-04-10,,3461.06,0.0,USD,OPEN
AR003221,CUST00303,2025-05-12,2025-06-11,2025-06-24,702.66,702.66,USD,PAID
AR003222,CUST00400,2025-03-20,2025-05-04,,3575.09,0.0,USD,OPEN
AR003223,CUST00193,2026-04-26,2026-06-25,2026-08-21,6207.31,6207.31,USD,PAID
AR003224,CUST00056,2025-09-13,2025-11-12,,3380.17,0.0,USD,OPEN
AR003225,CUST00495,2025-08-27,2025-09-11,2025-09-11,2334.09,2334.09,USD,PAID
AR003226,CUST00418,2026-02-21,2026-03-23,2026-04-30,743.16,743.16,USD,PAID
AR003227,CUST00437,2025-02-07,2025-02-22,2025-04-04,843.73,843.73,USD,PAID
AR003228,CUST00343,2025-04-16,2025-05-01,2025-06-10,5567.25,5567.25,USD,PAID
AR003229,CUST00013,2026-07-18,2026-08-02,2026-08-10,3646.1,3646.1,USD,PAID
AR003230,CUST00472,2025-10-07,2025-11-21,,1745.65,0.0,USD,OPEN
AR003231,CUST00184,2025-02-26,2025-03-13,2025-03-30,1241.26,1241.26,USD,PAID
AR003232,CUST00142,2026-04-18,2026-06-02,2026-06-18,292.01,292.01,USD,PAID
AR003233,CUST00394,2025-04-01,2025-04-16,2025-05-04,689.68,689.68,USD,PAID
AR003234,CUST00332,2026-03-23,2026-04-22,2026-06-16,10099.86,10099.86,USD,PAID
AR003235,CUST00433,2024-11-25,2025-01-24,2025-01-31,571.11,571.11,USD,PAID
AR003236,CUST00379,2025-05-26,2025-06-10,2025-08-02,2144.22,2144.22,USD,PAID
AR003237,CUST00052,2026-04-04,2026-05-04,2026-05-28,4476.96,4476.96,USD,PAID
AR003238,CUST00319,2026-07-25,2026-08-09,,584.39,0.0,USD,OPEN
AR003239,CUST00136,2025-05-24,2025-06-23,2025-07-03,2135.04,2135.04,USD,PAID
AR003240,CUST00459,2026-05-26,2026-07-25,,4205.4,0.0,USD,OPEN
AR003241,CUST00009,2025-01-05,2025-02-04,2025-03-02,1828.5,1828.5,USD,PAID
AR003242,CUST00359,2024-04-24,2024-05-24,2024-07-12,23898.3,23898.3,USD,PAID
AR003243,CUST00092,2025-10-19,2025-12-03,2026-01-25,402.73,402.73,USD,PAID
AR003244,CUST00047,2025-02-11,2025-02-26,,4688.44,0.0,USD,OPEN
AR003245,CUST00367,2025-12-29,2026-02-27,2026-03-02,1547.63,1547.63,USD,PAID
AR003246,CUST00054,2024-12-14,2025-01-28,2025-03-03,3621.81,3621.81,USD,PAID
AR003247,CUST00166,2026-05-15,2026-06-29,2026-06-24,2689.68,2689.68,USD,PAID
AR003248,CUST00281,2024-08-18,2024-10-17,2024-11-02,934.64,934.64,USD,PAID
AR003249,CUST00115,2024-06-07,2024-07-22,,2221.85,0.0,USD,OPEN
AR003250,CUST00226,2026-05-03,2026-06-02,2026-06-15,339.64,339.64,USD,PAID
AR003251,CUST00152,2025-10-25,2025-11-24,,3111.69,0.0,USD,OPEN
AR003252,CUST00430,2024-09-06,2024-09-21,2024-11-06,2364.55,2364.55,USD,PAID
AR003253,CUST00099,2025-03-25,2025-05-24,2025-07-20,3212.47,3212.47,USD,PAID
AR003254,CUST00205,2025-02-26,2025-03-28,2025-05-26,4685.87,4685.87,USD,PAID
AR003255,CUST00412,2025-10-04,2025-12-03,2026-01-03,2517.09,2517.09,USD,PAID
AR003256,CUST00461,2026-03-31,2026-05-15,2026-06-15,2065.82,2065.82,USD,PAID
AR003257,CUST00040,2026-08-05,2026-09-04,,818.14,0.0,USD,OPEN
AR003258,CUST00408,2025-12-10,2026-01-09,2026-01-25,952.42,952.42,USD,PAID
AR003259,CUST00470,2025-07-05,2025-08-04,,5260.92,0.0,USD,OPEN
AR003260,CUST00414,2026-03-14,2026-05-13,2026-05-11,6586.0,6586.0,USD,PAID
AR003261,CUST00421,2026-04-26,2026-05-26,2026-07-20,1459.28,1459.28,USD,PAID
AR003262,CUST00236,2024-08-17,2024-10-16,2024-10-07,1884.47,1884.47,USD,PAID
AR003263,CUST00034,2025-09-25,2025-11-24,2026-01-03,800.99,800.99,USD,PAID
AR003264,CUST00333,2024-06-24,2024-07-09,2024-09-03,5195.15,5195.15,USD,PAID
AR003265,CUST00033,2024-02-28,2024-04-13,2024-04-16,3290.76,3290.76,USD,PAID
AR003266,CUST00369,2025-11-29,2026-01-13,,10374.39,0.0,USD,OPEN
AR003267,CUST00366,2024-10-09,2024-11-23,2024-11-11,820.17,820.17,USD,PAID
AR003268,CUST00203,2025-09-04,2025-11-03,2025-11-05,1286.64,1286.64,USD,PAID
AR003269,CUST00170,2024-08-08,2024-10-07,2024-10-30,2226.76,2226.76,USD,PAID
AR003270,CUST00277,2024-08-26,2024-10-25,,3235.18,0.0,USD,OPEN
AR003271,CUST00365,2025-11-28,2026-01-12,2026-01-03,1489.06,1489.06,USD,PAID
AR003272,CUST00315,2026-02-11,2026-03-28,2026-03-22,824.14,824.14,USD,PAID
AR003273,CUST00128,2024-03-06,2024-05-05,2024-05-14,3996.87,3996.87,USD,PAID
AR003274,CUST00333,2025-09-07,2025-10-07,2025-09-25,3459.99,3459.99,USD,PAID
AR003275,CUST00046,2026-08-09,2026-10-08,,792.63,0.0,USD,OPEN
AR003276,CUST00413,2024-04-06,2024-06-05,2024-07-09,6123.56,6123.56,USD,PAID
AR003277,CUST00434,2025-02-21,2025-04-22,2025-04-24,5183.2,5183.2,USD,PAID
AR003278,CUST00182,2024-12-17,2025-01-16,,2040.33,0.0,USD,OPEN
AR003279,CUST00047,2024-06-30,2024-08-29,2024-10-16,1942.32,1942.32,USD,PAID
AR003280,CUST00180,2024-07-07,2024-08-21,2024-09-04,2976.94,2976.94,USD,PAID
AR003281,CUST00269,2025-10-24,2025-11-08,2025-11-05,832.53,832.53,USD,PAID
AR003282,CUST00286,2024-09-20,2024-10-05,2024-09-27,1857.58,1857.58,USD,PAID
AR003283,CUST00001,2024-03-01,2024-04-15,,260.57,0.0,USD,OPEN
AR003284,CUST00197,2025-06-25,2025-07-10,,3979.1,0.0,USD,OPEN
AR003285,CUST00289,2024-11-09,2024-11-24,2025-01-20,443.48,443.48,USD,PAID
AR003286,CUST00326,2025-01-18,2025-02-02,2025-02-11,6995.89,6995.89,USD,PAID
AR003287,CUST00112,2025-09-27,2025-11-26,,1343.31,0.0,USD,OPEN
AR003288,CUST00308,2024-12-19,2025-01-03,2025-01-07,1494.43,1494.43,USD,PAID
AR003289,CUST00260,2025-01-18,2025-02-17,2025-02-24,1027.66,1027.66,USD,PAID
AR003290,CUST00020,2024-06-01,2024-07-31,,1395.16,0.0,USD,OPEN
AR003291,CUST00479,2026-08-15,2026-08-30,,6481.31,0.0,USD,OPEN
AR003292,CUST00303,2024-10-25,2024-11-09,2024-11-17,192.67,192.67,USD,PAID
AR003293,CUST00099,2025-06-14,2025-07-14,2025-08-31,5705.97,5705.97,USD,PAID
AR003294,CUST00481,2025-09-09,2025-10-09,2025-11-06,2450.93,2450.93,USD,PAID
AR003295,CUST00343,2025-04-10,2025-06-09,2025-06-08,610.14,610.14,USD,PAID
AR003296,CUST00073,2025-07-21,2025-08-05,2025-09-05,686.92,686.92,USD,PAID
AR003297,CUST00207,2024-09-02,2024-11-01,,8174.33,0.0,USD,OPEN
AR003298,CUST00472,2024-02-12,2024-03-28,,772.05,0.0,USD,OPEN
AR003299,CUST00340,2025-05-06,2025-05-21,2025-05-17,640.33,640.33,USD,PAID
AR003300,CUST00295,2025-11-01,2025-12-16,2026-02-11,5032.05,5032.05,USD,PAID
AR003301,CUST00145,2025-12-20,2026-02-18,2026-02-28,2452.09,2452.09,USD,PAID
AR003302,CUST00150,2024-11-24,2024-12-24,2025-01-03,777.33,777.33,USD,PAID
AR003303,CUST00043,2026-08-24,2026-10-23,,2197.25,0.0,USD,OPEN
AR003304,CUST00288,2025-05-17,2025-06-01,2025-06-27,718.25,718.25,USD,PAID
AR003305,CUST00395,2025-05-10,2025-07-09,2025-07-30,4869.46,4869.46,USD,PAID
AR003306,CUST00097,2025-12-01,2025-12-16,2025-12-06,4699.61,4699.61,USD,PAID
AR003307,CUST00383,2026-08-27,2026-09-11,,2918.44,0.0,USD,OPEN
AR003308,CUST00274,2026-07-10,2026-08-09,2026-07-31,2503.62,2503.62,USD,PAID
AR003309,CUST00097,2024-01-29,2024-02-13,2024-03-18,8822.58,8822.58,USD,PAID
AR003310,CUST00379,2024-12-26,2025-01-10,2025-02-19,1807.53,1807.53,USD,PAID
AR003311,CUST00467,2025-06-04,2025-07-04,2025-06-24,624.1,624.1,USD,PAID
AR003312,CUST00457,2024-08-07,2024-08-22,2024-08-30,2709.52,2709.52,USD,PAID
AR003313,CUST00105,2024-08-14,2024-09-28,,11818.75,0.0,USD,OPEN
AR003314,CUST00024,2025-05-22,2025-06-21,2025-06-07,725.4,725.4,USD,PAID
AR003315,CUST00474,2026-08-02,2026-10-01,,1305.95,0.0,USD,OPEN
AR003316,CUST00091,2024-10-24,2024-11-08,2024-12-05,2630.16,2630.16,USD,PAID
AR003317,CUST00023,2025-02-03,2025-03-05,2025-04-10,1722.42,1722.42,USD,PAID
AR003318,CUST00452,2024-06-08,2024-07-08,2024-07-26,746.9,746.9,USD,PAID
AR003319,CUST00105,2026-08-02,2026-10-01,,4962.54,0.0,USD,OPEN
AR003320,CUST00213,2026-08-20,2026-10-04,,14589.2,0.0,USD,OPEN
AR003321,CUST00419,2026-04-23,2026-06-22,2026-07-01,2157.1,2157.1,USD,PAID
AR003322,CUST00321,2026-03-08,2026-05-07,2026-04-23,801.38,801.38,USD,PAID
AR003323,CUST00393,2025-12-10,2026-02-08,,448.51,0.0,USD,OPEN
AR003324,CUST00037,2025-04-04,2025-05-04,2025-05-17,2280.56,2280.56,USD,PAID
AR003325,CUST00462,2025-10-14,2025-10-29,,4882.88,0.0,USD,OPEN
AR003326,CUST00275,2026-03-21,2026-05-20,,2772.91,0.0,USD,OPEN
AR003327,CUST00490,2024-12-01,2024-12-31,2025-01-17,1804.14,1804.14,USD,PAID
AR003328,CUST00146,2025-11-28,2026-01-27,2026-02-17,1063.86,1063.86,USD,PAID
AR003329,CUST00062,2026-05-26,2026-07-10,,676.58,0.0,USD,OPEN
AR003330,CUST00434,2025-02-08,2025-03-10,2025-05-05,3832.51,3832.51,USD,PAID
AR003331,CUST00019,2025-05-24,2025-06-23,,4115.0,0.0,USD,OPEN
AR003332,CUST00118,2025-04-25,2025-06-24,,449.82,0.0,USD,OPEN
AR003333,CUST00391,2024-02-08,2024-04-08,,7561.73,0.0,USD,OPEN
AR003334,CUST00225,2025-12-11,2025-12-26,2026-01-27,3031.05,3031.05,USD,PAID
AR003335,CUST00340,2026-01-26,2026-02-25,2026-02-15,6371.79,6371.79,USD,PAID
AR003336,CUST00023,2026-08-14,2026-09-13,,540.28,0.0,USD,OPEN
AR003337,CUST00441,2025-08-05,2025-08-20,2025-09-17,528.88,528.88,USD,PAID
AR003338,CUST00237,2026-08-31,2026-10-15,,1581.18,0.0,USD,OPEN
AR003339,CUST00485,2024-07-24,2024-08-08,2024-08-12,2842.69,2842.69,USD,PAID
AR003340,CUST00172,2024-10-25,2024-11-09,2024-11-18,9106.33,9106.33,USD,PAID
AR003341,CUST00226,2025-11-04,2026-01-03,,3413.42,0.0,USD,OPEN
AR003342,CUST00286,2024-03-12,2024-04-11,2024-05-02,1453.29,1453.29,USD,PAID
AR003343,CUST00030,2024-06-13,2024-07-13,2024-08-07,717.86,717.86,USD,PAID
AR003344,CUST00009,2024-04-24,2024-05-09,2024-07-01,5469.82,5469.82,USD,PAID
AR003345,CUST00190,2025-09-25,2025-10-25,2025-11-20,758.82,758.82,USD,PAID
AR003346,CUST00004,2024-02-09,2024-03-10,2024-03-24,7829.25,7829.25,USD,PAID
AR003347,CUST00394,2025-01-25,2025-02-09,2025-03-15,1399.76,1399.76,USD,PAID
AR003348,CUST00289,2025-08-03,2025-08-18,2025-08-07,7566.79,7566.79,USD,PAID
AR003349,CUST00422,2025-07-12,2025-07-27,,3331.03,0.0,USD,OPEN
AR003350,CUST00145,2026-07-21,2026-09-19,,1598.31,0.0,USD,OPEN
AR003351,CUST00350,2025-12-03,2026-02-01,2026-02-16,1132.91,1132.91,USD,PAID
AR003352,CUST00246,2025-05-17,2025-07-01,2025-08-13,1330.33,1330.33,USD,PAID
AR003353,CUST00115,2026-07-30,2026-08-29,,2658.41,0.0,USD,OPEN
AR003354,CUST00494,2024-05-27,2024-07-11,2024-07-18,1938.06,1938.06,USD,PAID
AR003355,CUST00379,2025-02-01,2025-03-18,2025-04-19,1059.52,1059.52,USD,PAID
AR003356,CUST00022,2024-01-22,2024-03-22,2024-03-25,1557.65,1557.65,USD,PAID
AR003357,CUST00437,2025-04-15,2025-06-14,2025-08-07,1940.54,1940.54,USD,PAID
AR003358,CUST00321,2024-08-20,2024-10-19,,266.17,0.0,USD,OPEN
AR003359,CUST00453,2024-12-27,2025-01-26,2025-03-05,2730.8,2730.8,USD,PAID
AR003360,CUST00488,2025-03-03,2025-05-02,2025-06-12,748.63,748.63,USD,PAID
AR003361,CUST00341,2025-02-01,2025-04-02,2025-04-28,640.34,640.34,USD,PAID
AR003362,CUST00126,2025-02-12,2025-03-14,2025-03-25,395.99,395.99,USD,PAID
AR003363,CUST00461,2024-08-10,2024-09-09,2024-10-10,359.78,359.78,USD,PAID
AR003364,CUST00110,2025-04-19,2025-06-18,2025-07-12,533.84,533.84,USD,PAID
AR003365,CUST00334,2025-02-06,2025-03-08,2025-05-01,955.16,955.16,USD,PAID
AR003366,CUST00027,2025-04-08,2025-05-23,2025-06-29,10487.44,10487.44,USD,PAID
AR003367,CUST00338,2024-07-23,2024-08-22,2024-08-27,1126.32,1126.32,USD,PAID
AR003368,CUST00227,2025-01-28,2025-03-29,,2121.7,0.0,USD,OPEN
AR003369,CUST00140,2024-01-25,2024-02-24,2024-03-02,2592.64,2592.64,USD,PAID
AR003370,CUST00401,2026-02-02,2026-03-04,2026-05-01,2034.4,2034.4,USD,PAID
AR003371,CUST00163,2026-03-31,2026-04-30,,1686.31,0.0,USD,OPEN
AR003372,CUST00391,2025-04-24,2025-05-24,2025-05-25,616.61,616.61,USD,PAID
AR003373,CUST00377,2026-08-11,2026-10-10,,6673.07,0.0,USD,OPEN
AR003374,CUST00044,2025-10-05,2025-10-20,2025-10-13,9195.57,9195.57,USD,PAID
AR003375,CUST00170,2024-01-22,2024-02-06,2024-01-28,397.66,397.66,USD,PAID
AR003376,CUST00104,2026-05-23,2026-06-07,2026-07-07,719.37,719.37,USD,PAID
AR003377,CUST00431,2026-01-31,2026-03-02,2026-03-26,1405.53,1405.53,USD,PAID
AR003378,CUST00299,2024-03-08,2024-04-22,2024-05-17,758.93,758.93,USD,PAID
AR003379,CUST00149,2026-07-15,2026-09-13,,2850.84,0.0,USD,OPEN
AR003380,CUST00462,2024-11-06,2024-11-21,2024-11-26,938.76,938.76,USD,PAID
AR003381,CUST00061,2026-06-20,2026-07-20,,12689.76,0.0,USD,OPEN
AR003382,CUST00283,2025-06-29,2025-08-28,,5279.01,0.0,USD,OPEN
AR003383,CUST00354,2025-10-05,2025-12-04,2025-12-24,2189.26,2189.26,USD,PAID
AR003384,CUST00466,2026-05-18,2026-06-17,2026-06-20,4556.4,4556.4,USD,PAID
AR003385,CUST00451,2025-03-31,2025-04-15,2025-04-17,4891.77,4891.77,USD,PAID
AR003386,CUST00393,2025-01-25,2025-03-26,2025-04-01,1088.38,1088.38,USD,PAID
AR003387,CUST00293,2024-01-21,2024-03-06,2024-05-04,867.32,867.32,USD,PAID
AR003388,CUST00485,2024-07-05,2024-09-03,2024-10-20,1939.78,1939.78,USD,PAID
AR003389,CUST00454,2025-11-18,2026-01-02,2025-12-28,3926.38,3926.38,USD,PAID
AR003390,CUST00320,2025-01-13,2025-01-28,,2049.1,0.0,USD,OPEN
AR003391,CUST00479,2024-11-03,2025-01-02,2025-01-01,437.34,437.34,USD,PAID
AR003392,CUST00150,2026-03-20,2026-04-19,2026-05-15,877.83,877.83,USD,PAID
AR003393,CUST00009,2025-12-29,2026-01-13,2026-03-02,1691.59,1691.59,USD,PAID
AR003394,CUST00436,2025-09-28,2025-11-27,2025-12-28,1689.02,1689.02,USD,PAID
AR003395,CUST00463,2024-09-15,2024-10-15,2024-12-05,10671.03,10671.03,USD,PAID
AR003396,CUST00027,2026-07-26,2026-08-10,2026-08-16,519.37,519.37,USD,PAID
AR003397,CUST00230,2025-10-26,2025-11-25,2025-12-13,2849.87,2849.87,USD,PAID
AR003398,CUST00384,2025-03-19,2025-05-03,,6906.39,0.0,USD,OPEN
AR003399,CUST00283,2026-02-16,2026-04-17,2026-05-14,13964.93,13964.93,USD,PAID
AR003400,CUST00377,2024-02-02,2024-03-03,2024-02-18,1256.45,1256.45,USD,PAID
AR003401,CUST00464,2025-08-10,2025-08-25,2025-09-04,2813.79,2813.79,USD,PAID
AR003402,CUST00357,2025-04-26,2025-06-25,2025-07-14,3019.31,3019.31,USD,PAID
AR003403,CUST00438,2025-01-19,2025-03-05,2025-04-24,2155.84,2155.84,USD,PAID
AR003404,CUST00068,2026-03-13,2026-05-12,2026-06-09,1654.14,1654.14,USD,PAID
AR003405,CUST00099,2026-08-23,2026-10-07,,2676.8,0.0,USD,OPEN
AR003406,CUST00471,2025-05-15,2025-06-29,2025-08-10,185.12,185.12,USD,PAID
AR003407,CUST00442,2025-11-18,2025-12-03,2025-12-28,3340.46,3340.46,USD,PAID
AR003408,CUST00066,2025-06-05,2025-06-20,,2025.48,0.0,USD,OPEN
AR003409,CUST00192,2026-04-05,2026-04-20,2026-04-27,1479.96,1479.96,USD,PAID
AR003410,CUST00399,2024-03-07,2024-04-06,2024-04-21,11409.21,11409.21,USD,PAID
AR003411,CUST00007,2024-03-30,2024-04-14,,984.92,0.0,USD,OPEN
AR003412,CUST00080,2026-01-24,2026-03-10,2026-03-04,1257.94,1257.94,USD,PAID
AR003413,CUST00403,2025-08-19,2025-10-18,2025-11-14,10855.18,10855.18,USD,PAID
AR003414,CUST00361,2025-11-11,2025-11-26,2025-11-18,855.04,855.04,USD,PAID
AR003415,CUST00096,2024-05-22,2024-06-21,2024-06-16,1102.02,1102.02,USD,PAID
AR003416,CUST00406,2024-04-03,2024-04-18,,1583.95,0.0,USD,OPEN
AR003417,CUST00199,2025-12-03,2026-01-02,2025-12-28,3853.21,3853.21,USD,PAID
AR003418,CUST00363,2024-11-24,2024-12-24,2025-01-03,2179.87,2179.87,USD,PAID
AR003419,CUST00443,2025-05-22,2025-06-21,2025-08-20,564.89,564.89,USD,PAID
AR003420,CUST00004,2026-05-31,2026-06-15,2026-08-03,1119.96,1119.96,USD,PAID
AR003421,CUST00074,2024-03-22,2024-04-21,2024-05-09,1046.68,1046.68,USD,PAID
AR003422,CUST00097,2026-06-18,2026-07-18,2026-07-12,1686.65,1686.65,USD,PAID
AR003423,CUST00084,2024-07-10,2024-08-24,2024-09-07,2652.5,2652.5,USD,PAID
AR003424,CUST00328,2025-02-08,2025-03-25,2025-05-13,2634.33,2634.33,USD,PAID
AR003425,CUST00377,2024-10-19,2024-11-18,2024-12-17,365.62,365.62,USD,PAID
AR003426,CUST00145,2024-09-03,2024-09-18,2024-10-05,4710.49,4710.49,USD,PAID
AR003427,CUST00033,2026-02-11,2026-03-13,,2269.49,0.0,USD,OPEN
AR003428,CUST00318,2025-05-20,2025-07-04,2025-06-26,6285.99,6285.99,USD,PAID
AR003429,CUST00392,2026-02-12,2026-04-13,,2696.68,0.0,USD,OPEN
AR003430,CUST00382,2026-07-09,2026-09-07,,4871.66,0.0,USD,OPEN
AR003431,CUST00358,2025-11-21,2025-12-06,2026-01-06,2751.47,2751.47,USD,PAID
AR003432,CUST00231,2025-11-28,2025-12-13,2026-01-07,6072.97,6072.97,USD,PAID
AR003433,CUST00391,2025-01-01,2025-03-02,2025-03-25,2892.93,2892.93,USD,PAID
AR003434,CUST00117,2025-05-15,2025-06-29,2025-07-08,1655.53,1655.53,USD,PAID
AR003435,CUST00181,2025-08-24,2025-09-23,,13977.32,0.0,USD,OPEN
AR003436,CUST00473,2025-02-23,2025-04-24,2025-05-20,4024.41,4024.41,USD,PAID
AR003437,CUST00232,2026-03-26,2026-05-25,2026-07-08,3030.16,3030.16,USD,PAID
AR003438,CUST00215,2024-06-05,2024-07-05,2024-08-08,573.25,573.25,USD,PAID
AR003439,CUST00196,2026-08-30,2026-09-14,,567.09,0.0,USD,OPEN
AR003440,CUST00223,2026-06-10,2026-07-10,2026-06-26,2352.99,2352.99,USD,PAID
AR003441,CUST00485,2026-03-21,2026-04-20,,2061.05,0.0,USD,OPEN
AR003442,CUST00201,2024-07-07,2024-08-06,,1040.33,0.0,USD,OPEN
AR003443,CUST00012,2025-04-28,2025-05-28,2025-06-07,2052.64,2052.64,USD,PAID
AR003444,CUST00425,2025-05-24,2025-07-23,,7553.48,0.0,USD,OPEN
AR003445,CUST00311,2026-05-24,2026-07-08,2026-08-24,3380.78,3380.78,USD,PAID
AR003446,CUST00250,2026-01-11,2026-03-12,2026-03-17,647.48,647.48,USD,PAID
AR003447,CUST00035,2025-11-12,2025-11-27,2025-11-25,1635.4,1635.4,USD,PAID
AR003448,CUST00121,2024-11-27,2025-01-26,2025-01-29,876.14,876.14,USD,PAID
AR003449,CUST00252,2025-06-15,2025-08-14,2025-09-21,1275.47,1275.47,USD,PAID
AR003450,CUST00323,2024-01-14,2024-02-28,2024-03-27,1246.07,1246.07,USD,PAID
AR003451,CUST00272,2024-11-14,2025-01-13,2025-01-14,1176.29,1176.29,USD,PAID
AR003452,CUST00190,2024-10-15,2024-11-29,2024-11-30,584.28,584.28,USD,PAID
AR003453,CUST00229,2025-08-01,2025-09-30,,1611.81,0.0,USD,OPEN
AR003454,CUST00353,2025-01-13,2025-03-14,2025-04-09,1091.66,1091.66,USD,PAID
AR003455,CUST00403,2024-08-27,2024-10-11,2024-11-25,129.48,129.48,USD,PAID
AR003456,CUST00358,2024-10-14,2024-11-28,2024-12-25,11472.12,11472.12,USD,PAID
AR003457,CUST00498,2024-07-18,2024-08-17,2024-10-14,4816.93,4816.93,USD,PAID
AR003458,CUST00417,2026-07-22,2026-08-21,,1288.62,0.0,USD,OPEN
AR003459,CUST00456,2026-04-19,2026-05-19,2026-07-03,1838.93,1838.93,USD,PAID
AR003460,CUST00197,2024-01-20,2024-03-05,2024-03-02,629.87,629.87,USD,PAID
AR003461,CUST00271,2026-02-07,2026-03-09,2026-03-04,8317.78,8317.78,USD,PAID
AR003462,CUST00035,2025-05-17,2025-07-16,2025-08-04,9972.23,9972.23,USD,PAID
AR003463,CUST00365,2025-04-05,2025-06-04,2025-06-24,2081.88,2081.88,USD,PAID
AR003464,CUST00243,2024-05-26,2024-07-10,2024-07-02,4542.25,4542.25,USD,PAID
AR003465,CUST00183,2024-09-09,2024-10-09,2024-11-04,2117.01,2117.01,USD,PAID
AR003466,CUST00490,2026-04-24,2026-06-23,2026-07-12,542.91,542.91,USD,PAID
AR003467,CUST00103,2024-11-23,2025-01-22,2025-03-16,1248.08,1248.08,USD,PAID
AR003468,CUST00152,2026-04-23,2026-05-23,2026-05-23,2035.99,2035.99,USD,PAID
AR003469,CUST00269,2026-01-21,2026-02-05,2026-02-14,1201.0,1201.0,USD,PAID
AR003470,CUST00217,2026-03-29,2026-05-13,2026-06-15,1485.06,1485.06,USD,PAID
AR003471,CUST00074,2025-12-18,2026-01-02,2026-01-13,1665.27,1665.27,USD,PAID
AR003472,CUST00330,2024-10-30,2024-11-14,,1681.11,0.0,USD,OPEN
AR003473,CUST00239,2026-02-19,2026-04-20,,1895.11,0.0,USD,OPEN
AR003474,CUST00285,2026-03-05,2026-04-04,2026-05-07,696.07,696.07,USD,PAID
AR003475,CUST00480,2024-06-09,2024-08-08,2024-08-06,948.31,948.31,USD,PAID
AR003476,CUST00146,2024-10-07,2024-12-06,2025-01-18,569.0,569.0,USD,PAID
AR003477,CUST00064,2024-06-15,2024-07-15,2024-07-02,4359.16,4359.16,USD,PAID
AR003478,CUST00073,2024-02-23,2024-04-08,2024-05-10,271.76,271.76,USD,PAID
AR003479,CUST00331,2024-11-18,2025-01-17,2025-02-26,5106.3,5106.3,USD,PAID
AR003480,CUST00314,2024-11-27,2025-01-26,,6296.28,0.0,USD,OPEN
AR003481,CUST00290,2026-05-06,2026-05-21,2026-06-16,1377.52,1377.52,USD,PAID
AR003482,CUST00371,2026-02-13,2026-02-28,2026-02-20,173.67,173.67,USD,PAID
AR003483,CUST00072,2026-01-04,2026-02-03,2026-01-27,1306.13,1306.13,USD,PAID
AR003484,CUST00048,2024-06-04,2024-06-19,2024-07-04,1706.56,1706.56,USD,PAID
AR003485,CUST00042,2026-02-11,2026-03-28,2026-04-25,728.12,728.12,USD,PAID
AR003486,CUST00206,2025-02-26,2025-04-12,2025-05-30,1137.18,1137.18,USD,PAID
AR003487,CUST00356,2025-07-12,2025-07-27,2025-08-31,7166.52,7166.52,USD,PAID
AR003488,CUST00082,2024-06-07,2024-06-22,2024-08-03,3289.31,3289.31,USD,PAID
AR003489,CUST00331,2024-04-28,2024-06-12,2024-06-04,786.74,786.74,USD,PAID
AR003490,CUST00432,2025-11-30,2025-12-15,,429.3,0.0,USD,OPEN
AR003491,CUST00113,2025-12-15,2026-01-14,2026-01-04,1347.07,1347.07,USD,PAID
AR003492,CUST00257,2026-02-15,2026-03-17,2026-03-19,1492.02,1492.02,USD,PAID
AR003493,CUST00010,2024-11-23,2025-01-07,2025-02-11,2825.89,2825.89,USD,PAID
AR003494,CUST00282,2025-06-06,2025-07-21,2025-08-28,1116.79,1116.79,USD,PAID
AR003495,CUST00107,2024-03-10,2024-03-25,2024-03-14,2865.07,2865.07,USD,PAID
AR003496,CUST00360,2024-08-23,2024-10-22,,10317.93,0.0,USD,OPEN
AR003497,CUST00204,2024-03-23,2024-05-07,2024-05-13,3766.69,3766.69,USD,PAID
AR003498,CUST00137,2024-08-05,2024-09-04,2024-09-25,1731.46,1731.46,USD,PAID
AR003499,CUST00428,2025-07-23,2025-09-06,2025-09-11,1533.28,1533.28,USD,PAID
AR003500,CUST00460,2024-07-25,2024-09-08,2024-10-04,1311.59,1311.59,USD,PAID
AR003501,CUST00147,2024-09-23,2024-11-22,,5232.15,0.0,USD,OPEN
AR003502,CUST00395,2025-04-07,2025-04-22,2025-06-11,1028.05,1028.05,USD,PAID
AR003503,CUST00022,2025-02-19,2025-03-21,,1883.15,0.0,USD,OPEN
AR003504,CUST00103,2025-01-31,2025-02-15,2025-02-26,1893.3,1893.3,USD,PAID
AR003505,CUST00454,2026-02-16,2026-04-02,2026-04-14,1151.01,1151.01,USD,PAID
AR003506,CUST00332,2025-08-30,2025-10-14,2025-10-05,525.73,525.73,USD,PAID
AR003507,CUST00112,2025-10-03,2025-11-02,2025-11-19,2417.95,2417.95,USD,PAID
AR003508,CUST00425,2025-06-07,2025-06-22,2025-07-04,1711.45,1711.45,USD,PAID
AR003509,CUST00369,2024-07-04,2024-08-18,2024-09-21,2836.19,2836.19,USD,PAID
AR003510,CUST00472,2024-12-01,2025-01-30,2025-02-05,1118.52,1118.52,USD,PAID
AR003511,CUST00408,2025-05-18,2025-07-17,2025-08-07,5424.82,5424.82,USD,PAID
AR003512,CUST00055,2025-11-14,2025-12-14,,821.31,0.0,USD,OPEN
AR003513,CUST00439,2026-06-24,2026-07-09,2026-06-30,8440.83,8440.83,USD,PAID
AR003514,CUST00228,2024-01-12,2024-02-26,2024-03-20,375.08,375.08,USD,PAID
AR003515,CUST00189,2025-01-25,2025-02-24,,2673.9,0.0,USD,OPEN
AR003516,CUST00039,2024-08-08,2024-09-07,2024-10-09,2773.56,2773.56,USD,PAID
AR003517,CUST00395,2024-10-13,2024-12-12,2025-01-04,883.59,883.59,USD,PAID
AR003518,CUST00234,2024-02-05,2024-02-20,2024-03-09,2649.05,2649.05,USD,PAID
AR003519,CUST00326,2026-08-10,2026-09-09,,5719.1,0.0,USD,OPEN
AR003520,CUST00090,2026-02-01,2026-02-16,2026-04-02,245.88,245.88,USD,PAID
AR003521,CUST00121,2024-01-15,2024-01-30,,2842.59,0.0,USD,OPEN
AR003522,CUST00246,2025-04-11,2025-05-26,2025-07-22,191.72,191.72,USD,PAID
AR003523,CUST00348,2024-03-05,2024-04-04,2024-05-09,758.17,758.17,USD,PAID
AR003524,CUST00222,2025-01-21,2025-02-05,,7834.17,0.0,USD,OPEN
AR003525,CUST00296,2026-04-30,2026-06-29,2026-06-15,1071.05,1071.05,USD,PAID
AR003526,CUST00364,2026-07-07,2026-07-22,2026-08-11,628.61,628.61,USD,PAID
AR003527,CUST00013,2024-10-15,2024-12-14,2025-01-02,1513.01,1513.01,USD,PAID
AR003528,CUST00121,2025-11-18,2026-01-02,2026-01-11,11627.35,11627.35,USD,PAID
AR003529,CUST00448,2025-12-07,2026-02-05,2026-01-26,347.75,347.75,USD,PAID
AR003530,CUST00406,2025-07-30,2025-09-28,2025-11-14,701.92,701.92,USD,PAID
AR003531,CUST00307,2024-08-25,2024-09-09,2024-09-05,6958.29,6958.29,USD,PAID
AR003532,CUST00084,2025-01-11,2025-03-12,2025-05-05,9623.2,9623.2,USD,PAID
AR003533,CUST00075,2025-01-17,2025-03-03,2025-04-26,1647.33,1647.33,USD,PAID
AR003534,CUST00206,2024-11-24,2025-01-08,2025-03-08,592.8,592.8,USD,PAID
AR003535,CUST00076,2025-01-16,2025-03-17,2025-04-08,11923.41,11923.41,USD,PAID
AR003536,CUST00185,2026-04-13,2026-06-12,2026-07-19,7593.12,7593.12,USD,PAID
AR003537,CUST00171,2025-03-18,2025-04-02,2025-04-04,3331.08,3331.08,USD,PAID
AR003538,CUST00386,2026-08-04,2026-09-18,,870.3,0.0,USD,OPEN
AR003539,CUST00260,2025-07-06,2025-08-05,2025-09-02,1729.99,1729.99,USD,PAID
AR003540,CUST00324,2026-07-29,2026-08-28,,1565.05,0.0,USD,OPEN
AR003541,CUST00072,2026-05-01,2026-05-31,2026-07-28,2435.16,2435.16,USD,PAID
AR003542,CUST00042,2026-04-15,2026-05-15,2026-06-19,6673.51,6673.51,USD,PAID
AR003543,CUST00279,2026-04-23,2026-06-22,2026-08-10,3989.72,3989.72,USD,PAID
AR003544,CUST00479,2024-02-12,2024-02-27,2024-03-15,685.65,685.65,USD,PAID
AR003545,CUST00251,2025-07-17,2025-08-16,2025-09-12,6240.69,6240.69,USD,PAID
AR003546,CUST00281,2024-04-29,2024-06-13,2024-07-15,2396.63,2396.63,USD,PAID
AR003547,CUST00113,2026-08-17,2026-10-16,,3355.51,0.0,USD,OPEN
AR003548,CUST00116,2025-08-13,2025-09-27,2025-09-25,6767.5,6767.5,USD,PAID
AR003549,CUST00356,2025-10-17,2025-12-16,,664.86,0.0,USD,OPEN
AR003550,CUST00410,2026-07-05,2026-08-04,,1750.68,0.0,USD,OPEN
AR003551,CUST00037,2024-04-20,2024-06-19,,1120.68,0.0,USD,OPEN
AR003552,CUST00156,2025-12-12,2026-01-26,2026-03-03,440.95,440.95,USD,PAID
AR003553,CUST00488,2026-04-25,2026-05-25,2026-05-22,2470.16,2470.16,USD,PAID
AR003554,CUST00016,2026-04-14,2026-05-14,,17333.58,0.0,USD,OPEN
AR003555,CUST00035,2024-10-29,2024-11-13,2024-11-07,345.13,345.13,USD,PAID
AR003556,CUST00484,2024-09-16,2024-11-15,2024-12-24,1756.27,1756.27,USD,PAID
AR003557,CUST00306,2025-01-01,2025-03-02,,3217.91,0.0,USD,OPEN
AR003558,CUST00156,2024-11-03,2024-12-18,2024-12-29,2019.83,2019.83,USD,PAID
AR003559,CUST00022,2025-03-14,2025-05-13,2025-07-12,1633.02,1633.02,USD,PAID
AR003560,CUST00164,2025-11-26,2026-01-25,2026-03-14,561.55,561.55,USD,PAID
AR003561,CUST00441,2024-12-25,2025-01-09,2025-02-23,2229.45,2229.45,USD,PAID
AR003562,CUST00217,2026-03-27,2026-05-26,2026-05-23,914.99,914.99,USD,PAID
AR003563,CUST00014,2025-12-06,2026-01-20,2026-03-08,251.91,251.91,USD,PAID
AR003564,CUST00244,2025-01-24,2025-02-08,2025-02-04,5298.26,5298.26,USD,PAID
AR003565,CUST00371,2024-09-15,2024-09-30,,4283.59,0.0,USD,OPEN
AR003566,CUST00124,2026-04-30,2026-05-15,2026-06-12,1894.09,1894.09,USD,PAID
AR003567,CUST00159,2025-09-10,2025-11-09,,2222.01,0.0,USD,OPEN
AR003568,CUST00049,2025-07-19,2025-09-17,2025-10-24,4754.69,4754.69,USD,PAID
AR003569,CUST00479,2024-01-11,2024-02-10,2024-01-29,2212.56,2212.56,USD,PAID
AR003570,CUST00093,2025-06-02,2025-08-01,,4079.04,0.0,USD,OPEN
AR003571,CUST00411,2025-04-19,2025-06-03,2025-07-07,1383.35,1383.35,USD,PAID
AR003572,CUST00358,2026-08-05,2026-08-20,2026-08-20,5888.67,5888.67,USD,PAID
AR003573,CUST00232,2025-06-13,2025-08-12,,2413.2,0.0,USD,OPEN
AR003574,CUST00308,2024-10-27,2024-11-26,,2153.06,0.0,USD,OPEN
AR003575,CUST00080,2024-12-05,2025-02-03,,576.48,0.0,USD,OPEN
AR003576,CUST00249,2026-05-07,2026-05-22,,2340.83,0.0,USD,OPEN
AR003577,CUST00396,2024-09-12,2024-09-27,2024-10-04,855.12,855.12,USD,PAID
AR003578,CUST00175,2025-01-20,2025-02-04,2025-02-17,1017.95,1017.95,USD,PAID
AR003579,CUST00414,2026-06-05,2026-08-04,,867.97,0.0,USD,OPEN
AR003580,CUST00072,2025-12-18,2026-01-02,,692.56,0.0,USD,OPEN
AR003581,CUST00407,2024-05-15,2024-05-30,2024-06-30,12237.92,12237.92,USD,PAID
AR003582,CUST00269,2025-12-16,2026-02-14,,5992.15,0.0,USD,OPEN
AR003583,CUST00215,2026-07-08,2026-08-22,2026-08-20,10181.53,10181.53,USD,PAID
AR003584,CUST00360,2025-04-30,2025-05-15,2025-07-10,601.48,601.48,USD,PAID
AR003585,CUST00135,2025-03-08,2025-03-23,,1927.79,0.0,USD,OPEN
AR003586,CUST00471,2026-06-17,2026-08-01,,564.45,0.0,USD,OPEN
AR003587,CUST00083,2024-09-06,2024-10-06,,966.69,0.0,USD,OPEN
AR003588,CUST00338,2024-03-29,2024-04-28,2024-06-09,791.31,791.31,USD,PAID
AR003589,CUST00035,2025-07-13,2025-08-27,2025-10-12,5517.2,5517.2,USD,PAID
AR003590,CUST00287,2026-03-19,2026-04-18,2026-04-17,1265.72,1265.72,USD,PAID
AR003591,CUST00069,2024-02-10,2024-03-11,2024-04-03,4729.34,4729.34,USD,PAID
AR003592,CUST00031,2026-02-03,2026-04-04,,3114.14,0.0,USD,OPEN
AR003593,CUST00341,2025-06-06,2025-06-21,,14375.42,0.0,USD,OPEN
AR003594,CUST00164,2024-09-29,2024-10-14,2024-10-16,477.47,477.47,USD,PAID
AR003595,CUST00097,2026-07-31,2026-08-30,,5615.63,0.0,USD,OPEN
AR003596,CUST00051,2025-11-10,2026-01-09,2026-01-21,5073.55,5073.55,USD,PAID
AR003597,CUST00440,2024-06-25,2024-08-24,2024-10-17,752.92,752.92,USD,PAID
AR003598,CUST00066,2026-04-03,2026-04-18,,4475.71,0.0,USD,OPEN
AR003599,CUST00245,2026-05-28,2026-06-27,2026-06-20,2446.79,2446.79,USD,PAID
AR003600,CUST00321,2025-06-09,2025-06-24,2025-07-10,1473.32,1473.32,USD,PAID
AR003601,CUST00481,2026-02-10,2026-04-11,2026-05-12,861.31,861.31,USD,PAID
AR003602,CUST00022,2024-08-18,2024-10-02,2024-11-11,946.53,946.53,USD,PAID
AR003603,CUST00099,2026-06-10,2026-07-25,2026-07-13,11439.54,11439.54,USD,PAID
AR003604,CUST00384,2025-11-18,2026-01-02,2026-01-15,1809.15,1809.15,USD,PAID
AR003605,CUST00456,2026-07-18,2026-08-17,,3655.24,0.0,USD,OPEN
AR003606,CUST00148,2025-02-20,2025-03-22,2025-05-12,887.31,887.31,USD,PAID
AR003607,CUST00214,2025-05-24,2025-06-08,2025-05-27,896.17,896.17,USD,PAID
AR003608,CUST00396,2024-03-08,2024-03-23,2024-03-26,4787.61,4787.61,USD,PAID
AR003609,CUST00144,2025-10-18,2025-11-02,2025-12-07,536.67,536.67,USD,PAID
AR003610,CUST00310,2025-04-20,2025-06-04,2025-07-27,1244.27,1244.27,USD,PAID
AR003611,CUST00262,2024-11-30,2025-01-14,2025-02-28,1864.27,1864.27,USD,PAID
AR003612,CUST00356,2025-05-14,2025-07-13,2025-09-11,1998.67,1998.67,USD,PAID
AR003613,CUST00355,2025-07-27,2025-08-26,2025-08-22,1538.89,1538.89,USD,PAID
AR003614,CUST00129,2025-05-16,2025-06-30,2025-06-23,2581.79,2581.79,USD,PAID
AR003615,CUST00305,2025-10-06,2025-11-20,2025-12-11,3373.04,3373.04,USD,PAID
AR003616,CUST00465,2025-06-09,2025-07-09,2025-08-04,3502.3,3502.3,USD,PAID
AR003617,CUST00099,2024-09-02,2024-10-02,2024-10-26,744.55,744.55,USD,PAID
AR003618,CUST00143,2026-04-25,2026-06-09,2026-07-16,1400.05,1400.05,USD,PAID
AR003619,CUST00394,2024-09-27,2024-11-26,2024-12-05,5299.07,5299.07,USD,PAID
AR003620,CUST00098,2025-09-19,2025-10-19,2025-11-10,4044.78,4044.78,USD,PAID
AR003621,CUST00165,2025-12-04,2026-01-18,2026-03-14,525.54,525.54,USD,PAID
AR003622,CUST00061,2024-07-28,2024-09-26,2024-10-03,2480.79,2480.79,USD,PAID
AR003623,CUST00307,2026-01-11,2026-02-25,2026-03-08,304.78,304.78,USD,PAID
AR003624,CUST00332,2026-03-19,2026-05-03,,1886.05,0.0,USD,OPEN
AR003625,CUST00248,2026-04-09,2026-06-08,2026-07-13,9976.53,9976.53,USD,PAID
AR003626,CUST00276,2026-01-04,2026-02-18,2026-04-02,770.39,770.39,USD,PAID
AR003627,CUST00130,2024-12-15,2025-01-14,2025-01-08,853.3,853.3,USD,PAID
AR003628,CUST00002,2024-05-07,2024-07-06,2024-08-10,3596.18,3596.18,USD,PAID
AR003629,CUST00476,2024-03-09,2024-04-08,2024-04-25,451.01,451.01,USD,PAID
AR003630,CUST00299,2025-05-21,2025-07-20,2025-09-13,1023.03,1023.03,USD,PAID
AR003631,CUST00102,2026-04-20,2026-06-04,2026-07-12,3092.69,3092.69,USD,PAID
AR003632,CUST00305,2024-09-29,2024-10-14,2024-11-30,1021.62,1021.62,USD,PAID
AR003633,CUST00062,2024-04-20,2024-06-19,2024-07-14,1462.1,1462.1,USD,PAID
AR003634,CUST00390,2024-05-23,2024-06-22,,3532.52,0.0,USD,OPEN
AR003635,CUST00036,2026-03-31,2026-04-15,,2642.26,0.0,USD,OPEN
AR003636,CUST00066,2024-10-11,2024-10-26,2024-11-14,2298.79,2298.79,USD,PAID
AR003637,CUST00105,2026-03-13,2026-03-28,2026-05-06,1332.47,1332.47,USD,PAID
AR003638,CUST00173,2024-02-10,2024-02-25,,2522.62,0.0,USD,OPEN
AR003639,CUST00119,2025-10-01,2025-11-15,2025-11-30,1617.51,1617.51,USD,PAID
AR003640,CUST00431,2024-08-13,2024-09-27,2024-10-27,2729.91,2729.91,USD,PAID
AR003641,CUST00300,2024-08-30,2024-09-29,,1156.05,0.0,USD,OPEN
AR003642,CUST00495,2024-11-20,2024-12-20,,1534.08,0.0,USD,OPEN
AR003643,CUST00489,2026-04-24,2026-06-23,2026-06-10,741.77,741.77,USD,PAID
AR003644,CUST00415,2024-06-13,2024-06-28,2024-07-17,1751.96,1751.96,USD,PAID
AR003645,CUST00433,2025-05-12,2025-05-27,,871.4,0.0,USD,OPEN
AR003646,CUST00457,2025-02-20,2025-03-22,2025-03-28,663.39,663.39,USD,PAID
AR003647,CUST00123,2024-06-26,2024-07-26,2024-07-11,2281.97,2281.97,USD,PAID
AR003648,CUST00229,2025-11-18,2026-01-02,2026-02-05,2189.58,2189.58,USD,PAID
AR003649,CUST00042,2024-08-06,2024-09-05,,3657.69,0.0,USD,OPEN
AR003650,CUST00436,2025-02-22,2025-04-23,2025-05-27,1226.58,1226.58,USD,PAID
AR003651,CUST00392,2025-09-21,2025-11-20,,2610.37,0.0,USD,OPEN
AR003652,CUST00224,2024-10-05,2024-11-04,2024-12-21,2968.22,2968.22,USD,PAID
AR003653,CUST00260,2026-03-19,2026-05-03,2026-06-20,2698.08,2698.08,USD,PAID
AR003654,CUST00191,2025-09-22,2025-11-21,2025-12-02,859.98,859.98,USD,PAID
AR003655,CUST00087,2024-05-27,2024-06-11,2024-07-14,2068.19,2068.19,USD,PAID
AR003656,CUST00181,2026-03-17,2026-05-16,2026-06-10,2509.22,2509.22,USD,PAID
AR003657,CUST00461,2025-02-18,2025-04-04,2025-04-26,1819.76,1819.76,USD,PAID
AR003658,CUST00492,2024-08-24,2024-10-23,2024-12-07,276.49,276.49,USD,PAID
AR003659,CUST00232,2024-01-25,2024-02-24,2024-02-17,2089.0,2089.0,USD,PAID
AR003660,CUST00185,2025-12-31,2026-01-15,2026-02-13,13243.71,13243.71,USD,PAID
AR003661,CUST00466,2025-01-25,2025-02-09,2025-03-23,1307.62,1307.62,USD,PAID
AR003662,CUST00118,2025-03-10,2025-03-25,2025-04-23,938.92,938.92,USD,PAID
AR003663,CUST00246,2024-10-02,2024-11-16,2024-12-04,2530.1,2530.1,USD,PAID
AR003664,CUST00331,2024-06-10,2024-07-10,2024-09-07,2395.0,2395.0,USD,PAID
AR003665,CUST00187,2025-06-13,2025-07-13,2025-08-15,5289.41,5289.41,USD,PAID
AR003666,CUST00469,2024-02-19,2024-03-20,,582.84,0.0,USD,OPEN
AR003667,CUST00026,2024-06-11,2024-06-26,2024-08-20,3492.04,3492.04,USD,PAID
AR003668,CUST00232,2024-09-13,2024-09-28,2024-10-15,3075.98,3075.98,USD,PAID
AR003669,CUST00224,2024-06-01,2024-07-16,,1590.92,0.0,USD,OPEN
AR003670,CUST00086,2024-10-12,2024-11-11,2024-12-05,2452.39,2452.39,USD,PAID
AR003671,CUST00318,2025-06-17,2025-07-02,2025-06-28,4566.54,4566.54,USD,PAID
AR003672,CUST00483,2024-02-23,2024-03-24,2024-05-08,3964.3,3964.3,USD,PAID
AR003673,CUST00309,2025-03-09,2025-04-08,2025-04-18,646.31,646.31,USD,PAID
AR003674,CUST00052,2025-12-30,2026-01-14,,3782.51,0.0,USD,OPEN
AR003675,CUST00284,2024-10-02,2024-11-01,2024-12-15,1705.78,1705.78,USD,PAID
AR003676,CUST00274,2026-02-18,2026-04-04,2026-04-08,1930.6,1930.6,USD,PAID
AR003677,CUST00167,2026-08-12,2026-09-11,2026-08-28,1931.16,1931.16,USD,PAID
AR003678,CUST00417,2026-05-25,2026-06-24,2026-08-13,1579.37,1579.37,USD,PAID
AR003679,CUST00025,2024-01-22,2024-02-06,2024-02-12,5284.52,5284.52,USD,PAID
AR003680,CUST00442,2025-04-25,2025-05-25,2025-06-09,1676.82,1676.82,USD,PAID
AR003681,CUST00237,2025-09-15,2025-10-30,2025-11-19,660.11,660.11,USD,PAID
AR003682,CUST00057,2024-09-08,2024-11-07,,1268.8,0.0,USD,OPEN
AR003683,CUST00311,2025-12-31,2026-01-30,,2123.51,0.0,USD,OPEN
AR003684,CUST00194,2026-02-11,2026-02-26,,5465.95,0.0,USD,OPEN
AR003685,CUST00410,2024-05-19,2024-06-03,2024-07-25,3111.27,3111.27,USD,PAID
AR003686,CUST00456,2025-05-16,2025-07-15,2025-08-20,840.94,840.94,USD,PAID
AR003687,CUST00182,2025-06-21,2025-08-20,2025-10-10,16927.1,16927.1,USD,PAID
AR003688,CUST00480,2026-03-16,2026-05-15,2026-07-06,2294.56,2294.56,USD,PAID
AR003689,CUST00065,2025-02-21,2025-03-23,2025-05-10,5697.89,5697.89,USD,PAID
AR003690,CUST00432,2026-04-04,2026-04-19,2026-05-21,1577.28,1577.28,USD,PAID
AR003691,CUST00196,2024-11-01,2024-11-16,2024-12-23,2922.0,2922.0,USD,PAID
AR003692,CUST00250,2025-01-19,2025-03-05,2025-03-30,3848.82,3848.82,USD,PAID
AR003693,CUST00231,2024-07-22,2024-08-06,2024-08-09,5412.01,5412.01,USD,PAID
AR003694,CUST00203,2026-06-04,2026-07-04,2026-07-27,4682.71,4682.71,USD,PAID
AR003695,CUST00117,2024-09-07,2024-10-07,,3963.87,0.0,USD,OPEN
AR003696,CUST00239,2026-07-14,2026-09-12,,1361.61,0.0,USD,OPEN
AR003697,CUST00238,2025-12-30,2026-02-28,2026-03-11,1080.77,1080.77,USD,PAID
AR003698,CUST00486,2024-05-13,2024-07-12,2024-07-28,2439.01,2439.01,USD,PAID
AR003699,CUST00180,2024-05-29,2024-06-13,2024-06-04,4187.32,4187.32,USD,PAID
AR003700,CUST00040,2025-04-21,2025-06-20,2025-07-30,1479.64,1479.64,USD,PAID
AR003701,CUST00283,2025-09-04,2025-10-19,2025-12-08,4715.71,4715.71,USD,PAID
AR003702,CUST00035,2025-05-03,2025-05-18,2025-07-03,6683.22,6683.22,USD,PAID
AR003703,CUST00473,2024-12-26,2025-02-09,,792.59,0.0,USD,OPEN
AR003704,CUST00052,2025-06-02,2025-07-02,,851.31,0.0,USD,OPEN
AR003705,CUST00261,2024-05-29,2024-07-13,,1593.46,0.0,USD,OPEN
AR003706,CUST00207,2024-08-11,2024-09-25,,2384.75,0.0,USD,OPEN
AR003707,CUST00146,2024-12-08,2025-02-06,2025-03-04,1127.65,1127.65,USD,PAID
AR003708,CUST00064,2025-01-11,2025-01-26,2025-03-26,6105.73,6105.73,USD,PAID
AR003709,CUST00391,2026-06-23,2026-08-22,,2648.27,0.0,USD,OPEN
AR003710,CUST00374,2025-06-10,2025-06-25,2025-08-19,1873.39,1873.39,USD,PAID
AR003711,CUST00478,2026-02-05,2026-02-20,2026-02-24,496.55,496.55,USD,PAID
AR003712,CUST00375,2026-04-24,2026-06-23,2026-08-03,553.23,553.23,USD,PAID
AR003713,CUST00391,2026-01-09,2026-02-23,,2328.33,0.0,USD,OPEN
AR003714,CUST00197,2026-07-25,2026-08-24,,265.25,0.0,USD,OPEN
AR003715,CUST00156,2024-10-09,2024-12-08,2024-11-28,4497.93,4497.93,USD,PAID
AR003716,CUST00292,2024-01-13,2024-02-12,,1568.17,0.0,USD,OPEN
AR003717,CUST00219,2024-07-17,2024-09-15,2024-09-19,33482.68,33482.68,USD,PAID
AR003718,CUST00001,2025-07-14,2025-08-28,2025-09-08,14430.87,14430.87,USD,PAID
AR003719,CUST00373,2024-03-08,2024-04-07,2024-04-25,1535.63,1535.63,USD,PAID
AR003720,CUST00474,2025-05-09,2025-05-24,2025-05-30,1643.03,1643.03,USD,PAID
AR003721,CUST00343,2025-11-19,2026-01-18,,4429.42,0.0,USD,OPEN
AR003722,CUST00436,2025-04-15,2025-05-30,2025-07-01,8373.74,8373.74,USD,PAID
AR003723,CUST00456,2025-04-25,2025-06-09,2025-08-03,413.96,413.96,USD,PAID
AR003724,CUST00270,2026-07-11,2026-08-25,,362.22,0.0,USD,OPEN
AR003725,CUST00116,2024-06-08,2024-07-23,2024-08-08,1032.94,1032.94,USD,PAID
AR003726,CUST00169,2026-04-14,2026-04-29,2026-05-18,3054.78,3054.78,USD,PAID
AR003727,CUST00027,2026-08-20,2026-10-04,,2827.61,0.0,USD,OPEN
AR003728,CUST00055,2026-09-01,2026-10-16,,4735.27,0.0,USD,OPEN
AR003729,CUST00451,2026-04-23,2026-05-23,2026-06-05,614.17,614.17,USD,PAID
AR003730,CUST00358,2024-09-11,2024-11-10,2024-11-07,224.86,224.86,USD,PAID
AR003731,CUST00215,2025-07-09,2025-08-23,2025-09-28,3913.6,3913.6,USD,PAID
AR003732,CUST00084,2025-08-03,2025-09-17,2025-10-03,858.02,858.02,USD,PAID
AR003733,CUST00397,2025-09-30,2025-11-29,2025-11-22,293.94,293.94,USD,PAID
AR003734,CUST00079,2024-11-17,2024-12-02,2025-01-11,2060.2,2060.2,USD,PAID
AR003735,CUST00481,2025-02-28,2025-04-29,2025-05-26,3691.76,3691.76,USD,PAID
AR003736,CUST00451,2025-01-14,2025-01-29,2025-03-17,1619.95,1619.95,USD,PAID
AR003737,CUST00221,2025-05-18,2025-07-17,2025-08-22,1197.43,1197.43,USD,PAID
AR003738,CUST00173,2026-05-19,2026-06-18,2026-06-24,1566.46,1566.46,USD,PAID
AR003739,CUST00052,2024-06-12,2024-07-27,2024-07-22,1295.27,1295.27,USD,PAID
AR003740,CUST00077,2024-03-25,2024-04-09,2024-03-26,537.41,537.41,USD,PAID
AR003741,CUST00479,2025-07-07,2025-09-05,2025-09-01,950.31,950.31,USD,PAID
AR003742,CUST00242,2026-03-23,2026-04-22,2026-04-07,2890.41,2890.41,USD,PAID
AR003743,CUST00432,2024-06-30,2024-07-15,,2415.14,0.0,USD,OPEN
AR003744,CUST00021,2025-01-10,2025-02-24,2025-02-20,2103.28,2103.28,USD,PAID
AR003745,CUST00299,2024-06-18,2024-08-02,2024-07-22,738.31,738.31,USD,PAID
AR003746,CUST00405,2024-03-25,2024-04-09,2024-04-18,1535.55,1535.55,USD,PAID
AR003747,CUST00056,2024-06-23,2024-08-22,2024-10-08,254.84,254.84,USD,PAID
AR003748,CUST00037,2024-09-30,2024-11-14,2025-01-05,2123.09,2123.09,USD,PAID
AR003749,CUST00237,2026-05-01,2026-06-15,,6541.83,0.0,USD,OPEN
AR003750,CUST00398,2025-09-12,2025-10-27,,479.76,0.0,USD,OPEN
AR003751,CUST00353,2025-12-17,2026-01-01,2026-01-14,1067.06,1067.06,USD,PAID
AR003752,CUST00341,2024-10-17,2024-11-01,2024-11-29,2431.34,2431.34,USD,PAID
AR003753,CUST00488,2024-06-15,2024-08-14,2024-09-13,5583.43,5583.43,USD,PAID
AR003754,CUST00215,2025-06-05,2025-07-20,2025-08-25,1207.85,1207.85,USD,PAID
AR003755,CUST00342,2026-04-06,2026-05-06,2026-05-30,969.69,969.69,USD,PAID
AR003756,CUST00361,2024-11-30,2024-12-30,2025-01-03,307.34,307.34,USD,PAID
AR003757,CUST00301,2024-06-07,2024-06-22,,1984.44,0.0,USD,OPEN
AR003758,CUST00230,2026-06-15,2026-06-30,,11360.17,0.0,USD,OPEN
AR003759,CUST00395,2024-05-09,2024-06-08,2024-06-29,2320.7,2320.7,USD,PAID
AR003760,CUST00223,2024-12-06,2025-01-20,2025-03-07,1772.15,1772.15,USD,PAID
AR003761,CUST00374,2025-02-23,2025-03-10,2025-05-04,2416.01,2416.01,USD,PAID
AR003762,CUST00459,2025-08-24,2025-10-08,2025-10-19,1790.08,1790.08,USD,PAID
AR003763,CUST00099,2025-04-29,2025-05-14,2025-06-18,869.82,869.82,USD,PAID
AR003764,CUST00431,2024-12-19,2025-01-03,,3793.15,0.0,USD,OPEN
AR003765,CUST00238,2026-05-23,2026-07-07,2026-08-24,2215.39,2215.39,USD,PAID
AR003766,CUST00231,2025-11-05,2026-01-04,2026-01-30,1836.93,1836.93,USD,PAID
AR003767,CUST00338,2024-05-16,2024-06-30,2024-08-08,751.57,751.57,USD,PAID
AR003768,CUST00402,2024-11-18,2024-12-18,,5843.92,0.0,USD,OPEN
AR003769,CUST00449,2024-06-17,2024-08-01,2024-09-17,3288.65,3288.65,USD,PAID
AR003770,CUST00072,2024-12-08,2025-01-07,,1099.24,0.0,USD,OPEN
AR003771,CUST00370,2024-09-02,2024-11-01,2024-11-11,4454.38,4454.38,USD,PAID
AR003772,CUST00005,2024-07-03,2024-09-01,,1155.38,0.0,USD,OPEN
AR003773,CUST00173,2025-10-08,2025-11-22,2025-12-24,894.44,894.44,USD,PAID
AR003774,CUST00104,2024-01-03,2024-01-18,2024-03-07,912.57,912.57,USD,PAID
AR003775,CUST00141,2024-08-04,2024-09-03,2024-10-22,367.25,367.25,USD,PAID
AR003776,CUST00314,2025-06-27,2025-08-26,2025-10-25,2763.87,2763.87,USD,PAID
AR003777,CUST00233,2026-08-06,2026-09-05,2026-08-26,347.92,347.92,USD,PAID
AR003778,CUST00023,2026-01-06,2026-02-20,2026-04-04,598.48,598.48,USD,PAID
AR003779,CUST00302,2024-10-18,2024-12-02,,279.21,0.0,USD,OPEN
AR003780,CUST00476,2025-10-04,2025-10-19,2025-11-26,1673.27,1673.27,USD,PAID
AR003781,CUST00115,2025-04-19,2025-05-19,2025-07-18,1579.26,1579.26,USD,PAID
AR003782,CUST00419,2025-04-05,2025-05-20,2025-05-09,1347.46,1347.46,USD,PAID
AR003783,CUST00272,2024-08-22,2024-10-06,2024-09-21,707.46,707.46,USD,PAID
AR003784,CUST00123,2024-08-22,2024-09-06,2024-10-18,629.54,629.54,USD,PAID
AR003785,CUST00411,2025-02-10,2025-02-25,2025-02-19,2746.09,2746.09,USD,PAID
AR003786,CUST00482,2026-04-02,2026-05-17,2026-07-10,1101.58,1101.58,USD,PAID
AR003787,CUST00394,2025-03-02,2025-03-17,2025-04-10,2403.6,2403.6,USD,PAID
AR003788,CUST00110,2025-09-06,2025-09-21,2025-11-19,815.07,815.07,USD,PAID
AR003789,CUST00474,2025-06-30,2025-08-14,2025-08-29,2128.04,2128.04,USD,PAID
AR003790,CUST00336,2025-02-02,2025-03-19,,5842.71,0.0,USD,OPEN
AR003791,CUST00169,2024-07-24,2024-08-08,2024-08-03,3064.22,3064.22,USD,PAID
AR003792,CUST00051,2025-10-24,2025-11-23,2025-11-10,1247.41,1247.41,USD,PAID
AR003793,CUST00150,2024-05-12,2024-06-26,,2278.97,0.0,USD,OPEN
AR003794,CUST00105,2025-11-18,2026-01-02,2026-02-10,1455.93,1455.93,USD,PAID
AR003795,CUST00159,2026-01-16,2026-02-15,2026-03-08,1820.91,1820.91,USD,PAID
AR003796,CUST00080,2025-07-09,2025-07-24,,1348.77,0.0,USD,OPEN
AR003797,CUST00489,2026-06-13,2026-06-28,2026-06-13,1559.47,1559.47,USD,PAID
AR003798,CUST00495,2024-09-02,2024-09-17,2024-10-06,2188.31,2188.31,USD,PAID
AR003799,CUST00063,2024-07-02,2024-07-17,2024-08-14,739.5,739.5,USD,PAID
AR003800,CUST00343,2025-05-27,2025-07-26,2025-09-10,724.66,724.66,USD,PAID
AR003801,CUST00404,2025-09-21,2025-11-05,2025-12-05,518.17,518.17,USD,PAID
AR003802,CUST00413,2024-04-04,2024-05-19,,428.27,0.0,USD,OPEN
AR003803,CUST00033,2024-07-12,2024-08-26,2024-08-22,604.53,604.53,USD,PAID
AR003804,CUST00418,2024-06-15,2024-07-15,2024-09-04,2087.07,2087.07,USD,PAID
AR003805,CUST00016,2025-12-07,2026-01-06,2026-02-04,809.56,809.56,USD,PAID
AR003806,CUST00054,2024-12-14,2025-02-12,2025-03-24,2870.53,2870.53,USD,PAID
AR003807,CUST00318,2026-04-06,2026-06-05,2026-06-14,1865.42,1865.42,USD,PAID
AR003808,CUST00500,2025-10-14,2025-12-13,2025-12-06,307.46,307.46,USD,PAID
AR003809,CUST00286,2026-02-01,2026-03-03,2026-04-20,3259.99,3259.99,USD,PAID
AR003810,CUST00102,2026-02-28,2026-04-29,2026-05-31,3750.78,3750.78,USD,PAID
AR003811,CUST00097,2026-07-10,2026-07-25,,739.17,0.0,USD,OPEN
AR003812,CUST00341,2024-01-04,2024-02-18,,2639.05,0.0,USD,OPEN
AR003813,CUST00384,2026-08-14,2026-09-28,,836.44,0.0,USD,OPEN
AR003814,CUST00044,2026-05-07,2026-05-22,2026-07-05,1974.17,1974.17,USD,PAID
AR003815,CUST00393,2024-05-17,2024-06-01,2024-07-27,579.38,579.38,USD,PAID
AR003816,CUST00283,2024-04-29,2024-05-29,2024-07-23,360.04,360.04,USD,PAID
AR003817,CUST00416,2026-01-13,2026-02-27,,1281.09,0.0,USD,OPEN
AR003818,CUST00421,2024-02-03,2024-03-19,2024-05-11,1617.51,1617.51,USD,PAID
AR003819,CUST00055,2025-03-11,2025-04-25,,1264.07,0.0,USD,OPEN
AR003820,CUST00357,2024-02-26,2024-04-11,2024-04-13,622.89,622.89,USD,PAID
AR003821,CUST00175,2024-09-21,2024-11-20,2024-12-10,1261.54,1261.54,USD,PAID
AR003822,CUST00187,2026-05-20,2026-07-19,,2303.92,0.0,USD,OPEN
AR003823,CUST00209,2024-03-17,2024-05-16,2024-06-08,1736.45,1736.45,USD,PAID
AR003824,CUST00095,2024-01-24,2024-02-08,2024-03-05,2130.8,2130.8,USD,PAID
AR003825,CUST00309,2025-12-29,2026-01-13,2026-03-06,989.2,989.2,USD,PAID
AR003826,CUST00500,2025-09-05,2025-09-20,2025-09-17,5190.3,5190.3,USD,PAID
AR003827,CUST00094,2024-09-27,2024-11-11,2024-11-11,627.31,627.31,USD,PAID
AR003828,CUST00119,2025-08-13,2025-09-12,2025-09-07,2804.01,2804.01,USD,PAID
AR003829,CUST00387,2024-02-20,2024-04-05,2024-05-30,5238.04,5238.04,USD,PAID
AR003830,CUST00479,2025-07-08,2025-07-23,2025-09-16,2787.27,2787.27,USD,PAID
AR003831,CUST00052,2025-08-14,2025-09-28,2025-10-21,1506.78,1506.78,USD,PAID
AR003832,CUST00160,2026-07-05,2026-09-03,2026-08-24,1123.87,1123.87,USD,PAID
AR003833,CUST00171,2026-07-29,2026-09-27,,4593.87,0.0,USD,OPEN
AR003834,CUST00049,2024-10-02,2024-10-17,,502.36,0.0,USD,OPEN
AR003835,CUST00245,2026-08-29,2026-09-13,,755.13,0.0,USD,OPEN
AR003836,CUST00278,2024-02-13,2024-04-13,2024-05-19,1264.2,1264.2,USD,PAID
AR003837,CUST00482,2024-04-19,2024-06-03,,5507.62,0.0,USD,OPEN
AR003838,CUST00087,2025-07-28,2025-08-27,,2544.76,0.0,USD,OPEN
AR003839,CUST00241,2024-07-08,2024-07-23,2024-07-10,756.54,756.54,USD,PAID
AR003840,CUST00491,2024-08-11,2024-09-10,,1367.48,0.0,USD,OPEN
AR003841,CUST00349,2026-04-21,2026-05-21,2026-05-06,1040.14,1040.14,USD,PAID
AR003842,CUST00253,2025-06-19,2025-08-03,2025-08-12,954.5,954.5,USD,PAID
AR003843,CUST00109,2025-07-14,2025-08-13,,4363.37,0.0,USD,OPEN
AR003844,CUST00271,2025-09-19,2025-11-18,,526.07,0.0,USD,OPEN
AR003845,CUST00499,2024-10-26,2024-12-10,,7691.74,0.0,USD,OPEN
AR003846,CUST00138,2025-08-27,2025-10-26,2025-11-16,3810.08,3810.08,USD,PAID
AR003847,CUST00332,2024-09-12,2024-09-27,2024-10-14,4826.01,4826.01,USD,PAID
AR003848,CUST00059,2025-09-11,2025-11-10,,1191.96,0.0,USD,OPEN
AR003849,CUST00296,2025-02-19,2025-03-21,2025-03-22,1579.8,1579.8,USD,PAID
AR003850,CUST00068,2024-07-07,2024-07-22,2024-08-07,497.78,497.78,USD,PAID
AR003851,CUST00382,2025-12-29,2026-01-13,2026-01-29,1127.55,1127.55,USD,PAID
AR003852,CUST00495,2024-02-17,2024-03-03,2024-03-05,2819.43,2819.43,USD,PAID
AR003853,CUST00002,2024-08-11,2024-09-25,2024-11-22,5804.89,5804.89,USD,PAID
AR003854,CUST00212,2025-10-29,2025-11-28,2025-11-14,667.51,667.51,USD,PAID
AR003855,CUST00076,2024-04-19,2024-06-03,2024-06-06,1301.2,1301.2,USD,PAID
AR003856,CUST00211,2026-01-11,2026-01-26,2026-02-21,1577.87,1577.87,USD,PAID
AR003857,CUST00440,2025-01-22,2025-03-08,2025-03-18,514.81,514.81,USD,PAID
AR003858,CUST00097,2025-10-12,2025-11-11,2025-12-11,3078.55,3078.55,USD,PAID
AR003859,CUST00224,2026-06-09,2026-07-09,2026-07-29,942.38,942.38,USD,PAID
AR003860,CUST00238,2024-02-20,2024-04-05,,1516.48,0.0,USD,OPEN
AR003861,CUST00384,2024-06-11,2024-06-26,2024-06-18,1203.81,1203.81,USD,PAID
AR003862,CUST00452,2025-04-14,2025-05-29,2025-05-28,888.55,888.55,USD,PAID
AR003863,CUST00219,2024-10-21,2024-11-20,2024-11-27,1796.61,1796.61,USD,PAID
AR003864,CUST00034,2026-02-26,2026-03-13,2026-05-04,1489.14,1489.14,USD,PAID
AR003865,CUST00231,2025-08-23,2025-10-22,2025-11-04,1293.79,1293.79,USD,PAID
AR003866,CUST00139,2024-07-24,2024-09-07,2024-10-11,938.6,938.6,USD,PAID
AR003867,CUST00009,2024-06-13,2024-08-12,2024-08-14,2410.46,2410.46,USD,PAID
AR003868,CUST00113,2026-03-10,2026-04-09,2026-05-13,8008.47,8008.47,USD,PAID
AR003869,CUST00370,2026-08-29,2026-09-28,,2050.62,0.0,USD,OPEN
AR003870,CUST00442,2025-01-14,2025-02-28,2025-03-19,4431.56,4431.56,USD,PAID
AR003871,CUST00033,2025-11-05,2025-12-20,2025-12-07,517.39,517.39,USD,PAID
AR003872,CUST00130,2025-08-03,2025-08-18,2025-09-08,2083.88,2083.88,USD,PAID
AR003873,CUST00439,2026-04-09,2026-05-09,2026-07-04,673.42,673.42,USD,PAID
AR003874,CUST00002,2025-09-20,2025-10-20,2025-12-11,478.55,478.55,USD,PAID
AR003875,CUST00215,2024-06-01,2024-06-16,2024-08-10,929.42,929.42,USD,PAID
AR003876,CUST00100,2025-08-04,2025-09-18,,5285.43,0.0,USD,OPEN
AR003877,CUST00129,2024-07-10,2024-07-25,2024-09-02,4251.45,4251.45,USD,PAID
AR003878,CUST00343,2025-12-13,2026-01-27,2026-03-04,2250.04,2250.04,USD,PAID
AR003879,CUST00242,2026-05-12,2026-06-26,,455.12,0.0,USD,OPEN
AR003880,CUST00024,2025-10-01,2025-10-31,2025-11-26,1515.27,1515.27,USD,PAID
AR003881,CUST00273,2026-05-28,2026-07-12,2026-07-27,2372.1,2372.1,USD,PAID
AR003882,CUST00009,2024-12-07,2025-02-05,2025-04-02,2117.48,2117.48,USD,PAID
AR003883,CUST00459,2025-12-07,2025-12-22,,343.98,0.0,USD,OPEN
AR003884,CUST00105,2024-05-20,2024-06-19,2024-06-09,811.36,811.36,USD,PAID
AR003885,CUST00053,2025-04-23,2025-06-22,2025-06-16,1706.72,1706.72,USD,PAID
AR003886,CUST00378,2025-11-28,2026-01-27,2026-02-09,2929.72,2929.72,USD,PAID
AR003887,CUST00132,2024-08-07,2024-09-06,2024-08-26,250.51,250.51,USD,PAID
AR003888,CUST00144,2024-01-12,2024-03-12,,1562.57,0.0,USD,OPEN
AR003889,CUST00175,2025-10-20,2025-12-19,2025-12-15,2056.47,2056.47,USD,PAID
AR003890,CUST00413,2026-08-03,2026-09-02,2026-08-29,3884.12,3884.12,USD,PAID
AR003891,CUST00353,2024-09-13,2024-10-13,,3373.05,0.0,USD,OPEN
AR003892,CUST00475,2024-10-10,2024-11-09,2024-10-25,3054.33,3054.33,USD,PAID
AR003893,CUST00408,2026-05-12,2026-07-11,2026-07-23,880.12,880.12,USD,PAID
AR003894,CUST00258,2025-02-25,2025-04-11,,324.67,0.0,USD,OPEN
AR003895,CUST00001,2025-08-19,2025-09-18,2025-10-08,1269.34,1269.34,USD,PAID
AR003896,CUST00285,2025-03-13,2025-04-27,2025-06-08,4453.6,4453.6,USD,PAID
AR003897,CUST00050,2025-12-13,2026-01-12,,6336.67,0.0,USD,OPEN
AR003898,CUST00089,2025-10-04,2025-10-19,2025-10-28,3427.18,3427.18,USD,PAID
AR003899,CUST00376,2026-04-22,2026-05-22,2026-05-12,2660.87,2660.87,USD,PAID
AR003900,CUST00068,2024-07-02,2024-08-01,2024-08-11,2544.46,2544.46,USD,PAID
AR003901,CUST00231,2024-10-29,2024-12-28,,1096.08,0.0,USD,OPEN
AR003902,CUST00372,2024-08-19,2024-09-18,,1608.32,0.0,USD,OPEN
AR003903,CUST00428,2026-07-23,2026-08-22,,8120.63,0.0,USD,OPEN
AR003904,CUST00033,2025-12-04,2026-02-02,,774.1,0.0,USD,OPEN
AR003905,CUST00088,2026-05-03,2026-06-02,2026-05-18,7733.38,7733.38,USD,PAID
AR003906,CUST00056,2025-01-18,2025-02-02,2025-03-12,1353.13,1353.13,USD,PAID
AR003907,CUST00213,2024-03-27,2024-04-26,2024-04-30,5960.38,5960.38,USD,PAID
AR003908,CUST00137,2024-04-21,2024-06-20,2024-06-26,509.72,509.72,USD,PAID
AR003909,CUST00425,2025-12-31,2026-02-14,2026-02-19,3063.5,3063.5,USD,PAID
AR003910,CUST00089,2025-08-31,2025-09-30,2025-11-08,931.6,931.6,USD,PAID
AR003911,CUST00311,2025-09-17,2025-11-16,2025-12-04,505.86,505.86,USD,PAID
AR003912,CUST00152,2024-08-07,2024-08-22,,2201.03,0.0,USD,OPEN
AR003913,CUST00060,2025-01-19,2025-03-20,2025-05-18,4485.14,4485.14,USD,PAID
AR003914,CUST00378,2026-03-26,2026-04-25,2026-05-09,845.18,845.18,USD,PAID
AR003915,CUST00466,2025-12-18,2026-01-02,2026-02-06,469.13,469.13,USD,PAID
AR003916,CUST00093,2025-10-27,2025-11-26,,1664.6,0.0,USD,OPEN
AR003917,CUST00465,2025-07-05,2025-08-04,2025-08-19,1671.22,1671.22,USD,PAID
AR003918,CUST00043,2024-02-21,2024-03-07,2024-05-01,2961.61,2961.61,USD,PAID
AR003919,CUST00282,2024-12-13,2024-12-28,2025-01-24,4249.83,4249.83,USD,PAID
AR003920,CUST00252,2024-05-19,2024-06-18,,1713.9,0.0,USD,OPEN
AR003921,CUST00405,2026-05-20,2026-06-19,,9604.17,0.0,USD,OPEN
AR003922,CUST00037,2024-08-13,2024-08-28,2024-10-08,2212.35,2212.35,USD,PAID
AR003923,CUST00236,2025-03-08,2025-03-23,2025-04-18,1323.74,1323.74,USD,PAID
AR003924,CUST00016,2024-06-17,2024-08-01,2024-08-29,423.94,423.94,USD,PAID
AR003925,CUST00442,2024-02-03,2024-02-18,2024-02-06,1427.4,1427.4,USD,PAID
AR003926,CUST00085,2026-04-09,2026-04-24,,1335.75,0.0,USD,OPEN
AR003927,CUST00098,2026-02-14,2026-03-01,,4291.0,0.0,USD,OPEN
AR003928,CUST00332,2025-05-07,2025-05-22,2025-07-14,2741.43,2741.43,USD,PAID
AR003929,CUST00369,2025-01-15,2025-01-30,2025-01-18,625.51,625.51,USD,PAID
AR003930,CUST00407,2024-06-02,2024-07-17,2024-07-16,2111.24,2111.24,USD,PAID
AR003931,CUST00082,2026-07-25,2026-09-08,,3308.92,0.0,USD,OPEN
AR003932,CUST00277,2024-03-28,2024-04-27,2024-06-24,7152.58,7152.58,USD,PAID
AR003933,CUST00078,2025-05-03,2025-06-17,2025-06-11,4018.86,4018.86,USD,PAID
AR003934,CUST00161,2024-06-28,2024-08-12,2024-08-02,3585.89,3585.89,USD,PAID
AR003935,CUST00223,2025-01-23,2025-03-24,,1908.51,0.0,USD,OPEN
AR003936,CUST00026,2025-04-23,2025-05-08,,2564.4,0.0,USD,OPEN
AR003937,CUST00177,2024-01-03,2024-02-17,2024-03-21,5566.68,5566.68,USD,PAID
AR003938,CUST00371,2025-10-13,2025-11-27,,544.84,0.0,USD,OPEN
AR003939,CUST00194,2025-06-12,2025-07-27,2025-09-01,1320.16,1320.16,USD,PAID
AR003940,CUST00409,2025-07-30,2025-08-14,2025-08-18,902.07,902.07,USD,PAID
AR003941,CUST00339,2024-10-02,2024-11-01,2024-12-03,2543.35,2543.35,USD,PAID
AR003942,CUST00402,2024-02-20,2024-04-05,2024-04-11,5470.91,5470.91,USD,PAID
AR003943,CUST00366,2025-08-13,2025-10-12,2025-12-06,1056.51,1056.51,USD,PAID
AR003944,CUST00107,2024-02-10,2024-04-10,,210.34,0.0,USD,OPEN
AR003945,CUST00236,2024-09-03,2024-11-02,2024-12-28,1247.63,1247.63,USD,PAID
AR003946,CUST00396,2025-09-24,2025-11-08,2025-10-26,4113.9,4113.9,USD,PAID
AR003947,CUST00032,2025-10-01,2025-10-31,,2933.25,0.0,USD,OPEN
AR003948,CUST00130,2024-10-01,2024-10-16,2024-11-20,2658.1,2658.1,USD,PAID
AR003949,CUST00379,2026-05-04,2026-05-19,2026-07-10,1405.3,1405.3,USD,PAID
AR003950,CUST00493,2024-01-06,2024-02-20,2024-03-09,571.85,571.85,USD,PAID
AR003951,CUST00256,2026-05-27,2026-06-26,2026-08-10,2874.88,2874.88,USD,PAID
AR003952,CUST00368,2026-06-20,2026-07-20,2026-08-22,853.33,853.33,USD,PAID
AR003953,CUST00205,2026-02-21,2026-03-23,2026-03-16,12909.09,12909.09,USD,PAID
AR003954,CUST00034,2024-10-01,2024-10-31,,3021.34,0.0,USD,OPEN
AR003955,CUST00372,2024-05-24,2024-07-23,2024-08-14,1072.14,1072.14,USD,PAID
AR003956,CUST00011,2024-06-23,2024-08-07,2024-08-12,1042.89,1042.89,USD,PAID
AR003957,CUST00189,2024-09-05,2024-11-04,2024-11-05,1662.95,1662.95,USD,PAID
AR003958,CUST00492,2026-01-09,2026-03-10,2026-04-03,1457.46,1457.46,USD,PAID
AR003959,CUST00448,2026-03-07,2026-04-21,,4940.15,0.0,USD,OPEN
AR003960,CUST00081,2024-02-11,2024-04-11,2024-05-15,2138.32,2138.32,USD,PAID
AR003961,CUST00096,2024-12-29,2025-02-12,2025-02-02,935.92,935.92,USD,PAID
AR003962,CUST00175,2025-02-16,2025-03-18,2025-04-19,9910.96,9910.96,USD,PAID
AR003963,CUST00343,2025-07-10,2025-08-09,2025-07-27,1890.09,1890.09,USD,PAID
AR003964,CUST00406,2024-03-27,2024-05-26,2024-07-02,3611.78,3611.78,USD,PAID
AR003965,CUST00259,2024-10-13,2024-11-27,2025-01-18,1045.86,1045.86,USD,PAID
AR003966,CUST00189,2026-07-27,2026-08-11,2026-08-09,2506.9,2506.9,USD,PAID
AR003967,CUST00170,2024-09-04,2024-10-04,2024-10-24,2392.27,2392.27,USD,PAID
AR003968,CUST00345,2026-01-12,2026-02-11,2026-02-03,330.07,330.07,USD,PAID
AR003969,CUST00352,2025-12-05,2026-01-19,,11089.43,0.0,USD,OPEN
AR003970,CUST00123,2025-10-16,2025-10-31,2025-11-22,5776.65,5776.65,USD,PAID
AR003971,CUST00100,2024-07-28,2024-08-27,2024-09-26,1264.62,1264.62,USD,PAID
AR003972,CUST00203,2026-04-28,2026-06-12,2026-06-12,670.46,670.46,USD,PAID
AR003973,CUST00047,2026-01-15,2026-02-14,2026-02-12,2472.06,2472.06,USD,PAID
AR003974,CUST00279,2024-04-06,2024-06-05,2024-06-05,1954.77,1954.77,USD,PAID
AR003975,CUST00324,2024-02-19,2024-03-20,2024-03-16,2490.16,2490.16,USD,PAID
AR003976,CUST00208,2025-11-26,2025-12-26,2025-12-28,2148.27,2148.27,USD,PAID
AR003977,CUST00452,2025-10-21,2025-12-05,2025-11-25,2851.55,2851.55,USD,PAID
AR003978,CUST00471,2025-02-20,2025-03-07,2025-03-02,6651.35,6651.35,USD,PAID
AR003979,CUST00200,2026-02-07,2026-04-08,2026-05-04,3014.81,3014.81,USD,PAID
AR003980,CUST00399,2024-04-07,2024-06-06,2024-07-13,702.97,702.97,USD,PAID
AR003981,CUST00095,2025-07-19,2025-08-03,,6162.92,0.0,USD,OPEN
AR003982,CUST00301,2024-08-01,2024-08-16,2024-08-04,7915.3,7915.3,USD,PAID
AR003983,CUST00282,2024-04-19,2024-06-03,2024-06-02,30848.74,30848.74,USD,PAID
AR003984,CUST00171,2024-05-10,2024-05-25,2024-06-27,657.77,657.77,USD,PAID
AR003985,CUST00422,2025-04-28,2025-06-27,2025-07-18,2249.79,2249.79,USD,PAID
AR003986,CUST00470,2025-09-02,2025-09-17,2025-10-25,277.58,277.58,USD,PAID
AR003987,CUST00069,2024-01-04,2024-02-03,2024-03-03,2974.51,2974.51,USD,PAID
AR003988,CUST00310,2026-06-26,2026-07-11,,1103.92,0.0,USD,OPEN
AR003989,CUST00147,2024-03-13,2024-03-28,2024-05-25,10209.78,10209.78,USD,PAID
AR003990,CUST00272,2024-04-21,2024-06-05,2024-07-10,900.41,900.41,USD,PAID
AR003991,CUST00072,2025-05-03,2025-06-17,2025-08-16,395.34,395.34,USD,PAID
AR003992,CUST00418,2026-02-13,2026-04-14,,1183.06,0.0,USD,OPEN
AR003993,CUST00076,2026-01-10,2026-02-09,2026-03-30,305.53,305.53,USD,PAID
AR003994,CUST00173,2024-03-16,2024-04-15,2024-05-12,3554.57,3554.57,USD,PAID
AR003995,CUST00479,2025-03-04,2025-03-19,,281.86,0.0,USD,OPEN
AR003996,CUST00275,2024-02-07,2024-03-23,,1854.95,0.0,USD,OPEN
AR003997,CUST00399,2025-02-21,2025-03-08,2025-02-23,278.65,278.65,USD,PAID
AR003998,CUST00220,2026-03-22,2026-05-06,2026-06-10,1355.24,1355.24,USD,PAID
AR003999,CUST00060,2025-03-21,2025-04-05,2025-04-02,7935.01,7935.01,USD,PAID
AR004000,CUST00481,2026-02-03,2026-03-05,2026-02-20,2501.34,2501.34,USD,PAID
AR004001,CUST00267,2024-02-13,2024-03-14,2024-03-06,831.19,831.19,USD,PAID
AR004002,CUST00453,2026-06-25,2026-07-25,2026-08-29,1757.97,1757.97,USD,PAID
AR004003,CUST00198,2025-09-14,2025-09-29,2025-09-17,1837.6,1837.6,USD,PAID
AR004004,CUST00482,2024-06-06,2024-08-05,,2766.58,0.0,USD,OPEN
AR004005,CUST00090,2026-02-02,2026-03-04,,528.39,0.0,USD,OPEN
AR004006,CUST00183,2026-02-25,2026-03-27,2026-04-24,3081.93,3081.93,USD,PAID
AR004007,CUST00224,2024-02-23,2024-04-23,2024-05-01,158.55,158.55,USD,PAID
AR004008,CUST00218,2025-08-08,2025-08-23,2025-10-09,1025.67,1025.67,USD,PAID
AR004009,CUST00426,2026-02-20,2026-03-22,2026-05-13,1165.09,1165.09,USD,PAID
AR004010,CUST00060,2024-09-27,2024-11-11,2024-11-01,3197.08,3197.08,USD,PAID
AR004011,CUST00407,2024-09-04,2024-10-19,2024-10-04,1845.25,1845.25,USD,PAID
AR004012,CUST00153,2025-06-24,2025-08-23,2025-09-20,510.3,510.3,USD,PAID
AR004013,CUST00378,2024-08-31,2024-10-30,2024-12-24,745.09,745.09,USD,PAID
AR004014,CUST00120,2026-07-04,2026-08-03,2026-08-15,2162.05,2162.05,USD,PAID
AR004015,CUST00028,2025-10-22,2025-12-06,2025-12-06,1683.85,1683.85,USD,PAID
AR004016,CUST00311,2024-04-14,2024-05-29,2024-05-16,1073.62,1073.62,USD,PAID
AR004017,CUST00298,2026-04-21,2026-05-06,2026-07-02,1172.92,1172.92,USD,PAID
AR004018,CUST00294,2025-12-25,2026-01-09,2026-01-30,3383.11,3383.11,USD,PAID
AR004019,CUST00131,2024-07-05,2024-07-20,2024-08-31,1134.65,1134.65,USD,PAID
AR004020,CUST00320,2025-08-19,2025-09-18,2025-11-15,1670.23,1670.23,USD,PAID
AR004021,CUST00414,2026-08-23,2026-10-22,,12745.62,0.0,USD,OPEN
AR004022,CUST00046,2025-01-19,2025-03-05,2025-04-17,502.04,502.04,USD,PAID
AR004023,CUST00402,2026-06-29,2026-08-13,,341.5,0.0,USD,OPEN
AR004024,CUST00128,2025-01-09,2025-03-10,2025-05-06,3660.04,3660.04,USD,PAID
AR004025,CUST00011,2024-05-30,2024-07-14,2024-08-05,981.64,981.64,USD,PAID
AR004026,CUST00489,2026-03-01,2026-04-15,2026-04-24,1357.75,1357.75,USD,PAID
AR004027,CUST00430,2024-06-28,2024-07-28,,895.12,0.0,USD,OPEN
AR004028,CUST00398,2026-03-10,2026-04-09,2026-04-12,1431.07,1431.07,USD,PAID
AR004029,CUST00209,2025-03-16,2025-05-15,2025-05-07,7621.16,7621.16,USD,PAID
AR004030,CUST00080,2025-09-29,2025-10-14,2025-11-28,3721.62,3721.62,USD,PAID
AR004031,CUST00498,2025-02-11,2025-02-26,2025-04-05,3928.45,3928.45,USD,PAID
AR004032,CUST00384,2026-07-02,2026-07-17,2026-07-24,505.42,505.42,USD,PAID
AR004033,CUST00267,2024-08-09,2024-09-23,2024-10-07,641.6,641.6,USD,PAID
AR004034,CUST00333,2025-09-13,2025-10-13,2025-11-13,140.45,140.45,USD,PAID
AR004035,CUST00388,2024-09-06,2024-10-06,2024-12-01,872.67,872.67,USD,PAID
AR004036,CUST00492,2024-01-18,2024-03-03,2024-04-01,4277.11,4277.11,USD,PAID
AR004037,CUST00313,2025-02-21,2025-03-08,2025-05-04,2879.15,2879.15,USD,PAID
AR004038,CUST00412,2025-03-20,2025-05-04,,1481.24,0.0,USD,OPEN
AR004039,CUST00279,2026-05-19,2026-06-18,2026-07-18,1772.12,1772.12,USD,PAID
AR004040,CUST00048,2025-11-23,2025-12-23,2026-01-11,972.63,972.63,USD,PAID
AR004041,CUST00209,2026-03-13,2026-05-12,2026-06-10,2173.91,2173.91,USD,PAID
AR004042,CUST00008,2025-10-07,2025-10-22,2025-11-03,3602.17,3602.17,USD,PAID
AR004043,CUST00345,2025-07-29,2025-09-27,2025-09-24,422.29,422.29,USD,PAID
AR004044,CUST00161,2026-04-30,2026-05-30,2026-07-21,2367.72,2367.72,USD,PAID
AR004045,CUST00129,2025-08-08,2025-09-22,2025-09-22,4184.7,4184.7,USD,PAID
AR004046,CUST00278,2026-05-13,2026-06-12,2026-07-18,1244.4,1244.4,USD,PAID
AR004047,CUST00436,2024-06-01,2024-07-01,2024-07-25,3396.94,3396.94,USD,PAID
AR004048,CUST00438,2025-06-05,2025-07-20,2025-07-10,22769.77,22769.77,USD,PAID
AR004049,CUST00001,2024-01-31,2024-03-01,2024-03-14,1645.98,1645.98,USD,PAID
AR004050,CUST00033,2024-01-07,2024-03-07,2024-04-10,2575.96,2575.96,USD,PAID
AR004051,CUST00258,2024-02-26,2024-03-12,2024-04-15,930.52,930.52,USD,PAID
AR004052,CUST00099,2024-07-25,2024-08-09,,2128.4,0.0,USD,OPEN
AR004053,CUST00025,2026-04-13,2026-05-28,2026-05-16,2735.98,2735.98,USD,PAID
AR004054,CUST00314,2026-08-26,2026-09-10,,2154.6,0.0,USD,OPEN
AR004055,CUST00323,2025-10-25,2025-12-09,,722.18,0.0,USD,OPEN
AR004056,CUST00028,2025-09-13,2025-09-28,2025-10-24,2177.05,2177.05,USD,PAID
AR004057,CUST00101,2025-04-09,2025-06-08,2025-07-29,6741.09,6741.09,USD,PAID
AR004058,CUST00026,2026-06-11,2026-08-10,2026-08-13,2707.48,2707.48,USD,PAID
AR004059,CUST00139,2026-01-17,2026-03-03,2026-03-23,4297.5,4297.5,USD,PAID
AR004060,CUST00201,2024-01-18,2024-03-18,2024-04-08,1460.73,1460.73,USD,PAID
AR004061,CUST00454,2024-06-15,2024-06-30,2024-08-11,3550.74,3550.74,USD,PAID
AR004062,CUST00344,2024-05-23,2024-07-22,2024-08-28,2324.69,2324.69,USD,PAID
AR004063,CUST00409,2024-05-13,2024-06-12,2024-08-07,768.3,768.3,USD,PAID
AR004064,CUST00473,2024-04-04,2024-06-03,2024-07-18,2408.28,2408.28,USD,PAID
AR004065,CUST00359,2025-01-28,2025-02-12,2025-04-10,740.61,740.61,USD,PAID
AR004066,CUST00012,2026-08-12,2026-08-27,,1022.91,0.0,USD,OPEN
AR004067,CUST00100,2025-02-10,2025-03-27,,2143.93,0.0,USD,OPEN
AR004068,CUST00480,2024-07-22,2024-08-21,2024-08-17,2362.6,2362.6,USD,PAID
AR004069,CUST00104,2024-05-15,2024-06-29,2024-07-05,619.98,619.98,USD,PAID
AR004070,CUST00279,2024-12-19,2025-02-17,,4668.47,0.0,USD,OPEN
AR004071,CUST00435,2026-08-07,2026-08-22,,3025.42,0.0,USD,OPEN
AR004072,CUST00309,2026-07-09,2026-08-08,2026-08-03,958.86,958.86,USD,PAID
AR004073,CUST00385,2024-06-16,2024-07-01,2024-07-14,453.13,453.13,USD,PAID
AR004074,CUST00068,2025-03-08,2025-04-07,2025-05-02,1586.98,1586.98,USD,PAID
AR004075,CUST00193,2025-04-23,2025-06-22,2025-07-21,1210.33,1210.33,USD,PAID
AR004076,CUST00457,2024-05-04,2024-06-03,2024-05-28,2001.85,2001.85,USD,PAID
AR004077,CUST00026,2025-11-14,2025-12-29,2026-02-27,1304.0,1304.0,USD,PAID
AR004078,CUST00025,2026-01-13,2026-02-12,2026-03-10,296.87,296.87,USD,PAID
AR004079,CUST00499,2024-05-24,2024-07-23,2024-07-13,1274.73,1274.73,USD,PAID
AR004080,CUST00028,2026-04-17,2026-05-02,2026-05-23,1373.26,1373.26,USD,PAID
AR004081,CUST00426,2024-08-30,2024-10-29,2024-11-15,3198.04,3198.04,USD,PAID
AR004082,CUST00475,2024-04-14,2024-06-13,2024-06-11,964.51,964.51,USD,PAID
AR004083,CUST00342,2024-05-25,2024-07-24,2024-09-10,8191.13,8191.13,USD,PAID
AR004084,CUST00008,2025-06-09,2025-07-09,2025-07-03,323.6,323.6,USD,PAID
AR004085,CUST00458,2026-05-03,2026-06-02,2026-07-19,5884.35,5884.35,USD,PAID
AR004086,CUST00100,2026-04-20,2026-05-20,,1477.51,0.0,USD,OPEN
AR004087,CUST00280,2024-09-24,2024-11-23,,3919.14,0.0,USD,OPEN
AR004088,CUST00120,2024-12-14,2025-02-12,2025-03-25,1942.68,1942.68,USD,PAID
AR004089,CUST00448,2026-02-15,2026-04-16,2026-04-30,5042.21,5042.21,USD,PAID
AR004090,CUST00091,2026-04-22,2026-05-22,2026-07-11,1275.86,1275.86,USD,PAID
AR004091,CUST00118,2025-07-10,2025-08-24,2025-09-21,672.66,672.66,USD,PAID
AR004092,CUST00253,2025-08-09,2025-10-08,2025-09-25,6492.83,6492.83,USD,PAID
AR004093,CUST00233,2026-03-15,2026-05-14,2026-05-14,1632.5,1632.5,USD,PAID
AR004094,CUST00121,2025-05-04,2025-05-19,2025-07-06,2207.03,2207.03,USD,PAID
AR004095,CUST00441,2026-07-10,2026-09-08,,5493.26,0.0,USD,OPEN
AR004096,CUST00193,2026-03-22,2026-04-06,2026-03-22,714.26,714.26,USD,PAID
AR004097,CUST00431,2025-07-07,2025-08-06,,3090.05,0.0,USD,OPEN
AR004098,CUST00168,2024-06-24,2024-07-24,2024-08-22,1063.26,1063.26,USD,PAID
AR004099,CUST00202,2025-11-21,2025-12-21,,1605.27,0.0,USD,OPEN
AR004100,CUST00172,2025-11-26,2026-01-10,,1929.57,0.0,USD,OPEN
AR004101,CUST00208,2025-07-06,2025-09-04,2025-09-22,468.62,468.62,USD,PAID
AR004102,CUST00334,2025-08-06,2025-09-05,2025-10-26,896.99,896.99,USD,PAID
AR004103,CUST00293,2026-02-27,2026-03-29,,6099.52,0.0,USD,OPEN
AR004104,CUST00387,2024-05-22,2024-07-06,2024-08-18,4014.11,4014.11,USD,PAID
AR004105,CUST00396,2025-08-31,2025-09-15,2025-11-07,1708.93,1708.93,USD,PAID
AR004106,CUST00148,2025-11-29,2026-01-13,2026-03-08,2250.28,2250.28,USD,PAID
AR004107,CUST00457,2026-03-13,2026-03-28,2026-03-29,1387.39,1387.39,USD,PAID
AR004108,CUST00488,2026-07-29,2026-08-13,2026-08-02,6129.85,6129.85,USD,PAID
AR004109,CUST00222,2025-09-11,2025-10-11,2025-12-04,1509.72,1509.72,USD,PAID
AR004110,CUST00332,2026-01-06,2026-02-20,2026-03-14,2227.55,2227.55,USD,PAID
AR004111,CUST00434,2024-05-13,2024-06-27,2024-07-25,5071.68,5071.68,USD,PAID
AR004112,CUST00178,2026-01-23,2026-02-07,2026-02-28,898.18,898.18,USD,PAID
AR004113,CUST00356,2025-04-07,2025-06-06,2025-05-26,7353.34,7353.34,USD,PAID
AR004114,CUST00473,2025-11-01,2025-12-31,,456.04,0.0,USD,OPEN
AR004115,CUST00230,2024-07-02,2024-08-01,2024-09-06,7837.52,7837.52,USD,PAID
AR004116,CUST00394,2025-02-03,2025-04-04,,1292.83,0.0,USD,OPEN
AR004117,CUST00316,2025-11-03,2025-12-03,,1453.27,0.0,USD,OPEN
AR004118,CUST00494,2025-04-07,2025-05-22,2025-05-16,329.97,329.97,USD,PAID
AR004119,CUST00254,2025-09-20,2025-10-05,2025-11-18,1200.73,1200.73,USD,PAID
AR004120,CUST00439,2025-09-17,2025-11-16,2025-11-20,709.23,709.23,USD,PAID
AR004121,CUST00429,2025-09-30,2025-11-29,2025-12-03,1046.41,1046.41,USD,PAID
AR004122,CUST00101,2026-05-04,2026-06-03,2026-07-31,1597.86,1597.86,USD,PAID
AR004123,CUST00163,2025-05-20,2025-06-04,2025-07-27,4281.3,4281.3,USD,PAID
AR004124,CUST00350,2025-11-28,2025-12-13,2025-12-21,2179.48,2179.48,USD,PAID
AR004125,CUST00453,2025-10-02,2025-11-01,2025-11-20,2384.89,2384.89,USD,PAID
AR004126,CUST00196,2024-01-31,2024-03-16,2024-04-19,674.54,674.54,USD,PAID
AR004127,CUST00020,2026-01-15,2026-03-01,2026-04-27,818.38,818.38,USD,PAID
AR004128,CUST00461,2024-02-01,2024-02-16,,9125.72,0.0,USD,OPEN
AR004129,CUST00437,2025-07-08,2025-08-07,2025-09-04,932.92,932.92,USD,PAID
AR004130,CUST00202,2025-01-18,2025-03-04,2025-04-25,8027.17,8027.17,USD,PAID
AR004131,CUST00181,2025-04-16,2025-06-15,,1452.8,0.0,USD,OPEN
AR004132,CUST00127,2026-04-26,2026-06-10,,1811.77,0.0,USD,OPEN
AR004133,CUST00434,2025-10-11,2025-11-10,2026-01-07,4737.8,4737.8,USD,PAID
AR004134,CUST00444,2024-10-02,2024-12-01,2024-12-14,5679.98,5679.98,USD,PAID
AR004135,CUST00479,2026-08-21,2026-09-20,,1636.42,0.0,USD,OPEN
AR004136,CUST00041,2024-04-15,2024-05-30,2024-06-17,1274.85,1274.85,USD,PAID
AR004137,CUST00390,2025-12-01,2026-01-15,,1719.3,0.0,USD,OPEN
AR004138,CUST00484,2024-12-11,2025-02-09,,2450.78,0.0,USD,OPEN
AR004139,CUST00295,2024-12-17,2025-02-15,,4032.63,0.0,USD,OPEN
AR004140,CUST00445,2024-06-24,2024-08-23,2024-09-05,1814.94,1814.94,USD,PAID
AR004141,CUST00053,2025-12-12,2026-01-11,2026-02-12,3155.8,3155.8,USD,PAID
AR004142,CUST00190,2024-08-16,2024-08-31,2024-10-05,7899.26,7899.26,USD,PAID
AR004143,CUST00266,2025-01-09,2025-01-24,2025-03-12,2548.29,2548.29,USD,PAID
AR004144,CUST00167,2024-09-26,2024-11-25,2025-01-20,2393.44,2393.44,USD,PAID
AR004145,CUST00423,2024-01-17,2024-03-02,2024-03-23,460.81,460.81,USD,PAID
AR004146,CUST00157,2024-09-24,2024-10-24,,169.41,0.0,USD,OPEN
AR004147,CUST00423,2025-10-05,2025-10-20,2025-12-09,2564.55,2564.55,USD,PAID
AR004148,CUST00468,2025-08-13,2025-08-28,2025-08-27,1660.14,1660.14,USD,PAID
AR004149,CUST00102,2025-05-07,2025-07-06,,1137.62,0.0,USD,OPEN
AR004150,CUST00407,2025-06-18,2025-08-02,2025-08-21,2251.11,2251.11,USD,PAID
AR004151,CUST00202,2024-02-08,2024-02-23,2024-03-05,1712.38,1712.38,USD,PAID
AR004152,CUST00056,2024-11-10,2024-11-25,2025-01-07,4989.06,4989.06,USD,PAID
AR004153,CUST00374,2024-11-30,2025-01-14,2025-01-26,1953.74,1953.74,USD,PAID
AR004154,CUST00419,2024-06-26,2024-08-10,2024-08-22,923.13,923.13,USD,PAID
AR004155,CUST00050,2025-03-05,2025-05-04,2025-06-25,4407.88,4407.88,USD,PAID
AR004156,CUST00024,2024-08-31,2024-10-30,2024-11-24,1487.1,1487.1,USD,PAID
AR004157,CUST00357,2024-01-17,2024-03-02,2024-03-06,2904.11,2904.11,USD,PAID
AR004158,CUST00019,2026-06-04,2026-06-19,2026-06-15,1176.54,1176.54,USD,PAID
AR004159,CUST00197,2026-03-05,2026-04-19,,1007.43,0.0,USD,OPEN
AR004160,CUST00243,2025-09-22,2025-10-07,2025-11-28,1950.33,1950.33,USD,PAID
AR004161,CUST00388,2025-07-28,2025-08-12,2025-08-13,1829.04,1829.04,USD,PAID
AR004162,CUST00121,2025-05-04,2025-05-19,2025-05-20,2784.56,2784.56,USD,PAID
AR004163,CUST00479,2026-05-14,2026-06-28,2026-06-30,1419.73,1419.73,USD,PAID
AR004164,CUST00443,2024-12-04,2025-02-02,2025-02-28,346.29,346.29,USD,PAID
AR004165,CUST00276,2026-03-02,2026-05-01,2026-06-12,1224.76,1224.76,USD,PAID
AR004166,CUST00071,2025-03-28,2025-05-12,2025-05-18,3693.89,3693.89,USD,PAID
AR004167,CUST00278,2025-05-19,2025-07-03,2025-07-23,1383.49,1383.49,USD,PAID
AR004168,CUST00494,2025-10-09,2025-11-23,2026-01-01,1448.46,1448.46,USD,PAID
AR004169,CUST00092,2025-01-07,2025-02-21,2025-03-14,4392.87,4392.87,USD,PAID
AR004170,CUST00496,2025-05-29,2025-06-28,2025-06-28,952.63,952.63,USD,PAID
AR004171,CUST00070,2024-03-25,2024-05-24,2024-05-12,451.0,451.0,USD,PAID
AR004172,CUST00080,2026-08-12,2026-08-27,2026-08-17,1564.67,1564.67,USD,PAID
AR004173,CUST00301,2026-03-31,2026-05-15,2026-05-29,1169.4,1169.4,USD,PAID
AR004174,CUST00122,2025-10-24,2025-11-23,,757.77,0.0,USD,OPEN
AR004175,CUST00036,2024-05-14,2024-05-29,2024-06-23,1544.04,1544.04,USD,PAID
AR004176,CUST00018,2024-08-01,2024-08-16,2024-10-01,2813.98,2813.98,USD,PAID
AR004177,CUST00285,2025-06-18,2025-07-18,2025-08-26,1792.99,1792.99,USD,PAID
AR004178,CUST00156,2026-01-25,2026-02-24,2026-03-17,2383.4,2383.4,USD,PAID
AR004179,CUST00074,2024-10-18,2024-12-17,2025-02-02,9247.12,9247.12,USD,PAID
AR004180,CUST00369,2025-05-26,2025-06-25,2025-08-05,1327.97,1327.97,USD,PAID
AR004181,CUST00383,2026-08-30,2026-10-14,,2322.77,0.0,USD,OPEN
AR004182,CUST00379,2024-01-07,2024-02-06,2024-03-27,1143.34,1143.34,USD,PAID
AR004183,CUST00108,2025-12-21,2026-01-20,2026-02-10,844.1,844.1,USD,PAID
AR004184,CUST00363,2026-08-30,2026-09-14,,1068.04,0.0,USD,OPEN
AR004185,CUST00429,2025-07-10,2025-07-25,2025-08-03,1175.11,1175.11,USD,PAID
AR004186,CUST00450,2024-03-05,2024-04-04,2024-04-07,2498.71,2498.71,USD,PAID
AR004187,CUST00031,2026-05-11,2026-05-26,2026-05-22,14975.46,14975.46,USD,PAID
AR004188,CUST00126,2025-01-21,2025-02-05,2025-03-28,949.14,949.14,USD,PAID
AR004189,CUST00368,2025-03-01,2025-04-15,2025-04-26,1242.69,1242.69,USD,PAID
AR004190,CUST00085,2025-07-20,2025-09-18,2025-11-10,1708.19,1708.19,USD,PAID
AR004191,CUST00341,2026-02-24,2026-04-25,2026-04-21,2581.74,2581.74,USD,PAID
AR004192,CUST00246,2025-04-11,2025-05-11,2025-06-09,2292.04,2292.04,USD,PAID
AR004193,CUST00288,2025-04-20,2025-06-04,2025-07-05,5742.71,5742.71,USD,PAID
AR004194,CUST00080,2025-10-04,2025-11-18,2025-12-21,203.62,203.62,USD,PAID
AR004195,CUST00262,2026-06-02,2026-06-17,2026-06-13,210.98,210.98,USD,PAID
AR004196,CUST00124,2026-04-16,2026-06-15,2026-08-09,1157.14,1157.14,USD,PAID
AR004197,CUST00445,2026-01-17,2026-02-01,2026-03-28,4854.06,4854.06,USD,PAID
AR004198,CUST00090,2024-07-05,2024-09-03,2024-10-18,441.83,441.83,USD,PAID
AR004199,CUST00227,2024-03-05,2024-05-04,2024-05-14,120.68,120.68,USD,PAID
AR004200,CUST00495,2026-03-17,2026-04-16,2026-06-14,3023.17,3023.17,USD,PAID
AR004201,CUST00080,2024-07-09,2024-07-24,2024-07-31,2251.36,2251.36,USD,PAID
AR004202,CUST00490,2025-08-13,2025-09-12,2025-09-18,677.77,677.77,USD,PAID
AR004203,CUST00039,2024-04-13,2024-06-12,2024-08-10,744.72,744.72,USD,PAID
AR004204,CUST00074,2025-10-17,2025-12-01,2026-01-25,755.39,755.39,USD,PAID
AR004205,CUST00360,2024-08-30,2024-09-29,2024-10-30,1997.16,1997.16,USD,PAID
AR004206,CUST00137,2024-09-07,2024-10-07,2024-10-31,1028.97,1028.97,USD,PAID
AR004207,CUST00378,2025-03-03,2025-03-18,2025-05-01,2820.47,2820.47,USD,PAID
AR004208,CUST00149,2026-01-31,2026-04-01,2026-05-06,138.5,138.5,USD,PAID
AR004209,CUST00444,2024-09-10,2024-09-25,2024-10-13,836.17,836.17,USD,PAID
AR004210,CUST00093,2024-09-16,2024-11-15,2024-11-14,656.26,656.26,USD,PAID
AR004211,CUST00225,2026-07-03,2026-09-01,,1435.54,0.0,USD,OPEN
AR004212,CUST00036,2024-01-03,2024-02-02,2024-03-14,1114.05,1114.05,USD,PAID
AR004213,CUST00389,2024-06-14,2024-06-29,2024-08-12,3707.3,3707.3,USD,PAID
AR004214,CUST00252,2025-06-23,2025-08-22,2025-09-03,339.2,339.2,USD,PAID
AR004215,CUST00488,2025-12-25,2026-02-08,,1883.6,0.0,USD,OPEN
AR004216,CUST00015,2025-07-25,2025-08-24,,2988.43,0.0,USD,OPEN
AR004217,CUST00187,2026-04-11,2026-04-26,,9614.07,0.0,USD,OPEN
AR004218,CUST00020,2025-02-10,2025-02-25,2025-03-04,1171.93,1171.93,USD,PAID
AR004219,CUST00251,2026-06-23,2026-07-08,2026-09-01,2421.19,2421.19,USD,PAID
AR004220,CUST00443,2025-09-13,2025-11-12,2025-12-31,356.57,356.57,USD,PAID
AR004221,CUST00355,2025-08-05,2025-10-04,2025-10-15,210.03,210.03,USD,PAID
AR004222,CUST00095,2026-01-27,2026-03-13,2026-04-12,3867.24,3867.24,USD,PAID
AR004223,CUST00104,2024-08-30,2024-10-29,2024-10-19,1799.02,1799.02,USD,PAID
AR004224,CUST00473,2024-01-18,2024-03-03,2024-03-18,5222.13,5222.13,USD,PAID
AR004225,CUST00165,2025-02-01,2025-02-16,2025-04-15,525.28,525.28,USD,PAID
AR004226,CUST00428,2024-04-22,2024-06-21,,2886.82,0.0,USD,OPEN
AR004227,CUST00461,2026-06-11,2026-07-11,,9719.95,0.0,USD,OPEN
AR004228,CUST00077,2026-08-08,2026-08-23,,2637.89,0.0,USD,OPEN
AR004229,CUST00384,2025-10-20,2025-11-19,2026-01-18,2319.07,2319.07,USD,PAID
AR004230,CUST00102,2024-12-22,2025-01-06,,1822.02,0.0,USD,OPEN
AR004231,CUST00099,2025-05-04,2025-06-18,2025-08-07,439.75,439.75,USD,PAID
AR004232,CUST00213,2024-02-28,2024-03-29,2024-05-26,6124.27,6124.27,USD,PAID
AR004233,CUST00256,2025-04-26,2025-05-11,2025-07-10,1043.39,1043.39,USD,PAID
AR004234,CUST00025,2024-04-05,2024-04-20,,2847.04,0.0,USD,OPEN
AR004235,CUST00107,2025-10-10,2025-11-09,2025-11-08,442.87,442.87,USD,PAID
AR004236,CUST00210,2024-06-10,2024-06-25,2024-08-07,625.46,625.46,USD,PAID
AR004237,CUST00311,2025-04-22,2025-05-22,,6578.61,0.0,USD,OPEN
AR004238,CUST00196,2026-02-28,2026-03-15,,1322.7,0.0,USD,OPEN
AR004239,CUST00093,2025-02-16,2025-03-03,,6687.18,0.0,USD,OPEN
AR004240,CUST00229,2024-02-12,2024-02-27,2024-02-16,1685.12,1685.12,USD,PAID
AR004241,CUST00390,2024-05-19,2024-07-03,2024-08-24,344.57,344.57,USD,PAID
AR004242,CUST00319,2025-03-24,2025-04-23,,4035.4,0.0,USD,OPEN
AR004243,CUST00293,2026-02-03,2026-03-05,,1063.26,0.0,USD,OPEN
AR004244,CUST00275,2024-07-16,2024-09-14,2024-09-25,3390.8,3390.8,USD,PAID
AR004245,CUST00398,2024-01-14,2024-02-13,2024-03-07,1849.54,1849.54,USD,PAID
AR004246,CUST00402,2025-06-17,2025-07-02,,450.88,0.0,USD,OPEN
AR004247,CUST00146,2024-10-15,2024-11-14,,2096.17,0.0,USD,OPEN
AR004248,CUST00473,2024-01-24,2024-03-24,2024-03-26,13050.75,13050.75,USD,PAID
AR004249,CUST00069,2024-12-11,2024-12-26,2025-01-21,2817.73,2817.73,USD,PAID
AR004250,CUST00431,2024-06-02,2024-07-17,2024-07-04,1716.83,1716.83,USD,PAID
AR004251,CUST00496,2026-04-22,2026-05-22,2026-06-22,4759.08,4759.08,USD,PAID
AR004252,CUST00415,2024-12-24,2025-02-22,2025-02-15,2185.5,2185.5,USD,PAID
AR004253,CUST00367,2026-01-29,2026-02-13,2026-02-25,2183.27,2183.27,USD,PAID
AR004254,CUST00356,2025-11-13,2025-12-28,,676.91,0.0,USD,OPEN
AR004255,CUST00118,2025-08-20,2025-10-19,2025-10-16,2231.58,2231.58,USD,PAID
AR004256,CUST00098,2025-04-09,2025-04-24,,4591.21,0.0,USD,OPEN
AR004257,CUST00188,2025-03-10,2025-04-24,2025-06-17,851.96,851.96,USD,PAID
AR004258,CUST00109,2025-01-31,2025-03-17,2025-03-18,6516.2,6516.2,USD,PAID
AR004259,CUST00455,2026-05-16,2026-05-31,2026-05-25,1664.81,1664.81,USD,PAID
AR004260,CUST00247,2026-01-30,2026-03-01,,813.22,0.0,USD,OPEN
AR004261,CUST00315,2026-08-10,2026-08-25,,4437.6,0.0,USD,OPEN
AR004262,CUST00143,2024-06-14,2024-08-13,2024-09-30,1396.72,1396.72,USD,PAID
AR004263,CUST00227,2024-03-02,2024-04-01,2024-03-24,3581.59,3581.59,USD,PAID
AR004264,CUST00012,2026-01-06,2026-01-21,2026-03-22,1390.5,1390.5,USD,PAID
AR004265,CUST00441,2025-02-26,2025-03-28,,1713.27,0.0,USD,OPEN
AR004266,CUST00488,2024-10-15,2024-10-30,2024-11-17,2819.19,2819.19,USD,PAID
AR004267,CUST00114,2026-06-03,2026-07-03,2026-06-18,2349.15,2349.15,USD,PAID
AR004268,CUST00031,2025-12-19,2026-02-02,,300.07,0.0,USD,OPEN
AR004269,CUST00490,2024-05-07,2024-05-22,2024-06-27,659.1,659.1,USD,PAID
AR004270,CUST00319,2025-05-23,2025-07-22,2025-08-15,4173.33,4173.33,USD,PAID
AR004271,CUST00191,2024-03-07,2024-04-21,2024-05-20,1605.32,1605.32,USD,PAID
AR004272,CUST00129,2024-10-18,2024-12-17,2025-01-02,1128.5,1128.5,USD,PAID
AR004273,CUST00415,2025-05-06,2025-05-21,,532.34,0.0,USD,OPEN
AR004274,CUST00023,2024-09-14,2024-11-13,2024-11-12,684.19,684.19,USD,PAID
AR004275,CUST00063,2025-07-22,2025-08-06,2025-09-25,293.06,293.06,USD,PAID
AR004276,CUST00467,2024-02-09,2024-03-10,,1650.52,0.0,USD,OPEN
AR004277,CUST00231,2026-01-24,2026-03-25,2026-03-22,1055.12,1055.12,USD,PAID
AR004278,CUST00251,2025-02-12,2025-03-29,2025-03-25,757.54,757.54,USD,PAID
AR004279,CUST00007,2024-06-14,2024-08-13,2024-10-06,1700.52,1700.52,USD,PAID
AR004280,CUST00230,2025-06-13,2025-06-28,2025-07-29,2508.83,2508.83,USD,PAID
AR004281,CUST00499,2024-04-19,2024-05-19,2024-05-17,11895.06,11895.06,USD,PAID
AR004282,CUST00261,2024-12-16,2024-12-31,2025-01-10,463.73,463.73,USD,PAID
AR004283,CUST00028,2024-02-13,2024-04-13,2024-04-29,5132.99,5132.99,USD,PAID
AR004284,CUST00417,2025-04-18,2025-05-18,2025-05-09,4340.7,4340.7,USD,PAID
AR004285,CUST00489,2026-06-10,2026-07-25,,896.79,0.0,USD,OPEN
AR004286,CUST00090,2024-10-09,2024-12-08,2025-01-13,2170.93,2170.93,USD,PAID
AR004287,CUST00290,2024-04-26,2024-05-26,,1197.67,0.0,USD,OPEN
AR004288,CUST00347,2025-03-21,2025-04-20,2025-06-11,2136.92,2136.92,USD,PAID
AR004289,CUST00306,2024-12-29,2025-02-27,2025-04-07,7031.94,7031.94,USD,PAID
AR004290,CUST00062,2024-09-16,2024-11-15,,3118.31,0.0,USD,OPEN
AR004291,CUST00311,2025-07-28,2025-08-12,2025-08-22,2857.63,2857.63,USD,PAID
AR004292,CUST00473,2025-02-16,2025-03-18,2025-04-28,1227.48,1227.48,USD,PAID
AR004293,CUST00422,2024-09-17,2024-11-16,2024-12-26,475.49,475.49,USD,PAID
AR004294,CUST00269,2024-06-01,2024-06-16,2024-06-09,1498.74,1498.74,USD,PAID
AR004295,CUST00010,2024-09-03,2024-10-03,2024-11-17,5355.86,5355.86,USD,PAID
AR004296,CUST00213,2024-02-02,2024-02-17,2024-03-24,457.4,457.4,USD,PAID
AR004297,CUST00321,2025-03-11,2025-03-26,2025-04-22,699.54,699.54,USD,PAID
AR004298,CUST00026,2025-08-26,2025-09-10,2025-09-09,2025.64,2025.64,USD,PAID
AR004299,CUST00468,2025-04-02,2025-06-01,2025-06-01,745.32,745.32,USD,PAID
AR004300,CUST00336,2024-09-15,2024-09-30,,886.01,0.0,USD,OPEN
AR004301,CUST00035,2024-09-25,2024-10-25,2024-12-19,1234.92,1234.92,USD,PAID
AR004302,CUST00128,2026-04-20,2026-06-04,2026-06-29,528.98,528.98,USD,PAID
AR004303,CUST00022,2025-11-14,2025-11-29,2025-12-06,752.42,752.42,USD,PAID
AR004304,CUST00332,2024-09-18,2024-10-03,2024-10-26,3405.29,3405.29,USD,PAID
AR004305,CUST00402,2026-04-30,2026-06-29,2026-08-03,557.45,557.45,USD,PAID
AR004306,CUST00102,2025-09-12,2025-11-11,2025-11-04,429.2,429.2,USD,PAID
AR004307,CUST00196,2025-04-19,2025-06-18,2025-07-26,1025.54,1025.54,USD,PAID
AR004308,CUST00465,2025-09-09,2025-10-24,,3493.85,0.0,USD,OPEN
AR004309,CUST00249,2025-01-26,2025-02-10,,1514.39,0.0,USD,OPEN
AR004310,CUST00137,2024-10-20,2024-11-04,2025-01-01,1190.2,1190.2,USD,PAID
AR004311,CUST00224,2024-09-11,2024-10-11,2024-11-06,1881.68,1881.68,USD,PAID
AR004312,CUST00343,2024-07-06,2024-08-05,2024-09-24,375.73,375.73,USD,PAID
AR004313,CUST00313,2025-08-28,2025-10-12,2025-10-11,2822.1,2822.1,USD,PAID
AR004314,CUST00422,2025-04-01,2025-04-16,,2553.17,0.0,USD,OPEN
AR004315,CUST00221,2026-07-21,2026-09-04,,1250.9,0.0,USD,OPEN
AR004316,CUST00240,2026-05-18,2026-06-17,,4470.84,0.0,USD,OPEN
AR004317,CUST00433,2024-02-22,2024-04-22,2024-06-15,655.41,655.41,USD,PAID
AR004318,CUST00029,2024-06-24,2024-07-09,,4989.64,0.0,USD,OPEN
AR004319,CUST00323,2026-05-11,2026-06-10,2026-05-29,2077.76,2077.76,USD,PAID
AR004320,CUST00477,2026-04-02,2026-05-17,,1335.56,0.0,USD,OPEN
AR004321,CUST00263,2026-07-12,2026-07-27,,1775.99,0.0,USD,OPEN
AR004322,CUST00043,2025-09-01,2025-10-31,2025-10-30,1641.66,1641.66,USD,PAID
AR004323,CUST00258,2025-03-31,2025-04-15,2025-06-07,5422.19,5422.19,USD,PAID
AR004324,CUST00016,2025-10-02,2025-11-16,2026-01-05,686.08,686.08,USD,PAID
AR004325,CUST00458,2026-04-14,2026-04-29,2026-06-04,910.26,910.26,USD,PAID
AR004326,CUST00389,2024-09-23,2024-11-07,2024-11-12,4594.76,4594.76,USD,PAID
AR004327,CUST00268,2024-05-03,2024-07-02,2024-08-01,1057.88,1057.88,USD,PAID
AR004328,CUST00498,2025-06-09,2025-07-09,2025-08-19,4066.26,4066.26,USD,PAID
AR004329,CUST00277,2025-06-03,2025-07-18,2025-07-04,8345.62,8345.62,USD,PAID
AR004330,CUST00277,2024-06-25,2024-07-10,2024-07-28,1259.39,1259.39,USD,PAID
AR004331,CUST00342,2024-02-17,2024-04-17,2024-06-01,3338.33,3338.33,USD,PAID
AR004332,CUST00289,2024-04-05,2024-05-05,2024-06-07,640.13,640.13,USD,PAID
AR004333,CUST00392,2024-03-28,2024-05-12,2024-05-08,3566.21,3566.21,USD,PAID
AR004334,CUST00457,2025-10-25,2025-11-09,2025-12-29,2163.5,2163.5,USD,PAID
AR004335,CUST00287,2025-05-26,2025-07-10,2025-08-18,2767.6,2767.6,USD,PAID
AR004336,CUST00297,2026-07-14,2026-08-13,,1011.29,0.0,USD,OPEN
AR004337,CUST00137,2026-08-23,2026-10-22,,405.46,0.0,USD,OPEN
AR004338,CUST00133,2024-02-14,2024-03-30,2024-03-30,2843.89,2843.89,USD,PAID
AR004339,CUST00058,2026-07-15,2026-07-30,,282.29,0.0,USD,OPEN
AR004340,CUST00461,2024-12-29,2025-02-27,,1358.84,0.0,USD,OPEN
AR004341,CUST00146,2025-07-19,2025-08-18,,4217.78,0.0,USD,OPEN
AR004342,CUST00182,2025-11-21,2025-12-21,2026-01-23,2148.89,2148.89,USD,PAID
AR004343,CUST00094,2024-04-19,2024-06-18,2024-07-23,10441.13,10441.13,USD,PAID
AR004344,CUST00360,2024-10-26,2024-11-10,2024-12-18,4548.71,4548.71,USD,PAID
AR004345,CUST00197,2025-10-17,2025-12-01,2026-01-03,1003.74,1003.74,USD,PAID
AR004346,CUST00014,2025-07-13,2025-08-12,2025-09-20,1853.04,1853.04,USD,PAID
AR004347,CUST00034,2024-09-29,2024-11-28,2024-12-02,1732.58,1732.58,USD,PAID
AR004348,CUST00174,2025-03-30,2025-04-14,,435.3,0.0,USD,OPEN
AR004349,CUST00478,2024-04-14,2024-06-13,,775.6,0.0,USD,OPEN
AR004350,CUST00141,2024-12-30,2025-01-29,2025-03-07,1091.51,1091.51,USD,PAID
AR004351,CUST00496,2025-07-09,2025-08-08,,289.28,0.0,USD,OPEN
AR004352,CUST00273,2025-08-10,2025-09-09,2025-10-15,1887.0,1887.0,USD,PAID
AR004353,CUST00071,2025-12-14,2026-01-13,2026-02-22,1444.96,1444.96,USD,PAID
AR004354,CUST00228,2024-09-21,2024-11-20,2025-01-11,401.17,401.17,USD,PAID
AR004355,CUST00046,2025-09-08,2025-09-23,2025-09-16,2601.36,2601.36,USD,PAID
AR004356,CUST00301,2024-11-03,2024-11-18,2024-11-17,3443.64,3443.64,USD,PAID
AR004357,CUST00421,2026-07-06,2026-08-05,2026-08-10,2217.93,2217.93,USD,PAID
AR004358,CUST00120,2026-06-13,2026-07-13,2026-07-11,1350.65,1350.65,USD,PAID
AR004359,CUST00175,2024-08-06,2024-10-05,2024-09-20,3078.81,3078.81,USD,PAID
AR004360,CUST00131,2024-07-10,2024-08-09,,3334.9,0.0,USD,OPEN
AR004361,CUST00466,2024-11-24,2024-12-09,2024-11-26,2384.31,2384.31,USD,PAID
AR004362,CUST00385,2024-06-18,2024-08-02,2024-08-22,860.79,860.79,USD,PAID
AR004363,CUST00064,2024-11-05,2025-01-04,,2319.11,0.0,USD,OPEN
AR004364,CUST00447,2025-09-23,2025-10-08,2025-09-27,5302.49,5302.49,USD,PAID
AR004365,CUST00214,2024-07-16,2024-08-30,2024-10-26,1056.83,1056.83,USD,PAID
AR004366,CUST00460,2025-02-15,2025-03-02,2025-04-17,11945.92,11945.92,USD,PAID
AR004367,CUST00359,2026-07-22,2026-08-06,2026-08-07,1126.57,1126.57,USD,PAID
AR004368,CUST00444,2024-09-21,2024-10-06,2024-09-21,1861.55,1861.55,USD,PAID
AR004369,CUST00050,2025-02-14,2025-04-15,2025-04-18,987.09,987.09,USD,PAID
AR004370,CUST00265,2024-10-05,2024-10-20,2024-11-26,2210.43,2210.43,USD,PAID
AR004371,CUST00319,2026-05-18,2026-06-02,2026-06-28,376.91,376.91,USD,PAID
AR004372,CUST00280,2024-07-08,2024-09-06,2024-09-24,1106.06,1106.06,USD,PAID
AR004373,CUST00203,2025-03-08,2025-04-07,2025-06-05,676.61,676.61,USD,PAID
AR004374,CUST00196,2025-12-14,2026-02-12,2026-04-02,2042.24,2042.24,USD,PAID
AR004375,CUST00168,2025-08-03,2025-09-17,2025-09-13,4424.9,4424.9,USD,PAID
AR004376,CUST00057,2024-12-14,2025-01-28,2025-01-19,3233.78,3233.78,USD,PAID
AR004377,CUST00030,2024-05-07,2024-06-06,2024-06-14,213.9,213.9,USD,PAID
AR004378,CUST00357,2026-05-15,2026-07-14,2026-07-30,11360.1,11360.1,USD,PAID
AR004379,CUST00180,2026-08-09,2026-10-08,,2358.43,0.0,USD,OPEN
AR004380,CUST00350,2024-04-26,2024-05-11,2024-06-19,898.88,898.88,USD,PAID
AR004381,CUST00386,2026-01-15,2026-01-30,2026-03-24,2082.69,2082.69,USD,PAID
AR004382,CUST00128,2026-02-28,2026-04-29,2026-05-24,2118.73,2118.73,USD,PAID
AR004383,CUST00297,2025-02-24,2025-03-26,,992.11,0.0,USD,OPEN
AR004384,CUST00195,2024-09-23,2024-11-07,2024-10-30,2160.56,2160.56,USD,PAID
AR004385,CUST00305,2025-05-12,2025-05-27,,1046.57,0.0,USD,OPEN
AR004386,CUST00272,2025-11-02,2025-12-17,2026-01-09,1256.49,1256.49,USD,PAID
AR004387,CUST00151,2025-08-17,2025-10-01,,974.91,0.0,USD,OPEN
AR004388,CUST00403,2026-07-31,2026-09-29,,498.0,0.0,USD,OPEN
AR004389,CUST00026,2026-07-13,2026-09-11,,2061.63,0.0,USD,OPEN
AR004390,CUST00420,2024-11-30,2025-01-29,2025-01-15,3061.83,3061.83,USD,PAID
AR004391,CUST00251,2026-03-20,2026-05-04,2026-06-04,2873.81,2873.81,USD,PAID
AR004392,CUST00293,2026-02-13,2026-04-14,2026-04-02,3781.71,3781.71,USD,PAID
AR004393,CUST00099,2025-04-06,2025-05-21,2025-06-03,2420.93,2420.93,USD,PAID
AR004394,CUST00439,2026-03-11,2026-03-26,2026-04-11,1119.4,1119.4,USD,PAID
AR004395,CUST00449,2026-03-12,2026-04-26,2026-06-01,3849.5,3849.5,USD,PAID
AR004396,CUST00395,2025-01-25,2025-02-24,2025-03-04,532.85,532.85,USD,PAID
AR004397,CUST00056,2025-03-04,2025-04-18,2025-04-09,803.84,803.84,USD,PAID
AR004398,CUST00118,2025-02-10,2025-03-27,2025-04-25,759.17,759.17,USD,PAID
AR004399,CUST00478,2026-08-05,2026-08-20,,4779.31,0.0,USD,OPEN
AR004400,CUST00096,2025-11-22,2026-01-21,,4223.88,0.0,USD,OPEN
AR004401,CUST00093,2024-05-01,2024-05-31,,2803.36,0.0,USD,OPEN
AR004402,CUST00356,2026-02-19,2026-04-20,2026-06-05,4744.48,4744.48,USD,PAID
AR004403,CUST00392,2025-11-03,2026-01-02,2026-01-04,819.46,819.46,USD,PAID
AR004404,CUST00041,2024-11-19,2024-12-04,2024-12-02,2474.36,2474.36,USD,PAID
AR004405,CUST00048,2024-06-30,2024-08-14,2024-08-11,1615.41,1615.41,USD,PAID
AR004406,CUST00328,2025-01-16,2025-03-02,2025-04-22,3874.59,3874.59,USD,PAID
AR004407,CUST00464,2025-02-01,2025-02-16,,1629.94,0.0,USD,OPEN
AR004408,CUST00302,2025-07-03,2025-07-18,,1278.64,0.0,USD,OPEN
AR004409,CUST00287,2025-06-12,2025-08-11,2025-09-28,2941.92,2941.92,USD,PAID
AR004410,CUST00296,2024-05-10,2024-06-09,2024-06-16,3978.07,3978.07,USD,PAID
AR004411,CUST00477,2025-09-01,2025-10-16,2025-10-02,990.78,990.78,USD,PAID
AR004412,CUST00406,2026-04-01,2026-05-16,2026-06-22,1711.34,1711.34,USD,PAID
AR004413,CUST00039,2024-09-26,2024-10-26,2024-12-04,697.43,697.43,USD,PAID
AR004414,CUST00105,2024-05-30,2024-06-14,2024-06-05,190.9,190.9,USD,PAID
AR004415,CUST00176,2025-06-25,2025-08-09,2025-09-24,2165.52,2165.52,USD,PAID
AR004416,CUST00374,2024-08-21,2024-10-20,2024-12-19,3127.58,3127.58,USD,PAID
AR004417,CUST00499,2025-01-30,2025-02-14,2025-03-15,2288.98,2288.98,USD,PAID
AR004418,CUST00486,2026-04-18,2026-05-18,2026-06-05,312.75,312.75,USD,PAID
AR004419,CUST00344,2025-06-10,2025-07-10,2025-07-10,1318.48,1318.48,USD,PAID
AR004420,CUST00186,2025-07-24,2025-08-23,2025-09-09,245.55,245.55,USD,PAID
AR004421,CUST00347,2026-03-27,2026-05-11,,6202.64,0.0,USD,OPEN
AR004422,CUST00147,2026-08-25,2026-10-24,,680.31,0.0,USD,OPEN
AR004423,CUST00446,2025-10-29,2025-12-28,2025-12-31,5596.31,5596.31,USD,PAID
AR004424,CUST00484,2024-07-20,2024-08-04,,4235.61,0.0,USD,OPEN
AR004425,CUST00147,2024-07-17,2024-08-16,2024-09-27,803.9,803.9,USD,PAID
AR004426,CUST00231,2026-02-27,2026-04-28,2026-04-23,652.29,652.29,USD,PAID
AR004427,CUST00341,2025-03-24,2025-05-23,2025-06-08,2478.31,2478.31,USD,PAID
AR004428,CUST00099,2024-10-27,2024-11-26,2024-11-14,845.65,845.65,USD,PAID
AR004429,CUST00460,2026-06-07,2026-08-06,2026-07-31,1982.74,1982.74,USD,PAID
AR004430,CUST00032,2025-05-01,2025-06-15,2025-08-08,1170.81,1170.81,USD,PAID
AR004431,CUST00493,2026-03-31,2026-04-15,2026-05-19,363.93,363.93,USD,PAID
AR004432,CUST00017,2024-09-09,2024-09-24,2024-10-03,242.88,242.88,USD,PAID
AR004433,CUST00258,2025-01-30,2025-03-01,2025-04-24,2217.23,2217.23,USD,PAID
AR004434,CUST00170,2026-04-29,2026-05-29,2026-06-12,1090.73,1090.73,USD,PAID
AR004435,CUST00019,2026-05-18,2026-06-17,2026-06-03,1099.07,1099.07,USD,PAID
AR004436,CUST00226,2026-05-28,2026-06-12,2026-07-17,3382.19,3382.19,USD,PAID
AR004437,CUST00432,2025-04-30,2025-06-14,2025-06-07,5198.36,5198.36,USD,PAID
AR004438,CUST00131,2025-03-11,2025-04-25,2025-05-15,1414.75,1414.75,USD,PAID
AR004439,CUST00028,2024-09-17,2024-11-01,2024-12-10,1330.7,1330.7,USD,PAID
AR004440,CUST00353,2026-04-25,2026-05-25,2026-06-25,2835.94,2835.94,USD,PAID
AR004441,CUST00231,2024-03-08,2024-05-07,2024-05-19,533.13,533.13,USD,PAID
AR004442,CUST00352,2025-12-22,2026-01-06,,2210.2,0.0,USD,OPEN
AR004443,CUST00076,2025-10-28,2025-12-12,2025-12-12,2971.13,2971.13,USD,PAID
AR004444,CUST00339,2025-07-03,2025-09-01,2025-10-21,3334.93,3334.93,USD,PAID
AR004445,CUST00297,2024-09-18,2024-11-17,2025-01-13,316.37,316.37,USD,PAID
AR004446,CUST00157,2025-03-11,2025-04-10,2025-04-02,911.22,911.22,USD,PAID
AR004447,CUST00429,2024-11-18,2025-01-17,2025-01-19,820.21,820.21,USD,PAID
AR004448,CUST00349,2025-05-05,2025-05-20,2025-07-01,1978.11,1978.11,USD,PAID
AR004449,CUST00415,2024-05-20,2024-07-04,2024-06-23,2786.86,2786.86,USD,PAID
AR004450,CUST00138,2024-04-01,2024-05-31,2024-06-07,6953.77,6953.77,USD,PAID
AR004451,CUST00304,2024-05-15,2024-06-14,2024-06-27,1158.09,1158.09,USD,PAID
AR004452,CUST00291,2025-04-05,2025-05-05,2025-05-20,1155.38,1155.38,USD,PAID
AR004453,CUST00058,2026-03-22,2026-04-06,,5088.33,0.0,USD,OPEN
AR004454,CUST00472,2025-10-23,2025-12-22,,2361.19,0.0,USD,OPEN
AR004455,CUST00108,2026-04-16,2026-05-16,2026-07-12,5658.34,5658.34,USD,PAID
AR004456,CUST00474,2024-06-25,2024-07-10,2024-09-04,2344.57,2344.57,USD,PAID
AR004457,CUST00023,2024-08-05,2024-09-04,,638.16,0.0,USD,OPEN
AR004458,CUST00118,2026-04-15,2026-04-30,,544.67,0.0,USD,OPEN
AR004459,CUST00355,2024-06-28,2024-07-13,,447.48,0.0,USD,OPEN
AR004460,CUST00059,2025-06-18,2025-08-17,2025-09-19,3280.81,3280.81,USD,PAID
AR004461,CUST00471,2024-02-16,2024-03-02,2024-04-27,5269.74,5269.74,USD,PAID
AR004462,CUST00006,2026-04-01,2026-05-31,2026-05-31,9551.24,9551.24,USD,PAID
AR004463,CUST00191,2025-07-14,2025-07-29,2025-08-07,3861.44,3861.44,USD,PAID
AR004464,CUST00460,2025-01-27,2025-02-11,2025-02-26,5148.98,5148.98,USD,PAID
AR004465,CUST00329,2025-07-20,2025-09-03,2025-09-19,1072.75,1072.75,USD,PAID
AR004466,CUST00403,2026-08-24,2026-09-08,2026-08-30,638.57,638.57,USD,PAID
AR004467,CUST00329,2025-05-09,2025-06-23,2025-08-17,3885.75,3885.75,USD,PAID
AR004468,CUST00444,2024-05-21,2024-06-20,2024-07-27,2633.09,2633.09,USD,PAID
AR004469,CUST00018,2025-08-25,2025-10-09,2025-10-06,1991.61,1991.61,USD,PAID
AR004470,CUST00235,2024-01-04,2024-02-03,2024-01-21,2562.23,2562.23,USD,PAID
AR004471,CUST00190,2026-05-05,2026-07-04,2026-06-19,2418.41,2418.41,USD,PAID
AR004472,CUST00195,2026-04-16,2026-05-31,2026-07-30,5741.27,5741.27,USD,PAID
AR004473,CUST00224,2025-03-24,2025-04-08,2025-03-29,5799.27,5799.27,USD,PAID
AR004474,CUST00038,2025-03-19,2025-05-18,2025-05-14,2950.7,2950.7,USD,PAID
AR004475,CUST00445,2024-01-14,2024-03-14,2024-04-06,3870.82,3870.82,USD,PAID
AR004476,CUST00145,2024-03-29,2024-04-13,2024-04-26,2871.69,2871.69,USD,PAID
AR004477,CUST00205,2024-01-02,2024-03-02,2024-02-28,1193.86,1193.86,USD,PAID
AR004478,CUST00022,2025-09-20,2025-11-04,2025-12-19,3572.1,3572.1,USD,PAID
AR004479,CUST00390,2025-06-19,2025-07-04,2025-08-29,515.41,515.41,USD,PAID
AR004480,CUST00151,2024-07-18,2024-09-16,2024-09-26,4668.08,4668.08,USD,PAID
AR004481,CUST00290,2025-07-21,2025-08-20,2025-10-16,617.04,617.04,USD,PAID
AR004482,CUST00311,2025-09-28,2025-11-27,,2338.4,0.0,USD,OPEN
AR004483,CUST00222,2025-04-15,2025-04-30,2025-06-23,845.02,845.02,USD,PAID
AR004484,CUST00401,2025-07-25,2025-08-09,2025-09-25,2975.15,2975.15,USD,PAID
AR004485,CUST00412,2025-09-21,2025-10-06,2025-11-07,1753.67,1753.67,USD,PAID
AR004486,CUST00233,2025-08-28,2025-10-27,,430.4,0.0,USD,OPEN
AR004487,CUST00012,2026-05-14,2026-05-29,2026-07-01,2640.25,2640.25,USD,PAID
AR004488,CUST00483,2025-12-10,2026-01-09,,1074.78,0.0,USD,OPEN
AR004489,CUST00233,2024-03-30,2024-04-29,2024-05-29,3995.93,3995.93,USD,PAID
AR004490,CUST00041,2026-05-19,2026-06-18,2026-07-11,1810.2,1810.2,USD,PAID
AR004491,CUST00189,2025-07-20,2025-08-04,2025-10-01,2580.86,2580.86,USD,PAID
AR004492,CUST00185,2026-08-14,2026-09-13,,763.71,0.0,USD,OPEN
AR004493,CUST00236,2024-12-09,2025-01-23,2025-01-23,1063.8,1063.8,USD,PAID
AR004494,CUST00344,2025-05-13,2025-07-12,2025-07-08,1196.58,1196.58,USD,PAID
AR004495,CUST00309,2026-02-04,2026-03-06,2026-04-09,3908.98,3908.98,USD,PAID
AR004496,CUST00345,2024-07-08,2024-07-23,,8181.57,0.0,USD,OPEN
AR004497,CUST00207,2026-03-27,2026-04-26,2026-06-25,875.98,875.98,USD,PAID
AR004498,CUST00084,2026-08-20,2026-09-19,,4765.53,0.0,USD,OPEN
AR004499,CUST00039,2024-05-24,2024-07-23,2024-09-21,256.54,256.54,USD,PAID
AR004500,CUST00370,2025-04-05,2025-04-20,2025-05-08,617.22,617.22,USD,PAID
AR004501,CUST00054,2026-01-18,2026-03-04,2026-03-05,762.88,762.88,USD,PAID
AR004502,CUST00249,2026-04-23,2026-06-07,2026-07-09,535.25,535.25,USD,PAID
AR004503,CUST00065,2026-05-03,2026-05-18,2026-07-06,434.75,434.75,USD,PAID
AR004504,CUST00446,2024-01-03,2024-02-02,,2622.02,0.0,USD,OPEN
AR004505,CUST00010,2025-01-10,2025-03-11,2025-05-08,1491.2,1491.2,USD,PAID
AR004506,CUST00205,2026-08-18,2026-09-02,,2543.93,0.0,USD,OPEN
AR004507,CUST00236,2024-08-12,2024-09-26,2024-09-17,3365.82,3365.82,USD,PAID
AR004508,CUST00434,2024-06-24,2024-07-24,2024-08-13,2296.3,2296.3,USD,PAID
AR004509,CUST00084,2026-06-04,2026-08-03,,3268.17,0.0,USD,OPEN
AR004510,CUST00003,2026-07-30,2026-09-13,,1698.36,0.0,USD,OPEN
AR004511,CUST00094,2024-02-29,2024-03-15,2024-05-05,621.23,621.23,USD,PAID
AR004512,CUST00047,2024-06-13,2024-07-28,2024-08-12,4684.59,4684.59,USD,PAID
AR004513,CUST00483,2024-05-19,2024-07-18,,1064.01,0.0,USD,OPEN
AR004514,CUST00034,2026-08-14,2026-09-28,,778.96,0.0,USD,OPEN
AR004515,CUST00047,2024-03-01,2024-04-15,2024-04-07,1540.52,1540.52,USD,PAID
AR004516,CUST00433,2024-04-28,2024-06-12,2024-06-19,795.1,795.1,USD,PAID
AR004517,CUST00162,2025-04-19,2025-05-04,2025-04-30,1241.79,1241.79,USD,PAID
AR004518,CUST00451,2024-07-09,2024-09-07,,2464.26,0.0,USD,OPEN
AR004519,CUST00028,2024-02-14,2024-03-30,2024-05-10,2473.79,2473.79,USD,PAID
AR004520,CUST00017,2026-04-20,2026-05-20,,805.89,0.0,USD,OPEN
AR004521,CUST00161,2025-04-18,2025-05-03,2025-07-02,1165.69,1165.69,USD,PAID
AR004522,CUST00248,2025-11-27,2025-12-12,,4754.75,0.0,USD,OPEN
AR004523,CUST00403,2024-09-19,2024-10-04,2024-12-01,2826.4,2826.4,USD,PAID
AR004524,CUST00416,2024-11-15,2024-12-30,2025-01-13,11702.51,11702.51,USD,PAID
AR004525,CUST00240,2025-10-23,2025-11-22,2026-01-12,5229.73,5229.73,USD,PAID
AR004526,CUST00177,2025-02-27,2025-03-29,2025-05-05,5063.76,5063.76,USD,PAID
AR004527,CUST00393,2024-05-14,2024-06-28,2024-08-12,518.49,518.49,USD,PAID
AR004528,CUST00492,2024-04-28,2024-06-27,2024-06-23,3595.63,3595.63,USD,PAID
AR004529,CUST00413,2025-10-01,2025-10-31,2025-11-10,1723.66,1723.66,USD,PAID
AR004530,CUST00019,2024-11-14,2024-11-29,2024-11-23,1101.16,1101.16,USD,PAID
AR004531,CUST00181,2024-09-21,2024-11-05,,2103.2,0.0,USD,OPEN
AR004532,CUST00036,2026-03-04,2026-05-03,2026-05-11,4233.1,4233.1,USD,PAID
AR004533,CUST00225,2025-04-24,2025-06-08,2025-07-09,2837.7,2837.7,USD,PAID
AR004534,CUST00216,2024-09-19,2024-10-19,2024-10-23,820.06,820.06,USD,PAID
AR004535,CUST00280,2025-06-26,2025-07-11,2025-07-30,3527.04,3527.04,USD,PAID
AR004536,CUST00100,2025-03-21,2025-04-05,2025-05-17,1018.59,1018.59,USD,PAID
AR004537,CUST00457,2025-08-25,2025-09-24,2025-10-11,2197.37,2197.37,USD,PAID
AR004538,CUST00163,2024-11-02,2024-12-02,2024-12-09,1376.07,1376.07,USD,PAID
AR004539,CUST00208,2026-03-30,2026-04-29,2026-05-22,1484.78,1484.78,USD,PAID
AR004540,CUST00172,2026-07-25,2026-08-24,,3603.35,0.0,USD,OPEN
AR004541,CUST00361,2024-02-24,2024-04-24,2024-05-14,708.98,708.98,USD,PAID
AR004542,CUST00181,2024-02-21,2024-04-21,2024-05-18,10411.6,10411.6,USD,PAID
AR004543,CUST00106,2024-03-22,2024-05-06,2024-05-11,351.08,351.08,USD,PAID
AR004544,CUST00305,2025-08-01,2025-08-31,2025-08-17,1055.85,1055.85,USD,PAID
AR004545,CUST00055,2024-02-04,2024-03-20,2024-04-15,2522.97,2522.97,USD,PAID
AR004546,CUST00375,2024-02-13,2024-04-13,2024-05-07,3059.12,3059.12,USD,PAID
AR004547,CUST00487,2024-01-29,2024-02-13,2024-02-10,1651.72,1651.72,USD,PAID
AR004548,CUST00482,2024-03-26,2024-04-10,2024-05-29,1717.02,1717.02,USD,PAID
AR004549,CUST00073,2025-02-01,2025-02-16,2025-02-03,2616.24,2616.24,USD,PAID
AR004550,CUST00350,2024-12-02,2025-01-16,2025-02-26,1468.56,1468.56,USD,PAID
AR004551,CUST00087,2025-02-02,2025-02-17,2025-02-24,6335.11,6335.11,USD,PAID
AR004552,CUST00471,2025-10-11,2025-10-26,2025-11-27,3848.41,3848.41,USD,PAID
AR004553,CUST00358,2024-08-27,2024-10-11,2024-10-30,3966.11,3966.11,USD,PAID
AR004554,CUST00458,2026-08-21,2026-09-05,2026-08-21,757.83,757.83,USD,PAID
AR004555,CUST00462,2024-03-25,2024-04-24,,1683.37,0.0,USD,OPEN
AR004556,CUST00006,2024-11-17,2025-01-01,2024-12-24,1379.64,1379.64,USD,PAID
AR004557,CUST00041,2024-06-10,2024-08-09,2024-07-31,731.4,731.4,USD,PAID
AR004558,CUST00465,2024-11-23,2024-12-08,2024-12-16,2500.25,2500.25,USD,PAID
AR004559,CUST00133,2026-06-18,2026-08-02,,1114.45,0.0,USD,OPEN
AR004560,CUST00145,2025-03-26,2025-05-10,,3261.24,0.0,USD,OPEN
AR004561,CUST00227,2024-02-14,2024-04-14,,690.09,0.0,USD,OPEN
AR004562,CUST00305,2025-12-22,2026-01-21,2026-03-06,8494.18,8494.18,USD,PAID
AR004563,CUST00346,2025-07-17,2025-08-01,2025-09-30,806.98,806.98,USD,PAID
AR004564,CUST00025,2025-01-09,2025-01-24,2025-01-17,2202.55,2202.55,USD,PAID
AR004565,CUST00497,2024-01-10,2024-03-10,2024-03-22,3687.39,3687.39,USD,PAID
AR004566,CUST00061,2024-11-07,2024-11-22,2025-01-20,1081.85,1081.85,USD,PAID
AR004567,CUST00450,2024-01-04,2024-02-18,2024-02-07,3894.12,3894.12,USD,PAID
AR004568,CUST00314,2024-08-07,2024-10-06,,598.09,0.0,USD,OPEN
AR004569,CUST00278,2025-12-16,2026-01-30,,6680.22,0.0,USD,OPEN
AR004570,CUST00451,2024-11-03,2024-11-18,2024-12-16,1831.21,1831.21,USD,PAID
AR004571,CUST00178,2025-09-22,2025-10-22,2025-11-21,1057.04,1057.04,USD,PAID
AR004572,CUST00175,2026-02-17,2026-03-19,2026-05-15,1381.24,1381.24,USD,PAID
AR004573,CUST00018,2024-05-30,2024-06-14,2024-06-08,3744.44,3744.44,USD,PAID
AR004574,CUST00482,2024-03-01,2024-04-30,2024-06-26,1068.48,1068.48,USD,PAID
AR004575,CUST00293,2025-08-14,2025-08-29,2025-10-03,921.11,921.11,USD,PAID
AR004576,CUST00199,2025-03-14,2025-03-29,,1481.21,0.0,USD,OPEN
AR004577,CUST00399,2026-01-04,2026-03-05,2026-02-23,626.87,626.87,USD,PAID
AR004578,CUST00137,2025-12-13,2026-01-12,2026-03-02,9306.7,9306.7,USD,PAID
AR004579,CUST00340,2025-12-12,2026-01-11,2026-01-23,1085.99,1085.99,USD,PAID
AR004580,CUST00442,2024-07-17,2024-08-31,2024-10-02,3821.72,3821.72,USD,PAID
AR004581,CUST00252,2024-08-18,2024-09-02,,2183.15,0.0,USD,OPEN
AR004582,CUST00172,2025-04-14,2025-06-13,2025-06-18,745.4,745.4,USD,PAID
AR004583,CUST00425,2024-12-01,2024-12-16,2025-01-14,1798.38,1798.38,USD,PAID
AR004584,CUST00161,2024-01-12,2024-01-27,2024-02-29,3661.41,3661.41,USD,PAID
AR004585,CUST00147,2024-09-18,2024-10-18,2024-10-26,1526.24,1526.24,USD,PAID
AR004586,CUST00299,2024-04-18,2024-06-17,2024-06-25,5291.21,5291.21,USD,PAID
AR004587,CUST00360,2024-03-03,2024-04-02,2024-05-30,4534.02,4534.02,USD,PAID
AR004588,CUST00158,2026-03-08,2026-04-07,2026-04-20,4134.09,4134.09,USD,PAID
AR004589,CUST00378,2024-12-04,2024-12-19,,1195.49,0.0,USD,OPEN
AR004590,CUST00430,2026-03-17,2026-04-01,2026-05-09,684.13,684.13,USD,PAID
AR004591,CUST00327,2025-11-24,2025-12-09,2025-11-24,1040.83,1040.83,USD,PAID
AR004592,CUST00008,2026-02-21,2026-04-22,2026-05-08,2157.31,2157.31,USD,PAID
AR004593,CUST00202,2024-06-04,2024-06-19,,2954.86,0.0,USD,OPEN
AR004594,CUST00145,2025-03-30,2025-04-29,2025-04-14,256.1,256.1,USD,PAID
AR004595,CUST00172,2026-07-06,2026-08-20,,1794.89,0.0,USD,OPEN
AR004596,CUST00441,2026-02-11,2026-04-12,2026-06-08,2084.49,2084.49,USD,PAID
AR004597,CUST00378,2024-07-09,2024-07-24,,1408.4,0.0,USD,OPEN
AR004598,CUST00024,2025-08-30,2025-10-29,2025-12-03,5779.93,5779.93,USD,PAID
AR004599,CUST00409,2024-08-24,2024-09-23,2024-09-30,2642.82,2642.82,USD,PAID
AR004600,CUST00267,2024-01-09,2024-02-08,2024-03-09,5879.18,5879.18,USD,PAID
AR004601,CUST00456,2024-07-10,2024-07-25,2024-09-07,1488.67,1488.67,USD,PAID
AR004602,CUST00228,2024-01-26,2024-02-25,,4203.74,0.0,USD,OPEN
AR004603,CUST00116,2024-04-27,2024-05-12,2024-05-17,7875.88,7875.88,USD,PAID
AR004604,CUST00221,2025-12-31,2026-01-15,,5887.13,0.0,USD,OPEN
AR004605,CUST00408,2025-12-18,2026-01-17,,676.59,0.0,USD,OPEN
AR004606,CUST00465,2025-09-14,2025-10-14,,1438.98,0.0,USD,OPEN
AR004607,CUST00371,2026-07-21,2026-08-05,,1325.24,0.0,USD,OPEN
AR004608,CUST00055,2024-01-05,2024-02-19,2024-03-30,2808.28,2808.28,USD,PAID
AR004609,CUST00275,2026-03-02,2026-03-17,2026-03-29,3353.36,3353.36,USD,PAID
AR004610,CUST00374,2025-01-15,2025-03-01,2025-02-24,849.8,849.8,USD,PAID
AR004611,CUST00354,2025-08-25,2025-10-09,2025-11-22,1921.87,1921.87,USD,PAID
AR004612,CUST00196,2025-04-26,2025-05-26,2025-05-23,293.56,293.56,USD,PAID
AR004613,CUST00470,2025-07-23,2025-08-07,2025-09-04,6619.34,6619.34,USD,PAID
AR004614,CUST00035,2024-08-30,2024-10-29,2024-11-10,1140.09,1140.09,USD,PAID
AR004615,CUST00261,2025-07-14,2025-09-12,2025-09-16,1901.27,1901.27,USD,PAID
AR004616,CUST00142,2026-07-19,2026-09-17,,1368.29,0.0,USD,OPEN
AR004617,CUST00264,2024-12-05,2025-01-19,2025-01-16,5071.67,5071.67,USD,PAID
AR004618,CUST00084,2024-05-21,2024-06-20,2024-08-05,140.65,140.65,USD,PAID
AR004619,CUST00110,2024-01-02,2024-01-17,,1781.21,0.0,USD,OPEN
AR004620,CUST00070,2025-09-21,2025-11-05,2025-11-19,1643.8,1643.8,USD,PAID
AR004621,CUST00046,2025-11-09,2025-12-09,,1201.98,0.0,USD,OPEN
AR004622,CUST00336,2024-10-11,2024-11-25,2024-12-15,8549.29,8549.29,USD,PAID
AR004623,CUST00383,2024-08-04,2024-09-03,2024-10-25,813.55,813.55,USD,PAID
AR004624,CUST00296,2024-04-22,2024-05-07,2024-06-07,3621.4,3621.4,USD,PAID
AR004625,CUST00377,2025-09-08,2025-10-08,2025-10-09,2491.47,2491.47,USD,PAID
AR004626,CUST00325,2025-10-04,2025-10-19,,5627.2,0.0,USD,OPEN
AR004627,CUST00113,2024-07-31,2024-08-15,2024-08-19,991.81,991.81,USD,PAID
AR004628,CUST00225,2026-05-22,2026-06-21,,934.8,0.0,USD,OPEN
AR004629,CUST00357,2025-05-24,2025-07-08,2025-07-09,4848.69,4848.69,USD,PAID
AR004630,CUST00022,2026-06-15,2026-06-30,2026-07-09,2651.26,2651.26,USD,PAID
AR004631,CUST00172,2026-07-09,2026-08-08,,450.14,0.0,USD,OPEN
AR004632,CUST00101,2026-06-26,2026-07-11,2026-08-15,1112.79,1112.79,USD,PAID
AR004633,CUST00479,2024-01-03,2024-01-18,2024-02-01,2559.95,2559.95,USD,PAID
AR004634,CUST00204,2026-04-28,2026-06-27,2026-07-27,3842.92,3842.92,USD,PAID
AR004635,CUST00068,2026-07-13,2026-07-28,2026-08-10,981.12,981.12,USD,PAID
AR004636,CUST00307,2026-02-25,2026-03-12,2026-03-17,131.26,131.26,USD,PAID
AR004637,CUST00241,2024-04-01,2024-05-31,2024-05-25,2895.46,2895.46,USD,PAID
AR004638,CUST00441,2024-11-01,2024-12-31,2024-12-21,602.88,602.88,USD,PAID
AR004639,CUST00112,2026-08-25,2026-09-24,,294.24,0.0,USD,OPEN
AR004640,CUST00421,2024-05-02,2024-05-17,2024-07-10,141.3,141.3,USD,PAID
AR004641,CUST00084,2024-10-09,2024-10-24,2024-11-28,3761.54,3761.54,USD,PAID
AR004642,CUST00481,2024-06-03,2024-06-18,2024-06-28,2029.93,2029.93,USD,PAID
AR004643,CUST00029,2024-05-01,2024-06-30,2024-08-18,1475.73,1475.73,USD,PAID
AR004644,CUST00497,2025-01-10,2025-03-11,2025-04-12,6311.46,6311.46,USD,PAID
AR004645,CUST00236,2026-05-11,2026-07-10,2026-08-14,3208.61,3208.61,USD,PAID
AR004646,CUST00477,2026-02-10,2026-02-25,2026-04-01,7743.97,7743.97,USD,PAID
AR004647,CUST00186,2024-06-05,2024-06-20,2024-07-25,516.22,516.22,USD,PAID
AR004648,CUST00399,2025-01-05,2025-01-20,2025-02-10,1752.69,1752.69,USD,PAID
AR004649,CUST00226,2026-02-20,2026-04-06,2026-03-26,421.98,421.98,USD,PAID
AR004650,CUST00310,2025-03-17,2025-05-16,2025-06-09,1470.79,1470.79,USD,PAID
AR004651,CUST00214,2026-02-27,2026-03-29,2026-05-25,1445.55,1445.55,USD,PAID
AR004652,CUST00086,2024-12-18,2025-01-02,2025-02-04,3177.82,3177.82,USD,PAID
AR004653,CUST00087,2025-04-09,2025-05-09,,1883.73,0.0,USD,OPEN
AR004654,CUST00046,2025-01-29,2025-02-28,2025-02-28,3168.67,3168.67,USD,PAID
AR004655,CUST00341,2024-10-29,2024-11-28,2025-01-04,3405.33,3405.33,USD,PAID
AR004656,CUST00357,2024-05-20,2024-07-04,2024-08-29,12574.62,12574.62,USD,PAID
AR004657,CUST00348,2024-11-24,2025-01-08,2025-01-05,1361.35,1361.35,USD,PAID
AR004658,CUST00486,2025-06-11,2025-06-26,2025-08-13,775.17,775.17,USD,PAID
AR004659,CUST00076,2025-08-31,2025-09-15,2025-10-22,2256.29,2256.29,USD,PAID
AR004660,CUST00337,2025-10-16,2025-11-15,2025-11-10,878.26,878.26,USD,PAID
AR004661,CUST00287,2025-09-07,2025-11-06,2025-11-16,6862.07,6862.07,USD,PAID
AR004662,CUST00485,2024-12-12,2025-01-11,2025-02-01,1401.23,1401.23,USD,PAID
AR004663,CUST00187,2025-04-16,2025-05-16,2025-05-08,1086.79,1086.79,USD,PAID
AR004664,CUST00487,2025-06-28,2025-07-28,2025-08-15,1183.01,1183.01,USD,PAID
AR004665,CUST00040,2024-07-26,2024-08-10,2024-08-25,3451.54,3451.54,USD,PAID
AR004666,CUST00256,2024-03-21,2024-05-05,2024-06-26,1568.74,1568.74,USD,PAID
AR004667,CUST00190,2025-02-19,2025-03-06,2025-03-25,1014.85,1014.85,USD,PAID
AR004668,CUST00470,2026-06-03,2026-08-02,,8093.5,0.0,USD,OPEN
AR004669,CUST00206,2025-12-07,2026-01-21,2026-03-05,836.68,836.68,USD,PAID
AR004670,CUST00485,2025-08-23,2025-10-07,2025-11-03,1866.85,1866.85,USD,PAID
AR004671,CUST00190,2024-07-23,2024-09-06,2024-10-16,3252.16,3252.16,USD,PAID
AR004672,CUST00202,2025-07-31,2025-09-29,2025-10-18,416.46,416.46,USD,PAID
AR004673,CUST00221,2025-01-30,2025-03-31,2025-03-24,2785.64,2785.64,USD,PAID
AR004674,CUST00091,2024-08-01,2024-09-15,,699.53,0.0,USD,OPEN
AR004675,CUST00358,2024-12-17,2025-01-31,2025-03-25,3791.45,3791.45,USD,PAID
AR004676,CUST00261,2026-07-19,2026-08-03,2026-08-27,760.22,760.22,USD,PAID
AR004677,CUST00205,2024-03-30,2024-05-14,,3372.78,0.0,USD,OPEN
AR004678,CUST00295,2025-09-02,2025-10-02,2025-11-03,4891.48,4891.48,USD,PAID
AR004679,CUST00094,2025-01-25,2025-03-26,2025-05-07,3925.67,3925.67,USD,PAID
AR004680,CUST00446,2024-04-25,2024-05-25,,2266.94,0.0,USD,OPEN
AR004681,CUST00061,2024-10-09,2024-11-08,2025-01-07,1468.25,1468.25,USD,PAID
AR004682,CUST00027,2024-09-29,2024-10-29,2024-11-19,1076.23,1076.23,USD,PAID
AR004683,CUST00101,2025-11-14,2025-12-29,2026-02-26,6794.92,6794.92,USD,PAID
AR004684,CUST00155,2024-09-10,2024-10-10,2024-10-09,963.39,963.39,USD,PAID
AR004685,CUST00368,2026-03-06,2026-04-20,2026-05-02,710.98,710.98,USD,PAID
AR004686,CUST00113,2026-04-09,2026-04-24,2026-05-31,3290.62,3290.62,USD,PAID
AR004687,CUST00016,2025-11-04,2026-01-03,2025-12-21,883.13,883.13,USD,PAID
AR004688,CUST00421,2025-06-30,2025-07-15,2025-09-05,768.89,768.89,USD,PAID
AR004689,CUST00062,2024-12-30,2025-01-29,,493.12,0.0,USD,OPEN
AR004690,CUST00048,2024-03-22,2024-05-06,2024-06-17,1170.73,1170.73,USD,PAID
AR004691,CUST00186,2026-07-27,2026-09-10,,1678.33,0.0,USD,OPEN
AR004692,CUST00222,2026-04-15,2026-05-30,2026-06-06,2250.22,2250.22,USD,PAID
AR004693,CUST00025,2026-06-29,2026-08-28,,4256.39,0.0,USD,OPEN
AR004694,CUST00495,2024-04-25,2024-06-24,,2905.06,0.0,USD,OPEN
AR004695,CUST00408,2024-06-16,2024-07-01,2024-08-07,1522.66,1522.66,USD,PAID
AR004696,CUST00237,2024-12-15,2025-01-14,2025-02-24,1512.66,1512.66,USD,PAID
AR004697,CUST00350,2025-04-08,2025-05-08,2025-06-13,2861.62,2861.62,USD,PAID
AR004698,CUST00240,2024-11-27,2025-01-26,,5683.45,0.0,USD,OPEN
AR004699,CUST00331,2024-01-04,2024-01-19,2024-01-11,2025.72,2025.72,USD,PAID
AR004700,CUST00418,2026-04-27,2026-05-12,2026-06-11,1185.34,1185.34,USD,PAID
AR004701,CUST00013,2024-06-05,2024-08-04,2024-07-28,739.83,739.83,USD,PAID
AR004702,CUST00338,2026-08-07,2026-09-21,,492.41,0.0,USD,OPEN
AR004703,CUST00078,2024-02-16,2024-03-02,,3293.29,0.0,USD,OPEN
AR004704,CUST00159,2025-05-10,2025-06-09,2025-06-02,3041.73,3041.73,USD,PAID
AR004705,CUST00062,2024-07-09,2024-08-23,2024-09-01,3040.04,3040.04,USD,PAID
AR004706,CUST00496,2025-03-11,2025-03-26,2025-04-09,1610.35,1610.35,USD,PAID
AR004707,CUST00391,2025-08-10,2025-08-25,2025-09-06,6414.02,6414.02,USD,PAID
AR004708,CUST00466,2025-02-11,2025-02-26,2025-03-04,1169.46,1169.46,USD,PAID
AR004709,CUST00194,2024-02-05,2024-03-06,,4271.59,0.0,USD,OPEN
AR004710,CUST00266,2025-09-29,2025-11-13,2025-11-17,1746.08,1746.08,USD,PAID
AR004711,CUST00370,2026-03-05,2026-05-04,,1045.74,0.0,USD,OPEN
AR004712,CUST00402,2024-01-28,2024-02-27,2024-04-14,3081.83,3081.83,USD,PAID
AR004713,CUST00192,2024-09-09,2024-10-24,,2614.09,0.0,USD,OPEN
AR004714,CUST00466,2025-09-22,2025-11-06,2025-11-18,2493.08,2493.08,USD,PAID
AR004715,CUST00328,2024-08-28,2024-09-27,,1945.26,0.0,USD,OPEN
AR004716,CUST00458,2025-12-10,2026-02-08,2026-02-17,1747.42,1747.42,USD,PAID
AR004717,CUST00187,2025-06-18,2025-07-18,,15514.57,0.0,USD,OPEN
AR004718,CUST00401,2026-05-23,2026-07-22,2026-08-04,5249.2,5249.2,USD,PAID
AR004719,CUST00217,2024-12-28,2025-01-27,,3465.26,0.0,USD,OPEN
AR004720,CUST00241,2025-03-13,2025-03-28,2025-03-17,1999.43,1999.43,USD,PAID
AR004721,CUST00500,2025-02-10,2025-02-25,2025-04-21,4475.8,4475.8,USD,PAID
AR004722,CUST00311,2025-04-15,2025-04-30,2025-06-03,2881.87,2881.87,USD,PAID
AR004723,CUST00425,2025-05-24,2025-06-08,2025-06-13,1851.19,1851.19,USD,PAID
AR004724,CUST00008,2026-05-24,2026-06-23,2026-06-20,1375.8,1375.8,USD,PAID
AR004725,CUST00052,2025-05-18,2025-06-02,,1681.05,0.0,USD,OPEN
AR004726,CUST00348,2024-12-28,2025-01-27,2025-03-24,104.23,104.23,USD,PAID
AR004727,CUST00342,2025-07-27,2025-08-26,2025-10-13,2185.37,2185.37,USD,PAID
AR004728,CUST00274,2026-03-23,2026-05-22,2026-06-09,1164.88,1164.88,USD,PAID
AR004729,CUST00103,2026-05-30,2026-07-14,2026-08-29,7581.02,7581.02,USD,PAID
AR004730,CUST00075,2024-11-28,2025-01-27,2025-01-28,1839.8,1839.8,USD,PAID
AR004731,CUST00073,2024-08-02,2024-09-01,2024-09-05,620.13,620.13,USD,PAID
AR004732,CUST00130,2024-06-14,2024-06-29,2024-07-21,1728.67,1728.67,USD,PAID
AR004733,CUST00079,2024-06-06,2024-07-21,2024-09-16,705.21,705.21,USD,PAID
AR004734,CUST00491,2026-01-04,2026-02-03,,2768.52,0.0,USD,OPEN
AR004735,CUST00094,2024-12-28,2025-02-26,,2349.25,0.0,USD,OPEN
AR004736,CUST00461,2026-04-20,2026-06-04,2026-05-26,4281.49,4281.49,USD,PAID
AR004737,CUST00443,2025-02-02,2025-03-04,2025-04-19,887.32,887.32,USD,PAID
AR004738,CUST00332,2026-03-28,2026-04-27,,1864.24,0.0,USD,OPEN
AR004739,CUST00142,2024-04-27,2024-05-12,2024-06-28,529.26,529.26,USD,PAID
AR004740,CUST00343,2024-04-17,2024-05-17,,3399.37,0.0,USD,OPEN
AR004741,CUST00396,2024-11-18,2024-12-18,2025-01-11,2884.15,2884.15,USD,PAID
AR004742,CUST00455,2024-05-04,2024-06-18,,2824.89,0.0,USD,OPEN
AR004743,CUST00090,2025-11-06,2025-11-21,2025-12-25,1810.68,1810.68,USD,PAID
AR004744,CUST00340,2025-02-14,2025-03-01,2025-03-22,2626.21,2626.21,USD,PAID
AR004745,CUST00337,2025-02-12,2025-03-14,2025-04-28,7661.06,7661.06,USD,PAID
AR004746,CUST00375,2025-01-09,2025-03-10,,1398.86,0.0,USD,OPEN
AR004747,CUST00164,2024-10-10,2024-12-09,,2048.33,0.0,USD,OPEN
AR004748,CUST00189,2024-09-14,2024-09-29,2024-09-22,680.27,680.27,USD,PAID
AR004749,CUST00037,2024-03-29,2024-05-28,2024-06-16,827.63,827.63,USD,PAID
AR004750,CUST00009,2024-03-20,2024-05-04,2024-05-23,1974.42,1974.42,USD,PAID
AR004751,CUST00304,2025-08-06,2025-08-21,2025-09-23,4883.12,4883.12,USD,PAID
AR004752,CUST00184,2024-08-04,2024-09-18,2024-11-05,1435.61,1435.61,USD,PAID
AR004753,CUST00412,2026-04-04,2026-05-04,,1462.17,0.0,USD,OPEN
AR004754,CUST00087,2024-01-01,2024-01-31,,1253.64,0.0,USD,OPEN
AR004755,CUST00319,2025-03-21,2025-04-20,2025-04-14,1117.35,1117.35,USD,PAID
AR004756,CUST00374,2026-06-06,2026-08-05,,2357.78,0.0,USD,OPEN
AR004757,CUST00038,2025-11-08,2025-11-23,,469.88,0.0,USD,OPEN
AR004758,CUST00464,2026-08-21,2026-09-20,,5726.42,0.0,USD,OPEN
AR004759,CUST00332,2026-08-27,2026-10-26,,993.39,0.0,USD,OPEN
AR004760,CUST00489,2025-04-09,2025-06-08,,3462.39,0.0,USD,OPEN
AR004761,CUST00219,2025-06-19,2025-08-18,2025-08-24,576.51,576.51,USD,PAID
AR004762,CUST00068,2025-05-17,2025-07-16,2025-07-24,3300.92,3300.92,USD,PAID
AR004763,CUST00236,2025-03-24,2025-05-23,2025-05-11,3310.15,3310.15,USD,PAID
AR004764,CUST00181,2024-12-13,2025-02-11,2025-03-21,2554.93,2554.93,USD,PAID
AR004765,CUST00461,2024-08-30,2024-09-29,2024-11-26,738.79,738.79,USD,PAID
AR004766,CUST00323,2026-07-26,2026-09-09,,2263.33,0.0,USD,OPEN
AR004767,CUST00016,2026-02-27,2026-04-28,2026-05-07,623.44,623.44,USD,PAID
AR004768,CUST00064,2025-06-08,2025-07-23,,1440.17,0.0,USD,OPEN
AR004769,CUST00301,2024-05-28,2024-06-12,,4566.36,0.0,USD,OPEN
AR004770,CUST00249,2024-03-11,2024-04-25,2024-05-24,3703.49,3703.49,USD,PAID
AR004771,CUST00289,2026-04-06,2026-06-05,2026-06-26,1832.92,1832.92,USD,PAID
AR004772,CUST00246,2025-10-17,2025-12-16,2026-01-06,751.95,751.95,USD,PAID
AR004773,CUST00216,2024-01-08,2024-01-23,,3232.56,0.0,USD,OPEN
AR004774,CUST00279,2025-07-28,2025-09-26,2025-10-20,1839.86,1839.86,USD,PAID
AR004775,CUST00294,2025-11-12,2026-01-11,2026-02-03,224.02,224.02,USD,PAID
AR004776,CUST00215,2025-04-03,2025-06-02,2025-05-29,3656.88,3656.88,USD,PAID
AR004777,CUST00219,2026-04-15,2026-05-15,2026-06-13,1769.04,1769.04,USD,PAID
AR004778,CUST00017,2025-12-08,2025-12-23,2026-01-19,5335.86,5335.86,USD,PAID
AR004779,CUST00358,2024-01-24,2024-03-24,2024-04-18,674.69,674.69,USD,PAID
AR004780,CUST00302,2024-08-13,2024-10-12,,103.64,0.0,USD,OPEN
AR004781,CUST00219,2026-01-26,2026-03-27,2026-05-23,2324.3,2324.3,USD,PAID
AR004782,CUST00041,2025-09-23,2025-10-23,2025-12-03,2350.56,2350.56,USD,PAID
AR004783,CUST00357,2024-04-22,2024-06-06,,394.81,0.0,USD,OPEN
AR004784,CUST00356,2025-01-24,2025-02-23,2025-02-14,749.46,749.46,USD,PAID
AR004785,CUST00189,2025-01-14,2025-03-15,2025-03-22,21583.75,21583.75,USD,PAID
AR004786,CUST00083,2024-12-24,2025-01-08,,1373.27,0.0,USD,OPEN
AR004787,CUST00154,2025-04-18,2025-06-17,2025-07-26,3490.72,3490.72,USD,PAID
AR004788,CUST00470,2024-08-28,2024-09-12,2024-10-04,1006.67,1006.67,USD,PAID
AR004789,CUST00473,2025-06-21,2025-08-05,2025-09-03,275.54,275.54,USD,PAID
AR004790,CUST00153,2024-10-15,2024-12-14,2024-12-30,1551.17,1551.17,USD,PAID
AR004791,CUST00382,2024-12-04,2025-01-18,2025-02-09,1423.62,1423.62,USD,PAID
AR004792,CUST00406,2024-08-14,2024-09-28,2024-09-22,1261.57,1261.57,USD,PAID
AR004793,CUST00292,2026-07-07,2026-08-21,,1630.8,0.0,USD,OPEN
AR004794,CUST00427,2026-08-08,2026-09-07,,2293.52,0.0,USD,OPEN
AR004795,CUST00146,2025-12-23,2026-02-06,2026-03-20,1579.55,1579.55,USD,PAID
AR004796,CUST00009,2024-08-19,2024-10-03,2024-10-21,579.63,579.63,USD,PAID
AR004797,CUST00025,2025-06-22,2025-07-22,,2800.54,0.0,USD,OPEN
AR004798,CUST00310,2025-08-30,2025-10-14,2025-10-15,312.8,312.8,USD,PAID
AR004799,CUST00295,2026-01-10,2026-03-11,2026-03-23,285.62,285.62,USD,PAID
AR004800,CUST00081,2025-11-16,2025-12-31,,3516.64,0.0,USD,OPEN
AR004801,CUST00229,2024-04-16,2024-05-01,2024-06-28,2853.55,2853.55,USD,PAID
AR004802,CUST00441,2024-05-12,2024-05-27,2024-05-26,1717.02,1717.02,USD,PAID
AR004803,CUST00461,2025-05-05,2025-05-20,2025-06-12,514.96,514.96,USD,PAID
AR004804,CUST00323,2026-05-22,2026-07-06,,956.12,0.0,USD,OPEN
AR004805,CUST00410,2025-12-27,2026-02-25,2026-04-11,1427.28,1427.28,USD,PAID
AR004806,CUST00020,2025-08-22,2025-09-21,2025-09-22,429.96,429.96,USD,PAID
AR004807,CUST00143,2024-09-07,2024-09-22,,929.71,0.0,USD,OPEN
AR004808,CUST00476,2025-08-03,2025-10-02,2025-11-04,3252.23,3252.23,USD,PAID
AR004809,CUST00291,2024-03-06,2024-04-05,2024-04-18,6532.69,6532.69,USD,PAID
AR004810,CUST00378,2024-02-25,2024-03-11,,1239.56,0.0,USD,OPEN
AR004811,CUST00399,2026-06-14,2026-07-29,,3571.85,0.0,USD,OPEN
AR004812,CUST00171,2024-04-27,2024-05-27,2024-07-10,322.9,322.9,USD,PAID
AR004813,CUST00362,2026-05-29,2026-07-28,,3273.14,0.0,USD,OPEN
AR004814,CUST00299,2025-09-01,2025-10-31,,876.95,0.0,USD,OPEN
AR004815,CUST00482,2024-12-11,2025-02-09,2025-04-06,2384.18,2384.18,USD,PAID
AR004816,CUST00484,2025-03-16,2025-03-31,2025-04-12,1446.67,1446.67,USD,PAID
AR004817,CUST00153,2024-03-11,2024-04-25,2024-06-19,5933.52,5933.52,USD,PAID
AR004818,CUST00199,2024-07-12,2024-08-26,2024-09-30,823.04,823.04,USD,PAID
AR004819,CUST00479,2024-08-14,2024-08-29,,3180.67,0.0,USD,OPEN
AR004820,CUST00105,2025-07-09,2025-08-23,,1405.91,0.0,USD,OPEN
AR004821,CUST00209,2024-10-30,2024-11-29,,1567.95,0.0,USD,OPEN
AR004822,CUST00128,2024-06-10,2024-07-10,,1532.31,0.0,USD,OPEN
AR004823,CUST00136,2024-07-18,2024-09-01,2024-09-09,844.63,844.63,USD,PAID
AR004824,CUST00155,2025-02-20,2025-03-22,2025-03-09,1785.24,1785.24,USD,PAID
AR004825,CUST00259,2024-08-25,2024-10-24,2024-12-01,1708.92,1708.92,USD,PAID
AR004826,CUST00426,2026-01-29,2026-03-30,2026-05-23,2246.47,2246.47,USD,PAID
AR004827,CUST00364,2024-01-29,2024-02-13,2024-03-09,1950.92,1950.92,USD,PAID
AR004828,CUST00196,2025-12-25,2026-01-24,2026-02-13,3707.8,3707.8,USD,PAID
AR004829,CUST00413,2026-02-10,2026-02-25,,4151.22,0.0,USD,OPEN
AR004830,CUST00225,2025-10-31,2025-11-15,2026-01-01,702.36,702.36,USD,PAID
AR004831,CUST00135,2026-06-29,2026-08-13,,3951.68,0.0,USD,OPEN
AR004832,CUST00030,2024-07-11,2024-07-26,2024-08-20,621.6,621.6,USD,PAID
AR004833,CUST00485,2024-06-07,2024-07-07,2024-08-07,3068.89,3068.89,USD,PAID
AR004834,CUST00287,2024-02-18,2024-03-19,,3158.22,0.0,USD,OPEN
AR004835,CUST00093,2025-09-16,2025-10-31,2025-11-28,323.7,323.7,USD,PAID
AR004836,CUST00102,2025-04-04,2025-05-19,2025-05-24,1965.85,1965.85,USD,PAID
AR004837,CUST00320,2024-07-24,2024-08-23,2024-08-27,1186.01,1186.01,USD,PAID
AR004838,CUST00009,2026-03-23,2026-04-22,,913.34,0.0,USD,OPEN
AR004839,CUST00111,2024-05-17,2024-07-01,2024-06-29,6098.31,6098.31,USD,PAID
AR004840,CUST00102,2024-07-28,2024-08-12,2024-08-25,1003.94,1003.94,USD,PAID
AR004841,CUST00376,2024-09-16,2024-11-15,2024-11-08,875.03,875.03,USD,PAID
AR004842,CUST00402,2025-12-09,2025-12-24,2026-02-01,1935.51,1935.51,USD,PAID
AR004843,CUST00225,2025-04-12,2025-05-27,2025-05-13,3351.06,3351.06,USD,PAID
AR004844,CUST00245,2026-05-26,2026-07-25,,1591.63,0.0,USD,OPEN
AR004845,CUST00128,2025-09-16,2025-10-31,2025-11-25,5165.38,5165.38,USD,PAID
AR004846,CUST00329,2026-07-09,2026-07-24,,2915.74,0.0,USD,OPEN
AR004847,CUST00483,2025-01-14,2025-02-13,,254.58,0.0,USD,OPEN
AR004848,CUST00285,2026-07-14,2026-08-13,,1122.69,0.0,USD,OPEN
AR004849,CUST00121,2026-02-27,2026-04-13,2026-04-19,1090.45,1090.45,USD,PAID
AR004850,CUST00024,2024-01-30,2024-02-29,2024-03-01,2783.39,2783.39,USD,PAID
AR004851,CUST00415,2024-05-10,2024-06-24,2024-08-22,170.32,170.32,USD,PAID
AR004852,CUST00368,2026-01-29,2026-02-13,,17927.82,0.0,USD,OPEN
AR004853,CUST00150,2024-06-15,2024-07-15,2024-07-16,2915.87,2915.87,USD,PAID
AR004854,CUST00417,2024-02-23,2024-04-08,,2067.28,0.0,USD,OPEN
AR004855,CUST00339,2026-06-18,2026-08-17,,5236.51,0.0,USD,OPEN
AR004856,CUST00426,2026-06-23,2026-08-22,2026-08-20,14902.57,14902.57,USD,PAID
AR004857,CUST00165,2026-07-28,2026-09-26,,3958.7,0.0,USD,OPEN
AR004858,CUST00474,2026-04-24,2026-06-08,2026-06-16,4246.85,4246.85,USD,PAID
AR004859,CUST00117,2024-09-27,2024-10-12,2024-12-05,2033.72,2033.72,USD,PAID
AR004860,CUST00347,2025-07-03,2025-09-01,,1591.81,0.0,USD,OPEN
AR004861,CUST00093,2025-04-25,2025-05-25,2025-05-18,1178.25,1178.25,USD,PAID
AR004862,CUST00401,2024-06-08,2024-07-23,2024-09-20,859.63,859.63,USD,PAID
AR004863,CUST00145,2025-12-05,2026-01-19,2026-03-13,974.27,974.27,USD,PAID
AR004864,CUST00485,2025-12-30,2026-02-13,2026-02-16,536.2,536.2,USD,PAID
AR004865,CUST00232,2024-09-10,2024-11-09,2024-11-18,1688.7,1688.7,USD,PAID
AR004866,CUST00067,2025-08-10,2025-08-25,2025-08-22,396.95,396.95,USD,PAID
AR004867,CUST00272,2024-03-27,2024-04-11,2024-04-11,2147.0,2147.0,USD,PAID
AR004868,CUST00353,2025-04-13,2025-04-28,2025-05-27,1749.88,1749.88,USD,PAID
AR004869,CUST00343,2025-07-20,2025-09-18,2025-09-09,2063.67,2063.67,USD,PAID
AR004870,CUST00442,2026-07-27,2026-08-11,2026-08-02,1130.12,1130.12,USD,PAID
AR004871,CUST00409,2026-04-24,2026-06-23,2026-06-12,28830.07,28830.07,USD,PAID
AR004872,CUST00054,2025-10-06,2025-11-05,2025-12-05,6149.37,6149.37,USD,PAID
AR004873,CUST00307,2025-08-24,2025-10-08,2025-10-15,589.88,589.88,USD,PAID
AR004874,CUST00090,2024-11-21,2024-12-06,2024-12-13,2229.61,2229.61,USD,PAID
AR004875,CUST00128,2024-05-25,2024-07-24,2024-08-10,1046.07,1046.07,USD,PAID
AR004876,CUST00011,2024-08-13,2024-10-12,,725.58,0.0,USD,OPEN
AR004877,CUST00058,2025-01-04,2025-02-18,,541.28,0.0,USD,OPEN
AR004878,CUST00351,2025-01-19,2025-02-18,2025-03-16,2667.76,2667.76,USD,PAID
AR004879,CUST00436,2026-04-10,2026-05-25,2026-06-27,979.22,979.22,USD,PAID
AR004880,CUST00355,2024-07-15,2024-08-14,2024-07-30,4320.14,4320.14,USD,PAID
AR004881,CUST00151,2025-07-06,2025-08-05,2025-08-27,4422.25,4422.25,USD,PAID
AR004882,CUST00157,2024-11-05,2025-01-04,2024-12-22,6226.21,6226.21,USD,PAID
AR004883,CUST00473,2025-05-29,2025-07-28,2025-09-25,839.54,839.54,USD,PAID
AR004884,CUST00412,2024-12-04,2024-12-19,2024-12-06,2773.4,2773.4,USD,PAID
AR004885,CUST00393,2024-06-19,2024-07-04,2024-08-06,3194.57,3194.57,USD,PAID
AR004886,CUST00393,2025-06-03,2025-07-18,,1179.96,0.0,USD,OPEN
AR004887,CUST00350,2026-06-14,2026-07-29,,902.71,0.0,USD,OPEN
AR004888,CUST00204,2025-04-03,2025-06-02,2025-06-10,7696.87,7696.87,USD,PAID
AR004889,CUST00450,2025-03-13,2025-04-12,,2218.85,0.0,USD,OPEN
AR004890,CUST00095,2025-09-04,2025-10-19,2025-11-07,3204.69,3204.69,USD,PAID
AR004891,CUST00082,2025-04-08,2025-06-07,2025-06-13,862.76,862.76,USD,PAID
AR004892,CUST00215,2026-07-22,2026-09-05,2026-08-23,603.44,603.44,USD,PAID
AR004893,CUST00073,2024-03-23,2024-05-22,2024-05-17,1083.01,1083.01,USD,PAID
AR004894,CUST00189,2026-04-08,2026-05-08,,1617.09,0.0,USD,OPEN
AR004895,CUST00147,2025-08-09,2025-09-08,,693.81,0.0,USD,OPEN
AR004896,CUST00112,2024-04-29,2024-05-14,2024-06-20,1792.09,1792.09,USD,PAID
AR004897,CUST00388,2024-02-13,2024-03-14,2024-04-08,395.58,395.58,USD,PAID
AR004898,CUST00238,2025-11-11,2026-01-10,2026-01-26,659.81,659.81,USD,PAID
AR004899,CUST00424,2025-11-15,2025-12-15,2025-12-22,3307.08,3307.08,USD,PAID
AR004900,CUST00022,2025-09-29,2025-11-13,2025-11-21,3113.22,3113.22,USD,PAID
AR004901,CUST00340,2025-03-17,2025-05-16,,1270.68,0.0,USD,OPEN
AR004902,CUST00174,2024-09-22,2024-10-07,2024-12-01,723.44,723.44,USD,PAID
AR004903,CUST00115,2024-04-09,2024-05-09,2024-05-07,717.19,717.19,USD,PAID
AR004904,CUST00294,2025-11-01,2025-11-16,,1292.14,0.0,USD,OPEN
AR004905,CUST00033,2025-07-01,2025-07-31,2025-08-05,3229.45,3229.45,USD,PAID
AR004906,CUST00078,2026-04-18,2026-05-03,,4168.96,0.0,USD,OPEN
AR004907,CUST00384,2024-04-06,2024-05-06,2024-06-07,1156.46,1156.46,USD,PAID
AR004908,CUST00079,2024-10-30,2024-11-14,2025-01-06,640.25,640.25,USD,PAID
AR004909,CUST00256,2026-06-09,2026-08-08,,2300.91,0.0,USD,OPEN
AR004910,CUST00391,2025-02-15,2025-04-01,2025-03-30,861.62,861.62,USD,PAID
AR004911,CUST00285,2025-08-19,2025-09-03,2025-09-21,1134.08,1134.08,USD,PAID
AR004912,CUST00385,2025-07-04,2025-07-19,2025-08-12,5959.54,5959.54,USD,PAID
AR004913,CUST00199,2024-05-16,2024-05-31,,3806.27,0.0,USD,OPEN
AR004914,CUST00246,2024-06-30,2024-08-29,2024-10-20,2084.28,2084.28,USD,PAID
AR004915,CUST00327,2024-09-07,2024-10-22,2024-11-25,575.52,575.52,USD,PAID
AR004916,CUST00384,2025-02-15,2025-04-01,2025-05-07,2186.94,2186.94,USD,PAID
AR004917,CUST00112,2024-11-14,2024-11-29,2024-11-30,4705.05,4705.05,USD,PAID
AR004918,CUST00073,2024-10-30,2024-11-29,,1289.4,0.0,USD,OPEN
AR004919,CUST00039,2026-01-02,2026-03-03,2026-03-10,6099.75,6099.75,USD,PAID
AR004920,CUST00354,2024-07-16,2024-08-15,,5787.59,0.0,USD,OPEN
AR004921,CUST00273,2024-03-06,2024-03-21,2024-04-07,8081.72,8081.72,USD,PAID
AR004922,CUST00481,2024-08-10,2024-08-25,2024-10-11,2379.67,2379.67,USD,PAID
AR004923,CUST00442,2025-06-07,2025-06-22,,3067.61,0.0,USD,OPEN
AR004924,CUST00390,2025-09-21,2025-11-20,,6456.02,0.0,USD,OPEN
AR004925,CUST00050,2025-02-20,2025-04-06,2025-05-28,2704.45,2704.45,USD,PAID
AR004926,CUST00057,2025-10-29,2025-11-28,2025-12-08,1151.58,1151.58,USD,PAID
AR004927,CUST00449,2026-01-23,2026-02-07,,1207.5,0.0,USD,OPEN
AR004928,CUST00362,2025-03-18,2025-05-17,2025-05-23,2241.05,2241.05,USD,PAID
AR004929,CUST00480,2024-01-03,2024-01-18,,565.94,0.0,USD,OPEN
AR004930,CUST00279,2024-07-20,2024-08-19,2024-08-28,1589.33,1589.33,USD,PAID
AR004931,CUST00165,2025-02-09,2025-03-11,2025-02-24,4850.77,4850.77,USD,PAID
AR004932,CUST00139,2025-10-08,2025-10-23,2025-10-30,251.61,251.61,USD,PAID
AR004933,CUST00479,2024-09-07,2024-10-07,2024-09-22,7194.22,7194.22,USD,PAID
AR004934,CUST00338,2024-12-29,2025-01-28,2025-02-03,4964.84,4964.84,USD,PAID
AR004935,CUST00204,2026-03-08,2026-03-23,,1195.37,0.0,USD,OPEN
AR004936,CUST00235,2025-06-30,2025-08-29,,2948.5,0.0,USD,OPEN
AR004937,CUST00091,2026-02-13,2026-04-14,2026-04-28,1813.17,1813.17,USD,PAID
AR004938,CUST00313,2026-05-14,2026-06-13,2026-08-01,5469.77,5469.77,USD,PAID
AR004939,CUST00110,2026-07-03,2026-09-01,,4378.3,0.0,USD,OPEN
AR004940,CUST00259,2026-04-14,2026-06-13,2026-06-08,512.83,512.83,USD,PAID
AR004941,CUST00468,2024-12-10,2024-12-25,2025-02-17,3067.25,3067.25,USD,PAID
AR004942,CUST00233,2026-04-10,2026-06-09,,1502.57,0.0,USD,OPEN
AR004943,CUST00495,2024-04-17,2024-05-17,2024-06-10,1947.98,1947.98,USD,PAID
AR004944,CUST00039,2026-03-06,2026-03-21,,938.84,0.0,USD,OPEN
AR004945,CUST00103,2024-07-13,2024-08-12,2024-08-17,8719.55,8719.55,USD,PAID
AR004946,CUST00051,2026-07-10,2026-08-09,2026-08-13,4610.33,4610.33,USD,PAID
AR004947,CUST00237,2025-11-20,2025-12-20,2025-12-28,929.09,929.09,USD,PAID
AR004948,CUST00363,2026-01-24,2026-02-08,2026-03-06,543.95,543.95,USD,PAID
AR004949,CUST00253,2026-08-18,2026-09-02,,1277.8,0.0,USD,OPEN
AR004950,CUST00387,2025-01-29,2025-02-13,2025-03-24,2673.26,2673.26,USD,PAID
AR004951,CUST00004,2025-10-06,2025-11-20,2025-11-26,2244.38,2244.38,USD,PAID
AR004952,CUST00127,2025-10-12,2025-10-27,2025-11-15,5584.89,5584.89,USD,PAID
AR004953,CUST00311,2026-02-27,2026-03-14,2026-04-27,3680.96,3680.96,USD,PAID
AR004954,CUST00471,2025-03-31,2025-05-30,,4326.92,0.0,USD,OPEN
AR004955,CUST00215,2025-05-30,2025-06-14,2025-08-13,2426.41,2426.41,USD,PAID
AR004956,CUST00180,2025-08-16,2025-09-15,2025-10-08,517.82,517.82,USD,PAID
AR004957,CUST00346,2025-11-07,2026-01-06,,1516.06,0.0,USD,OPEN
AR004958,CUST00189,2024-01-18,2024-02-17,2024-03-21,4694.19,4694.19,USD,PAID
AR004959,CUST00314,2025-12-13,2026-02-11,2026-02-17,1726.12,1726.12,USD,PAID
AR004960,CUST00071,2026-06-09,2026-07-24,2026-07-21,2843.47,2843.47,USD,PAID
AR004961,CUST00304,2024-11-27,2025-01-26,2025-03-16,1357.13,1357.13,USD,PAID
AR004962,CUST00309,2025-08-02,2025-09-01,2025-09-14,715.63,715.63,USD,PAID
AR004963,CUST00392,2024-10-06,2024-12-05,2024-11-21,1618.07,1618.07,USD,PAID
AR004964,CUST00442,2025-03-31,2025-05-15,2025-07-13,2387.84,2387.84,USD,PAID
AR004965,CUST00074,2025-09-14,2025-09-29,2025-11-13,1002.13,1002.13,USD,PAID
AR004966,CUST00033,2026-02-22,2026-04-23,2026-05-16,1462.44,1462.44,USD,PAID
AR004967,CUST00249,2026-02-21,2026-04-22,2026-05-27,776.26,776.26,USD,PAID
AR004968,CUST00158,2024-01-23,2024-02-07,2024-03-21,4950.88,4950.88,USD,PAID
AR004969,CUST00352,2025-12-03,2026-02-01,2026-03-03,1387.13,1387.13,USD,PAID
AR004970,CUST00489,2025-09-24,2025-11-08,2025-11-02,6684.05,6684.05,USD,PAID
AR004971,CUST00434,2025-06-05,2025-07-05,2025-08-23,7157.19,7157.19,USD,PAID
AR004972,CUST00148,2024-11-05,2024-11-20,2024-12-06,1680.86,1680.86,USD,PAID
AR004973,CUST00106,2026-05-09,2026-07-08,2026-08-05,729.53,729.53,USD,PAID
AR004974,CUST00398,2025-02-12,2025-02-27,2025-03-21,276.63,276.63,USD,PAID
AR004975,CUST00006,2025-08-21,2025-09-05,2025-09-30,480.66,480.66,USD,PAID
AR004976,CUST00413,2026-03-22,2026-04-21,2026-06-10,525.08,525.08,USD,PAID
AR004977,CUST00061,2025-02-07,2025-02-22,2025-02-28,6251.79,6251.79,USD,PAID
AR004978,CUST00072,2026-05-05,2026-05-20,,2006.69,0.0,USD,OPEN
AR004979,CUST00284,2025-04-14,2025-04-29,2025-05-21,2567.39,2567.39,USD,PAID
AR004980,CUST00279,2025-09-08,2025-09-23,,245.09,0.0,USD,OPEN
AR004981,CUST00184,2024-07-02,2024-08-16,2024-09-02,615.13,615.13,USD,PAID
AR004982,CUST00285,2025-06-16,2025-07-01,2025-06-16,4017.33,4017.33,USD,PAID
AR004983,CUST00169,2026-06-17,2026-07-17,2026-07-07,2340.45,2340.45,USD,PAID
AR004984,CUST00283,2025-05-09,2025-06-23,2025-08-16,1583.69,1583.69,USD,PAID
AR004985,CUST00284,2024-08-30,2024-10-29,2024-10-27,3005.98,3005.98,USD,PAID
AR004986,CUST00008,2024-12-21,2025-02-19,2025-03-06,7881.06,7881.06,USD,PAID
AR004987,CUST00025,2024-06-01,2024-07-31,2024-07-17,1481.87,1481.87,USD,PAID
AR004988,CUST00177,2024-01-01,2024-01-31,,1924.52,0.0,USD,OPEN
AR004989,CUST00053,2026-01-07,2026-03-08,2026-04-13,2150.25,2150.25,USD,PAID
AR004990,CUST00467,2025-08-29,2025-10-13,2025-09-30,15566.85,15566.85,USD,PAID
AR004991,CUST00286,2026-08-31,2026-10-15,,273.3,0.0,USD,OPEN
AR004992,CUST00341,2024-09-24,2024-10-24,2024-12-17,3343.93,3343.93,USD,PAID
AR004993,CUST00027,2026-05-14,2026-06-28,2026-08-24,1630.56,1630.56,USD,PAID
AR004994,CUST00335,2025-05-29,2025-07-28,2025-07-15,3011.2,3011.2,USD,PAID
AR004995,CUST00450,2024-05-01,2024-06-30,,1000.61,0.0,USD,OPEN
AR004996,CUST00324,2025-10-20,2025-11-04,,1730.09,0.0,USD,OPEN
AR004997,CUST00025,2026-02-07,2026-03-09,2026-03-09,3429.84,3429.84,USD,PAID
AR004998,CUST00487,2024-08-24,2024-10-08,2024-10-31,29780.8,29780.8,USD,PAID
AR004999,CUST00202,2024-09-15,2024-10-15,2024-10-05,3741.47,3741.47,USD,PAID
AR005000,CUST00287,2025-05-10,2025-06-24,2025-08-02,842.81,842.81,USD,PAID
