budget_month,account_id,cost_center_id,budget_amount
2024-01-01,ACC004,CC001,14270.29
2024-01-01,ACC004,CC002,9041.59
2024-01-01,ACC004,CC003,5225.02
2024-01-01,ACC004,CC004,4146.39
2024-01-01,ACC004,CC005,6257.06
2024-01-01,ACC004,CC006,3521.79
2024-01-01,ACC004,CC007,12968.62
2024-01-01,ACC004,CC008,571.35
2024-01-01,ACC004,CC009,13840.91
2024-01-01,ACC004,CC010,2872.13
2024-01-01,ACC004,CC011,3551.3
2024-01-01,ACC004,CC012,1686.35
2024-01-01,ACC004,CC013,3745.46
2024-01-01,ACC004,CC014,3346.57
2024-01-01,ACC004,CC015,9780.6
2024-01-01,ACC005,CC001,3221.37
2024-01-01,ACC005,CC002,7540.46
2024-01-01,ACC005,CC003,6163.13
2024-01-01,ACC005,CC004,7555.36
2024-01-01,ACC005,CC005,965.5
2024-01-01,ACC005,CC006,1162.91
2024-01-01,ACC005,CC007,16227.76
2024-01-01,ACC005,CC008,9184.75
2024-01-01,ACC005,CC009,3049.99
2024-01-01,ACC005,CC010,22010.31
2024-01-01,ACC005,CC011,7704.41
2024-01-01,ACC005,CC012,3211.83
2024-01-01,ACC005,CC013,18017.92
2024-01-01,ACC005,CC014,21175.94
2024-01-01,ACC005,CC015,11060.84
2024-01-01,ACC006,CC001,37694.1
2024-01-01,ACC006,CC002,0.0
2024-01-01,ACC006,CC003,3450.82
2024-01-01,ACC006,CC004,7762.77
2024-01-01,ACC006,CC005,14824.3
2024-01-01,ACC006,CC006,4314.29
2024-01-01,ACC006,CC007,4336.93
2024-01-01,ACC006,CC008,3818.06
2024-01-01,ACC006,CC009,2363.71
2024-01-01,ACC006,CC010,4842.35
2024-01-01,ACC006,CC011,21488.8
2024-01-01,ACC006,CC012,3527.45
2024-01-01,ACC006,CC013,5820.97
2024-01-01,ACC006,CC014,3971.47
2024-01-01,ACC006,CC015,8179.7
2024-01-01,ACC007,CC001,3002.44
2024-01-01,ACC007,CC002,11392.93
2024-01-01,ACC007,CC003,6241.85
2024-01-01,ACC007,CC004,4622.01
2024-01-01,ACC007,CC005,12983.6
2024-01-01,ACC007,CC006,3125.41
2024-01-01,ACC007,CC007,34916.02
2024-01-01,ACC007,CC008,8843.6
2024-01-01,ACC007,CC009,3219.07
2024-01-01,ACC007,CC010,17262.31
2024-01-01,ACC007,CC011,5099.64
2024-01-01,ACC007,CC012,5062.71
2024-01-01,ACC007,CC013,14808.83
2024-01-01,ACC007,CC014,1644.19
2024-01-01,ACC007,CC015,14883.35
2024-01-01,ACC008,CC001,11521.15
2024-01-01,ACC008,CC002,5345.4
2024-01-01,ACC008,CC003,11581.97
2024-01-01,ACC008,CC004,7591.73
2024-01-01,ACC008,CC005,7563.97
2024-01-01,ACC008,CC006,7240.09
2024-01-01,ACC008,CC007,12286.42
2024-01-01,ACC008,CC008,7644.59
2024-01-01,ACC008,CC009,6097.44
2024-01-01,ACC008,CC010,1498.96
2024-01-01,ACC008,CC011,8868.33
2024-01-01,ACC008,CC012,20091.72
2024-01-01,ACC008,CC013,699.56
2024-01-01,ACC008,CC014,2742.16
2024-01-01,ACC008,CC015,5799.75
2024-01-01,ACC009,CC001,2680.83
2024-01-01,ACC009,CC002,4793.57
2024-01-01,ACC009,CC003,6830.02
2024-01-01,ACC009,CC004,12649.91
2024-01-01,ACC009,CC005,6145.67
2024-01-01,ACC009,CC006,10480.84
2024-01-01,ACC009,CC007,33053.14
2024-01-01,ACC009,CC008,11849.05
2024-01-01,ACC009,CC009,10589.82
2024-01-01,ACC009,CC010,3691.66
2024-01-01,ACC009,CC011,9255.89
2024-01-01,ACC009,CC012,12955.21
2024-01-01,ACC009,CC013,925.55
2024-01-01,ACC009,CC014,14760.7
2024-01-01,ACC009,CC015,6386.76
2024-01-01,ACC010,CC001,2700.52
2024-01-01,ACC010,CC002,5999.68
2024-01-01,ACC010,CC003,3352.22
2024-01-01,ACC010,CC004,5300.95
2024-01-01,ACC010,CC005,12266.32
2024-01-01,ACC010,CC006,8963.43
2024-01-01,ACC010,CC007,4045.54
2024-01-01,ACC010,CC008,6627.55
2024-01-01,ACC010,CC009,6904.03
2024-01-01,ACC010,CC010,6254.67
2024-01-01,ACC010,CC011,6705.38
2024-01-01,ACC010,CC012,22411.42
2024-01-01,ACC010,CC013,7482.8
2024-01-01,ACC010,CC014,1391.08
2024-01-01,ACC010,CC015,16285.98
2024-01-01,ACC011,CC001,20731.36
2024-01-01,ACC011,CC002,10387.46
2024-01-01,ACC011,CC003,4639.3
2024-01-01,ACC011,CC004,27249.64
2024-01-01,ACC011,CC005,269.21
2024-01-01,ACC011,CC006,14175.18
2024-01-01,ACC011,CC007,1809.77
2024-01-01,ACC011,CC008,5324.82
2024-01-01,ACC011,CC009,5218.18
2024-01-01,ACC011,CC010,7616.39
2024-01-01,ACC011,CC011,7112.0
2024-01-01,ACC011,CC012,5541.03
2024-01-01,ACC011,CC013,5339.11
2024-01-01,ACC011,CC014,4546.86
2024-01-01,ACC011,CC015,11510.11
2024-01-01,ACC012,CC001,2119.17
2024-01-01,ACC012,CC002,21652.36
2024-01-01,ACC012,CC003,8252.8
2024-01-01,ACC012,CC004,6807.05
2024-01-01,ACC012,CC005,3288.62
2024-01-01,ACC012,CC006,14012.21
2024-01-01,ACC012,CC007,2644.2
2024-01-01,ACC012,CC008,6032.95
2024-01-01,ACC012,CC009,2262.27
2024-01-01,ACC012,CC010,6747.59
2024-01-01,ACC012,CC011,3526.57
2024-01-01,ACC012,CC012,8830.5
2024-01-01,ACC012,CC013,2246.14
2024-01-01,ACC012,CC014,11830.39
2024-01-01,ACC012,CC015,7438.13
2024-02-01,ACC004,CC001,10707.18
2024-02-01,ACC004,CC002,13960.85
2024-02-01,ACC004,CC003,16322.1
2024-02-01,ACC004,CC004,3717.68
2024-02-01,ACC004,CC005,25649.96
2024-02-01,ACC004,CC006,5365.0
2024-02-01,ACC004,CC007,1966.71
2024-02-01,ACC004,CC008,9843.33
2024-02-01,ACC004,CC009,8514.27
2024-02-01,ACC004,CC010,3138.09
2024-02-01,ACC004,CC011,7947.77
2024-02-01,ACC004,CC012,1703.06
2024-02-01,ACC004,CC013,7412.9
2024-02-01,ACC004,CC014,2305.65
2024-02-01,ACC004,CC015,4161.44
2024-02-01,ACC005,CC001,10115.44
2024-02-01,ACC005,CC002,3429.77
2024-02-01,ACC005,CC003,2885.31
2024-02-01,ACC005,CC004,8148.41
2024-02-01,ACC005,CC005,3623.4
2024-02-01,ACC005,CC006,11694.57
2024-02-01,ACC005,CC007,6448.31
2024-02-01,ACC005,CC008,11019.5
2024-02-01,ACC005,CC009,1798.94
2024-02-01,ACC005,CC010,26274.81
2024-02-01,ACC005,CC011,2383.02
2024-02-01,ACC005,CC012,6050.91
2024-02-01,ACC005,CC013,6914.98
2024-02-01,ACC005,CC014,4570.05
2024-02-01,ACC005,CC015,9678.88
2024-02-01,ACC006,CC001,4260.61
2024-02-01,ACC006,CC002,11045.42
2024-02-01,ACC006,CC003,15390.25
2024-02-01,ACC006,CC004,10153.66
2024-02-01,ACC006,CC005,15320.78
2024-02-01,ACC006,CC006,20792.17
2024-02-01,ACC006,CC007,5135.56
2024-02-01,ACC006,CC008,4811.1
2024-02-01,ACC006,CC009,6331.42
2024-02-01,ACC006,CC010,8152.35
2024-02-01,ACC006,CC011,2049.76
2024-02-01,ACC006,CC012,4647.36
2024-02-01,ACC006,CC013,5141.79
2024-02-01,ACC006,CC014,1226.6
2024-02-01,ACC006,CC015,15355.9
2024-02-01,ACC007,CC001,1088.67
2024-02-01,ACC007,CC002,4868.61
2024-02-01,ACC007,CC003,17299.52
2024-02-01,ACC007,CC004,11910.0
2024-02-01,ACC007,CC005,14076.73
2024-02-01,ACC007,CC006,15738.09
2024-02-01,ACC007,CC007,7709.98
2024-02-01,ACC007,CC008,2124.19
2024-02-01,ACC007,CC009,9746.0
2024-02-01,ACC007,CC010,11432.88
2024-02-01,ACC007,CC011,4859.43
2024-02-01,ACC007,CC012,30663.46
2024-02-01,ACC007,CC013,5475.48
2024-02-01,ACC007,CC014,3619.55
2024-02-01,ACC007,CC015,2882.05
2024-02-01,ACC008,CC001,10688.02
2024-02-01,ACC008,CC002,1328.3
2024-02-01,ACC008,CC003,16982.65
2024-02-01,ACC008,CC004,16071.74
2024-02-01,ACC008,CC005,7740.65
2024-02-01,ACC008,CC006,5222.06
2024-02-01,ACC008,CC007,3521.51
2024-02-01,ACC008,CC008,13026.03
2024-02-01,ACC008,CC009,7675.24
2024-02-01,ACC008,CC010,8610.55
2024-02-01,ACC008,CC011,7592.58
2024-02-01,ACC008,CC012,9318.17
2024-02-01,ACC008,CC013,3210.75
2024-02-01,ACC008,CC014,9409.0
2024-02-01,ACC008,CC015,10311.39
2024-02-01,ACC009,CC001,6229.9
2024-02-01,ACC009,CC002,11083.51
2024-02-01,ACC009,CC003,14429.24
2024-02-01,ACC009,CC004,10186.49
2024-02-01,ACC009,CC005,1350.09
2024-02-01,ACC009,CC006,15459.63
2024-02-01,ACC009,CC007,5297.26
2024-02-01,ACC009,CC008,3340.08
2024-02-01,ACC009,CC009,2199.23
2024-02-01,ACC009,CC010,2590.4
2024-02-01,ACC009,CC011,10921.89
2024-02-01,ACC009,CC012,19615.47
2024-02-01,ACC009,CC013,23427.09
2024-02-01,ACC009,CC014,7711.44
2024-02-01,ACC009,CC015,19243.87
2024-02-01,ACC010,CC001,15544.35
2024-02-01,ACC010,CC002,9478.11
2024-02-01,ACC010,CC003,5896.52
2024-02-01,ACC010,CC004,2600.07
2024-02-01,ACC010,CC005,8538.84
2024-02-01,ACC010,CC006,890.11
2024-02-01,ACC010,CC007,1124.88
2024-02-01,ACC010,CC008,6640.35
2024-02-01,ACC010,CC009,2729.07
2024-02-01,ACC010,CC010,9356.42
2024-02-01,ACC010,CC011,2004.52
2024-02-01,ACC010,CC012,4480.88
2024-02-01,ACC010,CC013,8272.24
2024-02-01,ACC010,CC014,16540.12
2024-02-01,ACC010,CC015,4787.91
2024-02-01,ACC011,CC001,3959.08
2024-02-01,ACC011,CC002,4604.97
2024-02-01,ACC011,CC003,12731.03
2024-02-01,ACC011,CC004,5817.67
2024-02-01,ACC011,CC005,10287.3
2024-02-01,ACC011,CC006,10515.86
2024-02-01,ACC011,CC007,8238.8
2024-02-01,ACC011,CC008,5135.73
2024-02-01,ACC011,CC009,26136.52
2024-02-01,ACC011,CC010,9775.15
2024-02-01,ACC011,CC011,20421.3
2024-02-01,ACC011,CC012,15435.39
2024-02-01,ACC011,CC013,5356.22
2024-02-01,ACC011,CC014,7646.01
2024-02-01,ACC011,CC015,3730.13
2024-02-01,ACC012,CC001,1913.4
2024-02-01,ACC012,CC002,11342.97
2024-02-01,ACC012,CC003,7502.6
2024-02-01,ACC012,CC004,14589.49
2024-02-01,ACC012,CC005,6612.05
2024-02-01,ACC012,CC006,12785.61
2024-02-01,ACC012,CC007,7675.66
2024-02-01,ACC012,CC008,792.95
2024-02-01,ACC012,CC009,0.0
2024-02-01,ACC012,CC010,9721.26
2024-02-01,ACC012,CC011,7557.56
2024-02-01,ACC012,CC012,17382.97
2024-02-01,ACC012,CC013,6925.19
2024-02-01,ACC012,CC014,8279.89
2024-02-01,ACC012,CC015,4731.73
2024-03-01,ACC004,CC001,17746.92
2024-03-01,ACC004,CC002,6996.19
2024-03-01,ACC004,CC003,5494.52
2024-03-01,ACC004,CC004,24708.14
2024-03-01,ACC004,CC005,2915.5
2024-03-01,ACC004,CC006,14907.88
2024-03-01,ACC004,CC007,13254.73
2024-03-01,ACC004,CC008,4817.19
2024-03-01,ACC004,CC009,7073.86
2024-03-01,ACC004,CC010,3232.3
2024-03-01,ACC004,CC011,10964.72
2024-03-01,ACC004,CC012,4931.68
2024-03-01,ACC004,CC013,24067.86
2024-03-01,ACC004,CC014,19214.49
2024-03-01,ACC004,CC015,7804.94
2024-03-01,ACC005,CC001,4258.0
2024-03-01,ACC005,CC002,6592.1
2024-03-01,ACC005,CC003,11878.45
2024-03-01,ACC005,CC004,16063.93
2024-03-01,ACC005,CC005,7023.27
2024-03-01,ACC005,CC006,10634.4
2024-03-01,ACC005,CC007,9136.63
2024-03-01,ACC005,CC008,4081.62
2024-03-01,ACC005,CC009,6630.53
2024-03-01,ACC005,CC010,11520.36
2024-03-01,ACC005,CC011,18954.37
2024-03-01,ACC005,CC012,10098.23
2024-03-01,ACC005,CC013,438.89
2024-03-01,ACC005,CC014,5110.31
2024-03-01,ACC005,CC015,7221.76
2024-03-01,ACC006,CC001,2996.72
2024-03-01,ACC006,CC002,4422.35
2024-03-01,ACC006,CC003,1938.38
2024-03-01,ACC006,CC004,4970.46
2024-03-01,ACC006,CC005,4215.34
2024-03-01,ACC006,CC006,6080.54
2024-03-01,ACC006,CC007,28771.29
2024-03-01,ACC006,CC008,7966.15
2024-03-01,ACC006,CC009,10525.82
2024-03-01,ACC006,CC010,14288.59
2024-03-01,ACC006,CC011,15592.76
2024-03-01,ACC006,CC012,10281.56
2024-03-01,ACC006,CC013,1561.44
2024-03-01,ACC006,CC014,592.56
2024-03-01,ACC006,CC015,7575.43
2024-03-01,ACC007,CC001,11103.72
2024-03-01,ACC007,CC002,8800.23
2024-03-01,ACC007,CC003,1207.56
2024-03-01,ACC007,CC004,11213.69
2024-03-01,ACC007,CC005,15245.62
2024-03-01,ACC007,CC006,11352.56
2024-03-01,ACC007,CC007,11636.77
2024-03-01,ACC007,CC008,10051.39
2024-03-01,ACC007,CC009,5218.9
2024-03-01,ACC007,CC010,8570.42
2024-03-01,ACC007,CC011,19243.43
2024-03-01,ACC007,CC012,18747.73
2024-03-01,ACC007,CC013,5366.08
2024-03-01,ACC007,CC014,3347.16
2024-03-01,ACC007,CC015,1803.69
2024-03-01,ACC008,CC001,5719.34
2024-03-01,ACC008,CC002,4943.96
2024-03-01,ACC008,CC003,2706.95
2024-03-01,ACC008,CC004,8226.1
2024-03-01,ACC008,CC005,11924.42
2024-03-01,ACC008,CC006,16314.81
2024-03-01,ACC008,CC007,4984.69
2024-03-01,ACC008,CC008,3193.91
2024-03-01,ACC008,CC009,7426.06
2024-03-01,ACC008,CC010,10749.05
2024-03-01,ACC008,CC011,4761.24
2024-03-01,ACC008,CC012,16252.11
2024-03-01,ACC008,CC013,2929.34
2024-03-01,ACC008,CC014,4064.64
2024-03-01,ACC008,CC015,11591.14
2024-03-01,ACC009,CC001,4629.11
2024-03-01,ACC009,CC002,8462.04
2024-03-01,ACC009,CC003,11524.54
2024-03-01,ACC009,CC004,3834.08
2024-03-01,ACC009,CC005,10354.83
2024-03-01,ACC009,CC006,17916.65
2024-03-01,ACC009,CC007,16151.47
2024-03-01,ACC009,CC008,1967.26
2024-03-01,ACC009,CC009,13806.83
2024-03-01,ACC009,CC010,1112.67
2024-03-01,ACC009,CC011,20033.84
2024-03-01,ACC009,CC012,1772.6
2024-03-01,ACC009,CC013,2021.62
2024-03-01,ACC009,CC014,1304.73
2024-03-01,ACC009,CC015,5881.0
2024-03-01,ACC010,CC001,13727.91
2024-03-01,ACC010,CC002,4896.61
2024-03-01,ACC010,CC003,6818.62
2024-03-01,ACC010,CC004,5290.91
2024-03-01,ACC010,CC005,9462.33
2024-03-01,ACC010,CC006,3562.05
2024-03-01,ACC010,CC007,7208.95
2024-03-01,ACC010,CC008,14330.51
2024-03-01,ACC010,CC009,9031.73
2024-03-01,ACC010,CC010,16088.99
2024-03-01,ACC010,CC011,1708.02
2024-03-01,ACC010,CC012,1626.52
2024-03-01,ACC010,CC013,29021.88
2024-03-01,ACC010,CC014,1207.82
2024-03-01,ACC010,CC015,15078.13
2024-03-01,ACC011,CC001,9159.66
2024-03-01,ACC011,CC002,10136.99
2024-03-01,ACC011,CC003,1639.34
2024-03-01,ACC011,CC004,1370.75
2024-03-01,ACC011,CC005,4498.18
2024-03-01,ACC011,CC006,12714.45
2024-03-01,ACC011,CC007,6292.74
2024-03-01,ACC011,CC008,12550.42
2024-03-01,ACC011,CC009,8383.04
2024-03-01,ACC011,CC010,8236.41
2024-03-01,ACC011,CC011,1460.99
2024-03-01,ACC011,CC012,7938.6
2024-03-01,ACC011,CC013,4692.67
2024-03-01,ACC011,CC014,15971.82
2024-03-01,ACC011,CC015,12859.81
2024-03-01,ACC012,CC001,19768.58
2024-03-01,ACC012,CC002,2631.5
2024-03-01,ACC012,CC003,3360.55
2024-03-01,ACC012,CC004,11112.46
2024-03-01,ACC012,CC005,6009.83
2024-03-01,ACC012,CC006,1839.73
2024-03-01,ACC012,CC007,9013.77
2024-03-01,ACC012,CC008,9648.06
2024-03-01,ACC012,CC009,2882.8
2024-03-01,ACC012,CC010,5302.1
2024-03-01,ACC012,CC011,7414.96
2024-03-01,ACC012,CC012,9249.16
2024-03-01,ACC012,CC013,2118.75
2024-03-01,ACC012,CC014,13203.62
2024-03-01,ACC012,CC015,4006.46
2024-04-01,ACC004,CC001,8917.33
2024-04-01,ACC004,CC002,12525.37
2024-04-01,ACC004,CC003,211.3
2024-04-01,ACC004,CC004,13124.81
2024-04-01,ACC004,CC005,2473.95
2024-04-01,ACC004,CC006,7134.41
2024-04-01,ACC004,CC007,2757.88
2024-04-01,ACC004,CC008,10344.61
2024-04-01,ACC004,CC009,7167.54
2024-04-01,ACC004,CC010,0.0
2024-04-01,ACC004,CC011,8940.68
2024-04-01,ACC004,CC012,5006.53
2024-04-01,ACC004,CC013,9441.32
2024-04-01,ACC004,CC014,9511.18
2024-04-01,ACC004,CC015,24772.26
2024-04-01,ACC005,CC001,8815.86
2024-04-01,ACC005,CC002,12745.13
2024-04-01,ACC005,CC003,59951.83
2024-04-01,ACC005,CC004,3199.16
2024-04-01,ACC005,CC005,5371.4
2024-04-01,ACC005,CC006,4983.97
2024-04-01,ACC005,CC007,10806.1
2024-04-01,ACC005,CC008,1431.0
2024-04-01,ACC005,CC009,6459.64
2024-04-01,ACC005,CC010,31188.7
2024-04-01,ACC005,CC011,21267.66
2024-04-01,ACC005,CC012,4292.78
2024-04-01,ACC005,CC013,18766.02
2024-04-01,ACC005,CC014,7080.56
2024-04-01,ACC005,CC015,11884.56
2024-04-01,ACC006,CC001,6211.94
2024-04-01,ACC006,CC002,538.05
2024-04-01,ACC006,CC003,17339.59
2024-04-01,ACC006,CC004,16676.05
2024-04-01,ACC006,CC005,3773.18
2024-04-01,ACC006,CC006,3311.72
2024-04-01,ACC006,CC007,1700.96
2024-04-01,ACC006,CC008,3598.4
2024-04-01,ACC006,CC009,4429.81
2024-04-01,ACC006,CC010,2910.79
2024-04-01,ACC006,CC011,3588.65
2024-04-01,ACC006,CC012,23235.03
2024-04-01,ACC006,CC013,6379.45
2024-04-01,ACC006,CC014,9600.05
2024-04-01,ACC006,CC015,14063.53
2024-04-01,ACC007,CC001,11095.55
2024-04-01,ACC007,CC002,5511.35
2024-04-01,ACC007,CC003,6789.78
2024-04-01,ACC007,CC004,25275.81
2024-04-01,ACC007,CC005,9828.72
2024-04-01,ACC007,CC006,9372.69
2024-04-01,ACC007,CC007,11826.97
2024-04-01,ACC007,CC008,15486.05
2024-04-01,ACC007,CC009,11310.3
2024-04-01,ACC007,CC010,5853.76
2024-04-01,ACC007,CC011,10064.2
2024-04-01,ACC007,CC012,1558.87
2024-04-01,ACC007,CC013,2134.03
2024-04-01,ACC007,CC014,7012.89
2024-04-01,ACC007,CC015,3088.25
2024-04-01,ACC008,CC001,7333.51
2024-04-01,ACC008,CC002,7931.73
2024-04-01,ACC008,CC003,9684.43
2024-04-01,ACC008,CC004,6517.27
2024-04-01,ACC008,CC005,13893.7
2024-04-01,ACC008,CC006,14447.73
2024-04-01,ACC008,CC007,11827.08
2024-04-01,ACC008,CC008,11937.21
2024-04-01,ACC008,CC009,2338.06
2024-04-01,ACC008,CC010,7010.87
2024-04-01,ACC008,CC011,5924.48
2024-04-01,ACC008,CC012,10043.24
2024-04-01,ACC008,CC013,13858.42
2024-04-01,ACC008,CC014,7994.78
2024-04-01,ACC008,CC015,2100.22
2024-04-01,ACC009,CC001,10045.6
2024-04-01,ACC009,CC002,25942.22
2024-04-01,ACC009,CC003,11833.22
2024-04-01,ACC009,CC004,7555.72
2024-04-01,ACC009,CC005,14864.89
2024-04-01,ACC009,CC006,6556.14
2024-04-01,ACC009,CC007,9968.29
2024-04-01,ACC009,CC008,16873.75
2024-04-01,ACC009,CC009,6360.85
2024-04-01,ACC009,CC010,7291.32
2024-04-01,ACC009,CC011,15069.87
2024-04-01,ACC009,CC012,6906.45
2024-04-01,ACC009,CC013,9815.57
2024-04-01,ACC009,CC014,1262.55
2024-04-01,ACC009,CC015,27909.82
2024-04-01,ACC010,CC001,3828.32
2024-04-01,ACC010,CC002,3630.44
2024-04-01,ACC010,CC003,932.19
2024-04-01,ACC010,CC004,6345.6
2024-04-01,ACC010,CC005,1633.08
2024-04-01,ACC010,CC006,2226.08
2024-04-01,ACC010,CC007,13768.25
2024-04-01,ACC010,CC008,4999.16
2024-04-01,ACC010,CC009,15143.48
2024-04-01,ACC010,CC010,3221.37
2024-04-01,ACC010,CC011,2944.84
2024-04-01,ACC010,CC012,5262.27
2024-04-01,ACC010,CC013,2068.45
2024-04-01,ACC010,CC014,2005.94
2024-04-01,ACC010,CC015,6706.44
2024-04-01,ACC011,CC001,5428.47
2024-04-01,ACC011,CC002,4531.34
2024-04-01,ACC011,CC003,21950.91
2024-04-01,ACC011,CC004,5228.13
2024-04-01,ACC011,CC005,5905.06
2024-04-01,ACC011,CC006,7110.58
2024-04-01,ACC011,CC007,13610.6
2024-04-01,ACC011,CC008,3311.83
2024-04-01,ACC011,CC009,6077.69
2024-04-01,ACC011,CC010,6279.68
2024-04-01,ACC011,CC011,5691.49
2024-04-01,ACC011,CC012,3776.78
2024-04-01,ACC011,CC013,3018.39
2024-04-01,ACC011,CC014,4214.87
2024-04-01,ACC011,CC015,10610.6
2024-04-01,ACC012,CC001,10539.8
2024-04-01,ACC012,CC002,481.08
2024-04-01,ACC012,CC003,14071.35
2024-04-01,ACC012,CC004,9990.52
2024-04-01,ACC012,CC005,7955.24
2024-04-01,ACC012,CC006,1445.42
2024-04-01,ACC012,CC007,7496.15
2024-04-01,ACC012,CC008,417.97
2024-04-01,ACC012,CC009,17326.36
2024-04-01,ACC012,CC010,11253.6
2024-04-01,ACC012,CC011,10095.88
2024-04-01,ACC012,CC012,10135.74
2024-04-01,ACC012,CC013,12092.22
2024-04-01,ACC012,CC014,3806.95
2024-04-01,ACC012,CC015,1200.42
2024-05-01,ACC004,CC001,10861.62
2024-05-01,ACC004,CC002,5870.89
2024-05-01,ACC004,CC003,4819.71
2024-05-01,ACC004,CC004,984.88
2024-05-01,ACC004,CC005,6353.08
2024-05-01,ACC004,CC006,5316.13
2024-05-01,ACC004,CC007,22924.7
2024-05-01,ACC004,CC008,12321.28
2024-05-01,ACC004,CC009,9033.08
2024-05-01,ACC004,CC010,5085.68
2024-05-01,ACC004,CC011,9535.93
2024-05-01,ACC004,CC012,22238.85
2024-05-01,ACC004,CC013,8655.92
2024-05-01,ACC004,CC014,15607.85
2024-05-01,ACC004,CC015,5344.07
2024-05-01,ACC005,CC001,3211.7
2024-05-01,ACC005,CC002,5904.27
2024-05-01,ACC005,CC003,9382.06
2024-05-01,ACC005,CC004,11380.97
2024-05-01,ACC005,CC005,21252.02
2024-05-01,ACC005,CC006,7652.23
2024-05-01,ACC005,CC007,14191.5
2024-05-01,ACC005,CC008,10067.91
2024-05-01,ACC005,CC009,9190.04
2024-05-01,ACC005,CC010,19942.02
2024-05-01,ACC005,CC011,5185.2
2024-05-01,ACC005,CC012,1818.68
2024-05-01,ACC005,CC013,3089.68
2024-05-01,ACC005,CC014,24930.08
2024-05-01,ACC005,CC015,10887.19
2024-05-01,ACC006,CC001,20411.69
2024-05-01,ACC006,CC002,316.02
2024-05-01,ACC006,CC003,3458.22
2024-05-01,ACC006,CC004,7391.39
2024-05-01,ACC006,CC005,5979.93
2024-05-01,ACC006,CC006,11489.14
2024-05-01,ACC006,CC007,10262.45
2024-05-01,ACC006,CC008,3427.1
2024-05-01,ACC006,CC009,3714.19
2024-05-01,ACC006,CC010,10148.27
2024-05-01,ACC006,CC011,23317.45
2024-05-01,ACC006,CC012,3829.51
2024-05-01,ACC006,CC013,5904.84
2024-05-01,ACC006,CC014,7585.64
2024-05-01,ACC006,CC015,16184.65
2024-05-01,ACC007,CC001,923.21
2024-05-01,ACC007,CC002,3832.63
2024-05-01,ACC007,CC003,2974.77
2024-05-01,ACC007,CC004,2672.4
2024-05-01,ACC007,CC005,4846.42
2024-05-01,ACC007,CC006,1925.61
2024-05-01,ACC007,CC007,6022.47
2024-05-01,ACC007,CC008,6303.13
2024-05-01,ACC007,CC009,6782.29
2024-05-01,ACC007,CC010,17790.9
2024-05-01,ACC007,CC011,18393.68
2024-05-01,ACC007,CC012,3230.93
2024-05-01,ACC007,CC013,5072.89
2024-05-01,ACC007,CC014,7366.87
2024-05-01,ACC007,CC015,2361.8
2024-05-01,ACC008,CC001,4448.56
2024-05-01,ACC008,CC002,9732.7
2024-05-01,ACC008,CC003,1902.34
2024-05-01,ACC008,CC004,2516.15
2024-05-01,ACC008,CC005,7732.37
2024-05-01,ACC008,CC006,6367.25
2024-05-01,ACC008,CC007,16354.96
2024-05-01,ACC008,CC008,11490.22
2024-05-01,ACC008,CC009,7065.45
2024-05-01,ACC008,CC010,4165.07
2024-05-01,ACC008,CC011,4818.24
2024-05-01,ACC008,CC012,6102.67
2024-05-01,ACC008,CC013,11684.94
2024-05-01,ACC008,CC014,412.89
2024-05-01,ACC008,CC015,3377.75
2024-05-01,ACC009,CC001,7706.12
2024-05-01,ACC009,CC002,9439.34
2024-05-01,ACC009,CC003,1108.72
2024-05-01,ACC009,CC004,14784.76
2024-05-01,ACC009,CC005,6367.21
2024-05-01,ACC009,CC006,9490.51
2024-05-01,ACC009,CC007,6369.19
2024-05-01,ACC009,CC008,5754.94
2024-05-01,ACC009,CC009,9446.43
2024-05-01,ACC009,CC010,17340.8
2024-05-01,ACC009,CC011,3096.17
2024-05-01,ACC009,CC012,9355.28
2024-05-01,ACC009,CC013,4057.75
2024-05-01,ACC009,CC014,8227.65
2024-05-01,ACC009,CC015,0.0
2024-05-01,ACC010,CC001,3368.46
2024-05-01,ACC010,CC002,15752.19
2024-05-01,ACC010,CC003,6629.21
2024-05-01,ACC010,CC004,14729.96
2024-05-01,ACC010,CC005,15260.16
2024-05-01,ACC010,CC006,6161.61
2024-05-01,ACC010,CC007,5375.64
2024-05-01,ACC010,CC008,7672.35
2024-05-01,ACC010,CC009,8771.94
2024-05-01,ACC010,CC010,9572.18
2024-05-01,ACC010,CC011,7606.38
2024-05-01,ACC010,CC012,11586.67
2024-05-01,ACC010,CC013,2606.12
2024-05-01,ACC010,CC014,7700.63
2024-05-01,ACC010,CC015,1631.35
2024-05-01,ACC011,CC001,7321.17
2024-05-01,ACC011,CC002,5356.46
2024-05-01,ACC011,CC003,8056.46
2024-05-01,ACC011,CC004,6660.5
2024-05-01,ACC011,CC005,8157.03
2024-05-01,ACC011,CC006,4708.52
2024-05-01,ACC011,CC007,9358.27
2024-05-01,ACC011,CC008,6975.86
2024-05-01,ACC011,CC009,5040.38
2024-05-01,ACC011,CC010,8077.23
2024-05-01,ACC011,CC011,10314.09
2024-05-01,ACC011,CC012,6145.1
2024-05-01,ACC011,CC013,4139.65
2024-05-01,ACC011,CC014,19723.73
2024-05-01,ACC011,CC015,4537.38
2024-05-01,ACC012,CC001,5830.5
2024-05-01,ACC012,CC002,13366.21
2024-05-01,ACC012,CC003,7707.46
2024-05-01,ACC012,CC004,4035.51
2024-05-01,ACC012,CC005,3140.63
2024-05-01,ACC012,CC006,5109.15
2024-05-01,ACC012,CC007,6183.15
2024-05-01,ACC012,CC008,973.72
2024-05-01,ACC012,CC009,5002.03
2024-05-01,ACC012,CC010,5411.89
2024-05-01,ACC012,CC011,15594.66
2024-05-01,ACC012,CC012,5781.07
2024-05-01,ACC012,CC013,4250.09
2024-05-01,ACC012,CC014,10481.11
2024-05-01,ACC012,CC015,6754.72
2024-06-01,ACC004,CC001,14822.73
2024-06-01,ACC004,CC002,6901.39
2024-06-01,ACC004,CC003,15225.31
2024-06-01,ACC004,CC004,7995.08
2024-06-01,ACC004,CC005,8189.49
2024-06-01,ACC004,CC006,20232.83
2024-06-01,ACC004,CC007,8752.2
2024-06-01,ACC004,CC008,15683.82
2024-06-01,ACC004,CC009,17126.86
2024-06-01,ACC004,CC010,9617.75
2024-06-01,ACC004,CC011,5795.83
2024-06-01,ACC004,CC012,16966.3
2024-06-01,ACC004,CC013,1048.6
2024-06-01,ACC004,CC014,5909.26
2024-06-01,ACC004,CC015,636.77
2024-06-01,ACC005,CC001,8836.3
2024-06-01,ACC005,CC002,1822.39
2024-06-01,ACC005,CC003,7322.67
2024-06-01,ACC005,CC004,8828.97
2024-06-01,ACC005,CC005,5092.22
2024-06-01,ACC005,CC006,1735.55
2024-06-01,ACC005,CC007,719.24
2024-06-01,ACC005,CC008,5134.91
2024-06-01,ACC005,CC009,4282.83
2024-06-01,ACC005,CC010,2790.05
2024-06-01,ACC005,CC011,4803.71
2024-06-01,ACC005,CC012,3349.39
2024-06-01,ACC005,CC013,9861.64
2024-06-01,ACC005,CC014,3359.05
2024-06-01,ACC005,CC015,15055.25
2024-06-01,ACC006,CC001,3297.52
2024-06-01,ACC006,CC002,5279.47
2024-06-01,ACC006,CC003,9019.24
2024-06-01,ACC006,CC004,4681.19
2024-06-01,ACC006,CC005,5822.92
2024-06-01,ACC006,CC006,8015.96
2024-06-01,ACC006,CC007,967.02
2024-06-01,ACC006,CC008,8952.6
2024-06-01,ACC006,CC009,4949.32
2024-06-01,ACC006,CC010,7179.04
2024-06-01,ACC006,CC011,1336.24
2024-06-01,ACC006,CC012,7151.23
2024-06-01,ACC006,CC013,6429.45
2024-06-01,ACC006,CC014,6534.43
2024-06-01,ACC006,CC015,3248.33
2024-06-01,ACC007,CC001,1297.11
2024-06-01,ACC007,CC002,7070.0
2024-06-01,ACC007,CC003,2418.7
2024-06-01,ACC007,CC004,3166.87
2024-06-01,ACC007,CC005,6269.3
2024-06-01,ACC007,CC006,6889.38
2024-06-01,ACC007,CC007,12961.71
2024-06-01,ACC007,CC008,10124.54
2024-06-01,ACC007,CC009,31899.42
2024-06-01,ACC007,CC010,19689.7
2024-06-01,ACC007,CC011,1293.87
2024-06-01,ACC007,CC012,7222.0
2024-06-01,ACC007,CC013,12979.21
2024-06-01,ACC007,CC014,6274.39
2024-06-01,ACC007,CC015,1715.68
2024-06-01,ACC008,CC001,7187.8
2024-06-01,ACC008,CC002,367.67
2024-06-01,ACC008,CC003,4509.36
2024-06-01,ACC008,CC004,7054.1
2024-06-01,ACC008,CC005,1513.64
2024-06-01,ACC008,CC006,7179.2
2024-06-01,ACC008,CC007,12426.47
2024-06-01,ACC008,CC008,3435.52
2024-06-01,ACC008,CC009,7319.74
2024-06-01,ACC008,CC010,469.45
2024-06-01,ACC008,CC011,2024.84
2024-06-01,ACC008,CC012,18365.19
2024-06-01,ACC008,CC013,7007.44
2024-06-01,ACC008,CC014,3803.96
2024-06-01,ACC008,CC015,4442.35
2024-06-01,ACC009,CC001,4526.36
2024-06-01,ACC009,CC002,7813.87
2024-06-01,ACC009,CC003,22285.2
2024-06-01,ACC009,CC004,5507.1
2024-06-01,ACC009,CC005,4574.2
2024-06-01,ACC009,CC006,4752.61
2024-06-01,ACC009,CC007,17629.41
2024-06-01,ACC009,CC008,14226.73
2024-06-01,ACC009,CC009,10493.11
2024-06-01,ACC009,CC010,8026.45
2024-06-01,ACC009,CC011,3335.34
2024-06-01,ACC009,CC012,8463.62
2024-06-01,ACC009,CC013,5778.96
2024-06-01,ACC009,CC014,3533.79
2024-06-01,ACC009,CC015,3761.08
2024-06-01,ACC010,CC001,7185.21
2024-06-01,ACC010,CC002,13770.88
2024-06-01,ACC010,CC003,11299.04
2024-06-01,ACC010,CC004,16577.37
2024-06-01,ACC010,CC005,12392.8
2024-06-01,ACC010,CC006,1204.86
2024-06-01,ACC010,CC007,9347.65
2024-06-01,ACC010,CC008,19456.16
2024-06-01,ACC010,CC009,8874.13
2024-06-01,ACC010,CC010,12805.36
2024-06-01,ACC010,CC011,12537.95
2024-06-01,ACC010,CC012,16115.72
2024-06-01,ACC010,CC013,5955.94
2024-06-01,ACC010,CC014,17293.87
2024-06-01,ACC010,CC015,4172.88
2024-06-01,ACC011,CC001,7389.26
2024-06-01,ACC011,CC002,3332.07
2024-06-01,ACC011,CC003,7374.36
2024-06-01,ACC011,CC004,11208.82
2024-06-01,ACC011,CC005,16851.41
2024-06-01,ACC011,CC006,2813.26
2024-06-01,ACC011,CC007,7221.8
2024-06-01,ACC011,CC008,16447.28
2024-06-01,ACC011,CC009,17002.6
2024-06-01,ACC011,CC010,7058.22
2024-06-01,ACC011,CC011,16960.87
2024-06-01,ACC011,CC012,3143.49
2024-06-01,ACC011,CC013,7056.09
2024-06-01,ACC011,CC014,6504.51
2024-06-01,ACC011,CC015,21288.16
2024-06-01,ACC012,CC001,12078.96
2024-06-01,ACC012,CC002,3750.2
2024-06-01,ACC012,CC003,1626.21
2024-06-01,ACC012,CC004,7617.61
2024-06-01,ACC012,CC005,20114.59
2024-06-01,ACC012,CC006,5030.72
2024-06-01,ACC012,CC007,7731.84
2024-06-01,ACC012,CC008,14877.05
2024-06-01,ACC012,CC009,13343.69
2024-06-01,ACC012,CC010,14547.72
2024-06-01,ACC012,CC011,4901.01
2024-06-01,ACC012,CC012,6037.88
2024-06-01,ACC012,CC013,11130.38
2024-06-01,ACC012,CC014,8430.54
2024-06-01,ACC012,CC015,22984.02
2024-07-01,ACC004,CC001,8709.57
2024-07-01,ACC004,CC002,17975.34
2024-07-01,ACC004,CC003,12845.3
2024-07-01,ACC004,CC004,2911.98
2024-07-01,ACC004,CC005,13713.45
2024-07-01,ACC004,CC006,17962.98
2024-07-01,ACC004,CC007,6007.33
2024-07-01,ACC004,CC008,12441.1
2024-07-01,ACC004,CC009,11115.49
2024-07-01,ACC004,CC010,11635.59
2024-07-01,ACC004,CC011,23610.25
2024-07-01,ACC004,CC012,7658.85
2024-07-01,ACC004,CC013,6369.52
2024-07-01,ACC004,CC014,7884.6
2024-07-01,ACC004,CC015,3570.46
2024-07-01,ACC005,CC001,41040.43
2024-07-01,ACC005,CC002,3727.64
2024-07-01,ACC005,CC003,6349.8
2024-07-01,ACC005,CC004,13447.64
2024-07-01,ACC005,CC005,1603.69
2024-07-01,ACC005,CC006,4208.35
2024-07-01,ACC005,CC007,22234.81
2024-07-01,ACC005,CC008,22138.46
2024-07-01,ACC005,CC009,8488.49
2024-07-01,ACC005,CC010,16571.27
2024-07-01,ACC005,CC011,8167.02
2024-07-01,ACC005,CC012,3275.92
2024-07-01,ACC005,CC013,2515.59
2024-07-01,ACC005,CC014,8247.71
2024-07-01,ACC005,CC015,0.0
2024-07-01,ACC006,CC001,0.0
2024-07-01,ACC006,CC002,8655.98
2024-07-01,ACC006,CC003,6094.62
2024-07-01,ACC006,CC004,5964.04
2024-07-01,ACC006,CC005,1313.79
2024-07-01,ACC006,CC006,884.04
2024-07-01,ACC006,CC007,11592.32
2024-07-01,ACC006,CC008,11675.17
2024-07-01,ACC006,CC009,6982.59
2024-07-01,ACC006,CC010,9323.09
2024-07-01,ACC006,CC011,8412.96
2024-07-01,ACC006,CC012,3994.62
2024-07-01,ACC006,CC013,6245.09
2024-07-01,ACC006,CC014,4669.74
2024-07-01,ACC006,CC015,7490.8
2024-07-01,ACC007,CC001,1109.26
2024-07-01,ACC007,CC002,13035.9
2024-07-01,ACC007,CC003,7915.78
2024-07-01,ACC007,CC004,9233.03
2024-07-01,ACC007,CC005,9849.44
2024-07-01,ACC007,CC006,8786.93
2024-07-01,ACC007,CC007,5738.01
2024-07-01,ACC007,CC008,11400.16
2024-07-01,ACC007,CC009,829.48
2024-07-01,ACC007,CC010,9640.15
2024-07-01,ACC007,CC011,405.61
2024-07-01,ACC007,CC012,4556.03
2024-07-01,ACC007,CC013,25051.35
2024-07-01,ACC007,CC014,6943.94
2024-07-01,ACC007,CC015,2759.43
2024-07-01,ACC008,CC001,6881.78
2024-07-01,ACC008,CC002,4381.04
2024-07-01,ACC008,CC003,7717.22
2024-07-01,ACC008,CC004,0.0
2024-07-01,ACC008,CC005,6771.75
2024-07-01,ACC008,CC006,20444.06
2024-07-01,ACC008,CC007,735.1
2024-07-01,ACC008,CC008,8258.64
2024-07-01,ACC008,CC009,23246.83
2024-07-01,ACC008,CC010,6615.49
2024-07-01,ACC008,CC011,16342.57
2024-07-01,ACC008,CC012,3176.42
2024-07-01,ACC008,CC013,4014.1
2024-07-01,ACC008,CC014,9416.11
2024-07-01,ACC008,CC015,18763.3
2024-07-01,ACC009,CC001,7157.05
2024-07-01,ACC009,CC002,11965.09
2024-07-01,ACC009,CC003,1541.52
2024-07-01,ACC009,CC004,4549.5
2024-07-01,ACC009,CC005,650.38
2024-07-01,ACC009,CC006,8123.0
2024-07-01,ACC009,CC007,489.81
2024-07-01,ACC009,CC008,3939.29
2024-07-01,ACC009,CC009,4362.08
2024-07-01,ACC009,CC010,9168.53
2024-07-01,ACC009,CC011,8252.0
2024-07-01,ACC009,CC012,2124.89
2024-07-01,ACC009,CC013,3012.28
2024-07-01,ACC009,CC014,5294.92
2024-07-01,ACC009,CC015,8394.76
2024-07-01,ACC010,CC001,15056.22
2024-07-01,ACC010,CC002,194.8
2024-07-01,ACC010,CC003,3196.95
2024-07-01,ACC010,CC004,2987.19
2024-07-01,ACC010,CC005,6892.41
2024-07-01,ACC010,CC006,4646.69
2024-07-01,ACC010,CC007,2712.71
2024-07-01,ACC010,CC008,6255.48
2024-07-01,ACC010,CC009,8898.29
2024-07-01,ACC010,CC010,5073.39
2024-07-01,ACC010,CC011,5376.65
2024-07-01,ACC010,CC012,4465.88
2024-07-01,ACC010,CC013,2375.79
2024-07-01,ACC010,CC014,12153.65
2024-07-01,ACC010,CC015,9756.47
2024-07-01,ACC011,CC001,6925.91
2024-07-01,ACC011,CC002,8728.97
2024-07-01,ACC011,CC003,1308.67
2024-07-01,ACC011,CC004,10580.06
2024-07-01,ACC011,CC005,5914.85
2024-07-01,ACC011,CC006,2318.23
2024-07-01,ACC011,CC007,9556.71
2024-07-01,ACC011,CC008,2320.06
2024-07-01,ACC011,CC009,14225.08
2024-07-01,ACC011,CC010,6244.75
2024-07-01,ACC011,CC011,24874.13
2024-07-01,ACC011,CC012,6200.52
2024-07-01,ACC011,CC013,5573.18
2024-07-01,ACC011,CC014,5103.19
2024-07-01,ACC011,CC015,18232.5
2024-07-01,ACC012,CC001,5998.98
2024-07-01,ACC012,CC002,2934.79
2024-07-01,ACC012,CC003,1234.2
2024-07-01,ACC012,CC004,13182.16
2024-07-01,ACC012,CC005,902.34
2024-07-01,ACC012,CC006,2431.37
2024-07-01,ACC012,CC007,5993.41
2024-07-01,ACC012,CC008,4904.69
2024-07-01,ACC012,CC009,6384.29
2024-07-01,ACC012,CC010,7620.77
2024-07-01,ACC012,CC011,19241.57
2024-07-01,ACC012,CC012,1313.82
2024-07-01,ACC012,CC013,7506.41
2024-07-01,ACC012,CC014,16824.72
2024-07-01,ACC012,CC015,12501.21
2024-08-01,ACC004,CC001,4251.36
2024-08-01,ACC004,CC002,10606.33
2024-08-01,ACC004,CC003,6615.3
2024-08-01,ACC004,CC004,10130.63
2024-08-01,ACC004,CC005,2356.13
2024-08-01,ACC004,CC006,6662.55
2024-08-01,ACC004,CC007,3951.69
2024-08-01,ACC004,CC008,8666.34
2024-08-01,ACC004,CC009,3207.23
2024-08-01,ACC004,CC010,3878.03
2024-08-01,ACC004,CC011,3250.6
2024-08-01,ACC004,CC012,12104.71
2024-08-01,ACC004,CC013,9132.32
2024-08-01,ACC004,CC014,5922.94
2024-08-01,ACC004,CC015,1442.37
2024-08-01,ACC005,CC001,15166.31
2024-08-01,ACC005,CC002,17385.33
2024-08-01,ACC005,CC003,19955.02
2024-08-01,ACC005,CC004,2419.96
2024-08-01,ACC005,CC005,23917.44
2024-08-01,ACC005,CC006,20070.59
2024-08-01,ACC005,CC007,2581.79
2024-08-01,ACC005,CC008,18886.36
2024-08-01,ACC005,CC009,11608.6
2024-08-01,ACC005,CC010,6518.36
2024-08-01,ACC005,CC011,7022.99
2024-08-01,ACC005,CC012,7886.29
2024-08-01,ACC005,CC013,2501.86
2024-08-01,ACC005,CC014,0.0
2024-08-01,ACC005,CC015,876.51
2024-08-01,ACC006,CC001,12024.81
2024-08-01,ACC006,CC002,8155.91
2024-08-01,ACC006,CC003,5780.01
2024-08-01,ACC006,CC004,23275.6
2024-08-01,ACC006,CC005,10927.74
2024-08-01,ACC006,CC006,1989.52
2024-08-01,ACC006,CC007,9198.7
2024-08-01,ACC006,CC008,2771.91
2024-08-01,ACC006,CC009,7297.71
2024-08-01,ACC006,CC010,13125.31
2024-08-01,ACC006,CC011,2590.76
2024-08-01,ACC006,CC012,7086.26
2024-08-01,ACC006,CC013,18808.32
2024-08-01,ACC006,CC014,1436.35
2024-08-01,ACC006,CC015,5182.44
2024-08-01,ACC007,CC001,5868.41
2024-08-01,ACC007,CC002,18822.52
2024-08-01,ACC007,CC003,11080.17
2024-08-01,ACC007,CC004,1425.21
2024-08-01,ACC007,CC005,6544.8
2024-08-01,ACC007,CC006,2015.72
2024-08-01,ACC007,CC007,400.04
2024-08-01,ACC007,CC008,4925.24
2024-08-01,ACC007,CC009,15139.2
2024-08-01,ACC007,CC010,901.64
2024-08-01,ACC007,CC011,6329.15
2024-08-01,ACC007,CC012,0.0
2024-08-01,ACC007,CC013,8707.33
2024-08-01,ACC007,CC014,9521.65
2024-08-01,ACC007,CC015,2341.23
2024-08-01,ACC008,CC001,8502.13
2024-08-01,ACC008,CC002,7942.54
2024-08-01,ACC008,CC003,7833.78
2024-08-01,ACC008,CC004,2105.95
2024-08-01,ACC008,CC005,26650.25
2024-08-01,ACC008,CC006,10647.33
2024-08-01,ACC008,CC007,10564.27
2024-08-01,ACC008,CC008,3043.79
2024-08-01,ACC008,CC009,8137.11
2024-08-01,ACC008,CC010,9920.82
2024-08-01,ACC008,CC011,10882.47
2024-08-01,ACC008,CC012,8912.19
2024-08-01,ACC008,CC013,6486.4
2024-08-01,ACC008,CC014,3778.19
2024-08-01,ACC008,CC015,7688.08
2024-08-01,ACC009,CC001,11835.22
2024-08-01,ACC009,CC002,9305.5
2024-08-01,ACC009,CC003,4486.19
2024-08-01,ACC009,CC004,9689.72
2024-08-01,ACC009,CC005,1682.57
2024-08-01,ACC009,CC006,4976.36
2024-08-01,ACC009,CC007,2104.34
2024-08-01,ACC009,CC008,2479.44
2024-08-01,ACC009,CC009,12763.55
2024-08-01,ACC009,CC010,5600.81
2024-08-01,ACC009,CC011,11325.51
2024-08-01,ACC009,CC012,24098.8
2024-08-01,ACC009,CC013,5276.46
2024-08-01,ACC009,CC014,6388.19
2024-08-01,ACC009,CC015,9265.76
2024-08-01,ACC010,CC001,4591.9
2024-08-01,ACC010,CC002,5774.49
2024-08-01,ACC010,CC003,4215.35
2024-08-01,ACC010,CC004,13215.08
2024-08-01,ACC010,CC005,6187.15
2024-08-01,ACC010,CC006,5715.62
2024-08-01,ACC010,CC007,21851.58
2024-08-01,ACC010,CC008,6965.81
2024-08-01,ACC010,CC009,16246.36
2024-08-01,ACC010,CC010,4400.11
2024-08-01,ACC010,CC011,9133.51
2024-08-01,ACC010,CC012,6736.75
2024-08-01,ACC010,CC013,3578.35
2024-08-01,ACC010,CC014,2013.84
2024-08-01,ACC010,CC015,11689.41
2024-08-01,ACC011,CC001,944.26
2024-08-01,ACC011,CC002,13241.87
2024-08-01,ACC011,CC003,10313.87
2024-08-01,ACC011,CC004,2960.45
2024-08-01,ACC011,CC005,16600.83
2024-08-01,ACC011,CC006,3327.52
2024-08-01,ACC011,CC007,3282.7
2024-08-01,ACC011,CC008,13288.89
2024-08-01,ACC011,CC009,3047.09
2024-08-01,ACC011,CC010,17142.5
2024-08-01,ACC011,CC011,20193.75
2024-08-01,ACC011,CC012,9741.75
2024-08-01,ACC011,CC013,4951.64
2024-08-01,ACC011,CC014,16995.33
2024-08-01,ACC011,CC015,4795.33
2024-08-01,ACC012,CC001,3382.41
2024-08-01,ACC012,CC002,1950.15
2024-08-01,ACC012,CC003,1064.01
2024-08-01,ACC012,CC004,7380.38
2024-08-01,ACC012,CC005,13792.67
2024-08-01,ACC012,CC006,2325.61
2024-08-01,ACC012,CC007,7255.74
2024-08-01,ACC012,CC008,8159.87
2024-08-01,ACC012,CC009,9851.23
2024-08-01,ACC012,CC010,818.35
2024-08-01,ACC012,CC011,6106.09
2024-08-01,ACC012,CC012,13781.77
2024-08-01,ACC012,CC013,8259.24
2024-08-01,ACC012,CC014,16751.49
2024-08-01,ACC012,CC015,4882.48
2024-09-01,ACC004,CC001,21708.1
2024-09-01,ACC004,CC002,14989.35
2024-09-01,ACC004,CC003,4993.94
2024-09-01,ACC004,CC004,18676.18
2024-09-01,ACC004,CC005,7663.71
2024-09-01,ACC004,CC006,2230.09
2024-09-01,ACC004,CC007,4834.83
2024-09-01,ACC004,CC008,3235.84
2024-09-01,ACC004,CC009,2276.07
2024-09-01,ACC004,CC010,4866.18
2024-09-01,ACC004,CC011,7052.94
2024-09-01,ACC004,CC012,10733.98
2024-09-01,ACC004,CC013,10195.24
2024-09-01,ACC004,CC014,17069.59
2024-09-01,ACC004,CC015,10723.42
2024-09-01,ACC005,CC001,10415.72
2024-09-01,ACC005,CC002,19059.06
2024-09-01,ACC005,CC003,4471.03
2024-09-01,ACC005,CC004,10958.49
2024-09-01,ACC005,CC005,8673.46
2024-09-01,ACC005,CC006,16437.98
2024-09-01,ACC005,CC007,13260.17
2024-09-01,ACC005,CC008,3857.4
2024-09-01,ACC005,CC009,7345.07
2024-09-01,ACC005,CC010,8261.15
2024-09-01,ACC005,CC011,5539.09
2024-09-01,ACC005,CC012,20651.7
2024-09-01,ACC005,CC013,5808.41
2024-09-01,ACC005,CC014,6544.77
2024-09-01,ACC005,CC015,3210.18
2024-09-01,ACC006,CC001,10558.3
2024-09-01,ACC006,CC002,17057.66
2024-09-01,ACC006,CC003,329.9
2024-09-01,ACC006,CC004,15266.97
2024-09-01,ACC006,CC005,8087.31
2024-09-01,ACC006,CC006,14506.52
2024-09-01,ACC006,CC007,18803.18
2024-09-01,ACC006,CC008,6079.78
2024-09-01,ACC006,CC009,781.11
2024-09-01,ACC006,CC010,8048.61
2024-09-01,ACC006,CC011,2713.92
2024-09-01,ACC006,CC012,7017.02
2024-09-01,ACC006,CC013,2950.87
2024-09-01,ACC006,CC014,4563.37
2024-09-01,ACC006,CC015,14337.68
2024-09-01,ACC007,CC001,8732.77
2024-09-01,ACC007,CC002,19266.79
2024-09-01,ACC007,CC003,10919.93
2024-09-01,ACC007,CC004,9108.54
2024-09-01,ACC007,CC005,1717.1
2024-09-01,ACC007,CC006,4332.95
2024-09-01,ACC007,CC007,4419.51
2024-09-01,ACC007,CC008,13144.87
2024-09-01,ACC007,CC009,1564.04
2024-09-01,ACC007,CC010,0.0
2024-09-01,ACC007,CC011,3061.01
2024-09-01,ACC007,CC012,4587.42
2024-09-01,ACC007,CC013,6782.56
2024-09-01,ACC007,CC014,13747.59
2024-09-01,ACC007,CC015,6636.36
2024-09-01,ACC008,CC001,4862.43
2024-09-01,ACC008,CC002,11081.78
2024-09-01,ACC008,CC003,3240.5
2024-09-01,ACC008,CC004,4784.21
2024-09-01,ACC008,CC005,5417.25
2024-09-01,ACC008,CC006,3978.17
2024-09-01,ACC008,CC007,5921.02
2024-09-01,ACC008,CC008,12664.8
2024-09-01,ACC008,CC009,7018.65
2024-09-01,ACC008,CC010,18309.37
2024-09-01,ACC008,CC011,497.91
2024-09-01,ACC008,CC012,15996.23
2024-09-01,ACC008,CC013,3517.23
2024-09-01,ACC008,CC014,8064.09
2024-09-01,ACC008,CC015,17412.08
2024-09-01,ACC009,CC001,10686.96
2024-09-01,ACC009,CC002,3475.22
2024-09-01,ACC009,CC003,7371.96
2024-09-01,ACC009,CC004,6670.75
2024-09-01,ACC009,CC005,2488.06
2024-09-01,ACC009,CC006,4558.98
2024-09-01,ACC009,CC007,4943.32
2024-09-01,ACC009,CC008,8004.48
2024-09-01,ACC009,CC009,3138.62
2024-09-01,ACC009,CC010,7754.05
2024-09-01,ACC009,CC011,2873.07
2024-09-01,ACC009,CC012,3320.82
2024-09-01,ACC009,CC013,6360.23
2024-09-01,ACC009,CC014,3076.68
2024-09-01,ACC009,CC015,6790.29
2024-09-01,ACC010,CC001,11590.95
2024-09-01,ACC010,CC002,5973.19
2024-09-01,ACC010,CC003,3377.67
2024-09-01,ACC010,CC004,12830.85
2024-09-01,ACC010,CC005,6657.38
2024-09-01,ACC010,CC006,4173.83
2024-09-01,ACC010,CC007,6855.71
2024-09-01,ACC010,CC008,28591.45
2024-09-01,ACC010,CC009,369.96
2024-09-01,ACC010,CC010,12326.58
2024-09-01,ACC010,CC011,5930.64
2024-09-01,ACC010,CC012,17454.88
2024-09-01,ACC010,CC013,0.0
2024-09-01,ACC010,CC014,5770.38
2024-09-01,ACC010,CC015,4018.75
2024-09-01,ACC011,CC001,13872.27
2024-09-01,ACC011,CC002,10811.75
2024-09-01,ACC011,CC003,18297.12
2024-09-01,ACC011,CC004,6385.61
2024-09-01,ACC011,CC005,8371.7
2024-09-01,ACC011,CC006,5863.65
2024-09-01,ACC011,CC007,376.52
2024-09-01,ACC011,CC008,2391.89
2024-09-01,ACC011,CC009,11080.59
2024-09-01,ACC011,CC010,7694.47
2024-09-01,ACC011,CC011,11314.95
2024-09-01,ACC011,CC012,3651.41
2024-09-01,ACC011,CC013,19684.08
2024-09-01,ACC011,CC014,5707.92
2024-09-01,ACC011,CC015,6138.82
2024-09-01,ACC012,CC001,13067.53
2024-09-01,ACC012,CC002,18584.32
2024-09-01,ACC012,CC003,5428.64
2024-09-01,ACC012,CC004,5813.48
2024-09-01,ACC012,CC005,1069.52
2024-09-01,ACC012,CC006,10120.6
2024-09-01,ACC012,CC007,10250.64
2024-09-01,ACC012,CC008,13780.19
2024-09-01,ACC012,CC009,9577.65
2024-09-01,ACC012,CC010,1830.83
2024-09-01,ACC012,CC011,1786.19
2024-09-01,ACC012,CC012,3753.38
2024-09-01,ACC012,CC013,11841.24
2024-09-01,ACC012,CC014,8901.57
2024-09-01,ACC012,CC015,2849.46
2024-10-01,ACC004,CC001,6927.25
2024-10-01,ACC004,CC002,10901.99
2024-10-01,ACC004,CC003,4153.61
2024-10-01,ACC004,CC004,15326.49
2024-10-01,ACC004,CC005,5932.43
2024-10-01,ACC004,CC006,6370.45
2024-10-01,ACC004,CC007,2991.56
2024-10-01,ACC004,CC008,10364.93
2024-10-01,ACC004,CC009,13542.53
2024-10-01,ACC004,CC010,8517.38
2024-10-01,ACC004,CC011,8111.6
2024-10-01,ACC004,CC012,3088.53
2024-10-01,ACC004,CC013,4608.39
2024-10-01,ACC004,CC014,5152.65
2024-10-01,ACC004,CC015,4695.57
2024-10-01,ACC005,CC001,5045.84
2024-10-01,ACC005,CC002,13412.65
2024-10-01,ACC005,CC003,8688.22
2024-10-01,ACC005,CC004,3985.26
2024-10-01,ACC005,CC005,2257.65
2024-10-01,ACC005,CC006,3137.0
2024-10-01,ACC005,CC007,5212.93
2024-10-01,ACC005,CC008,5370.34
2024-10-01,ACC005,CC009,1302.05
2024-10-01,ACC005,CC010,10271.94
2024-10-01,ACC005,CC011,6223.45
2024-10-01,ACC005,CC012,3200.21
2024-10-01,ACC005,CC013,7410.41
2024-10-01,ACC005,CC014,10523.92
2024-10-01,ACC005,CC015,6044.39
2024-10-01,ACC006,CC001,9836.16
2024-10-01,ACC006,CC002,2992.45
2024-10-01,ACC006,CC003,4822.03
2024-10-01,ACC006,CC004,8004.48
2024-10-01,ACC006,CC005,2704.64
2024-10-01,ACC006,CC006,2324.1
2024-10-01,ACC006,CC007,3202.04
2024-10-01,ACC006,CC008,8659.84
2024-10-01,ACC006,CC009,256.07
2024-10-01,ACC006,CC010,6288.87
2024-10-01,ACC006,CC011,10902.54
2024-10-01,ACC006,CC012,7204.4
2024-10-01,ACC006,CC013,4371.91
2024-10-01,ACC006,CC014,6389.9
2024-10-01,ACC006,CC015,18854.96
2024-10-01,ACC007,CC001,1818.97
2024-10-01,ACC007,CC002,14813.35
2024-10-01,ACC007,CC003,4409.38
2024-10-01,ACC007,CC004,11728.23
2024-10-01,ACC007,CC005,14251.38
2024-10-01,ACC007,CC006,248.32
2024-10-01,ACC007,CC007,14882.92
2024-10-01,ACC007,CC008,10934.89
2024-10-01,ACC007,CC009,9994.69
2024-10-01,ACC007,CC010,18845.41
2024-10-01,ACC007,CC011,6832.14
2024-10-01,ACC007,CC012,20446.65
2024-10-01,ACC007,CC013,3480.0
2024-10-01,ACC007,CC014,11984.93
2024-10-01,ACC007,CC015,10286.01
2024-10-01,ACC008,CC001,28462.09
2024-10-01,ACC008,CC002,5093.75
2024-10-01,ACC008,CC003,2694.19
2024-10-01,ACC008,CC004,29321.45
2024-10-01,ACC008,CC005,8328.07
2024-10-01,ACC008,CC006,6054.83
2024-10-01,ACC008,CC007,651.84
2024-10-01,ACC008,CC008,9709.07
2024-10-01,ACC008,CC009,10297.32
2024-10-01,ACC008,CC010,6351.53
2024-10-01,ACC008,CC011,2644.33
2024-10-01,ACC008,CC012,10530.1
2024-10-01,ACC008,CC013,1864.29
2024-10-01,ACC008,CC014,9549.97
2024-10-01,ACC008,CC015,7233.51
2024-10-01,ACC009,CC001,3747.44
2024-10-01,ACC009,CC002,4494.33
2024-10-01,ACC009,CC003,3723.03
2024-10-01,ACC009,CC004,2647.63
2024-10-01,ACC009,CC005,5160.54
2024-10-01,ACC009,CC006,4074.57
2024-10-01,ACC009,CC007,8524.23
2024-10-01,ACC009,CC008,19626.4
2024-10-01,ACC009,CC009,6932.9
2024-10-01,ACC009,CC010,4373.84
2024-10-01,ACC009,CC011,4243.74
2024-10-01,ACC009,CC012,16910.84
2024-10-01,ACC009,CC013,3617.19
2024-10-01,ACC009,CC014,12021.49
2024-10-01,ACC009,CC015,15419.94
2024-10-01,ACC010,CC001,770.07
2024-10-01,ACC010,CC002,8303.75
2024-10-01,ACC010,CC003,5256.39
2024-10-01,ACC010,CC004,5377.7
2024-10-01,ACC010,CC005,6878.49
2024-10-01,ACC010,CC006,10921.72
2024-10-01,ACC010,CC007,10167.38
2024-10-01,ACC010,CC008,0.0
2024-10-01,ACC010,CC009,5345.8
2024-10-01,ACC010,CC010,393.24
2024-10-01,ACC010,CC011,3324.43
2024-10-01,ACC010,CC012,3719.29
2024-10-01,ACC010,CC013,5689.29
2024-10-01,ACC010,CC014,4378.98
2024-10-01,ACC010,CC015,9609.87
2024-10-01,ACC011,CC001,21367.5
2024-10-01,ACC011,CC002,18513.84
2024-10-01,ACC011,CC003,3890.02
2024-10-01,ACC011,CC004,2610.98
2024-10-01,ACC011,CC005,7613.72
2024-10-01,ACC011,CC006,3399.64
2024-10-01,ACC011,CC007,11630.42
2024-10-01,ACC011,CC008,1767.2
2024-10-01,ACC011,CC009,13124.14
2024-10-01,ACC011,CC010,3937.22
2024-10-01,ACC011,CC011,15125.04
2024-10-01,ACC011,CC012,16156.3
2024-10-01,ACC011,CC013,5042.77
2024-10-01,ACC011,CC014,8676.32
2024-10-01,ACC011,CC015,12370.22
2024-10-01,ACC012,CC001,7511.53
2024-10-01,ACC012,CC002,11609.12
2024-10-01,ACC012,CC003,5628.92
2024-10-01,ACC012,CC004,15475.25
2024-10-01,ACC012,CC005,10845.3
2024-10-01,ACC012,CC006,8164.12
2024-10-01,ACC012,CC007,8535.89
2024-10-01,ACC012,CC008,6664.47
2024-10-01,ACC012,CC009,15029.15
2024-10-01,ACC012,CC010,4092.62
2024-10-01,ACC012,CC011,4138.76
2024-10-01,ACC012,CC012,7232.95
2024-10-01,ACC012,CC013,2403.19
2024-10-01,ACC012,CC014,4220.3
2024-10-01,ACC012,CC015,17587.63
2024-11-01,ACC004,CC001,4460.0
2024-11-01,ACC004,CC002,12977.44
2024-11-01,ACC004,CC003,3966.39
2024-11-01,ACC004,CC004,12331.96
2024-11-01,ACC004,CC005,10058.21
2024-11-01,ACC004,CC006,15947.63
2024-11-01,ACC004,CC007,2180.54
2024-11-01,ACC004,CC008,5580.68
2024-11-01,ACC004,CC009,7802.38
2024-11-01,ACC004,CC010,12008.31
2024-11-01,ACC004,CC011,14475.31
2024-11-01,ACC004,CC012,9052.3
2024-11-01,ACC004,CC013,7931.61
2024-11-01,ACC004,CC014,4636.0
2024-11-01,ACC004,CC015,2493.06
2024-11-01,ACC005,CC001,7368.38
2024-11-01,ACC005,CC002,17483.63
2024-11-01,ACC005,CC003,2473.53
2024-11-01,ACC005,CC004,15233.86
2024-11-01,ACC005,CC005,2500.88
2024-11-01,ACC005,CC006,4159.74
2024-11-01,ACC005,CC007,10101.3
2024-11-01,ACC005,CC008,10820.78
2024-11-01,ACC005,CC009,14975.43
2024-11-01,ACC005,CC010,1524.42
2024-11-01,ACC005,CC011,557.95
2024-11-01,ACC005,CC012,14312.33
2024-11-01,ACC005,CC013,17189.7
2024-11-01,ACC005,CC014,4804.51
2024-11-01,ACC005,CC015,7264.47
2024-11-01,ACC006,CC001,2808.55
2024-11-01,ACC006,CC002,2818.68
2024-11-01,ACC006,CC003,4729.82
2024-11-01,ACC006,CC004,7033.62
2024-11-01,ACC006,CC005,12467.38
2024-11-01,ACC006,CC006,7531.55
2024-11-01,ACC006,CC007,7870.02
2024-11-01,ACC006,CC008,10180.41
2024-11-01,ACC006,CC009,2992.98
2024-11-01,ACC006,CC010,3847.94
2024-11-01,ACC006,CC011,5123.96
2024-11-01,ACC006,CC012,2945.31
2024-11-01,ACC006,CC013,3923.07
2024-11-01,ACC006,CC014,7662.46
2024-11-01,ACC006,CC015,8474.95
2024-11-01,ACC007,CC001,15927.35
2024-11-01,ACC007,CC002,5576.59
2024-11-01,ACC007,CC003,1796.71
2024-11-01,ACC007,CC004,19047.05
2024-11-01,ACC007,CC005,14543.62
2024-11-01,ACC007,CC006,764.27
2024-11-01,ACC007,CC007,4527.54
2024-11-01,ACC007,CC008,5177.9
2024-11-01,ACC007,CC009,18836.19
2024-11-01,ACC007,CC010,18767.54
2024-11-01,ACC007,CC011,16660.6
2024-11-01,ACC007,CC012,2159.85
2024-11-01,ACC007,CC013,7973.12
2024-11-01,ACC007,CC014,7818.63
2024-11-01,ACC007,CC015,6066.21
2024-11-01,ACC008,CC001,4324.72
2024-11-01,ACC008,CC002,11983.7
2024-11-01,ACC008,CC003,3772.07
2024-11-01,ACC008,CC004,2307.63
2024-11-01,ACC008,CC005,11326.69
2024-11-01,ACC008,CC006,11826.97
2024-11-01,ACC008,CC007,16233.01
2024-11-01,ACC008,CC008,3315.01
2024-11-01,ACC008,CC009,6481.31
2024-11-01,ACC008,CC010,3600.56
2024-11-01,ACC008,CC011,3470.19
2024-11-01,ACC008,CC012,2692.95
2024-11-01,ACC008,CC013,9339.64
2024-11-01,ACC008,CC014,11569.59
2024-11-01,ACC008,CC015,2322.75
2024-11-01,ACC009,CC001,11915.27
2024-11-01,ACC009,CC002,28083.19
2024-11-01,ACC009,CC003,955.39
2024-11-01,ACC009,CC004,3083.53
2024-11-01,ACC009,CC005,12031.52
2024-11-01,ACC009,CC006,1682.71
2024-11-01,ACC009,CC007,5838.1
2024-11-01,ACC009,CC008,5258.42
2024-11-01,ACC009,CC009,4990.28
2024-11-01,ACC009,CC010,4469.19
2024-11-01,ACC009,CC011,26655.44
2024-11-01,ACC009,CC012,3609.35
2024-11-01,ACC009,CC013,5656.32
2024-11-01,ACC009,CC014,3633.31
2024-11-01,ACC009,CC015,8117.72
2024-11-01,ACC010,CC001,17332.35
2024-11-01,ACC010,CC002,4210.49
2024-11-01,ACC010,CC003,3688.71
2024-11-01,ACC010,CC004,6227.32
2024-11-01,ACC010,CC005,6358.19
2024-11-01,ACC010,CC006,8664.01
2024-11-01,ACC010,CC007,11607.39
2024-11-01,ACC010,CC008,3766.87
2024-11-01,ACC010,CC009,9127.11
2024-11-01,ACC010,CC010,8235.72
2024-11-01,ACC010,CC011,0.0
2024-11-01,ACC010,CC012,20187.69
2024-11-01,ACC010,CC013,4221.51
2024-11-01,ACC010,CC014,7015.38
2024-11-01,ACC010,CC015,12816.96
2024-11-01,ACC011,CC001,3862.96
2024-11-01,ACC011,CC002,18918.94
2024-11-01,ACC011,CC003,2127.87
2024-11-01,ACC011,CC004,3348.8
2024-11-01,ACC011,CC005,17334.13
2024-11-01,ACC011,CC006,11048.11
2024-11-01,ACC011,CC007,5815.58
2024-11-01,ACC011,CC008,928.69
2024-11-01,ACC011,CC009,3539.29
2024-11-01,ACC011,CC010,8526.1
2024-11-01,ACC011,CC011,6492.92
2024-11-01,ACC011,CC012,4525.67
2024-11-01,ACC011,CC013,2612.38
2024-11-01,ACC011,CC014,13110.44
2024-11-01,ACC011,CC015,4048.75
2024-11-01,ACC012,CC001,2770.32
2024-11-01,ACC012,CC002,0.0
2024-11-01,ACC012,CC003,3653.25
2024-11-01,ACC012,CC004,9939.45
2024-11-01,ACC012,CC005,13378.63
2024-11-01,ACC012,CC006,11184.52
2024-11-01,ACC012,CC007,17621.67
2024-11-01,ACC012,CC008,18729.12
2024-11-01,ACC012,CC009,16505.57
2024-11-01,ACC012,CC010,6063.06
2024-11-01,ACC012,CC011,24826.32
2024-11-01,ACC012,CC012,9996.89
2024-11-01,ACC012,CC013,1623.38
2024-11-01,ACC012,CC014,16429.87
2024-11-01,ACC012,CC015,4308.85
2024-12-01,ACC004,CC001,1522.43
2024-12-01,ACC004,CC002,8601.68
2024-12-01,ACC004,CC003,11461.71
2024-12-01,ACC004,CC004,10999.76
2024-12-01,ACC004,CC005,12897.41
2024-12-01,ACC004,CC006,11055.76
2024-12-01,ACC004,CC007,5250.58
2024-12-01,ACC004,CC008,21599.71
2024-12-01,ACC004,CC009,7866.37
2024-12-01,ACC004,CC010,39221.5
2024-12-01,ACC004,CC011,5770.78
2024-12-01,ACC004,CC012,4265.51
2024-12-01,ACC004,CC013,3964.49
2024-12-01,ACC004,CC014,9564.51
2024-12-01,ACC004,CC015,28995.04
2024-12-01,ACC005,CC001,1779.03
2024-12-01,ACC005,CC002,3577.84
2024-12-01,ACC005,CC003,29252.97
2024-12-01,ACC005,CC004,2831.94
2024-12-01,ACC005,CC005,3121.12
2024-12-01,ACC005,CC006,9092.58
2024-12-01,ACC005,CC007,9776.77
2024-12-01,ACC005,CC008,8609.7
2024-12-01,ACC005,CC009,10125.18
2024-12-01,ACC005,CC010,898.64
2024-12-01,ACC005,CC011,13932.46
2024-12-01,ACC005,CC012,13067.57
2024-12-01,ACC005,CC013,1888.53
2024-12-01,ACC005,CC014,9665.11
2024-12-01,ACC005,CC015,7887.87
2024-12-01,ACC006,CC001,2410.84
2024-12-01,ACC006,CC002,5726.77
2024-12-01,ACC006,CC003,12085.03
2024-12-01,ACC006,CC004,4388.55
2024-12-01,ACC006,CC005,5556.83
2024-12-01,ACC006,CC006,6688.43
2024-12-01,ACC006,CC007,2226.84
2024-12-01,ACC006,CC008,14331.07
2024-12-01,ACC006,CC009,6163.43
2024-12-01,ACC006,CC010,10395.54
2024-12-01,ACC006,CC011,1352.12
2024-12-01,ACC006,CC012,32089.83
2024-12-01,ACC006,CC013,2452.77
2024-12-01,ACC006,CC014,7212.46
2024-12-01,ACC006,CC015,1836.98
2024-12-01,ACC007,CC001,4732.88
2024-12-01,ACC007,CC002,3370.38
2024-12-01,ACC007,CC003,1954.09
2024-12-01,ACC007,CC004,1725.97
2024-12-01,ACC007,CC005,14435.16
2024-12-01,ACC007,CC006,7008.74
2024-12-01,ACC007,CC007,7673.01
2024-12-01,ACC007,CC008,5218.76
2024-12-01,ACC007,CC009,1433.22
2024-12-01,ACC007,CC010,11503.32
2024-12-01,ACC007,CC011,6087.13
2024-12-01,ACC007,CC012,15759.51
2024-12-01,ACC007,CC013,5434.37
2024-12-01,ACC007,CC014,10847.37
2024-12-01,ACC007,CC015,10473.28
2024-12-01,ACC008,CC001,4839.51
2024-12-01,ACC008,CC002,3115.29
2024-12-01,ACC008,CC003,6621.38
2024-12-01,ACC008,CC004,2439.71
2024-12-01,ACC008,CC005,5619.19
2024-12-01,ACC008,CC006,2602.07
2024-12-01,ACC008,CC007,3765.56
2024-12-01,ACC008,CC008,4314.78
2024-12-01,ACC008,CC009,8005.93
2024-12-01,ACC008,CC010,2335.16
2024-12-01,ACC008,CC011,3363.58
2024-12-01,ACC008,CC012,6760.36
2024-12-01,ACC008,CC013,3633.27
2024-12-01,ACC008,CC014,10742.47
2024-12-01,ACC008,CC015,4845.41
2024-12-01,ACC009,CC001,7345.19
2024-12-01,ACC009,CC002,3979.66
2024-12-01,ACC009,CC003,965.57
2024-12-01,ACC009,CC004,6314.65
2024-12-01,ACC009,CC005,5202.7
2024-12-01,ACC009,CC006,13877.03
2024-12-01,ACC009,CC007,5059.37
2024-12-01,ACC009,CC008,6283.97
2024-12-01,ACC009,CC009,481.32
2024-12-01,ACC009,CC010,4509.93
2024-12-01,ACC009,CC011,3767.11
2024-12-01,ACC009,CC012,0.0
2024-12-01,ACC009,CC013,7177.03
2024-12-01,ACC009,CC014,2367.22
2024-12-01,ACC009,CC015,13180.64
2024-12-01,ACC010,CC001,6204.6
2024-12-01,ACC010,CC002,6302.39
2024-12-01,ACC010,CC003,2753.12
2024-12-01,ACC010,CC004,5457.19
2024-12-01,ACC010,CC005,139.96
2024-12-01,ACC010,CC006,30981.76
2024-12-01,ACC010,CC007,30374.52
2024-12-01,ACC010,CC008,5159.41
2024-12-01,ACC010,CC009,1980.09
2024-12-01,ACC010,CC010,5966.34
2024-12-01,ACC010,CC011,7821.73
2024-12-01,ACC010,CC012,8853.48
2024-12-01,ACC010,CC013,7819.3
2024-12-01,ACC010,CC014,7009.91
2024-12-01,ACC010,CC015,2559.56
2024-12-01,ACC011,CC001,14299.97
2024-12-01,ACC011,CC002,4951.64
2024-12-01,ACC011,CC003,3521.01
2024-12-01,ACC011,CC004,5875.7
2024-12-01,ACC011,CC005,1803.27
2024-12-01,ACC011,CC006,7080.16
2024-12-01,ACC011,CC007,1459.43
2024-12-01,ACC011,CC008,1987.38
2024-12-01,ACC011,CC009,26301.71
2024-12-01,ACC011,CC010,1942.48
2024-12-01,ACC011,CC011,15506.86
2024-12-01,ACC011,CC012,16102.67
2024-12-01,ACC011,CC013,2755.52
2024-12-01,ACC011,CC014,2149.9
2024-12-01,ACC011,CC015,4887.54
2024-12-01,ACC012,CC001,0.0
2024-12-01,ACC012,CC002,5659.63
2024-12-01,ACC012,CC003,6982.45
2024-12-01,ACC012,CC004,2550.15
2024-12-01,ACC012,CC005,25026.0
2024-12-01,ACC012,CC006,4155.32
2024-12-01,ACC012,CC007,2809.5
2024-12-01,ACC012,CC008,18280.16
2024-12-01,ACC012,CC009,26723.72
2024-12-01,ACC012,CC010,4950.57
2024-12-01,ACC012,CC011,9370.52
2024-12-01,ACC012,CC012,15752.54
2024-12-01,ACC012,CC013,7177.97
2024-12-01,ACC012,CC014,12653.34
2024-12-01,ACC012,CC015,5463.3
2025-01-01,ACC004,CC001,3247.68
2025-01-01,ACC004,CC002,0.0
2025-01-01,ACC004,CC003,10230.95
2025-01-01,ACC004,CC004,4597.09
2025-01-01,ACC004,CC005,6597.5
2025-01-01,ACC004,CC006,12370.31
2025-01-01,ACC004,CC007,0.0
2025-01-01,ACC004,CC008,30729.25
2025-01-01,ACC004,CC009,6163.67
2025-01-01,ACC004,CC010,2820.36
2025-01-01,ACC004,CC011,6938.89
2025-01-01,ACC004,CC012,7801.78
2025-01-01,ACC004,CC013,1146.59
2025-01-01,ACC004,CC014,6990.97
2025-01-01,ACC004,CC015,5051.11
2025-01-01,ACC005,CC001,8766.59
2025-01-01,ACC005,CC002,508.09
2025-01-01,ACC005,CC003,9392.34
2025-01-01,ACC005,CC004,11877.63
2025-01-01,ACC005,CC005,8175.96
2025-01-01,ACC005,CC006,4793.19
2025-01-01,ACC005,CC007,4534.89
2025-01-01,ACC005,CC008,3530.3
2025-01-01,ACC005,CC009,11327.64
2025-01-01,ACC005,CC010,19171.87
2025-01-01,ACC005,CC011,8629.23
2025-01-01,ACC005,CC012,5848.89
2025-01-01,ACC005,CC013,10797.1
2025-01-01,ACC005,CC014,3823.76
2025-01-01,ACC005,CC015,4917.39
2025-01-01,ACC006,CC001,5966.89
2025-01-01,ACC006,CC002,15995.83
2025-01-01,ACC006,CC003,17117.35
2025-01-01,ACC006,CC004,1721.77
2025-01-01,ACC006,CC005,8692.8
2025-01-01,ACC006,CC006,8976.5
2025-01-01,ACC006,CC007,8240.47
2025-01-01,ACC006,CC008,4052.12
2025-01-01,ACC006,CC009,28916.43
2025-01-01,ACC006,CC010,7249.69
2025-01-01,ACC006,CC011,6636.52
2025-01-01,ACC006,CC012,11029.08
2025-01-01,ACC006,CC013,9866.41
2025-01-01,ACC006,CC014,4656.6
2025-01-01,ACC006,CC015,3978.7
2025-01-01,ACC007,CC001,3120.76
2025-01-01,ACC007,CC002,2060.15
2025-01-01,ACC007,CC003,19837.49
2025-01-01,ACC007,CC004,11886.2
2025-01-01,ACC007,CC005,15370.53
2025-01-01,ACC007,CC006,2559.5
2025-01-01,ACC007,CC007,6797.7
2025-01-01,ACC007,CC008,1391.19
2025-01-01,ACC007,CC009,1984.5
2025-01-01,ACC007,CC010,13705.1
2025-01-01,ACC007,CC011,1569.38
2025-01-01,ACC007,CC012,2210.85
2025-01-01,ACC007,CC013,2699.31
2025-01-01,ACC007,CC014,15758.99
2025-01-01,ACC007,CC015,21719.38
2025-01-01,ACC008,CC001,4485.83
2025-01-01,ACC008,CC002,3109.22
2025-01-01,ACC008,CC003,7808.92
2025-01-01,ACC008,CC004,19175.48
2025-01-01,ACC008,CC005,7009.56
2025-01-01,ACC008,CC006,7923.07
2025-01-01,ACC008,CC007,5629.45
2025-01-01,ACC008,CC008,8399.21
2025-01-01,ACC008,CC009,4857.93
2025-01-01,ACC008,CC010,9255.58
2025-01-01,ACC008,CC011,6612.85
2025-01-01,ACC008,CC012,4319.05
2025-01-01,ACC008,CC013,3664.78
2025-01-01,ACC008,CC014,10117.48
2025-01-01,ACC008,CC015,4678.29
2025-01-01,ACC009,CC001,14614.63
2025-01-01,ACC009,CC002,5976.14
2025-01-01,ACC009,CC003,10147.89
2025-01-01,ACC009,CC004,34873.63
2025-01-01,ACC009,CC005,23342.74
2025-01-01,ACC009,CC006,353.2
2025-01-01,ACC009,CC007,3112.09
2025-01-01,ACC009,CC008,7592.22
2025-01-01,ACC009,CC009,1873.46
2025-01-01,ACC009,CC010,9471.61
2025-01-01,ACC009,CC011,586.98
2025-01-01,ACC009,CC012,17654.79
2025-01-01,ACC009,CC013,15045.13
2025-01-01,ACC009,CC014,7451.78
2025-01-01,ACC009,CC015,10627.21
2025-01-01,ACC010,CC001,10532.41
2025-01-01,ACC010,CC002,9582.45
2025-01-01,ACC010,CC003,7171.67
2025-01-01,ACC010,CC004,13241.73
2025-01-01,ACC010,CC005,5527.73
2025-01-01,ACC010,CC006,5150.82
2025-01-01,ACC010,CC007,7791.13
2025-01-01,ACC010,CC008,4532.34
2025-01-01,ACC010,CC009,9528.07
2025-01-01,ACC010,CC010,7961.72
2025-01-01,ACC010,CC011,11058.0
2025-01-01,ACC010,CC012,3204.41
2025-01-01,ACC010,CC013,12208.27
2025-01-01,ACC010,CC014,5215.99
2025-01-01,ACC010,CC015,2727.33
2025-01-01,ACC011,CC001,2831.93
2025-01-01,ACC011,CC002,2557.6
2025-01-01,ACC011,CC003,7136.55
2025-01-01,ACC011,CC004,3931.86
2025-01-01,ACC011,CC005,2724.82
2025-01-01,ACC011,CC006,4471.98
2025-01-01,ACC011,CC007,5378.2
2025-01-01,ACC011,CC008,139.85
2025-01-01,ACC011,CC009,8621.06
2025-01-01,ACC011,CC010,1813.4
2025-01-01,ACC011,CC011,4904.7
2025-01-01,ACC011,CC012,12940.18
2025-01-01,ACC011,CC013,8613.78
2025-01-01,ACC011,CC014,15833.94
2025-01-01,ACC011,CC015,5796.7
2025-01-01,ACC012,CC001,13651.43
2025-01-01,ACC012,CC002,0.0
2025-01-01,ACC012,CC003,9441.04
2025-01-01,ACC012,CC004,2158.52
2025-01-01,ACC012,CC005,4184.26
2025-01-01,ACC012,CC006,1467.18
2025-01-01,ACC012,CC007,11517.96
2025-01-01,ACC012,CC008,8674.02
2025-01-01,ACC012,CC009,3337.0
2025-01-01,ACC012,CC010,1915.4
2025-01-01,ACC012,CC011,5726.61
2025-01-01,ACC012,CC012,20943.16
2025-01-01,ACC012,CC013,14641.35
2025-01-01,ACC012,CC014,10038.75
2025-01-01,ACC012,CC015,2315.39
2025-02-01,ACC004,CC001,11390.71
2025-02-01,ACC004,CC002,9202.07
2025-02-01,ACC004,CC003,8855.65
2025-02-01,ACC004,CC004,3318.3
2025-02-01,ACC004,CC005,13006.23
2025-02-01,ACC004,CC006,6418.13
2025-02-01,ACC004,CC007,5163.98
2025-02-01,ACC004,CC008,1588.76
2025-02-01,ACC004,CC009,2527.3
2025-02-01,ACC004,CC010,1882.37
2025-02-01,ACC004,CC011,665.57
2025-02-01,ACC004,CC012,4981.06
2025-02-01,ACC004,CC013,23068.4
2025-02-01,ACC004,CC014,22531.36
2025-02-01,ACC004,CC015,4608.23
2025-02-01,ACC005,CC001,7053.03
2025-02-01,ACC005,CC002,16688.34
2025-02-01,ACC005,CC003,18153.9
2025-02-01,ACC005,CC004,3060.72
2025-02-01,ACC005,CC005,3921.96
2025-02-01,ACC005,CC006,5147.94
2025-02-01,ACC005,CC007,1376.06
2025-02-01,ACC005,CC008,14404.55
2025-02-01,ACC005,CC009,3138.4
2025-02-01,ACC005,CC010,35984.87
2025-02-01,ACC005,CC011,3675.72
2025-02-01,ACC005,CC012,3979.46
2025-02-01,ACC005,CC013,3350.96
2025-02-01,ACC005,CC014,8113.45
2025-02-01,ACC005,CC015,14402.37
2025-02-01,ACC006,CC001,4368.82
2025-02-01,ACC006,CC002,4108.21
2025-02-01,ACC006,CC003,6881.48
2025-02-01,ACC006,CC004,4455.76
2025-02-01,ACC006,CC005,6420.92
2025-02-01,ACC006,CC006,2758.2
2025-02-01,ACC006,CC007,20610.14
2025-02-01,ACC006,CC008,7968.43
2025-02-01,ACC006,CC009,7693.68
2025-02-01,ACC006,CC010,5382.56
2025-02-01,ACC006,CC011,3678.83
2025-02-01,ACC006,CC012,7582.1
2025-02-01,ACC006,CC013,7862.11
2025-02-01,ACC006,CC014,13699.75
2025-02-01,ACC006,CC015,1885.96
2025-02-01,ACC007,CC001,10597.89
2025-02-01,ACC007,CC002,9463.97
2025-02-01,ACC007,CC003,15029.76
2025-02-01,ACC007,CC004,31072.02
2025-02-01,ACC007,CC005,838.11
2025-02-01,ACC007,CC006,3670.95
2025-02-01,ACC007,CC007,9604.74
2025-02-01,ACC007,CC008,2861.94
2025-02-01,ACC007,CC009,6277.32
2025-02-01,ACC007,CC010,2147.36
2025-02-01,ACC007,CC011,2436.8
2025-02-01,ACC007,CC012,5183.69
2025-02-01,ACC007,CC013,5892.28
2025-02-01,ACC007,CC014,4112.48
2025-02-01,ACC007,CC015,9797.02
2025-02-01,ACC008,CC001,2895.97
2025-02-01,ACC008,CC002,15977.21
2025-02-01,ACC008,CC003,7616.14
2025-02-01,ACC008,CC004,7798.7
2025-02-01,ACC008,CC005,19852.74
2025-02-01,ACC008,CC006,1025.73
2025-02-01,ACC008,CC007,7057.13
2025-02-01,ACC008,CC008,6042.17
2025-02-01,ACC008,CC009,22663.26
2025-02-01,ACC008,CC010,12005.48
2025-02-01,ACC008,CC011,7436.54
2025-02-01,ACC008,CC012,11656.0
2025-02-01,ACC008,CC013,0.0
2025-02-01,ACC008,CC014,13702.79
2025-02-01,ACC008,CC015,5546.66
2025-02-01,ACC009,CC001,11157.86
2025-02-01,ACC009,CC002,14686.8
2025-02-01,ACC009,CC003,10696.08
2025-02-01,ACC009,CC004,13098.83
2025-02-01,ACC009,CC005,8210.8
2025-02-01,ACC009,CC006,4057.64
2025-02-01,ACC009,CC007,18953.89
2025-02-01,ACC009,CC008,6553.28
2025-02-01,ACC009,CC009,5470.62
2025-02-01,ACC009,CC010,19800.55
2025-02-01,ACC009,CC011,6148.81
2025-02-01,ACC009,CC012,14872.82
2025-02-01,ACC009,CC013,1720.43
2025-02-01,ACC009,CC014,1518.22
2025-02-01,ACC009,CC015,616.41
2025-02-01,ACC010,CC001,7187.76
2025-02-01,ACC010,CC002,23596.36
2025-02-01,ACC010,CC003,7638.64
2025-02-01,ACC010,CC004,11281.11
2025-02-01,ACC010,CC005,19008.66
2025-02-01,ACC010,CC006,1702.36
2025-02-01,ACC010,CC007,2761.62
2025-02-01,ACC010,CC008,515.23
2025-02-01,ACC010,CC009,1806.61
2025-02-01,ACC010,CC010,3849.89
2025-02-01,ACC010,CC011,1598.32
2025-02-01,ACC010,CC012,5749.28
2025-02-01,ACC010,CC013,9535.01
2025-02-01,ACC010,CC014,26448.97
2025-02-01,ACC010,CC015,936.72
2025-02-01,ACC011,CC001,10227.52
2025-02-01,ACC011,CC002,18070.5
2025-02-01,ACC011,CC003,7803.87
2025-02-01,ACC011,CC004,7855.86
2025-02-01,ACC011,CC005,7592.54
2025-02-01,ACC011,CC006,62131.69
2025-02-01,ACC011,CC007,1497.98
2025-02-01,ACC011,CC008,7181.56
2025-02-01,ACC011,CC009,5468.14
2025-02-01,ACC011,CC010,8894.07
2025-02-01,ACC011,CC011,608.47
2025-02-01,ACC011,CC012,7952.63
2025-02-01,ACC011,CC013,3980.01
2025-02-01,ACC011,CC014,5874.54
2025-02-01,ACC011,CC015,8266.53
2025-02-01,ACC012,CC001,14342.66
2025-02-01,ACC012,CC002,8315.36
2025-02-01,ACC012,CC003,9196.65
2025-02-01,ACC012,CC004,9251.21
2025-02-01,ACC012,CC005,12699.45
2025-02-01,ACC012,CC006,4667.46
2025-02-01,ACC012,CC007,1301.69
2025-02-01,ACC012,CC008,8819.43
2025-02-01,ACC012,CC009,4562.12
2025-02-01,ACC012,CC010,5245.07
2025-02-01,ACC012,CC011,2606.03
2025-02-01,ACC012,CC012,1715.15
2025-02-01,ACC012,CC013,0.0
2025-02-01,ACC012,CC014,8820.17
2025-02-01,ACC012,CC015,6544.38
2025-03-01,ACC004,CC001,5438.37
2025-03-01,ACC004,CC002,16153.43
2025-03-01,ACC004,CC003,19054.46
2025-03-01,ACC004,CC004,21770.44
2025-03-01,ACC004,CC005,36430.67
2025-03-01,ACC004,CC006,9718.61
2025-03-01,ACC004,CC007,34992.98
2025-03-01,ACC004,CC008,8241.8
2025-03-01,ACC004,CC009,4177.95
2025-03-01,ACC004,CC010,2236.98
2025-03-01,ACC004,CC011,13576.71
2025-03-01,ACC004,CC012,5553.75
2025-03-01,ACC004,CC013,8649.36
2025-03-01,ACC004,CC014,1483.62
2025-03-01,ACC004,CC015,8785.99
2025-03-01,ACC005,CC001,17114.43
2025-03-01,ACC005,CC002,3914.06
2025-03-01,ACC005,CC003,2337.38
2025-03-01,ACC005,CC004,6683.12
2025-03-01,ACC005,CC005,4640.58
2025-03-01,ACC005,CC006,6547.39
2025-03-01,ACC005,CC007,11570.28
2025-03-01,ACC005,CC008,11152.78
2025-03-01,ACC005,CC009,5350.81
2025-03-01,ACC005,CC010,7222.94
2025-03-01,ACC005,CC011,8172.93
2025-03-01,ACC005,CC012,3316.02
2025-03-01,ACC005,CC013,11455.47
2025-03-01,ACC005,CC014,23480.27
2025-03-01,ACC005,CC015,7757.6
2025-03-01,ACC006,CC001,11291.73
2025-03-01,ACC006,CC002,2315.68
2025-03-01,ACC006,CC003,3186.3
2025-03-01,ACC006,CC004,10333.79
2025-03-01,ACC006,CC005,16430.5
2025-03-01,ACC006,CC006,6768.61
2025-03-01,ACC006,CC007,10281.78
2025-03-01,ACC006,CC008,10796.31
2025-03-01,ACC006,CC009,5558.4
2025-03-01,ACC006,CC010,4688.77
2025-03-01,ACC006,CC011,9128.33
2025-03-01,ACC006,CC012,863.66
2025-03-01,ACC006,CC013,3767.15
2025-03-01,ACC006,CC014,4813.46
2025-03-01,ACC006,CC015,15133.37
2025-03-01,ACC007,CC001,16299.19
2025-03-01,ACC007,CC002,25767.67
2025-03-01,ACC007,CC003,4644.18
2025-03-01,ACC007,CC004,7513.4
2025-03-01,ACC007,CC005,4126.01
2025-03-01,ACC007,CC006,4677.17
2025-03-01,ACC007,CC007,10034.69
2025-03-01,ACC007,CC008,11264.84
2025-03-01,ACC007,CC009,7461.85
2025-03-01,ACC007,CC010,1412.23
2025-03-01,ACC007,CC011,13358.03
2025-03-01,ACC007,CC012,6445.56
2025-03-01,ACC007,CC013,10833.4
2025-03-01,ACC007,CC014,8553.88
2025-03-01,ACC007,CC015,14276.87
2025-03-01,ACC008,CC001,1424.9
2025-03-01,ACC008,CC002,6263.11
2025-03-01,ACC008,CC003,4395.77
2025-03-01,ACC008,CC004,14751.56
2025-03-01,ACC008,CC005,10192.81
2025-03-01,ACC008,CC006,1971.93
2025-03-01,ACC008,CC007,6476.28
2025-03-01,ACC008,CC008,6270.59
2025-03-01,ACC008,CC009,10689.52
2025-03-01,ACC008,CC010,2326.07
2025-03-01,ACC008,CC011,13696.43
2025-03-01,ACC008,CC012,3584.89
2025-03-01,ACC008,CC013,3540.6
2025-03-01,ACC008,CC014,5005.96
2025-03-01,ACC008,CC015,2137.26
2025-03-01,ACC009,CC001,6258.61
2025-03-01,ACC009,CC002,11137.53
2025-03-01,ACC009,CC003,2848.04
2025-03-01,ACC009,CC004,8360.19
2025-03-01,ACC009,CC005,25237.53
2025-03-01,ACC009,CC006,15217.46
2025-03-01,ACC009,CC007,4198.44
2025-03-01,ACC009,CC008,29226.68
2025-03-01,ACC009,CC009,6543.74
2025-03-01,ACC009,CC010,7661.75
2025-03-01,ACC009,CC011,12243.34
2025-03-01,ACC009,CC012,962.76
2025-03-01,ACC009,CC013,2391.46
2025-03-01,ACC009,CC014,10506.38
2025-03-01,ACC009,CC015,10406.19
2025-03-01,ACC010,CC001,3905.97
2025-03-01,ACC010,CC002,7175.82
2025-03-01,ACC010,CC003,8519.02
2025-03-01,ACC010,CC004,737.2
2025-03-01,ACC010,CC005,4627.49
2025-03-01,ACC010,CC006,24525.26
2025-03-01,ACC010,CC007,1381.69
2025-03-01,ACC010,CC008,1276.72
2025-03-01,ACC010,CC009,3271.57
2025-03-01,ACC010,CC010,10714.16
2025-03-01,ACC010,CC011,37347.58
2025-03-01,ACC010,CC012,4422.31
2025-03-01,ACC010,CC013,5522.14
2025-03-01,ACC010,CC014,3737.38
2025-03-01,ACC010,CC015,7861.23
2025-03-01,ACC011,CC001,4776.9
2025-03-01,ACC011,CC002,15382.97
2025-03-01,ACC011,CC003,5201.43
2025-03-01,ACC011,CC004,7787.21
2025-03-01,ACC011,CC005,11868.0
2025-03-01,ACC011,CC006,12640.71
2025-03-01,ACC011,CC007,14418.91
2025-03-01,ACC011,CC008,2879.65
2025-03-01,ACC011,CC009,5232.67
2025-03-01,ACC011,CC010,5686.28
2025-03-01,ACC011,CC011,3272.7
2025-03-01,ACC011,CC012,16066.68
2025-03-01,ACC011,CC013,7280.48
2025-03-01,ACC011,CC014,903.38
2025-03-01,ACC011,CC015,3887.0
2025-03-01,ACC012,CC001,4352.23
2025-03-01,ACC012,CC002,24018.32
2025-03-01,ACC012,CC003,13602.3
2025-03-01,ACC012,CC004,15499.48
2025-03-01,ACC012,CC005,28941.13
2025-03-01,ACC012,CC006,11647.26
2025-03-01,ACC012,CC007,4171.36
2025-03-01,ACC012,CC008,2042.85
2025-03-01,ACC012,CC009,1786.82
2025-03-01,ACC012,CC010,770.91
2025-03-01,ACC012,CC011,2288.76
2025-03-01,ACC012,CC012,7207.92
2025-03-01,ACC012,CC013,11921.57
2025-03-01,ACC012,CC014,12704.36
2025-03-01,ACC012,CC015,2091.83
2025-04-01,ACC004,CC001,3549.12
2025-04-01,ACC004,CC002,10952.64
2025-04-01,ACC004,CC003,726.7
2025-04-01,ACC004,CC004,14532.97
2025-04-01,ACC004,CC005,3780.9
2025-04-01,ACC004,CC006,4463.55
2025-04-01,ACC004,CC007,7608.78
2025-04-01,ACC004,CC008,18512.32
2025-04-01,ACC004,CC009,11957.23
2025-04-01,ACC004,CC010,1207.92
2025-04-01,ACC004,CC011,6459.47
2025-04-01,ACC004,CC012,4125.12
2025-04-01,ACC004,CC013,12295.3
2025-04-01,ACC004,CC014,1636.74
2025-04-01,ACC004,CC015,19394.17
2025-04-01,ACC005,CC001,6779.86
2025-04-01,ACC005,CC002,5110.57
2025-04-01,ACC005,CC003,6464.71
2025-04-01,ACC005,CC004,2978.01
2025-04-01,ACC005,CC005,851.51
2025-04-01,ACC005,CC006,4365.1
2025-04-01,ACC005,CC007,15553.25
2025-04-01,ACC005,CC008,0.0
2025-04-01,ACC005,CC009,13364.94
2025-04-01,ACC005,CC010,11702.66
2025-04-01,ACC005,CC011,35344.41
2025-04-01,ACC005,CC012,32621.73
2025-04-01,ACC005,CC013,501.78
2025-04-01,ACC005,CC014,16410.6
2025-04-01,ACC005,CC015,7266.9
2025-04-01,ACC006,CC001,1325.79
2025-04-01,ACC006,CC002,15453.01
2025-04-01,ACC006,CC003,7613.95
2025-04-01,ACC006,CC004,2484.96
2025-04-01,ACC006,CC005,8560.44
2025-04-01,ACC006,CC006,8162.66
2025-04-01,ACC006,CC007,16332.6
2025-04-01,ACC006,CC008,6221.27
2025-04-01,ACC006,CC009,8042.22
2025-04-01,ACC006,CC010,3552.94
2025-04-01,ACC006,CC011,9351.31
2025-04-01,ACC006,CC012,1663.84
2025-04-01,ACC006,CC013,8026.16
2025-04-01,ACC006,CC014,83836.26
2025-04-01,ACC006,CC015,16273.5
2025-04-01,ACC007,CC001,8376.08
2025-04-01,ACC007,CC002,1791.24
2025-04-01,ACC007,CC003,8295.54
2025-04-01,ACC007,CC004,1124.69
2025-04-01,ACC007,CC005,11422.66
2025-04-01,ACC007,CC006,4635.96
2025-04-01,ACC007,CC007,9359.3
2025-04-01,ACC007,CC008,6233.01
2025-04-01,ACC007,CC009,5036.59
2025-04-01,ACC007,CC010,16020.14
2025-04-01,ACC007,CC011,0.0
2025-04-01,ACC007,CC012,22090.38
2025-04-01,ACC007,CC013,9028.49
2025-04-01,ACC007,CC014,3352.33
2025-04-01,ACC007,CC015,3088.5
2025-04-01,ACC008,CC001,6897.49
2025-04-01,ACC008,CC002,5243.6
2025-04-01,ACC008,CC003,9747.99
2025-04-01,ACC008,CC004,3284.36
2025-04-01,ACC008,CC005,3130.44
2025-04-01,ACC008,CC006,7064.47
2025-04-01,ACC008,CC007,8287.93
2025-04-01,ACC008,CC008,12507.85
2025-04-01,ACC008,CC009,13367.26
2025-04-01,ACC008,CC010,4489.51
2025-04-01,ACC008,CC011,8100.59
2025-04-01,ACC008,CC012,0.0
2025-04-01,ACC008,CC013,18901.19
2025-04-01,ACC008,CC014,2336.32
2025-04-01,ACC008,CC015,10175.19
2025-04-01,ACC009,CC001,5759.52
2025-04-01,ACC009,CC002,5025.16
2025-04-01,ACC009,CC003,10460.01
2025-04-01,ACC009,CC004,12397.93
2025-04-01,ACC009,CC005,9006.82
2025-04-01,ACC009,CC006,2691.62
2025-04-01,ACC009,CC007,10774.73
2025-04-01,ACC009,CC008,3131.0
2025-04-01,ACC009,CC009,17898.51
2025-04-01,ACC009,CC010,2721.1
2025-04-01,ACC009,CC011,3055.5
2025-04-01,ACC009,CC012,10954.47
2025-04-01,ACC009,CC013,0.0
2025-04-01,ACC009,CC014,6824.69
2025-04-01,ACC009,CC015,9886.36
2025-04-01,ACC010,CC001,7895.67
2025-04-01,ACC010,CC002,2815.81
2025-04-01,ACC010,CC003,14751.26
2025-04-01,ACC010,CC004,2959.67
2025-04-01,ACC010,CC005,14843.44
2025-04-01,ACC010,CC006,6617.83
2025-04-01,ACC010,CC007,14804.33
2025-04-01,ACC010,CC008,6223.61
2025-04-01,ACC010,CC009,2970.04
2025-04-01,ACC010,CC010,1381.41
2025-04-01,ACC010,CC011,8061.57
2025-04-01,ACC010,CC012,9616.72
2025-04-01,ACC010,CC013,3870.24
2025-04-01,ACC010,CC014,10703.19
2025-04-01,ACC010,CC015,6898.27
2025-04-01,ACC011,CC001,9730.44
2025-04-01,ACC011,CC002,27521.9
2025-04-01,ACC011,CC003,12236.06
2025-04-01,ACC011,CC004,3919.22
2025-04-01,ACC011,CC005,5546.61
2025-04-01,ACC011,CC006,4798.18
2025-04-01,ACC011,CC007,4525.1
2025-04-01,ACC011,CC008,5015.94
2025-04-01,ACC011,CC009,2672.16
2025-04-01,ACC011,CC010,3274.43
2025-04-01,ACC011,CC011,10395.08
2025-04-01,ACC011,CC012,9295.39
2025-04-01,ACC011,CC013,6707.41
2025-04-01,ACC011,CC014,6685.46
2025-04-01,ACC011,CC015,5084.92
2025-04-01,ACC012,CC001,9813.06
2025-04-01,ACC012,CC002,4818.63
2025-04-01,ACC012,CC003,10690.59
2025-04-01,ACC012,CC004,11900.6
2025-04-01,ACC012,CC005,4195.51
2025-04-01,ACC012,CC006,9153.54
2025-04-01,ACC012,CC007,7311.17
2025-04-01,ACC012,CC008,2395.01
2025-04-01,ACC012,CC009,2613.96
2025-04-01,ACC012,CC010,3618.69
2025-04-01,ACC012,CC011,17568.46
2025-04-01,ACC012,CC012,14741.55
2025-04-01,ACC012,CC013,12257.68
2025-04-01,ACC012,CC014,4706.02
2025-04-01,ACC012,CC015,3437.34
2025-05-01,ACC004,CC001,6666.64
2025-05-01,ACC004,CC002,22074.01
2025-05-01,ACC004,CC003,964.13
2025-05-01,ACC004,CC004,5349.12
2025-05-01,ACC004,CC005,2343.35
2025-05-01,ACC004,CC006,10200.22
2025-05-01,ACC004,CC007,0.0
2025-05-01,ACC004,CC008,2457.94
2025-05-01,ACC004,CC009,18533.55
2025-05-01,ACC004,CC010,5267.25
2025-05-01,ACC004,CC011,4650.19
2025-05-01,ACC004,CC012,12214.76
2025-05-01,ACC004,CC013,16173.82
2025-05-01,ACC004,CC014,8963.62
2025-05-01,ACC004,CC015,1291.26
2025-05-01,ACC005,CC001,7235.58
2025-05-01,ACC005,CC002,7958.75
2025-05-01,ACC005,CC003,3380.36
2025-05-01,ACC005,CC004,4249.84
2025-05-01,ACC005,CC005,4440.5
2025-05-01,ACC005,CC006,4492.64
2025-05-01,ACC005,CC007,5139.62
2025-05-01,ACC005,CC008,3073.48
2025-05-01,ACC005,CC009,3769.73
2025-05-01,ACC005,CC010,7642.93
2025-05-01,ACC005,CC011,3801.68
2025-05-01,ACC005,CC012,4946.92
2025-05-01,ACC005,CC013,14847.53
2025-05-01,ACC005,CC014,4083.59
2025-05-01,ACC005,CC015,12090.39
2025-05-01,ACC006,CC001,8408.45
2025-05-01,ACC006,CC002,1132.44
2025-05-01,ACC006,CC003,4166.28
2025-05-01,ACC006,CC004,4990.06
2025-05-01,ACC006,CC005,4564.22
2025-05-01,ACC006,CC006,5006.34
2025-05-01,ACC006,CC007,2665.45
2025-05-01,ACC006,CC008,7749.84
2025-05-01,ACC006,CC009,19325.06
2025-05-01,ACC006,CC010,5018.09
2025-05-01,ACC006,CC011,771.3
2025-05-01,ACC006,CC012,3074.0
2025-05-01,ACC006,CC013,3771.13
2025-05-01,ACC006,CC014,2856.36
2025-05-01,ACC006,CC015,8184.84
2025-05-01,ACC007,CC001,9812.9
2025-05-01,ACC007,CC002,2991.81
2025-05-01,ACC007,CC003,21260.85
2025-05-01,ACC007,CC004,15212.16
2025-05-01,ACC007,CC005,7430.8
2025-05-01,ACC007,CC006,17804.87
2025-05-01,ACC007,CC007,10996.01
2025-05-01,ACC007,CC008,2459.47
2025-05-01,ACC007,CC009,8017.0
2025-05-01,ACC007,CC010,8281.09
2025-05-01,ACC007,CC011,27585.69
2025-05-01,ACC007,CC012,6209.62
2025-05-01,ACC007,CC013,6074.53
2025-05-01,ACC007,CC014,15002.62
2025-05-01,ACC007,CC015,5010.31
2025-05-01,ACC008,CC001,3218.89
2025-05-01,ACC008,CC002,1567.35
2025-05-01,ACC008,CC003,5532.11
2025-05-01,ACC008,CC004,15905.01
2025-05-01,ACC008,CC005,5761.08
2025-05-01,ACC008,CC006,17158.54
2025-05-01,ACC008,CC007,7360.71
2025-05-01,ACC008,CC008,11579.23
2025-05-01,ACC008,CC009,20430.77
2025-05-01,ACC008,CC010,20344.6
2025-05-01,ACC008,CC011,9682.05
2025-05-01,ACC008,CC012,13044.06
2025-05-01,ACC008,CC013,15919.6
2025-05-01,ACC008,CC014,0.0
2025-05-01,ACC008,CC015,3972.64
2025-05-01,ACC009,CC001,1141.4
2025-05-01,ACC009,CC002,7147.13
2025-05-01,ACC009,CC003,7141.17
2025-05-01,ACC009,CC004,22122.5
2025-05-01,ACC009,CC005,11229.25
2025-05-01,ACC009,CC006,3521.37
2025-05-01,ACC009,CC007,4584.2
2025-05-01,ACC009,CC008,9249.22
2025-05-01,ACC009,CC009,5466.43
2025-05-01,ACC009,CC010,7215.7
2025-05-01,ACC009,CC011,5221.95
2025-05-01,ACC009,CC012,13142.5
2025-05-01,ACC009,CC013,3805.65
2025-05-01,ACC009,CC014,20510.51
2025-05-01,ACC009,CC015,3596.92
2025-05-01,ACC010,CC001,6020.16
2025-05-01,ACC010,CC002,789.62
2025-05-01,ACC010,CC003,4799.06
2025-05-01,ACC010,CC004,9597.08
2025-05-01,ACC010,CC005,3693.05
2025-05-01,ACC010,CC006,10715.19
2025-05-01,ACC010,CC007,12046.03
2025-05-01,ACC010,CC008,7790.67
2025-05-01,ACC010,CC009,1625.72
2025-05-01,ACC010,CC010,20184.91
2025-05-01,ACC010,CC011,1379.33
2025-05-01,ACC010,CC012,0.0
2025-05-01,ACC010,CC013,12928.99
2025-05-01,ACC010,CC014,11854.03
2025-05-01,ACC010,CC015,12974.77
2025-05-01,ACC011,CC001,6056.79
2025-05-01,ACC011,CC002,8752.34
2025-05-01,ACC011,CC003,4936.61
2025-05-01,ACC011,CC004,10874.98
2025-05-01,ACC011,CC005,7171.38
2025-05-01,ACC011,CC006,3963.19
2025-05-01,ACC011,CC007,12243.59
2025-05-01,ACC011,CC008,25839.7
2025-05-01,ACC011,CC009,3373.12
2025-05-01,ACC011,CC010,6191.75
2025-05-01,ACC011,CC011,13460.99
2025-05-01,ACC011,CC012,9744.38
2025-05-01,ACC011,CC013,9263.67
2025-05-01,ACC011,CC014,8715.96
2025-05-01,ACC011,CC015,9449.05
2025-05-01,ACC012,CC001,5954.05
2025-05-01,ACC012,CC002,4718.63
2025-05-01,ACC012,CC003,7118.04
2025-05-01,ACC012,CC004,6942.18
2025-05-01,ACC012,CC005,6665.26
2025-05-01,ACC012,CC006,4323.44
2025-05-01,ACC012,CC007,10446.69
2025-05-01,ACC012,CC008,4261.36
2025-05-01,ACC012,CC009,8090.3
2025-05-01,ACC012,CC010,933.51
2025-05-01,ACC012,CC011,3748.41
2025-05-01,ACC012,CC012,36953.13
2025-05-01,ACC012,CC013,10708.82
2025-05-01,ACC012,CC014,12700.17
2025-05-01,ACC012,CC015,3412.11
2025-06-01,ACC004,CC001,12168.78
2025-06-01,ACC004,CC002,0.0
2025-06-01,ACC004,CC003,1330.94
2025-06-01,ACC004,CC004,263.24
2025-06-01,ACC004,CC005,7599.27
2025-06-01,ACC004,CC006,10692.44
2025-06-01,ACC004,CC007,131.09
2025-06-01,ACC004,CC008,3882.13
2025-06-01,ACC004,CC009,2428.56
2025-06-01,ACC004,CC010,913.22
2025-06-01,ACC004,CC011,6538.28
2025-06-01,ACC004,CC012,10417.68
2025-06-01,ACC004,CC013,3880.24
2025-06-01,ACC004,CC014,1603.1
2025-06-01,ACC004,CC015,10755.82
2025-06-01,ACC005,CC001,1148.55
2025-06-01,ACC005,CC002,1829.05
2025-06-01,ACC005,CC003,35195.57
2025-06-01,ACC005,CC004,4164.1
2025-06-01,ACC005,CC005,14889.48
2025-06-01,ACC005,CC006,10385.29
2025-06-01,ACC005,CC007,7481.66
2025-06-01,ACC005,CC008,4210.83
2025-06-01,ACC005,CC009,9310.13
2025-06-01,ACC005,CC010,2019.33
2025-06-01,ACC005,CC011,15791.99
2025-06-01,ACC005,CC012,5618.47
2025-06-01,ACC005,CC013,22827.27
2025-06-01,ACC005,CC014,0.0
2025-06-01,ACC005,CC015,2028.42
2025-06-01,ACC006,CC001,11977.29
2025-06-01,ACC006,CC002,5816.81
2025-06-01,ACC006,CC003,21083.35
2025-06-01,ACC006,CC004,7040.11
2025-06-01,ACC006,CC005,490.12
2025-06-01,ACC006,CC006,4241.73
2025-06-01,ACC006,CC007,9305.8
2025-06-01,ACC006,CC008,562.35
2025-06-01,ACC006,CC009,6041.1
2025-06-01,ACC006,CC010,14636.57
2025-06-01,ACC006,CC011,5614.34
2025-06-01,ACC006,CC012,9801.02
2025-06-01,ACC006,CC013,13541.18
2025-06-01,ACC006,CC014,1080.07
2025-06-01,ACC006,CC015,7770.29
2025-06-01,ACC007,CC001,6264.24
2025-06-01,ACC007,CC002,2867.81
2025-06-01,ACC007,CC003,6930.67
2025-06-01,ACC007,CC004,16295.56
2025-06-01,ACC007,CC005,7567.85
2025-06-01,ACC007,CC006,383.17
2025-06-01,ACC007,CC007,3890.55
2025-06-01,ACC007,CC008,15447.27
2025-06-01,ACC007,CC009,13552.75
2025-06-01,ACC007,CC010,22237.1
2025-06-01,ACC007,CC011,2685.25
2025-06-01,ACC007,CC012,22601.44
2025-06-01,ACC007,CC013,6154.81
2025-06-01,ACC007,CC014,18013.89
2025-06-01,ACC007,CC015,2150.3
2025-06-01,ACC008,CC001,14982.01
2025-06-01,ACC008,CC002,9646.56
2025-06-01,ACC008,CC003,8664.75
2025-06-01,ACC008,CC004,11618.95
2025-06-01,ACC008,CC005,7419.19
2025-06-01,ACC008,CC006,9063.98
2025-06-01,ACC008,CC007,11484.37
2025-06-01,ACC008,CC008,3480.1
2025-06-01,ACC008,CC009,14767.82
2025-06-01,ACC008,CC010,10483.2
2025-06-01,ACC008,CC011,3538.98
2025-06-01,ACC008,CC012,8759.34
2025-06-01,ACC008,CC013,3292.67
2025-06-01,ACC008,CC014,11837.69
2025-06-01,ACC008,CC015,4078.28
2025-06-01,ACC009,CC001,15245.26
2025-06-01,ACC009,CC002,29826.38
2025-06-01,ACC009,CC003,8478.05
2025-06-01,ACC009,CC004,11742.35
2025-06-01,ACC009,CC005,11136.36
2025-06-01,ACC009,CC006,5471.66
2025-06-01,ACC009,CC007,1503.47
2025-06-01,ACC009,CC008,8774.91
2025-06-01,ACC009,CC009,5773.17
2025-06-01,ACC009,CC010,7274.65
2025-06-01,ACC009,CC011,11392.85
2025-06-01,ACC009,CC012,1520.61
2025-06-01,ACC009,CC013,1350.34
2025-06-01,ACC009,CC014,4763.13
2025-06-01,ACC009,CC015,10738.38
2025-06-01,ACC010,CC001,12792.58
2025-06-01,ACC010,CC002,3364.19
2025-06-01,ACC010,CC003,2330.76
2025-06-01,ACC010,CC004,12543.35
2025-06-01,ACC010,CC005,1031.38
2025-06-01,ACC010,CC006,15698.75
2025-06-01,ACC010,CC007,1808.62
2025-06-01,ACC010,CC008,818.63
2025-06-01,ACC010,CC009,0.0
2025-06-01,ACC010,CC010,6959.08
2025-06-01,ACC010,CC011,2123.53
2025-06-01,ACC010,CC012,12720.93
2025-06-01,ACC010,CC013,7797.58
2025-06-01,ACC010,CC014,4458.43
2025-06-01,ACC010,CC015,8251.3
2025-06-01,ACC011,CC001,4794.71
2025-06-01,ACC011,CC002,20255.59
2025-06-01,ACC011,CC003,6045.29
2025-06-01,ACC011,CC004,10776.07
2025-06-01,ACC011,CC005,21667.57
2025-06-01,ACC011,CC006,7288.6
2025-06-01,ACC011,CC007,10768.4
2025-06-01,ACC011,CC008,4015.52
2025-06-01,ACC011,CC009,9408.99
2025-06-01,ACC011,CC010,7826.05
2025-06-01,ACC011,CC011,9159.91
2025-06-01,ACC011,CC012,468.83
2025-06-01,ACC011,CC013,4749.94
2025-06-01,ACC011,CC014,6457.94
2025-06-01,ACC011,CC015,6914.81
2025-06-01,ACC012,CC001,3947.4
2025-06-01,ACC012,CC002,12465.0
2025-06-01,ACC012,CC003,6233.03
2025-06-01,ACC012,CC004,12263.76
2025-06-01,ACC012,CC005,2065.58
2025-06-01,ACC012,CC006,3680.74
2025-06-01,ACC012,CC007,9340.66
2025-06-01,ACC012,CC008,3088.4
2025-06-01,ACC012,CC009,2838.34
2025-06-01,ACC012,CC010,3490.49
2025-06-01,ACC012,CC011,1542.75
2025-06-01,ACC012,CC012,7096.63
2025-06-01,ACC012,CC013,11111.89
2025-06-01,ACC012,CC014,2405.56
2025-06-01,ACC012,CC015,8314.9
2025-07-01,ACC004,CC001,2628.92
2025-07-01,ACC004,CC002,6540.32
2025-07-01,ACC004,CC003,12524.76
2025-07-01,ACC004,CC004,14780.99
2025-07-01,ACC004,CC005,838.21
2025-07-01,ACC004,CC006,2387.33
2025-07-01,ACC004,CC007,4462.21
2025-07-01,ACC004,CC008,8430.05
2025-07-01,ACC004,CC009,4113.88
2025-07-01,ACC004,CC010,7013.72
2025-07-01,ACC004,CC011,8417.34
2025-07-01,ACC004,CC012,2811.16
2025-07-01,ACC004,CC013,1030.98
2025-07-01,ACC004,CC014,10224.45
2025-07-01,ACC004,CC015,2757.81
2025-07-01,ACC005,CC001,8914.03
2025-07-01,ACC005,CC002,15794.39
2025-07-01,ACC005,CC003,6273.01
2025-07-01,ACC005,CC004,6577.68
2025-07-01,ACC005,CC005,1090.74
2025-07-01,ACC005,CC006,6345.33
2025-07-01,ACC005,CC007,11442.24
2025-07-01,ACC005,CC008,2263.96
2025-07-01,ACC005,CC009,230.43
2025-07-01,ACC005,CC010,6497.31
2025-07-01,ACC005,CC011,969.83
2025-07-01,ACC005,CC012,4628.64
2025-07-01,ACC005,CC013,6897.29
2025-07-01,ACC005,CC014,4568.36
2025-07-01,ACC005,CC015,11140.28
2025-07-01,ACC006,CC001,4272.71
2025-07-01,ACC006,CC002,3191.37
2025-07-01,ACC006,CC003,3993.18
2025-07-01,ACC006,CC004,21479.52
2025-07-01,ACC006,CC005,3465.59
2025-07-01,ACC006,CC006,6222.77
2025-07-01,ACC006,CC007,9014.79
2025-07-01,ACC006,CC008,7802.09
2025-07-01,ACC006,CC009,4694.45
2025-07-01,ACC006,CC010,1175.28
2025-07-01,ACC006,CC011,4271.17
2025-07-01,ACC006,CC012,7556.13
2025-07-01,ACC006,CC013,6708.26
2025-07-01,ACC006,CC014,4781.36
2025-07-01,ACC006,CC015,18863.68
2025-07-01,ACC007,CC001,7419.83
2025-07-01,ACC007,CC002,8805.61
2025-07-01,ACC007,CC003,910.63
2025-07-01,ACC007,CC004,19073.95
2025-07-01,ACC007,CC005,816.19
2025-07-01,ACC007,CC006,5780.18
2025-07-01,ACC007,CC007,8721.2
2025-07-01,ACC007,CC008,46379.8
2025-07-01,ACC007,CC009,1874.64
2025-07-01,ACC007,CC010,10910.05
2025-07-01,ACC007,CC011,18305.64
2025-07-01,ACC007,CC012,9847.01
2025-07-01,ACC007,CC013,13510.12
2025-07-01,ACC007,CC014,1944.65
2025-07-01,ACC007,CC015,7288.51
2025-07-01,ACC008,CC001,8848.4
2025-07-01,ACC008,CC002,16179.19
2025-07-01,ACC008,CC003,1080.57
2025-07-01,ACC008,CC004,4041.93
2025-07-01,ACC008,CC005,11192.67
2025-07-01,ACC008,CC006,10649.2
2025-07-01,ACC008,CC007,31850.6
2025-07-01,ACC008,CC008,854.06
2025-07-01,ACC008,CC009,9429.23
2025-07-01,ACC008,CC010,1791.58
2025-07-01,ACC008,CC011,16929.0
2025-07-01,ACC008,CC012,1241.52
2025-07-01,ACC008,CC013,14409.94
2025-07-01,ACC008,CC014,6512.51
2025-07-01,ACC008,CC015,6974.74
2025-07-01,ACC009,CC001,3293.85
2025-07-01,ACC009,CC002,9236.12
2025-07-01,ACC009,CC003,1538.12
2025-07-01,ACC009,CC004,2565.27
2025-07-01,ACC009,CC005,11088.96
2025-07-01,ACC009,CC006,8280.66
2025-07-01,ACC009,CC007,3343.59
2025-07-01,ACC009,CC008,5284.44
2025-07-01,ACC009,CC009,472.31
2025-07-01,ACC009,CC010,760.77
2025-07-01,ACC009,CC011,1295.36
2025-07-01,ACC009,CC012,1197.5
2025-07-01,ACC009,CC013,10175.09
2025-07-01,ACC009,CC014,6303.6
2025-07-01,ACC009,CC015,4333.41
2025-07-01,ACC010,CC001,3702.36
2025-07-01,ACC010,CC002,12475.96
2025-07-01,ACC010,CC003,5246.13
2025-07-01,ACC010,CC004,20378.13
2025-07-01,ACC010,CC005,1016.43
2025-07-01,ACC010,CC006,20318.46
2025-07-01,ACC010,CC007,4059.42
2025-07-01,ACC010,CC008,1318.35
2025-07-01,ACC010,CC009,4940.02
2025-07-01,ACC010,CC010,8247.69
2025-07-01,ACC010,CC011,9605.28
2025-07-01,ACC010,CC012,14553.55
2025-07-01,ACC010,CC013,1170.21
2025-07-01,ACC010,CC014,5581.6
2025-07-01,ACC010,CC015,18208.92
2025-07-01,ACC011,CC001,9661.14
2025-07-01,ACC011,CC002,18345.47
2025-07-01,ACC011,CC003,2029.34
2025-07-01,ACC011,CC004,5211.01
2025-07-01,ACC011,CC005,14202.32
2025-07-01,ACC011,CC006,285.15
2025-07-01,ACC011,CC007,12068.16
2025-07-01,ACC011,CC008,3566.22
2025-07-01,ACC011,CC009,5699.21
2025-07-01,ACC011,CC010,1751.78
2025-07-01,ACC011,CC011,5918.32
2025-07-01,ACC011,CC012,8968.59
2025-07-01,ACC011,CC013,3630.95
2025-07-01,ACC011,CC014,7772.57
2025-07-01,ACC011,CC015,8185.51
2025-07-01,ACC012,CC001,1645.43
2025-07-01,ACC012,CC002,1348.47
2025-07-01,ACC012,CC003,3101.15
2025-07-01,ACC012,CC004,5226.01
2025-07-01,ACC012,CC005,14395.59
2025-07-01,ACC012,CC006,2478.01
2025-07-01,ACC012,CC007,13630.07
2025-07-01,ACC012,CC008,7808.54
2025-07-01,ACC012,CC009,9326.13
2025-07-01,ACC012,CC010,1961.05
2025-07-01,ACC012,CC011,7429.28
2025-07-01,ACC012,CC012,12868.28
2025-07-01,ACC012,CC013,3035.46
2025-07-01,ACC012,CC014,1001.13
2025-07-01,ACC012,CC015,7840.65
2025-08-01,ACC004,CC001,3387.46
2025-08-01,ACC004,CC002,10479.71
2025-08-01,ACC004,CC003,5278.02
2025-08-01,ACC004,CC004,3494.78
2025-08-01,ACC004,CC005,1968.24
2025-08-01,ACC004,CC006,10627.96
2025-08-01,ACC004,CC007,4191.95
2025-08-01,ACC004,CC008,9920.4
2025-08-01,ACC004,CC009,6207.24
2025-08-01,ACC004,CC010,12583.89
2025-08-01,ACC004,CC011,9984.59
2025-08-01,ACC004,CC012,4531.0
2025-08-01,ACC004,CC013,2437.13
2025-08-01,ACC004,CC014,11353.86
2025-08-01,ACC004,CC015,16078.92
2025-08-01,ACC005,CC001,25064.34
2025-08-01,ACC005,CC002,3164.91
2025-08-01,ACC005,CC003,1922.9
2025-08-01,ACC005,CC004,1704.69
2025-08-01,ACC005,CC005,8731.23
2025-08-01,ACC005,CC006,2592.03
2025-08-01,ACC005,CC007,6879.66
2025-08-01,ACC005,CC008,11724.61
2025-08-01,ACC005,CC009,3016.98
2025-08-01,ACC005,CC010,15138.67
2025-08-01,ACC005,CC011,15355.46
2025-08-01,ACC005,CC012,4549.88
2025-08-01,ACC005,CC013,7867.44
2025-08-01,ACC005,CC014,3591.66
2025-08-01,ACC005,CC015,5077.65
2025-08-01,ACC006,CC001,11037.58
2025-08-01,ACC006,CC002,6559.71
2025-08-01,ACC006,CC003,14727.08
2025-08-01,ACC006,CC004,14930.94
2025-08-01,ACC006,CC005,7410.12
2025-08-01,ACC006,CC006,6363.97
2025-08-01,ACC006,CC007,23736.74
2025-08-01,ACC006,CC008,9051.77
2025-08-01,ACC006,CC009,30384.73
2025-08-01,ACC006,CC010,1828.64
2025-08-01,ACC006,CC011,3906.1
2025-08-01,ACC006,CC012,15056.08
2025-08-01,ACC006,CC013,15525.1
2025-08-01,ACC006,CC014,11059.21
2025-08-01,ACC006,CC015,4324.6
2025-08-01,ACC007,CC001,5869.04
2025-08-01,ACC007,CC002,9626.34
2025-08-01,ACC007,CC003,2588.85
2025-08-01,ACC007,CC004,6101.18
2025-08-01,ACC007,CC005,7118.94
2025-08-01,ACC007,CC006,1484.48
2025-08-01,ACC007,CC007,3766.2
2025-08-01,ACC007,CC008,12942.16
2025-08-01,ACC007,CC009,7887.38
2025-08-01,ACC007,CC010,53.53
2025-08-01,ACC007,CC011,7946.72
2025-08-01,ACC007,CC012,4293.65
2025-08-01,ACC007,CC013,8936.88
2025-08-01,ACC007,CC014,7251.97
2025-08-01,ACC007,CC015,5707.81
2025-08-01,ACC008,CC001,8807.7
2025-08-01,ACC008,CC002,725.18
2025-08-01,ACC008,CC003,8029.43
2025-08-01,ACC008,CC004,4238.41
2025-08-01,ACC008,CC005,6447.71
2025-08-01,ACC008,CC006,0.0
2025-08-01,ACC008,CC007,9842.12
2025-08-01,ACC008,CC008,7376.89
2025-08-01,ACC008,CC009,10179.48
2025-08-01,ACC008,CC010,36053.13
2025-08-01,ACC008,CC011,5460.31
2025-08-01,ACC008,CC012,2488.08
2025-08-01,ACC008,CC013,9174.78
2025-08-01,ACC008,CC014,0.0
2025-08-01,ACC008,CC015,2077.19
2025-08-01,ACC009,CC001,11734.71
2025-08-01,ACC009,CC002,8946.18
2025-08-01,ACC009,CC003,96.47
2025-08-01,ACC009,CC004,5830.88
2025-08-01,ACC009,CC005,4695.27
2025-08-01,ACC009,CC006,2866.41
2025-08-01,ACC009,CC007,3757.86
2025-08-01,ACC009,CC008,6811.15
2025-08-01,ACC009,CC009,29843.84
2025-08-01,ACC009,CC010,1604.67
2025-08-01,ACC009,CC011,2352.23
2025-08-01,ACC009,CC012,4672.35
2025-08-01,ACC009,CC013,8826.21
2025-08-01,ACC009,CC014,6101.0
2025-08-01,ACC009,CC015,10568.34
2025-08-01,ACC010,CC001,7093.12
2025-08-01,ACC010,CC002,2514.06
2025-08-01,ACC010,CC003,10708.21
2025-08-01,ACC010,CC004,26519.85
2025-08-01,ACC010,CC005,4613.07
2025-08-01,ACC010,CC006,8191.99
2025-08-01,ACC010,CC007,4177.36
2025-08-01,ACC010,CC008,5709.63
2025-08-01,ACC010,CC009,1890.91
2025-08-01,ACC010,CC010,0.0
2025-08-01,ACC010,CC011,11843.37
2025-08-01,ACC010,CC012,4724.88
2025-08-01,ACC010,CC013,2760.64
2025-08-01,ACC010,CC014,7650.04
2025-08-01,ACC010,CC015,5586.1
2025-08-01,ACC011,CC001,5324.85
2025-08-01,ACC011,CC002,12934.24
2025-08-01,ACC011,CC003,8255.82
2025-08-01,ACC011,CC004,1430.72
2025-08-01,ACC011,CC005,6597.87
2025-08-01,ACC011,CC006,3179.82
2025-08-01,ACC011,CC007,6559.35
2025-08-01,ACC011,CC008,8688.33
2025-08-01,ACC011,CC009,9172.72
2025-08-01,ACC011,CC010,4558.21
2025-08-01,ACC011,CC011,68602.97
2025-08-01,ACC011,CC012,12939.94
2025-08-01,ACC011,CC013,11293.15
2025-08-01,ACC011,CC014,2553.33
2025-08-01,ACC011,CC015,5843.81
2025-08-01,ACC012,CC001,10706.34
2025-08-01,ACC012,CC002,3545.65
2025-08-01,ACC012,CC003,7905.61
2025-08-01,ACC012,CC004,7958.41
2025-08-01,ACC012,CC005,5132.44
2025-08-01,ACC012,CC006,469.06
2025-08-01,ACC012,CC007,1658.74
2025-08-01,ACC012,CC008,4517.81
2025-08-01,ACC012,CC009,8762.32
2025-08-01,ACC012,CC010,11897.24
2025-08-01,ACC012,CC011,13824.73
2025-08-01,ACC012,CC012,12738.07
2025-08-01,ACC012,CC013,9231.18
2025-08-01,ACC012,CC014,339.94
2025-08-01,ACC012,CC015,2622.99
2025-09-01,ACC004,CC001,3872.23
2025-09-01,ACC004,CC002,4669.23
2025-09-01,ACC004,CC003,3431.37
2025-09-01,ACC004,CC004,3157.39
2025-09-01,ACC004,CC005,5727.53
2025-09-01,ACC004,CC006,9868.25
2025-09-01,ACC004,CC007,17081.4
2025-09-01,ACC004,CC008,6325.39
2025-09-01,ACC004,CC009,3152.83
2025-09-01,ACC004,CC010,3423.52
2025-09-01,ACC004,CC011,10380.7
2025-09-01,ACC004,CC012,6559.03
2025-09-01,ACC004,CC013,2735.8
2025-09-01,ACC004,CC014,1644.1
2025-09-01,ACC004,CC015,10122.97
2025-09-01,ACC005,CC001,6975.28
2025-09-01,ACC005,CC002,15658.09
2025-09-01,ACC005,CC003,3792.05
2025-09-01,ACC005,CC004,2417.44
2025-09-01,ACC005,CC005,247.29
2025-09-01,ACC005,CC006,12914.82
2025-09-01,ACC005,CC007,2217.53
2025-09-01,ACC005,CC008,547.3
2025-09-01,ACC005,CC009,21059.7
2025-09-01,ACC005,CC010,18180.62
2025-09-01,ACC005,CC011,4142.07
2025-09-01,ACC005,CC012,11615.05
2025-09-01,ACC005,CC013,6095.25
2025-09-01,ACC005,CC014,2621.18
2025-09-01,ACC005,CC015,10582.42
2025-09-01,ACC006,CC001,3786.82
2025-09-01,ACC006,CC002,6292.55
2025-09-01,ACC006,CC003,5496.68
2025-09-01,ACC006,CC004,3710.17
2025-09-01,ACC006,CC005,1608.7
2025-09-01,ACC006,CC006,16317.93
2025-09-01,ACC006,CC007,7539.1
2025-09-01,ACC006,CC008,8203.29
2025-09-01,ACC006,CC009,4586.44
2025-09-01,ACC006,CC010,12821.18
2025-09-01,ACC006,CC011,5662.02
2025-09-01,ACC006,CC012,5535.4
2025-09-01,ACC006,CC013,6106.48
2025-09-01,ACC006,CC014,0.0
2025-09-01,ACC006,CC015,1477.06
2025-09-01,ACC007,CC001,4735.53
2025-09-01,ACC007,CC002,10330.55
2025-09-01,ACC007,CC003,11552.33
2025-09-01,ACC007,CC004,1994.8
2025-09-01,ACC007,CC005,11738.56
2025-09-01,ACC007,CC006,9196.87
2025-09-01,ACC007,CC007,7906.29
2025-09-01,ACC007,CC008,8916.04
2025-09-01,ACC007,CC009,3851.87
2025-09-01,ACC007,CC010,2106.64
2025-09-01,ACC007,CC011,9477.11
2025-09-01,ACC007,CC012,4900.34
2025-09-01,ACC007,CC013,24235.26
2025-09-01,ACC007,CC014,13006.52
2025-09-01,ACC007,CC015,1682.12
2025-09-01,ACC008,CC001,5682.71
2025-09-01,ACC008,CC002,2470.18
2025-09-01,ACC008,CC003,2521.76
2025-09-01,ACC008,CC004,7760.19
2025-09-01,ACC008,CC005,964.0
2025-09-01,ACC008,CC006,18287.95
2025-09-01,ACC008,CC007,9085.9
2025-09-01,ACC008,CC008,1708.75
2025-09-01,ACC008,CC009,9014.83
2025-09-01,ACC008,CC010,7863.3
2025-09-01,ACC008,CC011,12025.39
2025-09-01,ACC008,CC012,14155.21
2025-09-01,ACC008,CC013,14905.29
2025-09-01,ACC008,CC014,6328.73
2025-09-01,ACC008,CC015,8256.66
2025-09-01,ACC009,CC001,9407.8
2025-09-01,ACC009,CC002,15667.23
2025-09-01,ACC009,CC003,3836.2
2025-09-01,ACC009,CC004,7350.71
2025-09-01,ACC009,CC005,12487.18
2025-09-01,ACC009,CC006,12811.06
2025-09-01,ACC009,CC007,2616.18
2025-09-01,ACC009,CC008,11618.22
2025-09-01,ACC009,CC009,3770.92
2025-09-01,ACC009,CC010,7132.62
2025-09-01,ACC009,CC011,1204.25
2025-09-01,ACC009,CC012,0.0
2025-09-01,ACC009,CC013,3766.32
2025-09-01,ACC009,CC014,7019.71
2025-09-01,ACC009,CC015,12776.43
2025-09-01,ACC010,CC001,4328.22
2025-09-01,ACC010,CC002,5396.98
2025-09-01,ACC010,CC003,17044.65
2025-09-01,ACC010,CC004,7092.76
2025-09-01,ACC010,CC005,5798.86
2025-09-01,ACC010,CC006,1167.76
2025-09-01,ACC010,CC007,8324.59
2025-09-01,ACC010,CC008,1299.75
2025-09-01,ACC010,CC009,16317.58
2025-09-01,ACC010,CC010,8872.05
2025-09-01,ACC010,CC011,899.6
2025-09-01,ACC010,CC012,8634.73
2025-09-01,ACC010,CC013,2873.72
2025-09-01,ACC010,CC014,4116.29
2025-09-01,ACC010,CC015,5549.06
2025-09-01,ACC011,CC001,1351.12
2025-09-01,ACC011,CC002,8039.36
2025-09-01,ACC011,CC003,8572.67
2025-09-01,ACC011,CC004,6717.65
2025-09-01,ACC011,CC005,8832.16
2025-09-01,ACC011,CC006,1158.55
2025-09-01,ACC011,CC007,19195.36
2025-09-01,ACC011,CC008,6493.26
2025-09-01,ACC011,CC009,5871.12
2025-09-01,ACC011,CC010,26638.24
2025-09-01,ACC011,CC011,3463.89
2025-09-01,ACC011,CC012,3589.3
2025-09-01,ACC011,CC013,3482.65
2025-09-01,ACC011,CC014,10670.7
2025-09-01,ACC011,CC015,2207.35
2025-09-01,ACC012,CC001,1306.48
2025-09-01,ACC012,CC002,5667.55
2025-09-01,ACC012,CC003,1742.24
2025-09-01,ACC012,CC004,8524.64
2025-09-01,ACC012,CC005,8747.44
2025-09-01,ACC012,CC006,1081.03
2025-09-01,ACC012,CC007,8052.02
2025-09-01,ACC012,CC008,9792.63
2025-09-01,ACC012,CC009,7931.62
2025-09-01,ACC012,CC010,25228.07
2025-09-01,ACC012,CC011,3057.34
2025-09-01,ACC012,CC012,4155.52
2025-09-01,ACC012,CC013,7785.49
2025-09-01,ACC012,CC014,1864.6
2025-09-01,ACC012,CC015,6093.21
2025-10-01,ACC004,CC001,10496.92
2025-10-01,ACC004,CC002,2595.59
2025-10-01,ACC004,CC003,5468.56
2025-10-01,ACC004,CC004,2495.16
2025-10-01,ACC004,CC005,32545.81
2025-10-01,ACC004,CC006,3301.29
2025-10-01,ACC004,CC007,11793.6
2025-10-01,ACC004,CC008,5682.34
2025-10-01,ACC004,CC009,3657.37
2025-10-01,ACC004,CC010,12540.26
2025-10-01,ACC004,CC011,5460.15
2025-10-01,ACC004,CC012,12770.59
2025-10-01,ACC004,CC013,0.0
2025-10-01,ACC004,CC014,381.86
2025-10-01,ACC004,CC015,9587.37
2025-10-01,ACC005,CC001,20797.5
2025-10-01,ACC005,CC002,4363.93
2025-10-01,ACC005,CC003,7041.95
2025-10-01,ACC005,CC004,11271.11
2025-10-01,ACC005,CC005,1507.63
2025-10-01,ACC005,CC006,14441.9
2025-10-01,ACC005,CC007,344.8
2025-10-01,ACC005,CC008,7068.28
2025-10-01,ACC005,CC009,8200.1
2025-10-01,ACC005,CC010,14256.5
2025-10-01,ACC005,CC011,16640.99
2025-10-01,ACC005,CC012,21397.52
2025-10-01,ACC005,CC013,16599.19
2025-10-01,ACC005,CC014,11207.75
2025-10-01,ACC005,CC015,19180.16
2025-10-01,ACC006,CC001,5277.34
2025-10-01,ACC006,CC002,7340.16
2025-10-01,ACC006,CC003,0.0
2025-10-01,ACC006,CC004,5328.53
2025-10-01,ACC006,CC005,2158.88
2025-10-01,ACC006,CC006,4011.19
2025-10-01,ACC006,CC007,27070.53
2025-10-01,ACC006,CC008,4302.15
2025-10-01,ACC006,CC009,9418.17
2025-10-01,ACC006,CC010,10812.28
2025-10-01,ACC006,CC011,5354.22
2025-10-01,ACC006,CC012,808.24
2025-10-01,ACC006,CC013,11615.14
2025-10-01,ACC006,CC014,14758.39
2025-10-01,ACC006,CC015,7146.6
2025-10-01,ACC007,CC001,7305.85
2025-10-01,ACC007,CC002,10499.07
2025-10-01,ACC007,CC003,2858.97
2025-10-01,ACC007,CC004,9948.54
2025-10-01,ACC007,CC005,14348.64
2025-10-01,ACC007,CC006,3728.81
2025-10-01,ACC007,CC007,2164.15
2025-10-01,ACC007,CC008,4055.62
2025-10-01,ACC007,CC009,5346.39
2025-10-01,ACC007,CC010,10708.02
2025-10-01,ACC007,CC011,12858.25
2025-10-01,ACC007,CC012,7103.53
2025-10-01,ACC007,CC013,8134.0
2025-10-01,ACC007,CC014,11487.66
2025-10-01,ACC007,CC015,10697.08
2025-10-01,ACC008,CC001,16204.29
2025-10-01,ACC008,CC002,8224.02
2025-10-01,ACC008,CC003,9006.01
2025-10-01,ACC008,CC004,13553.62
2025-10-01,ACC008,CC005,9864.36
2025-10-01,ACC008,CC006,11804.87
2025-10-01,ACC008,CC007,9393.01
2025-10-01,ACC008,CC008,8191.97
2025-10-01,ACC008,CC009,16661.39
2025-10-01,ACC008,CC010,6509.36
2025-10-01,ACC008,CC011,0.0
2025-10-01,ACC008,CC012,5998.37
2025-10-01,ACC008,CC013,7213.89
2025-10-01,ACC008,CC014,5519.81
2025-10-01,ACC008,CC015,3918.36
2025-10-01,ACC009,CC001,6567.96
2025-10-01,ACC009,CC002,2996.99
2025-10-01,ACC009,CC003,13362.47
2025-10-01,ACC009,CC004,3550.59
2025-10-01,ACC009,CC005,1016.9
2025-10-01,ACC009,CC006,13112.98
2025-10-01,ACC009,CC007,7936.1
2025-10-01,ACC009,CC008,14754.83
2025-10-01,ACC009,CC009,598.7
2025-10-01,ACC009,CC010,10639.31
2025-10-01,ACC009,CC011,7695.56
2025-10-01,ACC009,CC012,3010.19
2025-10-01,ACC009,CC013,6543.43
2025-10-01,ACC009,CC014,8605.5
2025-10-01,ACC009,CC015,5792.5
2025-10-01,ACC010,CC001,2815.09
2025-10-01,ACC010,CC002,5039.09
2025-10-01,ACC010,CC003,20106.55
2025-10-01,ACC010,CC004,6789.52
2025-10-01,ACC010,CC005,4334.75
2025-10-01,ACC010,CC006,9092.01
2025-10-01,ACC010,CC007,2026.14
2025-10-01,ACC010,CC008,14251.11
2025-10-01,ACC010,CC009,29283.96
2025-10-01,ACC010,CC010,3564.04
2025-10-01,ACC010,CC011,17448.52
2025-10-01,ACC010,CC012,6313.63
2025-10-01,ACC010,CC013,4859.78
2025-10-01,ACC010,CC014,10855.5
2025-10-01,ACC010,CC015,13251.35
2025-10-01,ACC011,CC001,8513.64
2025-10-01,ACC011,CC002,4374.59
2025-10-01,ACC011,CC003,5029.33
2025-10-01,ACC011,CC004,6880.6
2025-10-01,ACC011,CC005,5605.07
2025-10-01,ACC011,CC006,4350.9
2025-10-01,ACC011,CC007,11671.4
2025-10-01,ACC011,CC008,10244.05
2025-10-01,ACC011,CC009,9375.64
2025-10-01,ACC011,CC010,10868.8
2025-10-01,ACC011,CC011,11387.76
2025-10-01,ACC011,CC012,7151.29
2025-10-01,ACC011,CC013,5822.59
2025-10-01,ACC011,CC014,13930.7
2025-10-01,ACC011,CC015,1877.85
2025-10-01,ACC012,CC001,6666.38
2025-10-01,ACC012,CC002,5125.64
2025-10-01,ACC012,CC003,5230.62
2025-10-01,ACC012,CC004,5769.91
2025-10-01,ACC012,CC005,20016.45
2025-10-01,ACC012,CC006,1391.47
2025-10-01,ACC012,CC007,5305.92
2025-10-01,ACC012,CC008,10919.71
2025-10-01,ACC012,CC009,8407.42
2025-10-01,ACC012,CC010,8826.95
2025-10-01,ACC012,CC011,3971.72
2025-10-01,ACC012,CC012,9629.98
2025-10-01,ACC012,CC013,0.0
2025-10-01,ACC012,CC014,27993.47
2025-10-01,ACC012,CC015,6902.06
2025-11-01,ACC004,CC001,4543.61
2025-11-01,ACC004,CC002,6387.24
2025-11-01,ACC004,CC003,2836.05
2025-11-01,ACC004,CC004,2790.45
2025-11-01,ACC004,CC005,7298.46
2025-11-01,ACC004,CC006,4712.93
2025-11-01,ACC004,CC007,4757.92
2025-11-01,ACC004,CC008,18658.89
2025-11-01,ACC004,CC009,6594.02
2025-11-01,ACC004,CC010,6996.53
2025-11-01,ACC004,CC011,1640.3
2025-11-01,ACC004,CC012,4571.49
2025-11-01,ACC004,CC013,9696.37
2025-11-01,ACC004,CC014,7574.81
2025-11-01,ACC004,CC015,18788.33
2025-11-01,ACC005,CC001,6428.0
2025-11-01,ACC005,CC002,2897.47
2025-11-01,ACC005,CC003,6506.71
2025-11-01,ACC005,CC004,4961.65
2025-11-01,ACC005,CC005,6096.82
2025-11-01,ACC005,CC006,1271.47
2025-11-01,ACC005,CC007,4983.63
2025-11-01,ACC005,CC008,11637.58
2025-11-01,ACC005,CC009,4449.87
2025-11-01,ACC005,CC010,4986.1
2025-11-01,ACC005,CC011,4911.8
2025-11-01,ACC005,CC012,10119.88
2025-11-01,ACC005,CC013,11851.22
2025-11-01,ACC005,CC014,4384.92
2025-11-01,ACC005,CC015,18705.76
2025-11-01,ACC006,CC001,6346.97
2025-11-01,ACC006,CC002,2400.63
2025-11-01,ACC006,CC003,6369.92
2025-11-01,ACC006,CC004,5366.75
2025-11-01,ACC006,CC005,3041.45
2025-11-01,ACC006,CC006,2585.8
2025-11-01,ACC006,CC007,14315.33
2025-11-01,ACC006,CC008,6026.34
2025-11-01,ACC006,CC009,936.7
2025-11-01,ACC006,CC010,1483.31
2025-11-01,ACC006,CC011,3398.91
2025-11-01,ACC006,CC012,5511.99
2025-11-01,ACC006,CC013,3571.61
2025-11-01,ACC006,CC014,4526.25
2025-11-01,ACC006,CC015,4029.93
2025-11-01,ACC007,CC001,19135.98
2025-11-01,ACC007,CC002,10942.64
2025-11-01,ACC007,CC003,8244.92
2025-11-01,ACC007,CC004,2165.53
2025-11-01,ACC007,CC005,4999.2
2025-11-01,ACC007,CC006,6010.68
2025-11-01,ACC007,CC007,10798.52
2025-11-01,ACC007,CC008,12763.53
2025-11-01,ACC007,CC009,746.86
2025-11-01,ACC007,CC010,6993.19
2025-11-01,ACC007,CC011,6704.04
2025-11-01,ACC007,CC012,8566.58
2025-11-01,ACC007,CC013,6966.23
2025-11-01,ACC007,CC014,11272.19
2025-11-01,ACC007,CC015,8442.82
2025-11-01,ACC008,CC001,22578.46
2025-11-01,ACC008,CC002,4881.38
2025-11-01,ACC008,CC003,5442.67
2025-11-01,ACC008,CC004,734.44
2025-11-01,ACC008,CC005,3844.31
2025-11-01,ACC008,CC006,8597.79
2025-11-01,ACC008,CC007,6358.25
2025-11-01,ACC008,CC008,6441.1
2025-11-01,ACC008,CC009,29340.22
2025-11-01,ACC008,CC010,3258.6
2025-11-01,ACC008,CC011,4636.27
2025-11-01,ACC008,CC012,8969.9
2025-11-01,ACC008,CC013,9463.44
2025-11-01,ACC008,CC014,4578.35
2025-11-01,ACC008,CC015,8443.73
2025-11-01,ACC009,CC001,13436.64
2025-11-01,ACC009,CC002,21147.72
2025-11-01,ACC009,CC003,14226.61
2025-11-01,ACC009,CC004,7699.25
2025-11-01,ACC009,CC005,15524.39
2025-11-01,ACC009,CC006,7957.63
2025-11-01,ACC009,CC007,6052.34
2025-11-01,ACC009,CC008,31050.3
2025-11-01,ACC009,CC009,4276.15
2025-11-01,ACC009,CC010,7802.11
2025-11-01,ACC009,CC011,7019.99
2025-11-01,ACC009,CC012,3767.16
2025-11-01,ACC009,CC013,12976.6
2025-11-01,ACC009,CC014,486.57
2025-11-01,ACC009,CC015,0.0
2025-11-01,ACC010,CC001,4156.57
2025-11-01,ACC010,CC002,5147.97
2025-11-01,ACC010,CC003,10151.39
2025-11-01,ACC010,CC004,15697.47
2025-11-01,ACC010,CC005,1545.21
2025-11-01,ACC010,CC006,1794.18
2025-11-01,ACC010,CC007,2283.81
2025-11-01,ACC010,CC008,10661.08
2025-11-01,ACC010,CC009,24673.37
2025-11-01,ACC010,CC010,17919.64
2025-11-01,ACC010,CC011,7909.28
2025-11-01,ACC010,CC012,16114.2
2025-11-01,ACC010,CC013,3604.23
2025-11-01,ACC010,CC014,12734.0
2025-11-01,ACC010,CC015,3130.52
2025-11-01,ACC011,CC001,18248.48
2025-11-01,ACC011,CC002,9606.79
2025-11-01,ACC011,CC003,6659.69
2025-11-01,ACC011,CC004,11469.08
2025-11-01,ACC011,CC005,7933.46
2025-11-01,ACC011,CC006,6679.39
2025-11-01,ACC011,CC007,9657.37
2025-11-01,ACC011,CC008,4749.65
2025-11-01,ACC011,CC009,21970.19
2025-11-01,ACC011,CC010,12271.48
2025-11-01,ACC011,CC011,15916.0
2025-11-01,ACC011,CC012,11193.36
2025-11-01,ACC011,CC013,755.25
2025-11-01,ACC011,CC014,2233.59
2025-11-01,ACC011,CC015,1250.54
2025-11-01,ACC012,CC001,4950.85
2025-11-01,ACC012,CC002,20394.29
2025-11-01,ACC012,CC003,12307.03
2025-11-01,ACC012,CC004,8738.88
2025-11-01,ACC012,CC005,17445.24
2025-11-01,ACC012,CC006,8293.62
2025-11-01,ACC012,CC007,13031.06
2025-11-01,ACC012,CC008,6031.11
2025-11-01,ACC012,CC009,8259.39
2025-11-01,ACC012,CC010,4793.91
2025-11-01,ACC012,CC011,2486.71
2025-11-01,ACC012,CC012,11190.25
2025-11-01,ACC012,CC013,8872.34
2025-11-01,ACC012,CC014,0.0
2025-11-01,ACC012,CC015,910.22
2025-12-01,ACC004,CC001,4169.34
2025-12-01,ACC004,CC002,9496.03
2025-12-01,ACC004,CC003,7736.28
2025-12-01,ACC004,CC004,5829.42
2025-12-01,ACC004,CC005,14898.67
2025-12-01,ACC004,CC006,7222.68
2025-12-01,ACC004,CC007,20918.66
2025-12-01,ACC004,CC008,9611.0
2025-12-01,ACC004,CC009,6637.25
2025-12-01,ACC004,CC010,7425.7
2025-12-01,ACC004,CC011,14954.75
2025-12-01,ACC004,CC012,7835.93
2025-12-01,ACC004,CC013,2538.77
2025-12-01,ACC004,CC014,16316.93
2025-12-01,ACC004,CC015,2880.45
2025-12-01,ACC005,CC001,10150.39
2025-12-01,ACC005,CC002,547.98
2025-12-01,ACC005,CC003,4317.83
2025-12-01,ACC005,CC004,3621.62
2025-12-01,ACC005,CC005,229.4
2025-12-01,ACC005,CC006,11108.57
2025-12-01,ACC005,CC007,8166.77
2025-12-01,ACC005,CC008,7804.5
2025-12-01,ACC005,CC009,2594.39
2025-12-01,ACC005,CC010,5209.53
2025-12-01,ACC005,CC011,12602.57
2025-12-01,ACC005,CC012,2470.36
2025-12-01,ACC005,CC013,3379.8
2025-12-01,ACC005,CC014,4228.52
2025-12-01,ACC005,CC015,833.09
2025-12-01,ACC006,CC001,7954.52
2025-12-01,ACC006,CC002,8626.0
2025-12-01,ACC006,CC003,14546.49
2025-12-01,ACC006,CC004,6179.71
2025-12-01,ACC006,CC005,19562.55
2025-12-01,ACC006,CC006,10571.64
2025-12-01,ACC006,CC007,9883.97
2025-12-01,ACC006,CC008,0.0
2025-12-01,ACC006,CC009,3296.26
2025-12-01,ACC006,CC010,4881.09
2025-12-01,ACC006,CC011,13783.64
2025-12-01,ACC006,CC012,0.0
2025-12-01,ACC006,CC013,0.0
2025-12-01,ACC006,CC014,9234.44
2025-12-01,ACC006,CC015,41423.24
2025-12-01,ACC007,CC001,19777.29
2025-12-01,ACC007,CC002,2041.56
2025-12-01,ACC007,CC003,4346.76
2025-12-01,ACC007,CC004,1139.38
2025-12-01,ACC007,CC005,4805.99
2025-12-01,ACC007,CC006,1184.87
2025-12-01,ACC007,CC007,12882.36
2025-12-01,ACC007,CC008,5112.32
2025-12-01,ACC007,CC009,9754.2
2025-12-01,ACC007,CC010,7267.76
2025-12-01,ACC007,CC011,6075.98
2025-12-01,ACC007,CC012,11740.35
2025-12-01,ACC007,CC013,10914.66
2025-12-01,ACC007,CC014,0.0
2025-12-01,ACC007,CC015,9973.89
2025-12-01,ACC008,CC001,1335.93
2025-12-01,ACC008,CC002,8793.39
2025-12-01,ACC008,CC003,14493.15
2025-12-01,ACC008,CC004,16385.49
2025-12-01,ACC008,CC005,6572.83
2025-12-01,ACC008,CC006,7098.04
2025-12-01,ACC008,CC007,8820.23
2025-12-01,ACC008,CC008,0.0
2025-12-01,ACC008,CC009,10118.81
2025-12-01,ACC008,CC010,14817.75
2025-12-01,ACC008,CC011,4192.51
2025-12-01,ACC008,CC012,8770.56
2025-12-01,ACC008,CC013,7009.93
2025-12-01,ACC008,CC014,10571.18
2025-12-01,ACC008,CC015,15765.63
2025-12-01,ACC009,CC001,3405.34
2025-12-01,ACC009,CC002,14091.84
2025-12-01,ACC009,CC003,2271.79
2025-12-01,ACC009,CC004,8567.84
2025-12-01,ACC009,CC005,1500.96
2025-12-01,ACC009,CC006,15281.5
2025-12-01,ACC009,CC007,5526.82
2025-12-01,ACC009,CC008,20644.86
2025-12-01,ACC009,CC009,2449.43
2025-12-01,ACC009,CC010,3100.93
2025-12-01,ACC009,CC011,5636.52
2025-12-01,ACC009,CC012,13115.17
2025-12-01,ACC009,CC013,4703.36
2025-12-01,ACC009,CC014,22320.28
2025-12-01,ACC009,CC015,4495.57
2025-12-01,ACC010,CC001,12557.65
2025-12-01,ACC010,CC002,5493.19
2025-12-01,ACC010,CC003,21729.74
2025-12-01,ACC010,CC004,18539.21
2025-12-01,ACC010,CC005,1021.83
2025-12-01,ACC010,CC006,379.7
2025-12-01,ACC010,CC007,7042.94
2025-12-01,ACC010,CC008,3232.41
2025-12-01,ACC010,CC009,6017.75
2025-12-01,ACC010,CC010,6843.6
2025-12-01,ACC010,CC011,6127.41
2025-12-01,ACC010,CC012,7373.99
2025-12-01,ACC010,CC013,6675.48
2025-12-01,ACC010,CC014,13141.66
2025-12-01,ACC010,CC015,11195.78
2025-12-01,ACC011,CC001,8024.37
2025-12-01,ACC011,CC002,2154.3
2025-12-01,ACC011,CC003,10573.24
2025-12-01,ACC011,CC004,5726.57
2025-12-01,ACC011,CC005,19852.82
2025-12-01,ACC011,CC006,1165.63
2025-12-01,ACC011,CC007,2325.34
2025-12-01,ACC011,CC008,8692.28
2025-12-01,ACC011,CC009,1795.31
2025-12-01,ACC011,CC010,6377.57
2025-12-01,ACC011,CC011,6278.35
2025-12-01,ACC011,CC012,6123.06
2025-12-01,ACC011,CC013,5930.2
2025-12-01,ACC011,CC014,9951.77
2025-12-01,ACC011,CC015,3235.69
2025-12-01,ACC012,CC001,1031.17
2025-12-01,ACC012,CC002,15125.25
2025-12-01,ACC012,CC003,5906.22
2025-12-01,ACC012,CC004,4049.6
2025-12-01,ACC012,CC005,8912.96
2025-12-01,ACC012,CC006,807.41
2025-12-01,ACC012,CC007,5288.48
2025-12-01,ACC012,CC008,22054.7
2025-12-01,ACC012,CC009,5432.28
2025-12-01,ACC012,CC010,4886.75
2025-12-01,ACC012,CC011,1381.1
2025-12-01,ACC012,CC012,2735.02
2025-12-01,ACC012,CC013,9711.54
2025-12-01,ACC012,CC014,12480.8
2025-12-01,ACC012,CC015,2418.63
2026-01-01,ACC004,CC001,5400.57
2026-01-01,ACC004,CC002,8395.97
2026-01-01,ACC004,CC003,17065.61
2026-01-01,ACC004,CC004,10893.39
2026-01-01,ACC004,CC005,4960.99
2026-01-01,ACC004,CC006,21096.8
2026-01-01,ACC004,CC007,8397.57
2026-01-01,ACC004,CC008,901.02
2026-01-01,ACC004,CC009,11204.75
2026-01-01,ACC004,CC010,34916.32
2026-01-01,ACC004,CC011,11882.36
2026-01-01,ACC004,CC012,20065.18
2026-01-01,ACC004,CC013,2186.27
2026-01-01,ACC004,CC014,17167.61
2026-01-01,ACC004,CC015,11014.2
2026-01-01,ACC005,CC001,13163.23
2026-01-01,ACC005,CC002,12769.5
2026-01-01,ACC005,CC003,17529.86
2026-01-01,ACC005,CC004,1499.11
2026-01-01,ACC005,CC005,13321.79
2026-01-01,ACC005,CC006,6568.46
2026-01-01,ACC005,CC007,4263.61
2026-01-01,ACC005,CC008,9450.18
2026-01-01,ACC005,CC009,22242.8
2026-01-01,ACC005,CC010,1061.48
2026-01-01,ACC005,CC011,8314.0
2026-01-01,ACC005,CC012,1101.41
2026-01-01,ACC005,CC013,10586.22
2026-01-01,ACC005,CC014,26129.34
2026-01-01,ACC005,CC015,7799.16
2026-01-01,ACC006,CC001,1577.09
2026-01-01,ACC006,CC002,19473.72
2026-01-01,ACC006,CC003,2823.71
2026-01-01,ACC006,CC004,0.0
2026-01-01,ACC006,CC005,3470.03
2026-01-01,ACC006,CC006,2408.84
2026-01-01,ACC006,CC007,9826.49
2026-01-01,ACC006,CC008,2581.48
2026-01-01,ACC006,CC009,3586.29
2026-01-01,ACC006,CC010,5151.8
2026-01-01,ACC006,CC011,5589.09
2026-01-01,ACC006,CC012,14515.79
2026-01-01,ACC006,CC013,15767.73
2026-01-01,ACC006,CC014,8013.3
2026-01-01,ACC006,CC015,3645.2
2026-01-01,ACC007,CC001,1860.11
2026-01-01,ACC007,CC002,5051.12
2026-01-01,ACC007,CC003,33462.58
2026-01-01,ACC007,CC004,0.0
2026-01-01,ACC007,CC005,7432.33
2026-01-01,ACC007,CC006,6268.73
2026-01-01,ACC007,CC007,4013.58
2026-01-01,ACC007,CC008,5487.84
2026-01-01,ACC007,CC009,10978.43
2026-01-01,ACC007,CC010,6230.81
2026-01-01,ACC007,CC011,3474.54
2026-01-01,ACC007,CC012,4343.33
2026-01-01,ACC007,CC013,12800.48
2026-01-01,ACC007,CC014,1638.78
2026-01-01,ACC007,CC015,13179.33
2026-01-01,ACC008,CC001,1863.11
2026-01-01,ACC008,CC002,3180.06
2026-01-01,ACC008,CC003,3037.25
2026-01-01,ACC008,CC004,11981.77
2026-01-01,ACC008,CC005,18597.59
2026-01-01,ACC008,CC006,14842.09
2026-01-01,ACC008,CC007,7226.96
2026-01-01,ACC008,CC008,8302.83
2026-01-01,ACC008,CC009,6574.49
2026-01-01,ACC008,CC010,3564.16
2026-01-01,ACC008,CC011,13320.84
2026-01-01,ACC008,CC012,10448.52
2026-01-01,ACC008,CC013,17923.13
2026-01-01,ACC008,CC014,10088.56
2026-01-01,ACC008,CC015,2284.25
2026-01-01,ACC009,CC001,9109.21
2026-01-01,ACC009,CC002,1552.78
2026-01-01,ACC009,CC003,11610.49
2026-01-01,ACC009,CC004,4513.11
2026-01-01,ACC009,CC005,9109.49
2026-01-01,ACC009,CC006,5572.53
2026-01-01,ACC009,CC007,8234.11
2026-01-01,ACC009,CC008,9293.19
2026-01-01,ACC009,CC009,5168.87
2026-01-01,ACC009,CC010,18869.45
2026-01-01,ACC009,CC011,6718.08
2026-01-01,ACC009,CC012,10779.49
2026-01-01,ACC009,CC013,14279.68
2026-01-01,ACC009,CC014,1451.6
2026-01-01,ACC009,CC015,13502.39
2026-01-01,ACC010,CC001,2652.05
2026-01-01,ACC010,CC002,15692.24
2026-01-01,ACC010,CC003,10647.11
2026-01-01,ACC010,CC004,6560.58
2026-01-01,ACC010,CC005,13429.16
2026-01-01,ACC010,CC006,5231.84
2026-01-01,ACC010,CC007,9813.3
2026-01-01,ACC010,CC008,6033.93
2026-01-01,ACC010,CC009,3911.07
2026-01-01,ACC010,CC010,2563.04
2026-01-01,ACC010,CC011,7153.07
2026-01-01,ACC010,CC012,4876.14
2026-01-01,ACC010,CC013,6751.42
2026-01-01,ACC010,CC014,34003.51
2026-01-01,ACC010,CC015,2395.0
2026-01-01,ACC011,CC001,13430.16
2026-01-01,ACC011,CC002,11851.04
2026-01-01,ACC011,CC003,4486.06
2026-01-01,ACC011,CC004,9242.35
2026-01-01,ACC011,CC005,1434.82
2026-01-01,ACC011,CC006,2220.54
2026-01-01,ACC011,CC007,12767.19
2026-01-01,ACC011,CC008,10142.91
2026-01-01,ACC011,CC009,7948.12
2026-01-01,ACC011,CC010,5262.2
2026-01-01,ACC011,CC011,4536.49
2026-01-01,ACC011,CC012,10993.33
2026-01-01,ACC011,CC013,2762.89
2026-01-01,ACC011,CC014,8149.4
2026-01-01,ACC011,CC015,8764.84
2026-01-01,ACC012,CC001,11424.2
2026-01-01,ACC012,CC002,6869.78
2026-01-01,ACC012,CC003,4985.78
2026-01-01,ACC012,CC004,8656.63
2026-01-01,ACC012,CC005,1987.08
2026-01-01,ACC012,CC006,11238.32
2026-01-01,ACC012,CC007,6440.92
2026-01-01,ACC012,CC008,3711.31
2026-01-01,ACC012,CC009,14430.85
2026-01-01,ACC012,CC010,13605.82
2026-01-01,ACC012,CC011,17957.79
2026-01-01,ACC012,CC012,13199.47
2026-01-01,ACC012,CC013,4701.46
2026-01-01,ACC012,CC014,4120.54
2026-01-01,ACC012,CC015,16701.01
2026-02-01,ACC004,CC001,5041.16
2026-02-01,ACC004,CC002,16972.65
2026-02-01,ACC004,CC003,5685.42
2026-02-01,ACC004,CC004,7287.81
2026-02-01,ACC004,CC005,21440.28
2026-02-01,ACC004,CC006,11684.39
2026-02-01,ACC004,CC007,8399.33
2026-02-01,ACC004,CC008,5388.88
2026-02-01,ACC004,CC009,9647.15
2026-02-01,ACC004,CC010,10652.5
2026-02-01,ACC004,CC011,4893.12
2026-02-01,ACC004,CC012,11226.0
2026-02-01,ACC004,CC013,2987.9
2026-02-01,ACC004,CC014,0.0
2026-02-01,ACC004,CC015,5770.28
2026-02-01,ACC005,CC001,4631.99
2026-02-01,ACC005,CC002,0.0
2026-02-01,ACC005,CC003,2887.12
2026-02-01,ACC005,CC004,2355.73
2026-02-01,ACC005,CC005,13032.77
2026-02-01,ACC005,CC006,8150.6
2026-02-01,ACC005,CC007,13562.16
2026-02-01,ACC005,CC008,18027.71
2026-02-01,ACC005,CC009,5047.54
2026-02-01,ACC005,CC010,0.0
2026-02-01,ACC005,CC011,12207.26
2026-02-01,ACC005,CC012,5671.06
2026-02-01,ACC005,CC013,1553.53
2026-02-01,ACC005,CC014,4875.64
2026-02-01,ACC005,CC015,16117.86
2026-02-01,ACC006,CC001,1429.26
2026-02-01,ACC006,CC002,5494.02
2026-02-01,ACC006,CC003,3781.84
2026-02-01,ACC006,CC004,10000.92
2026-02-01,ACC006,CC005,10030.52
2026-02-01,ACC006,CC006,5692.84
2026-02-01,ACC006,CC007,2943.21
2026-02-01,ACC006,CC008,15996.02
2026-02-01,ACC006,CC009,9131.09
2026-02-01,ACC006,CC010,8121.46
2026-02-01,ACC006,CC011,14177.65
2026-02-01,ACC006,CC012,11632.94
2026-02-01,ACC006,CC013,4206.74
2026-02-01,ACC006,CC014,7338.63
2026-02-01,ACC006,CC015,25654.16
2026-02-01,ACC007,CC001,9464.92
2026-02-01,ACC007,CC002,3229.42
2026-02-01,ACC007,CC003,6290.86
2026-02-01,ACC007,CC004,8544.91
2026-02-01,ACC007,CC005,935.06
2026-02-01,ACC007,CC006,3103.87
2026-02-01,ACC007,CC007,11799.54
2026-02-01,ACC007,CC008,11063.76
2026-02-01,ACC007,CC009,4647.87
2026-02-01,ACC007,CC010,10398.93
2026-02-01,ACC007,CC011,5289.22
2026-02-01,ACC007,CC012,4063.86
2026-02-01,ACC007,CC013,149.07
2026-02-01,ACC007,CC014,3831.22
2026-02-01,ACC007,CC015,23597.31
2026-02-01,ACC008,CC001,5345.96
2026-02-01,ACC008,CC002,7906.46
2026-02-01,ACC008,CC003,13443.5
2026-02-01,ACC008,CC004,1739.15
2026-02-01,ACC008,CC005,9081.8
2026-02-01,ACC008,CC006,7826.42
2026-02-01,ACC008,CC007,1165.11
2026-02-01,ACC008,CC008,6879.61
2026-02-01,ACC008,CC009,3303.09
2026-02-01,ACC008,CC010,13729.93
2026-02-01,ACC008,CC011,15992.44
2026-02-01,ACC008,CC012,13087.68
2026-02-01,ACC008,CC013,5384.7
2026-02-01,ACC008,CC014,12481.32
2026-02-01,ACC008,CC015,5145.13
2026-02-01,ACC009,CC001,6246.4
2026-02-01,ACC009,CC002,5241.83
2026-02-01,ACC009,CC003,4513.52
2026-02-01,ACC009,CC004,5217.0
2026-02-01,ACC009,CC005,2006.29
2026-02-01,ACC009,CC006,11985.31
2026-02-01,ACC009,CC007,3417.05
2026-02-01,ACC009,CC008,5248.83
2026-02-01,ACC009,CC009,15730.5
2026-02-01,ACC009,CC010,8974.69
2026-02-01,ACC009,CC011,8619.27
2026-02-01,ACC009,CC012,19186.52
2026-02-01,ACC009,CC013,967.99
2026-02-01,ACC009,CC014,5276.73
2026-02-01,ACC009,CC015,6588.61
2026-02-01,ACC010,CC001,10349.92
2026-02-01,ACC010,CC002,1944.95
2026-02-01,ACC010,CC003,2605.45
2026-02-01,ACC010,CC004,13407.49
2026-02-01,ACC010,CC005,9334.67
2026-02-01,ACC010,CC006,466.54
2026-02-01,ACC010,CC007,2314.63
2026-02-01,ACC010,CC008,6749.25
2026-02-01,ACC010,CC009,7117.25
2026-02-01,ACC010,CC010,40082.08
2026-02-01,ACC010,CC011,5246.06
2026-02-01,ACC010,CC012,7433.3
2026-02-01,ACC010,CC013,932.19
2026-02-01,ACC010,CC014,2037.06
2026-02-01,ACC010,CC015,380.83
2026-02-01,ACC011,CC001,3001.51
2026-02-01,ACC011,CC002,6488.64
2026-02-01,ACC011,CC003,9129.85
2026-02-01,ACC011,CC004,2236.42
2026-02-01,ACC011,CC005,3560.89
2026-02-01,ACC011,CC006,19564.2
2026-02-01,ACC011,CC007,3801.92
2026-02-01,ACC011,CC008,1722.32
2026-02-01,ACC011,CC009,1738.25
2026-02-01,ACC011,CC010,33533.0
2026-02-01,ACC011,CC011,8076.56
2026-02-01,ACC011,CC012,6215.42
2026-02-01,ACC011,CC013,10922.57
2026-02-01,ACC011,CC014,13838.57
2026-02-01,ACC011,CC015,11658.95
2026-02-01,ACC012,CC001,4507.48
2026-02-01,ACC012,CC002,19453.4
2026-02-01,ACC012,CC003,1635.29
2026-02-01,ACC012,CC004,8505.94
2026-02-01,ACC012,CC005,3308.92
2026-02-01,ACC012,CC006,5055.59
2026-02-01,ACC012,CC007,841.9
2026-02-01,ACC012,CC008,6539.72
2026-02-01,ACC012,CC009,3953.14
2026-02-01,ACC012,CC010,8196.79
2026-02-01,ACC012,CC011,2752.42
2026-02-01,ACC012,CC012,1298.84
2026-02-01,ACC012,CC013,4476.52
2026-02-01,ACC012,CC014,4040.91
2026-02-01,ACC012,CC015,4541.92
2026-03-01,ACC004,CC001,703.51
2026-03-01,ACC004,CC002,1729.28
2026-03-01,ACC004,CC003,5896.95
2026-03-01,ACC004,CC004,5384.12
2026-03-01,ACC004,CC005,4401.19
2026-03-01,ACC004,CC006,832.76
2026-03-01,ACC004,CC007,3963.49
2026-03-01,ACC004,CC008,4356.47
2026-03-01,ACC004,CC009,7640.17
2026-03-01,ACC004,CC010,2170.5
2026-03-01,ACC004,CC011,9365.77
2026-03-01,ACC004,CC012,6493.08
2026-03-01,ACC004,CC013,15273.3
2026-03-01,ACC004,CC014,10924.75
2026-03-01,ACC004,CC015,537.7
2026-03-01,ACC005,CC001,11269.53
2026-03-01,ACC005,CC002,6444.51
2026-03-01,ACC005,CC003,5021.8
2026-03-01,ACC005,CC004,9900.21
2026-03-01,ACC005,CC005,3865.62
2026-03-01,ACC005,CC006,17111.26
2026-03-01,ACC005,CC007,1036.43
2026-03-01,ACC005,CC008,7553.92
2026-03-01,ACC005,CC009,23938.19
2026-03-01,ACC005,CC010,8512.68
2026-03-01,ACC005,CC011,5858.51
2026-03-01,ACC005,CC012,24677.46
2026-03-01,ACC005,CC013,3332.68
2026-03-01,ACC005,CC014,5449.22
2026-03-01,ACC005,CC015,9962.12
2026-03-01,ACC006,CC001,2683.44
2026-03-01,ACC006,CC002,787.96
2026-03-01,ACC006,CC003,3316.01
2026-03-01,ACC006,CC004,6715.87
2026-03-01,ACC006,CC005,8171.85
2026-03-01,ACC006,CC006,4430.72
2026-03-01,ACC006,CC007,10544.53
2026-03-01,ACC006,CC008,5841.69
2026-03-01,ACC006,CC009,14442.29
2026-03-01,ACC006,CC010,16486.77
2026-03-01,ACC006,CC011,9005.55
2026-03-01,ACC006,CC012,11150.74
2026-03-01,ACC006,CC013,9309.89
2026-03-01,ACC006,CC014,3437.86
2026-03-01,ACC006,CC015,10371.06
2026-03-01,ACC007,CC001,5706.9
2026-03-01,ACC007,CC002,10457.07
2026-03-01,ACC007,CC003,4782.2
2026-03-01,ACC007,CC004,7763.43
2026-03-01,ACC007,CC005,4451.5
2026-03-01,ACC007,CC006,20711.73
2026-03-01,ACC007,CC007,8642.91
2026-03-01,ACC007,CC008,12223.97
2026-03-01,ACC007,CC009,6787.42
2026-03-01,ACC007,CC010,5650.81
2026-03-01,ACC007,CC011,13500.34
2026-03-01,ACC007,CC012,2821.98
2026-03-01,ACC007,CC013,3122.19
2026-03-01,ACC007,CC014,12121.59
2026-03-01,ACC007,CC015,5172.37
2026-03-01,ACC008,CC001,5480.31
2026-03-01,ACC008,CC002,7946.36
2026-03-01,ACC008,CC003,6215.7
2026-03-01,ACC008,CC004,2190.86
2026-03-01,ACC008,CC005,8170.73
2026-03-01,ACC008,CC006,7983.76
2026-03-01,ACC008,CC007,6495.46
2026-03-01,ACC008,CC008,16574.54
2026-03-01,ACC008,CC009,16461.98
2026-03-01,ACC008,CC010,8850.69
2026-03-01,ACC008,CC011,17402.37
2026-03-01,ACC008,CC012,4539.78
2026-03-01,ACC008,CC013,11741.87
2026-03-01,ACC008,CC014,14483.35
2026-03-01,ACC008,CC015,27041.01
2026-03-01,ACC009,CC001,5772.31
2026-03-01,ACC009,CC002,6490.45
2026-03-01,ACC009,CC003,21554.42
2026-03-01,ACC009,CC004,1498.26
2026-03-01,ACC009,CC005,3320.11
2026-03-01,ACC009,CC006,10217.44
2026-03-01,ACC009,CC007,6287.03
2026-03-01,ACC009,CC008,19659.04
2026-03-01,ACC009,CC009,2614.26
2026-03-01,ACC009,CC010,5882.05
2026-03-01,ACC009,CC011,6095.51
2026-03-01,ACC009,CC012,10742.16
2026-03-01,ACC009,CC013,4298.58
2026-03-01,ACC009,CC014,8055.45
2026-03-01,ACC009,CC015,12407.4
2026-03-01,ACC010,CC001,5223.81
2026-03-01,ACC010,CC002,6032.98
2026-03-01,ACC010,CC003,17759.4
2026-03-01,ACC010,CC004,18139.36
2026-03-01,ACC010,CC005,2235.75
2026-03-01,ACC010,CC006,4801.03
2026-03-01,ACC010,CC007,11646.44
2026-03-01,ACC010,CC008,13526.42
2026-03-01,ACC010,CC009,12670.16
2026-03-01,ACC010,CC010,8033.87
2026-03-01,ACC010,CC011,11218.6
2026-03-01,ACC010,CC012,1462.12
2026-03-01,ACC010,CC013,8796.13
2026-03-01,ACC010,CC014,10511.45
2026-03-01,ACC010,CC015,4883.3
2026-03-01,ACC011,CC001,16326.49
2026-03-01,ACC011,CC002,5406.19
2026-03-01,ACC011,CC003,4815.02
2026-03-01,ACC011,CC004,6667.09
2026-03-01,ACC011,CC005,3801.2
2026-03-01,ACC011,CC006,3863.08
2026-03-01,ACC011,CC007,6388.43
2026-03-01,ACC011,CC008,4684.19
2026-03-01,ACC011,CC009,17258.97
2026-03-01,ACC011,CC010,2805.09
2026-03-01,ACC011,CC011,20602.37
2026-03-01,ACC011,CC012,2322.57
2026-03-01,ACC011,CC013,10753.87
2026-03-01,ACC011,CC014,9925.95
2026-03-01,ACC011,CC015,10723.25
2026-03-01,ACC012,CC001,22414.96
2026-03-01,ACC012,CC002,18105.39
2026-03-01,ACC012,CC003,10619.52
2026-03-01,ACC012,CC004,16049.99
2026-03-01,ACC012,CC005,5275.68
2026-03-01,ACC012,CC006,7184.92
2026-03-01,ACC012,CC007,7357.78
2026-03-01,ACC012,CC008,44185.23
2026-03-01,ACC012,CC009,781.99
2026-03-01,ACC012,CC010,4808.09
2026-03-01,ACC012,CC011,7753.86
2026-03-01,ACC012,CC012,365.02
2026-03-01,ACC012,CC013,15461.99
2026-03-01,ACC012,CC014,18361.68
2026-03-01,ACC012,CC015,729.01
2026-04-01,ACC004,CC001,10547.21
2026-04-01,ACC004,CC002,7591.41
2026-04-01,ACC004,CC003,10301.25
2026-04-01,ACC004,CC004,5969.99
2026-04-01,ACC004,CC005,12076.7
2026-04-01,ACC004,CC006,8383.37
2026-04-01,ACC004,CC007,8030.61
2026-04-01,ACC004,CC008,6516.48
2026-04-01,ACC004,CC009,8090.24
2026-04-01,ACC004,CC010,7910.93
2026-04-01,ACC004,CC011,8685.02
2026-04-01,ACC004,CC012,2911.37
2026-04-01,ACC004,CC013,13214.82
2026-04-01,ACC004,CC014,9943.73
2026-04-01,ACC004,CC015,8198.47
2026-04-01,ACC005,CC001,7266.86
2026-04-01,ACC005,CC002,13167.74
2026-04-01,ACC005,CC003,7333.49
2026-04-01,ACC005,CC004,8374.48
2026-04-01,ACC005,CC005,481.68
2026-04-01,ACC005,CC006,2338.25
2026-04-01,ACC005,CC007,9768.13
2026-04-01,ACC005,CC008,5359.63
2026-04-01,ACC005,CC009,2444.27
2026-04-01,ACC005,CC010,3335.11
2026-04-01,ACC005,CC011,3670.03
2026-04-01,ACC005,CC012,11876.21
2026-04-01,ACC005,CC013,3684.43
2026-04-01,ACC005,CC014,12513.06
2026-04-01,ACC005,CC015,6165.98
2026-04-01,ACC006,CC001,3639.94
2026-04-01,ACC006,CC002,7001.2
2026-04-01,ACC006,CC003,19767.91
2026-04-01,ACC006,CC004,12056.63
2026-04-01,ACC006,CC005,13646.32
2026-04-01,ACC006,CC006,12470.59
2026-04-01,ACC006,CC007,27146.83
2026-04-01,ACC006,CC008,5581.06
2026-04-01,ACC006,CC009,7377.72
2026-04-01,ACC006,CC010,4141.09
2026-04-01,ACC006,CC011,11652.35
2026-04-01,ACC006,CC012,4335.23
2026-04-01,ACC006,CC013,10948.53
2026-04-01,ACC006,CC014,5756.76
2026-04-01,ACC006,CC015,9410.7
2026-04-01,ACC007,CC001,3716.91
2026-04-01,ACC007,CC002,4125.37
2026-04-01,ACC007,CC003,4621.8
2026-04-01,ACC007,CC004,4148.48
2026-04-01,ACC007,CC005,5127.58
2026-04-01,ACC007,CC006,3061.62
2026-04-01,ACC007,CC007,11047.42
2026-04-01,ACC007,CC008,27378.95
2026-04-01,ACC007,CC009,8104.86
2026-04-01,ACC007,CC010,7365.94
2026-04-01,ACC007,CC011,6800.97
2026-04-01,ACC007,CC012,12016.64
2026-04-01,ACC007,CC013,7091.42
2026-04-01,ACC007,CC014,1157.74
2026-04-01,ACC007,CC015,3505.03
2026-04-01,ACC008,CC001,6170.78
2026-04-01,ACC008,CC002,1248.16
2026-04-01,ACC008,CC003,1017.61
2026-04-01,ACC008,CC004,1444.11
2026-04-01,ACC008,CC005,6491.13
2026-04-01,ACC008,CC006,9000.6
2026-04-01,ACC008,CC007,8504.42
2026-04-01,ACC008,CC008,7823.53
2026-04-01,ACC008,CC009,11684.47
2026-04-01,ACC008,CC010,11480.99
2026-04-01,ACC008,CC011,1711.19
2026-04-01,ACC008,CC012,1779.7
2026-04-01,ACC008,CC013,12828.3
2026-04-01,ACC008,CC014,19514.97
2026-04-01,ACC008,CC015,4987.23
2026-04-01,ACC009,CC001,5303.79
2026-04-01,ACC009,CC002,4659.98
2026-04-01,ACC009,CC003,2398.83
2026-04-01,ACC009,CC004,3374.9
2026-04-01,ACC009,CC005,5468.34
2026-04-01,ACC009,CC006,2160.45
2026-04-01,ACC009,CC007,17720.84
2026-04-01,ACC009,CC008,2914.44
2026-04-01,ACC009,CC009,6594.1
2026-04-01,ACC009,CC010,11964.8
2026-04-01,ACC009,CC011,5243.51
2026-04-01,ACC009,CC012,7794.26
2026-04-01,ACC009,CC013,13875.74
2026-04-01,ACC009,CC014,13474.73
2026-04-01,ACC009,CC015,12373.95
2026-04-01,ACC010,CC001,6290.52
2026-04-01,ACC010,CC002,2411.29
2026-04-01,ACC010,CC003,2349.27
2026-04-01,ACC010,CC004,4243.18
2026-04-01,ACC010,CC005,4309.42
2026-04-01,ACC010,CC006,1402.92
2026-04-01,ACC010,CC007,2377.73
2026-04-01,ACC010,CC008,2785.77
2026-04-01,ACC010,CC009,16154.13
2026-04-01,ACC010,CC010,20975.91
2026-04-01,ACC010,CC011,1471.8
2026-04-01,ACC010,CC012,5605.24
2026-04-01,ACC010,CC013,8336.73
2026-04-01,ACC010,CC014,629.67
2026-04-01,ACC010,CC015,761.74
2026-04-01,ACC011,CC001,1295.88
2026-04-01,ACC011,CC002,7912.39
2026-04-01,ACC011,CC003,11373.59
2026-04-01,ACC011,CC004,1983.06
2026-04-01,ACC011,CC005,6073.08
2026-04-01,ACC011,CC006,8845.95
2026-04-01,ACC011,CC007,10509.01
2026-04-01,ACC011,CC008,1371.16
2026-04-01,ACC011,CC009,16945.49
2026-04-01,ACC011,CC010,8927.62
2026-04-01,ACC011,CC011,14266.17
2026-04-01,ACC011,CC012,4753.69
2026-04-01,ACC011,CC013,22968.72
2026-04-01,ACC011,CC014,2335.78
2026-04-01,ACC011,CC015,1834.91
2026-04-01,ACC012,CC001,3577.24
2026-04-01,ACC012,CC002,0.0
2026-04-01,ACC012,CC003,10082.31
2026-04-01,ACC012,CC004,8356.13
2026-04-01,ACC012,CC005,7058.63
2026-04-01,ACC012,CC006,2771.06
2026-04-01,ACC012,CC007,4295.05
2026-04-01,ACC012,CC008,10318.88
2026-04-01,ACC012,CC009,1733.47
2026-04-01,ACC012,CC010,6799.07
2026-04-01,ACC012,CC011,2884.59
2026-04-01,ACC012,CC012,13181.94
2026-04-01,ACC012,CC013,7347.97
2026-04-01,ACC012,CC014,1785.23
2026-04-01,ACC012,CC015,17795.9
2026-05-01,ACC004,CC001,4444.41
2026-05-01,ACC004,CC002,4287.73
2026-05-01,ACC004,CC003,1252.26
2026-05-01,ACC004,CC004,12292.66
2026-05-01,ACC004,CC005,6073.21
2026-05-01,ACC004,CC006,1993.03
2026-05-01,ACC004,CC007,727.06
2026-05-01,ACC004,CC008,6929.64
2026-05-01,ACC004,CC009,9823.25
2026-05-01,ACC004,CC010,1668.98
2026-05-01,ACC004,CC011,3452.03
2026-05-01,ACC004,CC012,519.67
2026-05-01,ACC004,CC013,9924.87
2026-05-01,ACC004,CC014,1312.14
2026-05-01,ACC004,CC015,3793.34
2026-05-01,ACC005,CC001,7162.46
2026-05-01,ACC005,CC002,6666.91
2026-05-01,ACC005,CC003,1526.14
2026-05-01,ACC005,CC004,3263.73
2026-05-01,ACC005,CC005,6273.69
2026-05-01,ACC005,CC006,8018.24
2026-05-01,ACC005,CC007,5828.87
2026-05-01,ACC005,CC008,1048.23
2026-05-01,ACC005,CC009,11979.05
2026-05-01,ACC005,CC010,3871.44
2026-05-01,ACC005,CC011,8532.33
2026-05-01,ACC005,CC012,11255.0
2026-05-01,ACC005,CC013,8182.18
2026-05-01,ACC005,CC014,15619.06
2026-05-01,ACC005,CC015,6763.42
2026-05-01,ACC006,CC001,1409.17
2026-05-01,ACC006,CC002,4189.47
2026-05-01,ACC006,CC003,13410.34
2026-05-01,ACC006,CC004,3753.22
2026-05-01,ACC006,CC005,2134.69
2026-05-01,ACC006,CC006,11735.48
2026-05-01,ACC006,CC007,10243.76
2026-05-01,ACC006,CC008,3525.4
2026-05-01,ACC006,CC009,1005.81
2026-05-01,ACC006,CC010,3758.15
2026-05-01,ACC006,CC011,3807.96
2026-05-01,ACC006,CC012,9251.17
2026-05-01,ACC006,CC013,12194.76
2026-05-01,ACC006,CC014,6294.95
2026-05-01,ACC006,CC015,3568.65
2026-05-01,ACC007,CC001,24608.72
2026-05-01,ACC007,CC002,8400.1
2026-05-01,ACC007,CC003,7016.63
2026-05-01,ACC007,CC004,12368.4
2026-05-01,ACC007,CC005,13541.41
2026-05-01,ACC007,CC006,4892.46
2026-05-01,ACC007,CC007,3104.4
2026-05-01,ACC007,CC008,10603.26
2026-05-01,ACC007,CC009,5320.8
2026-05-01,ACC007,CC010,4143.02
2026-05-01,ACC007,CC011,13801.54
2026-05-01,ACC007,CC012,2381.01
2026-05-01,ACC007,CC013,11934.95
2026-05-01,ACC007,CC014,3160.51
2026-05-01,ACC007,CC015,9174.57
2026-05-01,ACC008,CC001,1867.49
2026-05-01,ACC008,CC002,7237.24
2026-05-01,ACC008,CC003,2097.08
2026-05-01,ACC008,CC004,10501.56
2026-05-01,ACC008,CC005,12622.31
2026-05-01,ACC008,CC006,6001.01
2026-05-01,ACC008,CC007,4688.67
2026-05-01,ACC008,CC008,7689.08
2026-05-01,ACC008,CC009,12081.77
2026-05-01,ACC008,CC010,6999.07
2026-05-01,ACC008,CC011,11139.22
2026-05-01,ACC008,CC012,3234.42
2026-05-01,ACC008,CC013,10902.88
2026-05-01,ACC008,CC014,2179.89
2026-05-01,ACC008,CC015,12254.48
2026-05-01,ACC009,CC001,6991.52
2026-05-01,ACC009,CC002,3676.13
2026-05-01,ACC009,CC003,9617.39
2026-05-01,ACC009,CC004,5206.94
2026-05-01,ACC009,CC005,23360.55
2026-05-01,ACC009,CC006,5588.94
2026-05-01,ACC009,CC007,8791.16
2026-05-01,ACC009,CC008,12885.14
2026-05-01,ACC009,CC009,12710.72
2026-05-01,ACC009,CC010,3719.61
2026-05-01,ACC009,CC011,7858.62
2026-05-01,ACC009,CC012,10750.26
2026-05-01,ACC009,CC013,492.52
2026-05-01,ACC009,CC014,1374.13
2026-05-01,ACC009,CC015,6232.51
2026-05-01,ACC010,CC001,2670.57
2026-05-01,ACC010,CC002,6994.6
2026-05-01,ACC010,CC003,1245.49
2026-05-01,ACC010,CC004,4307.62
2026-05-01,ACC010,CC005,23063.33
2026-05-01,ACC010,CC006,12298.91
2026-05-01,ACC010,CC007,24099.35
2026-05-01,ACC010,CC008,14607.47
2026-05-01,ACC010,CC009,1954.18
2026-05-01,ACC010,CC010,8077.13
2026-05-01,ACC010,CC011,20589.0
2026-05-01,ACC010,CC012,2909.13
2026-05-01,ACC010,CC013,6262.59
2026-05-01,ACC010,CC014,2329.88
2026-05-01,ACC010,CC015,4131.22
2026-05-01,ACC011,CC001,13675.98
2026-05-01,ACC011,CC002,12062.98
2026-05-01,ACC011,CC003,8618.28
2026-05-01,ACC011,CC004,1348.5
2026-05-01,ACC011,CC005,4471.59
2026-05-01,ACC011,CC006,2359.9
2026-05-01,ACC011,CC007,3727.27
2026-05-01,ACC011,CC008,8415.69
2026-05-01,ACC011,CC009,1620.92
2026-05-01,ACC011,CC010,3776.58
2026-05-01,ACC011,CC011,25696.69
2026-05-01,ACC011,CC012,861.7
2026-05-01,ACC011,CC013,8329.5
2026-05-01,ACC011,CC014,10023.81
2026-05-01,ACC011,CC015,24919.37
2026-05-01,ACC012,CC001,1311.42
2026-05-01,ACC012,CC002,9889.89
2026-05-01,ACC012,CC003,4298.3
2026-05-01,ACC012,CC004,4242.85
2026-05-01,ACC012,CC005,1693.87
2026-05-01,ACC012,CC006,8136.7
2026-05-01,ACC012,CC007,16150.27
2026-05-01,ACC012,CC008,7585.67
2026-05-01,ACC012,CC009,3784.14
2026-05-01,ACC012,CC010,8138.93
2026-05-01,ACC012,CC011,12828.98
2026-05-01,ACC012,CC012,3846.22
2026-05-01,ACC012,CC013,4001.42
2026-05-01,ACC012,CC014,4448.76
2026-05-01,ACC012,CC015,5232.14
2026-06-01,ACC004,CC001,4235.36
2026-06-01,ACC004,CC002,2524.98
2026-06-01,ACC004,CC003,2316.39
2026-06-01,ACC004,CC004,14048.66
2026-06-01,ACC004,CC005,470.26
2026-06-01,ACC004,CC006,7636.2
2026-06-01,ACC004,CC007,40310.58
2026-06-01,ACC004,CC008,4750.19
2026-06-01,ACC004,CC009,7186.65
2026-06-01,ACC004,CC010,6104.99
2026-06-01,ACC004,CC011,17711.02
2026-06-01,ACC004,CC012,5159.17
2026-06-01,ACC004,CC013,1415.1
2026-06-01,ACC004,CC014,14879.98
2026-06-01,ACC004,CC015,8145.97
2026-06-01,ACC005,CC001,1912.36
2026-06-01,ACC005,CC002,9006.98
2026-06-01,ACC005,CC003,8688.35
2026-06-01,ACC005,CC004,6281.14
2026-06-01,ACC005,CC005,10508.18
2026-06-01,ACC005,CC006,3646.82
2026-06-01,ACC005,CC007,3725.84
2026-06-01,ACC005,CC008,5037.2
2026-06-01,ACC005,CC009,7797.52
2026-06-01,ACC005,CC010,1605.58
2026-06-01,ACC005,CC011,3581.42
2026-06-01,ACC005,CC012,6853.2
2026-06-01,ACC005,CC013,11453.8
2026-06-01,ACC005,CC014,4799.17
2026-06-01,ACC005,CC015,2345.39
2026-06-01,ACC006,CC001,14126.61
2026-06-01,ACC006,CC002,11354.37
2026-06-01,ACC006,CC003,10015.43
2026-06-01,ACC006,CC004,11248.31
2026-06-01,ACC006,CC005,1640.52
2026-06-01,ACC006,CC006,11095.81
2026-06-01,ACC006,CC007,14094.18
2026-06-01,ACC006,CC008,3845.51
2026-06-01,ACC006,CC009,11318.33
2026-06-01,ACC006,CC010,4394.64
2026-06-01,ACC006,CC011,6187.03
2026-06-01,ACC006,CC012,5057.19
2026-06-01,ACC006,CC013,518.45
2026-06-01,ACC006,CC014,11159.57
2026-06-01,ACC006,CC015,3802.25
2026-06-01,ACC007,CC001,2910.72
2026-06-01,ACC007,CC002,1983.18
2026-06-01,ACC007,CC003,14631.77
2026-06-01,ACC007,CC004,6155.06
2026-06-01,ACC007,CC005,15149.99
2026-06-01,ACC007,CC006,8218.04
2026-06-01,ACC007,CC007,6070.62
2026-06-01,ACC007,CC008,5138.78
2026-06-01,ACC007,CC009,8552.76
2026-06-01,ACC007,CC010,1008.92
2026-06-01,ACC007,CC011,7557.74
2026-06-01,ACC007,CC012,19219.04
2026-06-01,ACC007,CC013,11828.64
2026-06-01,ACC007,CC014,6099.5
2026-06-01,ACC007,CC015,12574.87
2026-06-01,ACC008,CC001,25212.18
2026-06-01,ACC008,CC002,11555.05
2026-06-01,ACC008,CC003,14374.14
2026-06-01,ACC008,CC004,4305.64
2026-06-01,ACC008,CC005,4192.0
2026-06-01,ACC008,CC006,11662.58
2026-06-01,ACC008,CC007,14954.33
2026-06-01,ACC008,CC008,2554.73
2026-06-01,ACC008,CC009,3549.11
2026-06-01,ACC008,CC010,449.58
2026-06-01,ACC008,CC011,3134.58
2026-06-01,ACC008,CC012,7202.34
2026-06-01,ACC008,CC013,9096.34
2026-06-01,ACC008,CC014,12192.65
2026-06-01,ACC008,CC015,1283.84
2026-06-01,ACC009,CC001,4653.94
2026-06-01,ACC009,CC002,19995.95
2026-06-01,ACC009,CC003,2253.85
2026-06-01,ACC009,CC004,1078.68
2026-06-01,ACC009,CC005,3870.68
2026-06-01,ACC009,CC006,6141.44
2026-06-01,ACC009,CC007,3718.35
2026-06-01,ACC009,CC008,15906.67
2026-06-01,ACC009,CC009,10483.33
2026-06-01,ACC009,CC010,6796.82
2026-06-01,ACC009,CC011,384.39
2026-06-01,ACC009,CC012,4052.41
2026-06-01,ACC009,CC013,5262.11
2026-06-01,ACC009,CC014,13098.29
2026-06-01,ACC009,CC015,3383.3
2026-06-01,ACC010,CC001,21760.44
2026-06-01,ACC010,CC002,9844.06
2026-06-01,ACC010,CC003,630.01
2026-06-01,ACC010,CC004,17411.74
2026-06-01,ACC010,CC005,4934.92
2026-06-01,ACC010,CC006,5910.69
2026-06-01,ACC010,CC007,11925.44
2026-06-01,ACC010,CC008,4868.6
2026-06-01,ACC010,CC009,13890.41
2026-06-01,ACC010,CC010,9938.45
2026-06-01,ACC010,CC011,605.64
2026-06-01,ACC010,CC012,5034.96
2026-06-01,ACC010,CC013,13876.68
2026-06-01,ACC010,CC014,3314.42
2026-06-01,ACC010,CC015,5984.54
2026-06-01,ACC011,CC001,7535.28
2026-06-01,ACC011,CC002,3508.5
2026-06-01,ACC011,CC003,3084.67
2026-06-01,ACC011,CC004,299.09
2026-06-01,ACC011,CC005,0.0
2026-06-01,ACC011,CC006,2952.23
2026-06-01,ACC011,CC007,18123.19
2026-06-01,ACC011,CC008,4769.48
2026-06-01,ACC011,CC009,12378.51
2026-06-01,ACC011,CC010,5239.23
2026-06-01,ACC011,CC011,10720.13
2026-06-01,ACC011,CC012,8588.85
2026-06-01,ACC011,CC013,10969.02
2026-06-01,ACC011,CC014,6908.22
2026-06-01,ACC011,CC015,10081.49
2026-06-01,ACC012,CC001,1286.09
2026-06-01,ACC012,CC002,7526.58
2026-06-01,ACC012,CC003,7474.39
2026-06-01,ACC012,CC004,5306.49
2026-06-01,ACC012,CC005,12785.3
2026-06-01,ACC012,CC006,17618.94
2026-06-01,ACC012,CC007,3820.19
2026-06-01,ACC012,CC008,7629.68
2026-06-01,ACC012,CC009,4082.36
2026-06-01,ACC012,CC010,1630.99
2026-06-01,ACC012,CC011,4547.77
2026-06-01,ACC012,CC012,2862.36
2026-06-01,ACC012,CC013,1227.73
2026-06-01,ACC012,CC014,13940.17
2026-06-01,ACC012,CC015,3051.16
2026-07-01,ACC004,CC001,6195.94
2026-07-01,ACC004,CC002,13675.35
2026-07-01,ACC004,CC003,14356.54
2026-07-01,ACC004,CC004,9883.62
2026-07-01,ACC004,CC005,8173.81
2026-07-01,ACC004,CC006,8292.86
2026-07-01,ACC004,CC007,8042.57
2026-07-01,ACC004,CC008,5840.48
2026-07-01,ACC004,CC009,11233.53
2026-07-01,ACC004,CC010,4060.53
2026-07-01,ACC004,CC011,1193.0
2026-07-01,ACC004,CC012,7207.37
2026-07-01,ACC004,CC013,6426.01
2026-07-01,ACC004,CC014,7422.54
2026-07-01,ACC004,CC015,15336.62
2026-07-01,ACC005,CC001,4349.69
2026-07-01,ACC005,CC002,6518.31
2026-07-01,ACC005,CC003,17834.14
2026-07-01,ACC005,CC004,5939.47
2026-07-01,ACC005,CC005,5381.04
2026-07-01,ACC005,CC006,7548.81
2026-07-01,ACC005,CC007,14683.98
2026-07-01,ACC005,CC008,0.0
2026-07-01,ACC005,CC009,11305.43
2026-07-01,ACC005,CC010,12713.86
2026-07-01,ACC005,CC011,7785.42
2026-07-01,ACC005,CC012,3598.64
2026-07-01,ACC005,CC013,4479.59
2026-07-01,ACC005,CC014,3577.31
2026-07-01,ACC005,CC015,16516.19
2026-07-01,ACC006,CC001,5121.72
2026-07-01,ACC006,CC002,2615.71
2026-07-01,ACC006,CC003,3663.73
2026-07-01,ACC006,CC004,7275.78
2026-07-01,ACC006,CC005,2072.14
2026-07-01,ACC006,CC006,14113.48
2026-07-01,ACC006,CC007,5888.7
2026-07-01,ACC006,CC008,4576.73
2026-07-01,ACC006,CC009,1533.28
2026-07-01,ACC006,CC010,12630.85
2026-07-01,ACC006,CC011,1663.69
2026-07-01,ACC006,CC012,0.0
2026-07-01,ACC006,CC013,8493.93
2026-07-01,ACC006,CC014,571.72
2026-07-01,ACC006,CC015,5259.6
2026-07-01,ACC007,CC001,11162.98
2026-07-01,ACC007,CC002,7091.5
2026-07-01,ACC007,CC003,4078.75
2026-07-01,ACC007,CC004,6416.41
2026-07-01,ACC007,CC005,5211.17
2026-07-01,ACC007,CC006,16298.63
2026-07-01,ACC007,CC007,5061.06
2026-07-01,ACC007,CC008,18585.93
2026-07-01,ACC007,CC009,5176.91
2026-07-01,ACC007,CC010,2437.76
2026-07-01,ACC007,CC011,14172.49
2026-07-01,ACC007,CC012,3366.48
2026-07-01,ACC007,CC013,3229.32
2026-07-01,ACC007,CC014,5886.5
2026-07-01,ACC007,CC015,17631.91
2026-07-01,ACC008,CC001,5295.21
2026-07-01,ACC008,CC002,10274.95
2026-07-01,ACC008,CC003,2856.91
2026-07-01,ACC008,CC004,6055.17
2026-07-01,ACC008,CC005,11178.84
2026-07-01,ACC008,CC006,5656.86
2026-07-01,ACC008,CC007,9535.79
2026-07-01,ACC008,CC008,10677.52
2026-07-01,ACC008,CC009,5113.66
2026-07-01,ACC008,CC010,7440.08
2026-07-01,ACC008,CC011,15977.29
2026-07-01,ACC008,CC012,1399.78
2026-07-01,ACC008,CC013,2889.01
2026-07-01,ACC008,CC014,7929.01
2026-07-01,ACC008,CC015,11092.57
2026-07-01,ACC009,CC001,4290.07
2026-07-01,ACC009,CC002,5845.07
2026-07-01,ACC009,CC003,6252.59
2026-07-01,ACC009,CC004,8991.36
2026-07-01,ACC009,CC005,3069.74
2026-07-01,ACC009,CC006,15729.88
2026-07-01,ACC009,CC007,23863.06
2026-07-01,ACC009,CC008,6144.37
2026-07-01,ACC009,CC009,4057.16
2026-07-01,ACC009,CC010,1573.15
2026-07-01,ACC009,CC011,13258.9
2026-07-01,ACC009,CC012,10711.92
2026-07-01,ACC009,CC013,21375.45
2026-07-01,ACC009,CC014,20682.99
2026-07-01,ACC009,CC015,5780.03
2026-07-01,ACC010,CC001,3999.34
2026-07-01,ACC010,CC002,32214.15
2026-07-01,ACC010,CC003,4746.91
2026-07-01,ACC010,CC004,5443.86
2026-07-01,ACC010,CC005,5624.29
2026-07-01,ACC010,CC006,9405.23
2026-07-01,ACC010,CC007,5463.11
2026-07-01,ACC010,CC008,10169.29
2026-07-01,ACC010,CC009,10472.4
2026-07-01,ACC010,CC010,31630.23
2026-07-01,ACC010,CC011,6139.65
2026-07-01,ACC010,CC012,7228.62
2026-07-01,ACC010,CC013,14496.16
2026-07-01,ACC010,CC014,16089.71
2026-07-01,ACC010,CC015,5803.17
2026-07-01,ACC011,CC001,3782.27
2026-07-01,ACC011,CC002,8334.53
2026-07-01,ACC011,CC003,14002.68
2026-07-01,ACC011,CC004,3522.82
2026-07-01,ACC011,CC005,7161.08
2026-07-01,ACC011,CC006,8872.67
2026-07-01,ACC011,CC007,11488.71
2026-07-01,ACC011,CC008,1486.82
2026-07-01,ACC011,CC009,12632.79
2026-07-01,ACC011,CC010,13484.28
2026-07-01,ACC011,CC011,5723.05
2026-07-01,ACC011,CC012,354.73
2026-07-01,ACC011,CC013,3158.73
2026-07-01,ACC011,CC014,6439.61
2026-07-01,ACC011,CC015,13889.31
2026-07-01,ACC012,CC001,5905.32
2026-07-01,ACC012,CC002,40899.77
2026-07-01,ACC012,CC003,2841.1
2026-07-01,ACC012,CC004,9198.24
2026-07-01,ACC012,CC005,3694.55
2026-07-01,ACC012,CC006,9170.52
2026-07-01,ACC012,CC007,14061.8
2026-07-01,ACC012,CC008,14775.02
2026-07-01,ACC012,CC009,4307.75
2026-07-01,ACC012,CC010,10786.76
2026-07-01,ACC012,CC011,12444.51
2026-07-01,ACC012,CC012,14133.61
2026-07-01,ACC012,CC013,5444.56
2026-07-01,ACC012,CC014,6183.84
2026-07-01,ACC012,CC015,1247.68
2026-08-01,ACC004,CC001,4772.01
2026-08-01,ACC004,CC002,7986.9
2026-08-01,ACC004,CC003,10971.74
2026-08-01,ACC004,CC004,3987.83
2026-08-01,ACC004,CC005,6465.16
2026-08-01,ACC004,CC006,2639.65
2026-08-01,ACC004,CC007,8962.2
2026-08-01,ACC004,CC008,6639.28
2026-08-01,ACC004,CC009,12076.65
2026-08-01,ACC004,CC010,6514.51
2026-08-01,ACC004,CC011,9748.56
2026-08-01,ACC004,CC012,4793.69
2026-08-01,ACC004,CC013,10200.25
2026-08-01,ACC004,CC014,10284.3
2026-08-01,ACC004,CC015,10278.24
2026-08-01,ACC005,CC001,1397.56
2026-08-01,ACC005,CC002,5945.65
2026-08-01,ACC005,CC003,2890.42
2026-08-01,ACC005,CC004,13202.94
2026-08-01,ACC005,CC005,783.32
2026-08-01,ACC005,CC006,2384.75
2026-08-01,ACC005,CC007,8536.6
2026-08-01,ACC005,CC008,14642.92
2026-08-01,ACC005,CC009,4895.71
2026-08-01,ACC005,CC010,3323.16
2026-08-01,ACC005,CC011,9756.76
2026-08-01,ACC005,CC012,16751.46
2026-08-01,ACC005,CC013,13309.95
2026-08-01,ACC005,CC014,22391.69
2026-08-01,ACC005,CC015,8418.29
2026-08-01,ACC006,CC001,16757.72
2026-08-01,ACC006,CC002,6139.94
2026-08-01,ACC006,CC003,4169.32
2026-08-01,ACC006,CC004,793.91
2026-08-01,ACC006,CC005,5888.76
2026-08-01,ACC006,CC006,9028.9
2026-08-01,ACC006,CC007,2201.45
2026-08-01,ACC006,CC008,11537.31
2026-08-01,ACC006,CC009,4833.8
2026-08-01,ACC006,CC010,7284.06
2026-08-01,ACC006,CC011,12757.85
2026-08-01,ACC006,CC012,13207.48
2026-08-01,ACC006,CC013,7532.58
2026-08-01,ACC006,CC014,8908.58
2026-08-01,ACC006,CC015,5780.79
2026-08-01,ACC007,CC001,10564.57
2026-08-01,ACC007,CC002,4069.15
2026-08-01,ACC007,CC003,6183.33
2026-08-01,ACC007,CC004,15152.58
2026-08-01,ACC007,CC005,6722.23
2026-08-01,ACC007,CC006,1827.91
2026-08-01,ACC007,CC007,18935.1
2026-08-01,ACC007,CC008,3886.92
2026-08-01,ACC007,CC009,3572.33
2026-08-01,ACC007,CC010,9599.74
2026-08-01,ACC007,CC011,7432.37
2026-08-01,ACC007,CC012,10346.96
2026-08-01,ACC007,CC013,0.0
2026-08-01,ACC007,CC014,8293.63
2026-08-01,ACC007,CC015,5069.62
2026-08-01,ACC008,CC001,3778.28
2026-08-01,ACC008,CC002,3886.61
2026-08-01,ACC008,CC003,1416.13
2026-08-01,ACC008,CC004,9735.53
2026-08-01,ACC008,CC005,3694.98
2026-08-01,ACC008,CC006,4350.86
2026-08-01,ACC008,CC007,3575.01
2026-08-01,ACC008,CC008,2834.9
2026-08-01,ACC008,CC009,4439.6
2026-08-01,ACC008,CC010,3218.49
2026-08-01,ACC008,CC011,5378.41
2026-08-01,ACC008,CC012,4647.72
2026-08-01,ACC008,CC013,8007.17
2026-08-01,ACC008,CC014,6859.62
2026-08-01,ACC008,CC015,1143.08
2026-08-01,ACC009,CC001,12460.05
2026-08-01,ACC009,CC002,51497.71
2026-08-01,ACC009,CC003,5052.27
2026-08-01,ACC009,CC004,8980.15
2026-08-01,ACC009,CC005,8912.08
2026-08-01,ACC009,CC006,597.04
2026-08-01,ACC009,CC007,3951.77
2026-08-01,ACC009,CC008,24918.88
2026-08-01,ACC009,CC009,15052.57
2026-08-01,ACC009,CC010,7097.66
2026-08-01,ACC009,CC011,6203.05
2026-08-01,ACC009,CC012,7741.73
2026-08-01,ACC009,CC013,16646.71
2026-08-01,ACC009,CC014,5602.35
2026-08-01,ACC009,CC015,5221.97
2026-08-01,ACC010,CC001,8055.46
2026-08-01,ACC010,CC002,12253.59
2026-08-01,ACC010,CC003,5896.32
2026-08-01,ACC010,CC004,19199.08
2026-08-01,ACC010,CC005,8671.14
2026-08-01,ACC010,CC006,1844.34
2026-08-01,ACC010,CC007,15838.47
2026-08-01,ACC010,CC008,19867.16
2026-08-01,ACC010,CC009,1413.52
2026-08-01,ACC010,CC010,2654.11
2026-08-01,ACC010,CC011,21749.92
2026-08-01,ACC010,CC012,5460.62
2026-08-01,ACC010,CC013,2002.54
2026-08-01,ACC010,CC014,1367.36
2026-08-01,ACC010,CC015,4839.02
2026-08-01,ACC011,CC001,16827.63
2026-08-01,ACC011,CC002,7218.49
2026-08-01,ACC011,CC003,4743.24
2026-08-01,ACC011,CC004,4618.41
2026-08-01,ACC011,CC005,10284.55
2026-08-01,ACC011,CC006,12060.32
2026-08-01,ACC011,CC007,9666.66
2026-08-01,ACC011,CC008,6019.29
2026-08-01,ACC011,CC009,6814.35
2026-08-01,ACC011,CC010,17059.92
2026-08-01,ACC011,CC011,16598.47
2026-08-01,ACC011,CC012,14399.64
2026-08-01,ACC011,CC013,8164.58
2026-08-01,ACC011,CC014,32340.45
2026-08-01,ACC011,CC015,2867.58
2026-08-01,ACC012,CC001,3807.76
2026-08-01,ACC012,CC002,3857.18
2026-08-01,ACC012,CC003,559.17
2026-08-01,ACC012,CC004,10170.78
2026-08-01,ACC012,CC005,5587.78
2026-08-01,ACC012,CC006,7096.24
2026-08-01,ACC012,CC007,9138.0
2026-08-01,ACC012,CC008,12829.98
2026-08-01,ACC012,CC009,6603.56
2026-08-01,ACC012,CC010,24108.02
2026-08-01,ACC012,CC011,20758.4
2026-08-01,ACC012,CC012,299.86
2026-08-01,ACC012,CC013,8237.69
2026-08-01,ACC012,CC014,978.41
2026-08-01,ACC012,CC015,45408.71
2026-09-01,ACC004,CC001,0.0
2026-09-01,ACC004,CC002,0.0
2026-09-01,ACC004,CC003,0.0
2026-09-01,ACC004,CC004,0.0
2026-09-01,ACC004,CC005,0.0
2026-09-01,ACC004,CC006,0.0
2026-09-01,ACC004,CC007,0.0
2026-09-01,ACC004,CC008,0.0
2026-09-01,ACC004,CC009,0.0
2026-09-01,ACC004,CC010,0.0
2026-09-01,ACC004,CC011,0.0
2026-09-01,ACC004,CC012,0.0
2026-09-01,ACC004,CC013,0.0
2026-09-01,ACC004,CC014,0.0
2026-09-01,ACC004,CC015,0.0
2026-09-01,ACC005,CC001,0.0
2026-09-01,ACC005,CC002,0.0
2026-09-01,ACC005,CC003,0.0
2026-09-01,ACC005,CC004,0.0
2026-09-01,ACC005,CC005,0.0
2026-09-01,ACC005,CC006,0.0
2026-09-01,ACC005,CC007,2946.52
2026-09-01,ACC005,CC008,0.0
2026-09-01,ACC005,CC009,0.0
2026-09-01,ACC005,CC010,0.0
2026-09-01,ACC005,CC011,0.0
2026-09-01,ACC005,CC012,0.0
2026-09-01,ACC005,CC013,0.0
2026-09-01,ACC005,CC014,0.0
2026-09-01,ACC005,CC015,0.0
2026-09-01,ACC006,CC001,0.0
2026-09-01,ACC006,CC002,0.0
2026-09-01,ACC006,CC003,0.0
2026-09-01,ACC006,CC004,0.0
2026-09-01,ACC006,CC005,0.0
2026-09-01,ACC006,CC006,160.77
2026-09-01,ACC006,CC007,0.0
2026-09-01,ACC006,CC008,0.0
2026-09-01,ACC006,CC009,0.0
2026-09-01,ACC006,CC010,0.0
2026-09-01,ACC006,CC011,0.0
2026-09-01,ACC006,CC012,0.0
2026-09-01,ACC006,CC013,0.0
2026-09-01,ACC006,CC014,581.79
2026-09-01,ACC006,CC015,0.0
2026-09-01,ACC007,CC001,0.0
2026-09-01,ACC007,CC002,3320.2
2026-09-01,ACC007,CC003,574.81
2026-09-01,ACC007,CC004,0.0
2026-09-01,ACC007,CC005,2998.64
2026-09-01,ACC007,CC006,0.0
2026-09-01,ACC007,CC007,0.0
2026-09-01,ACC007,CC008,0.0
2026-09-01,ACC007,CC009,340.49
2026-09-01,ACC007,CC010,0.0
2026-09-01,ACC007,CC011,0.0
2026-09-01,ACC007,CC012,439.43
2026-09-01,ACC007,CC013,0.0
2026-09-01,ACC007,CC014,753.82
2026-09-01,ACC007,CC015,0.0
2026-09-01,ACC008,CC001,0.0
2026-09-01,ACC008,CC002,0.0
2026-09-01,ACC008,CC003,2494.61
2026-09-01,ACC008,CC004,0.0
2026-09-01,ACC008,CC005,0.0
2026-09-01,ACC008,CC006,0.0
2026-09-01,ACC008,CC007,0.0
2026-09-01,ACC008,CC008,0.0
2026-09-01,ACC008,CC009,0.0
2026-09-01,ACC008,CC010,0.0
2026-09-01,ACC008,CC011,0.0
2026-09-01,ACC008,CC012,1516.93
2026-09-01,ACC008,CC013,0.0
2026-09-01,ACC008,CC014,964.86
2026-09-01,ACC008,CC015,2961.3
2026-09-01,ACC009,CC001,0.0
2026-09-01,ACC009,CC002,0.0
2026-09-01,ACC009,CC003,0.0
2026-09-01,ACC009,CC004,0.0
2026-09-01,ACC009,CC005,0.0
2026-09-01,ACC009,CC006,0.0
2026-09-01,ACC009,CC007,0.0
2026-09-01,ACC009,CC008,0.0
2026-09-01,ACC009,CC009,0.0
2026-09-01,ACC009,CC010,0.0
2026-09-01,ACC009,CC011,0.0
2026-09-01,ACC009,CC012,0.0
2026-09-01,ACC009,CC013,0.0
2026-09-01,ACC009,CC014,0.0
2026-09-01,ACC009,CC015,1196.12
2026-09-01,ACC010,CC001,0.0
2026-09-01,ACC010,CC002,0.0
2026-09-01,ACC010,CC003,9867.91
2026-09-01,ACC010,CC004,0.0
2026-09-01,ACC010,CC005,2216.62
2026-09-01,ACC010,CC006,2112.4
2026-09-01,ACC010,CC007,406.78
2026-09-01,ACC010,CC008,0.0
2026-09-01,ACC010,CC009,0.0
2026-09-01,ACC010,CC010,0.0
2026-09-01,ACC010,CC011,0.0
2026-09-01,ACC010,CC012,0.0
2026-09-01,ACC010,CC013,0.0
2026-09-01,ACC010,CC014,0.0
2026-09-01,ACC010,CC015,0.0
2026-09-01,ACC011,CC001,259.53
2026-09-01,ACC011,CC002,0.0
2026-09-01,ACC011,CC003,0.0
2026-09-01,ACC011,CC004,0.0
2026-09-01,ACC011,CC005,504.13
2026-09-01,ACC011,CC006,0.0
2026-09-01,ACC011,CC007,0.0
2026-09-01,ACC011,CC008,0.0
2026-09-01,ACC011,CC009,0.0
2026-09-01,ACC011,CC010,0.0
2026-09-01,ACC011,CC011,0.0
2026-09-01,ACC011,CC012,481.79
2026-09-01,ACC011,CC013,0.0
2026-09-01,ACC011,CC014,0.0
2026-09-01,ACC011,CC015,0.0
2026-09-01,ACC012,CC001,0.0
2026-09-01,ACC012,CC002,0.0
2026-09-01,ACC012,CC003,100.9
2026-09-01,ACC012,CC004,0.0
2026-09-01,ACC012,CC005,0.0
2026-09-01,ACC012,CC006,3958.48
2026-09-01,ACC012,CC007,0.0
2026-09-01,ACC012,CC008,424.68
2026-09-01,ACC012,CC009,0.0
2026-09-01,ACC012,CC010,0.0
2026-09-01,ACC012,CC011,0.0
2026-09-01,ACC012,CC012,0.0
2026-09-01,ACC012,CC013,0.0
2026-09-01,ACC012,CC014,0.0
2026-09-01,ACC012,CC015,0.0
