budget_month,account_id,cost_center_id,forecast_amount,forecast_version
2024-01-01,ACC004,CC001,14179.46,BASELINE
2024-01-01,ACC004,CC002,10286.42,BASELINE
2024-01-01,ACC004,CC003,5658.69,BASELINE
2024-01-01,ACC004,CC004,4352.32,BASELINE
2024-01-01,ACC004,CC005,5875.41,BASELINE
2024-01-01,ACC004,CC006,3306.96,BASELINE
2024-01-01,ACC004,CC007,11860.07,BASELINE
2024-01-01,ACC004,CC008,637.94,BASELINE
2024-01-01,ACC004,CC009,14536.81,BASELINE
2024-01-01,ACC004,CC010,3093.34,BASELINE
2024-01-01,ACC004,CC011,3214.45,BASELINE
2024-01-01,ACC004,CC012,1926.62,BASELINE
2024-01-01,ACC004,CC013,4150.38,BASELINE
2024-01-01,ACC004,CC014,3189.56,BASELINE
2024-01-01,ACC004,CC015,9247.13,BASELINE
2024-01-01,ACC005,CC001,3046.94,BASELINE
2024-01-01,ACC005,CC002,7359.95,BASELINE
2024-01-01,ACC005,CC003,6355.35,BASELINE
2024-01-01,ACC005,CC004,7615.7,BASELINE
2024-01-01,ACC005,CC005,939.25,BASELINE
2024-01-01,ACC005,CC006,1224.5,BASELINE
2024-01-01,ACC005,CC007,15170.9,BASELINE
2024-01-01,ACC005,CC008,8937.09,BASELINE
2024-01-01,ACC005,CC009,3024.34,BASELINE
2024-01-01,ACC005,CC010,22318.84,BASELINE
2024-01-01,ACC005,CC011,8446.3,BASELINE
2024-01-01,ACC005,CC012,3050.98,BASELINE
2024-01-01,ACC005,CC013,18532.49,BASELINE
2024-01-01,ACC005,CC014,22194.58,BASELINE
2024-01-01,ACC005,CC015,10083.2,BASELINE
2024-01-01,ACC006,CC001,39649.9,BASELINE
2024-01-01,ACC006,CC002,0.0,BASELINE
2024-01-01,ACC006,CC003,3161.86,BASELINE
2024-01-01,ACC006,CC004,8827.99,BASELINE
2024-01-01,ACC006,CC005,16920.57,BASELINE
2024-01-01,ACC006,CC006,4754.78,BASELINE
2024-01-01,ACC006,CC007,4233.51,BASELINE
2024-01-01,ACC006,CC008,3529.48,BASELINE
2024-01-01,ACC006,CC009,2531.67,BASELINE
2024-01-01,ACC006,CC010,4890.96,BASELINE
2024-01-01,ACC006,CC011,19995.53,BASELINE
2024-01-01,ACC006,CC012,3611.38,BASELINE
2024-01-01,ACC006,CC013,5288.92,BASELINE
2024-01-01,ACC006,CC014,4477.16,BASELINE
2024-01-01,ACC006,CC015,7890.92,BASELINE
2024-01-01,ACC007,CC001,3199.49,BASELINE
2024-01-01,ACC007,CC002,11141.46,BASELINE
2024-01-01,ACC007,CC003,6429.21,BASELINE
2024-01-01,ACC007,CC004,4791.53,BASELINE
2024-01-01,ACC007,CC005,12285.26,BASELINE
2024-01-01,ACC007,CC006,3570.46,BASELINE
2024-01-01,ACC007,CC007,38190.56,BASELINE
2024-01-01,ACC007,CC008,10036.38,BASELINE
2024-01-01,ACC007,CC009,3617.29,BASELINE
2024-01-01,ACC007,CC010,18116.36,BASELINE
2024-01-01,ACC007,CC011,5764.98,BASELINE
2024-01-01,ACC007,CC012,4668.44,BASELINE
2024-01-01,ACC007,CC013,14053.52,BASELINE
2024-01-01,ACC007,CC014,1498.36,BASELINE
2024-01-01,ACC007,CC015,14605.52,BASELINE
2024-01-01,ACC008,CC001,11488.54,BASELINE
2024-01-01,ACC008,CC002,5173.48,BASELINE
2024-01-01,ACC008,CC003,12823.38,BASELINE
2024-01-01,ACC008,CC004,7509.65,BASELINE
2024-01-01,ACC008,CC005,7338.82,BASELINE
2024-01-01,ACC008,CC006,7498.37,BASELINE
2024-01-01,ACC008,CC007,11490.64,BASELINE
2024-01-01,ACC008,CC008,8413.25,BASELINE
2024-01-01,ACC008,CC009,5601.34,BASELINE
2024-01-01,ACC008,CC010,1718.89,BASELINE
2024-01-01,ACC008,CC011,9693.63,BASELINE
2024-01-01,ACC008,CC012,19080.68,BASELINE
2024-01-01,ACC008,CC013,630.57,BASELINE
2024-01-01,ACC008,CC014,3026.98,BASELINE
2024-01-01,ACC008,CC015,6244.67,BASELINE
2024-01-01,ACC009,CC001,2901.33,BASELINE
2024-01-01,ACC009,CC002,5238.5,BASELINE
2024-01-01,ACC009,CC003,6273.45,BASELINE
2024-01-01,ACC009,CC004,12518.56,BASELINE
2024-01-01,ACC009,CC005,5709.13,BASELINE
2024-01-01,ACC009,CC006,11694.27,BASELINE
2024-01-01,ACC009,CC007,34898.32,BASELINE
2024-01-01,ACC009,CC008,11644.35,BASELINE
2024-01-01,ACC009,CC009,9699.11,BASELINE
2024-01-01,ACC009,CC010,3609.5,BASELINE
2024-01-01,ACC009,CC011,9082.77,BASELINE
2024-01-01,ACC009,CC012,14022.74,BASELINE
2024-01-01,ACC009,CC013,980.52,BASELINE
2024-01-01,ACC009,CC014,16558.6,BASELINE
2024-01-01,ACC009,CC015,6502.06,BASELINE
2024-01-01,ACC010,CC001,2511.21,BASELINE
2024-01-01,ACC010,CC002,6469.52,BASELINE
2024-01-01,ACC010,CC003,3654.58,BASELINE
2024-01-01,ACC010,CC004,5514.68,BASELINE
2024-01-01,ACC010,CC005,13403.92,BASELINE
2024-01-01,ACC010,CC006,9173.61,BASELINE
2024-01-01,ACC010,CC007,4169.67,BASELINE
2024-01-01,ACC010,CC008,6673.18,BASELINE
2024-01-01,ACC010,CC009,6257.5,BASELINE
2024-01-01,ACC010,CC010,5797.91,BASELINE
2024-01-01,ACC010,CC011,6087.53,BASELINE
2024-01-01,ACC010,CC012,23735.99,BASELINE
2024-01-01,ACC010,CC013,7322.59,BASELINE
2024-01-01,ACC010,CC014,1428.84,BASELINE
2024-01-01,ACC010,CC015,18352.53,BASELINE
2024-01-01,ACC011,CC001,19950.27,BASELINE
2024-01-01,ACC011,CC002,10414.42,BASELINE
2024-01-01,ACC011,CC003,5051.68,BASELINE
2024-01-01,ACC011,CC004,26083.34,BASELINE
2024-01-01,ACC011,CC005,247.47,BASELINE
2024-01-01,ACC011,CC006,13784.48,BASELINE
2024-01-01,ACC011,CC007,1701.74,BASELINE
2024-01-01,ACC011,CC008,6029.96,BASELINE
2024-01-01,ACC011,CC009,5750.59,BASELINE
2024-01-01,ACC011,CC010,8060.81,BASELINE
2024-01-01,ACC011,CC011,7950.26,BASELINE
2024-01-01,ACC011,CC012,6100.22,BASELINE
2024-01-01,ACC011,CC013,5054.23,BASELINE
2024-01-01,ACC011,CC014,5106.76,BASELINE
2024-01-01,ACC011,CC015,11911.07,BASELINE
2024-01-01,ACC012,CC001,2335.03,BASELINE
2024-01-01,ACC012,CC002,24337.75,BASELINE
2024-01-01,ACC012,CC003,8083.62,BASELINE
2024-01-01,ACC012,CC004,6313.63,BASELINE
2024-01-01,ACC012,CC005,3147.16,BASELINE
2024-01-01,ACC012,CC006,14107.17,BASELINE
2024-01-01,ACC012,CC007,2920.53,BASELINE
2024-01-01,ACC012,CC008,6727.84,BASELINE
2024-01-01,ACC012,CC009,2039.97,BASELINE
2024-01-01,ACC012,CC010,6934.41,BASELINE
2024-01-01,ACC012,CC011,3541.92,BASELINE
2024-01-01,ACC012,CC012,8437.78,BASELINE
2024-01-01,ACC012,CC013,2088.83,BASELINE
2024-01-01,ACC012,CC014,11645.88,BASELINE
2024-01-01,ACC012,CC015,8447.69,BASELINE
2024-02-01,ACC004,CC001,10501.61,BASELINE
2024-02-01,ACC004,CC002,14375.45,BASELINE
2024-02-01,ACC004,CC003,17558.58,BASELINE
2024-02-01,ACC004,CC004,3683.88,BASELINE
2024-02-01,ACC004,CC005,29316.51,BASELINE
2024-02-01,ACC004,CC006,6119.38,BASELINE
2024-02-01,ACC004,CC007,1893.83,BASELINE
2024-02-01,ACC004,CC008,10082.64,BASELINE
2024-02-01,ACC004,CC009,8303.28,BASELINE
2024-02-01,ACC004,CC010,3047.74,BASELINE
2024-02-01,ACC004,CC011,7226.29,BASELINE
2024-02-01,ACC004,CC012,1792.29,BASELINE
2024-02-01,ACC004,CC013,7603.19,BASELINE
2024-02-01,ACC004,CC014,2104.76,BASELINE
2024-02-01,ACC004,CC015,4035.19,BASELINE
2024-02-01,ACC005,CC001,11400.77,BASELINE
2024-02-01,ACC005,CC002,3292.2,BASELINE
2024-02-01,ACC005,CC003,2701.3,BASELINE
2024-02-01,ACC005,CC004,8330.63,BASELINE
2024-02-01,ACC005,CC005,4153.91,BASELINE
2024-02-01,ACC005,CC006,11232.8,BASELINE
2024-02-01,ACC005,CC007,6887.01,BASELINE
2024-02-01,ACC005,CC008,12015.72,BASELINE
2024-02-01,ACC005,CC009,1725.92,BASELINE
2024-02-01,ACC005,CC010,28430.77,BASELINE
2024-02-01,ACC005,CC011,2363.83,BASELINE
2024-02-01,ACC005,CC012,6402.33,BASELINE
2024-02-01,ACC005,CC013,7318.69,BASELINE
2024-02-01,ACC005,CC014,4725.17,BASELINE
2024-02-01,ACC005,CC015,8929.47,BASELINE
2024-02-01,ACC006,CC001,4724.27,BASELINE
2024-02-01,ACC006,CC002,10826.67,BASELINE
2024-02-01,ACC006,CC003,14568.87,BASELINE
2024-02-01,ACC006,CC004,9241.8,BASELINE
2024-02-01,ACC006,CC005,16051.94,BASELINE
2024-02-01,ACC006,CC006,22234.96,BASELINE
2024-02-01,ACC006,CC007,4643.3,BASELINE
2024-02-01,ACC006,CC008,4945.92,BASELINE
2024-02-01,ACC006,CC009,6056.79,BASELINE
2024-02-01,ACC006,CC010,8652.03,BASELINE
2024-02-01,ACC006,CC011,1934.14,BASELINE
2024-02-01,ACC006,CC012,4985.38,BASELINE
2024-02-01,ACC006,CC013,5124.74,BASELINE
2024-02-01,ACC006,CC014,1391.19,BASELINE
2024-02-01,ACC006,CC015,14348.25,BASELINE
2024-02-01,ACC007,CC001,1072.63,BASELINE
2024-02-01,ACC007,CC002,4519.86,BASELINE
2024-02-01,ACC007,CC003,19568.76,BASELINE
2024-02-01,ACC007,CC004,13331.28,BASELINE
2024-02-01,ACC007,CC005,13576.8,BASELINE
2024-02-01,ACC007,CC006,16761.0,BASELINE
2024-02-01,ACC007,CC007,8514.17,BASELINE
2024-02-01,ACC007,CC008,2206.61,BASELINE
2024-02-01,ACC007,CC009,10061.89,BASELINE
2024-02-01,ACC007,CC010,10980.86,BASELINE
2024-02-01,ACC007,CC011,4486.59,BASELINE
2024-02-01,ACC007,CC012,34475.05,BASELINE
2024-02-01,ACC007,CC013,6160.49,BASELINE
2024-02-01,ACC007,CC014,3830.48,BASELINE
2024-02-01,ACC007,CC015,2838.12,BASELINE
2024-02-01,ACC008,CC001,10552.31,BASELINE
2024-02-01,ACC008,CC002,1436.54,BASELINE
2024-02-01,ACC008,CC003,19093.21,BASELINE
2024-02-01,ACC008,CC004,18028.82,BASELINE
2024-02-01,ACC008,CC005,8475.77,BASELINE
2024-02-01,ACC008,CC006,5538.04,BASELINE
2024-02-01,ACC008,CC007,3243.43,BASELINE
2024-02-01,ACC008,CC008,12249.77,BASELINE
2024-02-01,ACC008,CC009,8631.87,BASELINE
2024-02-01,ACC008,CC010,9054.92,BASELINE
2024-02-01,ACC008,CC011,6850.78,BASELINE
2024-02-01,ACC008,CC012,8622.74,BASELINE
2024-02-01,ACC008,CC013,3422.26,BASELINE
2024-02-01,ACC008,CC014,8480.01,BASELINE
2024-02-01,ACC008,CC015,9694.79,BASELINE
2024-02-01,ACC009,CC001,6461.55,BASELINE
2024-02-01,ACC009,CC002,11892.32,BASELINE
2024-02-01,ACC009,CC003,15338.14,BASELINE
2024-02-01,ACC009,CC004,9738.97,BASELINE
2024-02-01,ACC009,CC005,1455.46,BASELINE
2024-02-01,ACC009,CC006,14830.61,BASELINE
2024-02-01,ACC009,CC007,5198.47,BASELINE
2024-02-01,ACC009,CC008,3629.41,BASELINE
2024-02-01,ACC009,CC009,2336.48,BASELINE
2024-02-01,ACC009,CC010,2881.32,BASELINE
2024-02-01,ACC009,CC011,11625.29,BASELINE
2024-02-01,ACC009,CC012,20440.83,BASELINE
2024-02-01,ACC009,CC013,21633.01,BASELINE
2024-02-01,ACC009,CC014,7649.2,BASELINE
2024-02-01,ACC009,CC015,18595.36,BASELINE
2024-02-01,ACC010,CC001,14938.08,BASELINE
2024-02-01,ACC010,CC002,10835.87,BASELINE
2024-02-01,ACC010,CC003,5886.35,BASELINE
2024-02-01,ACC010,CC004,2919.91,BASELINE
2024-02-01,ACC010,CC005,9032.25,BASELINE
2024-02-01,ACC010,CC006,977.97,BASELINE
2024-02-01,ACC010,CC007,1153.74,BASELINE
2024-02-01,ACC010,CC008,6934.03,BASELINE
2024-02-01,ACC010,CC009,2792.19,BASELINE
2024-02-01,ACC010,CC010,8877.47,BASELINE
2024-02-01,ACC010,CC011,2166.11,BASELINE
2024-02-01,ACC010,CC012,4347.32,BASELINE
2024-02-01,ACC010,CC013,7495.3,BASELINE
2024-02-01,ACC010,CC014,17555.16,BASELINE
2024-02-01,ACC010,CC015,4521.12,BASELINE
2024-02-01,ACC011,CC001,4494.01,BASELINE
2024-02-01,ACC011,CC002,5242.68,BASELINE
2024-02-01,ACC011,CC003,14369.72,BASELINE
2024-02-01,ACC011,CC004,5774.27,BASELINE
2024-02-01,ACC011,CC005,9298.32,BASELINE
2024-02-01,ACC011,CC006,11904.79,BASELINE
2024-02-01,ACC011,CC007,8296.85,BASELINE
2024-02-01,ACC011,CC008,5863.28,BASELINE
2024-02-01,ACC011,CC009,29819.29,BASELINE
2024-02-01,ACC011,CC010,10882.21,BASELINE
2024-02-01,ACC011,CC011,19882.43,BASELINE
2024-02-01,ACC011,CC012,15377.88,BASELINE
2024-02-01,ACC011,CC013,5960.32,BASELINE
2024-02-01,ACC011,CC014,7487.21,BASELINE
2024-02-01,ACC011,CC015,3515.17,BASELINE
2024-02-01,ACC012,CC001,1988.41,BASELINE
2024-02-01,ACC012,CC002,12863.37,BASELINE
2024-02-01,ACC012,CC003,8057.85,BASELINE
2024-02-01,ACC012,CC004,15209.77,BASELINE
2024-02-01,ACC012,CC005,6111.48,BASELINE
2024-02-01,ACC012,CC006,13472.86,BASELINE
2024-02-01,ACC012,CC007,8807.92,BASELINE
2024-02-01,ACC012,CC008,741.42,BASELINE
2024-02-01,ACC012,CC009,0.0,BASELINE
2024-02-01,ACC012,CC010,10881.43,BASELINE
2024-02-01,ACC012,CC011,8201.4,BASELINE
2024-02-01,ACC012,CC012,18673.72,BASELINE
2024-02-01,ACC012,CC013,7448.88,BASELINE
2024-02-01,ACC012,CC014,8196.04,BASELINE
2024-02-01,ACC012,CC015,4605.86,BASELINE
2024-03-01,ACC004,CC001,19563.14,BASELINE
2024-03-01,ACC004,CC002,7713.5,BASELINE
2024-03-01,ACC004,CC003,6136.1,BASELINE
2024-03-01,ACC004,CC004,27878.44,BASELINE
2024-03-01,ACC004,CC005,2996.65,BASELINE
2024-03-01,ACC004,CC006,15286.23,BASELINE
2024-03-01,ACC004,CC007,14574.55,BASELINE
2024-03-01,ACC004,CC008,5118.22,BASELINE
2024-03-01,ACC004,CC009,7607.88,BASELINE
2024-03-01,ACC004,CC010,3552.13,BASELINE
2024-03-01,ACC004,CC011,12307.91,BASELINE
2024-03-01,ACC004,CC012,4855.23,BASELINE
2024-03-01,ACC004,CC013,23920.94,BASELINE
2024-03-01,ACC004,CC014,17744.49,BASELINE
2024-03-01,ACC004,CC015,8152.81,BASELINE
2024-03-01,ACC005,CC001,3870.46,BASELINE
2024-03-01,ACC005,CC002,6700.21,BASELINE
2024-03-01,ACC005,CC003,12302.05,BASELINE
2024-03-01,ACC005,CC004,15608.28,BASELINE
2024-03-01,ACC005,CC005,7358.34,BASELINE
2024-03-01,ACC005,CC006,9652.05,BASELINE
2024-03-01,ACC005,CC007,8308.28,BASELINE
2024-03-01,ACC005,CC008,4512.84,BASELINE
2024-03-01,ACC005,CC009,6564.54,BASELINE
2024-03-01,ACC005,CC010,10734.27,BASELINE
2024-03-01,ACC005,CC011,19533.63,BASELINE
2024-03-01,ACC005,CC012,11032.3,BASELINE
2024-03-01,ACC005,CC013,418.68,BASELINE
2024-03-01,ACC005,CC014,5395.07,BASELINE
2024-03-01,ACC005,CC015,6653.67,BASELINE
2024-03-01,ACC006,CC001,2735.77,BASELINE
2024-03-01,ACC006,CC002,4567.57,BASELINE
2024-03-01,ACC006,CC003,2006.53,BASELINE
2024-03-01,ACC006,CC004,5265.49,BASELINE
2024-03-01,ACC006,CC005,4558.99,BASELINE
2024-03-01,ACC006,CC006,6955.91,BASELINE
2024-03-01,ACC006,CC007,29607.82,BASELINE
2024-03-01,ACC006,CC008,7812.71,BASELINE
2024-03-01,ACC006,CC009,11565.73,BASELINE
2024-03-01,ACC006,CC010,13827.18,BASELINE
2024-03-01,ACC006,CC011,15744.68,BASELINE
2024-03-01,ACC006,CC012,9455.07,BASELINE
2024-03-01,ACC006,CC013,1415.19,BASELINE
2024-03-01,ACC006,CC014,675.91,BASELINE
2024-03-01,ACC006,CC015,8401.11,BASELINE
2024-03-01,ACC007,CC001,11925.32,BASELINE
2024-03-01,ACC007,CC002,8819.93,BASELINE
2024-03-01,ACC007,CC003,1139.12,BASELINE
2024-03-01,ACC007,CC004,10530.88,BASELINE
2024-03-01,ACC007,CC005,14674.84,BASELINE
2024-03-01,ACC007,CC006,11776.09,BASELINE
2024-03-01,ACC007,CC007,12551.99,BASELINE
2024-03-01,ACC007,CC008,10705.23,BASELINE
2024-03-01,ACC007,CC009,5062.25,BASELINE
2024-03-01,ACC007,CC010,9759.28,BASELINE
2024-03-01,ACC007,CC011,20869.0,BASELINE
2024-03-01,ACC007,CC012,19471.18,BASELINE
2024-03-01,ACC007,CC013,5650.11,BASELINE
2024-03-01,ACC007,CC014,3363.56,BASELINE
2024-03-01,ACC007,CC015,1735.03,BASELINE
2024-03-01,ACC008,CC001,5656.39,BASELINE
2024-03-01,ACC008,CC002,5386.25,BASELINE
2024-03-01,ACC008,CC003,2446.0,BASELINE
2024-03-01,ACC008,CC004,7642.2,BASELINE
2024-03-01,ACC008,CC005,10869.12,BASELINE
2024-03-01,ACC008,CC006,14849.45,BASELINE
2024-03-01,ACC008,CC007,5552.27,BASELINE
2024-03-01,ACC008,CC008,3436.37,BASELINE
2024-03-01,ACC008,CC009,7563.76,BASELINE
2024-03-01,ACC008,CC010,9937.05,BASELINE
2024-03-01,ACC008,CC011,4870.29,BASELINE
2024-03-01,ACC008,CC012,16550.63,BASELINE
2024-03-01,ACC008,CC013,2763.25,BASELINE
2024-03-01,ACC008,CC014,4099.04,BASELINE
2024-03-01,ACC008,CC015,11586.81,BASELINE
2024-03-01,ACC009,CC001,4878.91,BASELINE
2024-03-01,ACC009,CC002,8959.38,BASELINE
2024-03-01,ACC009,CC003,10502.61,BASELINE
2024-03-01,ACC009,CC004,3809.75,BASELINE
2024-03-01,ACC009,CC005,10939.52,BASELINE
2024-03-01,ACC009,CC006,18378.61,BASELINE
2024-03-01,ACC009,CC007,17994.72,BASELINE
2024-03-01,ACC009,CC008,2094.49,BASELINE
2024-03-01,ACC009,CC009,12988.55,BASELINE
2024-03-01,ACC009,CC010,1021.03,BASELINE
2024-03-01,ACC009,CC011,21247.99,BASELINE
2024-03-01,ACC009,CC012,1607.09,BASELINE
2024-03-01,ACC009,CC013,2115.51,BASELINE
2024-03-01,ACC009,CC014,1480.94,BASELINE
2024-03-01,ACC009,CC015,6138.99,BASELINE
2024-03-01,ACC010,CC001,13687.31,BASELINE
2024-03-01,ACC010,CC002,5194.43,BASELINE
2024-03-01,ACC010,CC003,6917.92,BASELINE
2024-03-01,ACC010,CC004,5483.52,BASELINE
2024-03-01,ACC010,CC005,10743.21,BASELINE
2024-03-01,ACC010,CC006,3549.67,BASELINE
2024-03-01,ACC010,CC007,8220.35,BASELINE
2024-03-01,ACC010,CC008,16140.99,BASELINE
2024-03-01,ACC010,CC009,8570.64,BASELINE
2024-03-01,ACC010,CC010,14759.08,BASELINE
2024-03-01,ACC010,CC011,1580.25,BASELINE
2024-03-01,ACC010,CC012,1471.28,BASELINE
2024-03-01,ACC010,CC013,26804.92,BASELINE
2024-03-01,ACC010,CC014,1293.28,BASELINE
2024-03-01,ACC010,CC015,13838.66,BASELINE
2024-03-01,ACC011,CC001,8974.12,BASELINE
2024-03-01,ACC011,CC002,11264.41,BASELINE
2024-03-01,ACC011,CC003,1484.94,BASELINE
2024-03-01,ACC011,CC004,1512.78,BASELINE
2024-03-01,ACC011,CC005,4365.32,BASELINE
2024-03-01,ACC011,CC006,11818.61,BASELINE
2024-03-01,ACC011,CC007,6759.56,BASELINE
2024-03-01,ACC011,CC008,13268.75,BASELINE
2024-03-01,ACC011,CC009,9383.71,BASELINE
2024-03-01,ACC011,CC010,8926.36,BASELINE
2024-03-01,ACC011,CC011,1608.36,BASELINE
2024-03-01,ACC011,CC012,7704.48,BASELINE
2024-03-01,ACC011,CC013,4431.57,BASELINE
2024-03-01,ACC011,CC014,17371.81,BASELINE
2024-03-01,ACC011,CC015,14167.76,BASELINE
2024-03-01,ACC012,CC001,22686.94,BASELINE
2024-03-01,ACC012,CC002,2639.8,BASELINE
2024-03-01,ACC012,CC003,3337.04,BASELINE
2024-03-01,ACC012,CC004,12158.18,BASELINE
2024-03-01,ACC012,CC005,5920.89,BASELINE
2024-03-01,ACC012,CC006,2083.84,BASELINE
2024-03-01,ACC012,CC007,10046.78,BASELINE
2024-03-01,ACC012,CC008,9717.99,BASELINE
2024-03-01,ACC012,CC009,3135.67,BASELINE
2024-03-01,ACC012,CC010,5772.06,BASELINE
2024-03-01,ACC012,CC011,6864.63,BASELINE
2024-03-01,ACC012,CC012,10411.21,BASELINE
2024-03-01,ACC012,CC013,2174.5,BASELINE
2024-03-01,ACC012,CC014,14611.32,BASELINE
2024-03-01,ACC012,CC015,3926.38,BASELINE
2024-04-01,ACC004,CC001,10022.02,BASELINE
2024-04-01,ACC004,CC002,12491.56,BASELINE
2024-04-01,ACC004,CC003,190.74,BASELINE
2024-04-01,ACC004,CC004,14783.07,BASELINE
2024-04-01,ACC004,CC005,2283.01,BASELINE
2024-04-01,ACC004,CC006,6990.5,BASELINE
2024-04-01,ACC004,CC007,3137.13,BASELINE
2024-04-01,ACC004,CC008,11768.56,BASELINE
2024-04-01,ACC004,CC009,7478.32,BASELINE
2024-04-01,ACC004,CC010,0.0,BASELINE
2024-04-01,ACC004,CC011,9048.96,BASELINE
2024-04-01,ACC004,CC012,4872.87,BASELINE
2024-04-01,ACC004,CC013,9272.94,BASELINE
2024-04-01,ACC004,CC014,10159.17,BASELINE
2024-04-01,ACC004,CC015,26954.54,BASELINE
2024-04-01,ACC005,CC001,9678.89,BASELINE
2024-04-01,ACC005,CC002,13986.56,BASELINE
2024-04-01,ACC005,CC003,55323.64,BASELINE
2024-04-01,ACC005,CC004,3274.68,BASELINE
2024-04-01,ACC005,CC005,4911.55,BASELINE
2024-04-01,ACC005,CC006,5170.28,BASELINE
2024-04-01,ACC005,CC007,10918.3,BASELINE
2024-04-01,ACC005,CC008,1605.48,BASELINE
2024-04-01,ACC005,CC009,6380.37,BASELINE
2024-04-01,ACC005,CC010,28982.62,BASELINE
2024-04-01,ACC005,CC011,19901.17,BASELINE
2024-04-01,ACC005,CC012,4680.75,BASELINE
2024-04-01,ACC005,CC013,19789.79,BASELINE
2024-04-01,ACC005,CC014,6551.51,BASELINE
2024-04-01,ACC005,CC015,10946.0,BASELINE
2024-04-01,ACC006,CC001,6679.34,BASELINE
2024-04-01,ACC006,CC002,494.03,BASELINE
2024-04-01,ACC006,CC003,19168.31,BASELINE
2024-04-01,ACC006,CC004,17952.78,BASELINE
2024-04-01,ACC006,CC005,3472.6,BASELINE
2024-04-01,ACC006,CC006,3050.79,BASELINE
2024-04-01,ACC006,CC007,1950.42,BASELINE
2024-04-01,ACC006,CC008,3575.25,BASELINE
2024-04-01,ACC006,CC009,4397.3,BASELINE
2024-04-01,ACC006,CC010,3211.18,BASELINE
2024-04-01,ACC006,CC011,4079.62,BASELINE
2024-04-01,ACC006,CC012,26638.97,BASELINE
2024-04-01,ACC006,CC013,6943.04,BASELINE
2024-04-01,ACC006,CC014,9543.07,BASELINE
2024-04-01,ACC006,CC015,12950.76,BASELINE
2024-04-01,ACC007,CC001,12141.71,BASELINE
2024-04-01,ACC007,CC002,5729.61,BASELINE
2024-04-01,ACC007,CC003,6830.9,BASELINE
2024-04-01,ACC007,CC004,28475.44,BASELINE
2024-04-01,ACC007,CC005,9119.08,BASELINE
2024-04-01,ACC007,CC006,9589.73,BASELINE
2024-04-01,ACC007,CC007,10677.84,BASELINE
2024-04-01,ACC007,CC008,15751.87,BASELINE
2024-04-01,ACC007,CC009,10338.47,BASELINE
2024-04-01,ACC007,CC010,5442.27,BASELINE
2024-04-01,ACC007,CC011,9353.48,BASELINE
2024-04-01,ACC007,CC012,1655.99,BASELINE
2024-04-01,ACC007,CC013,2318.65,BASELINE
2024-04-01,ACC007,CC014,7334.38,BASELINE
2024-04-01,ACC007,CC015,3522.28,BASELINE
2024-04-01,ACC008,CC001,7287.44,BASELINE
2024-04-01,ACC008,CC002,7705.1,BASELINE
2024-04-01,ACC008,CC003,10818.96,BASELINE
2024-04-01,ACC008,CC004,6229.85,BASELINE
2024-04-01,ACC008,CC005,15850.01,BASELINE
2024-04-01,ACC008,CC006,13046.86,BASELINE
2024-04-01,ACC008,CC007,13512.08,BASELINE
2024-04-01,ACC008,CC008,10872.29,BASELINE
2024-04-01,ACC008,CC009,2625.14,BASELINE
2024-04-01,ACC008,CC010,7234.69,BASELINE
2024-04-01,ACC008,CC011,6802.73,BASELINE
2024-04-01,ACC008,CC012,9224.21,BASELINE
2024-04-01,ACC008,CC013,14391.46,BASELINE
2024-04-01,ACC008,CC014,9132.64,BASELINE
2024-04-01,ACC008,CC015,2164.85,BASELINE
2024-04-01,ACC009,CC001,10621.71,BASELINE
2024-04-01,ACC009,CC002,27860.31,BASELINE
2024-04-01,ACC009,CC003,11994.57,BASELINE
2024-04-01,ACC009,CC004,7985.56,BASELINE
2024-04-01,ACC009,CC005,15549.84,BASELINE
2024-04-01,ACC009,CC006,7377.56,BASELINE
2024-04-01,ACC009,CC007,9084.72,BASELINE
2024-04-01,ACC009,CC008,16371.6,BASELINE
2024-04-01,ACC009,CC009,7236.12,BASELINE
2024-04-01,ACC009,CC010,8184.99,BASELINE
2024-04-01,ACC009,CC011,15279.56,BASELINE
2024-04-01,ACC009,CC012,7286.53,BASELINE
2024-04-01,ACC009,CC013,9514.68,BASELINE
2024-04-01,ACC009,CC014,1195.67,BASELINE
2024-04-01,ACC009,CC015,28354.27,BASELINE
2024-04-01,ACC010,CC001,3783.67,BASELINE
2024-04-01,ACC010,CC002,3797.13,BASELINE
2024-04-01,ACC010,CC003,857.09,BASELINE
2024-04-01,ACC010,CC004,7256.82,BASELINE
2024-04-01,ACC010,CC005,1872.41,BASELINE
2024-04-01,ACC010,CC006,2392.01,BASELINE
2024-04-01,ACC010,CC007,14236.7,BASELINE
2024-04-01,ACC010,CC008,4886.09,BASELINE
2024-04-01,ACC010,CC009,16710.05,BASELINE
2024-04-01,ACC010,CC010,3450.68,BASELINE
2024-04-01,ACC010,CC011,2770.08,BASELINE
2024-04-01,ACC010,CC012,5934.43,BASELINE
2024-04-01,ACC010,CC013,2286.95,BASELINE
2024-04-01,ACC010,CC014,2281.66,BASELINE
2024-04-01,ACC010,CC015,7252.54,BASELINE
2024-04-01,ACC011,CC001,5718.1,BASELINE
2024-04-01,ACC011,CC002,4552.01,BASELINE
2024-04-01,ACC011,CC003,24874.38,BASELINE
2024-04-01,ACC011,CC004,5837.29,BASELINE
2024-04-01,ACC011,CC005,5381.31,BASELINE
2024-04-01,ACC011,CC006,6446.39,BASELINE
2024-04-01,ACC011,CC007,13530.51,BASELINE
2024-04-01,ACC011,CC008,3651.75,BASELINE
2024-04-01,ACC011,CC009,6970.01,BASELINE
2024-04-01,ACC011,CC010,5887.85,BASELINE
2024-04-01,ACC011,CC011,5967.71,BASELINE
2024-04-01,ACC011,CC012,3758.74,BASELINE
2024-04-01,ACC011,CC013,3448.45,BASELINE
2024-04-01,ACC011,CC014,4680.74,BASELINE
2024-04-01,ACC011,CC015,11773.33,BASELINE
2024-04-01,ACC012,CC001,10720.8,BASELINE
2024-04-01,ACC012,CC002,482.86,BASELINE
2024-04-01,ACC012,CC003,13626.02,BASELINE
2024-04-01,ACC012,CC004,9132.27,BASELINE
2024-04-01,ACC012,CC005,8879.48,BASELINE
2024-04-01,ACC012,CC006,1594.62,BASELINE
2024-04-01,ACC012,CC007,8620.04,BASELINE
2024-04-01,ACC012,CC008,480.31,BASELINE
2024-04-01,ACC012,CC009,17999.63,BASELINE
2024-04-01,ACC012,CC010,12291.71,BASELINE
2024-04-01,ACC012,CC011,11470.85,BASELINE
2024-04-01,ACC012,CC012,11275.12,BASELINE
2024-04-01,ACC012,CC013,11630.74,BASELINE
2024-04-01,ACC012,CC014,3855.05,BASELINE
2024-04-01,ACC012,CC015,1119.14,BASELINE
2024-05-01,ACC004,CC001,12366.09,BASELINE
2024-05-01,ACC004,CC002,6173.5,BASELINE
2024-05-01,ACC004,CC003,4613.24,BASELINE
2024-05-01,ACC004,CC004,1051.78,BASELINE
2024-05-01,ACC004,CC005,6699.53,BASELINE
2024-05-01,ACC004,CC006,5260.53,BASELINE
2024-05-01,ACC004,CC007,21283.05,BASELINE
2024-05-01,ACC004,CC008,13157.81,BASELINE
2024-05-01,ACC004,CC009,9304.77,BASELINE
2024-05-01,ACC004,CC010,5559.05,BASELINE
2024-05-01,ACC004,CC011,9822.4,BASELINE
2024-05-01,ACC004,CC012,24752.85,BASELINE
2024-05-01,ACC004,CC013,8984.64,BASELINE
2024-05-01,ACC004,CC014,16235.82,BASELINE
2024-05-01,ACC004,CC015,5980.89,BASELINE
2024-05-01,ACC005,CC001,3214.5,BASELINE
2024-05-01,ACC005,CC002,5511.66,BASELINE
2024-05-01,ACC005,CC003,8511.36,BASELINE
2024-05-01,ACC005,CC004,12391.42,BASELINE
2024-05-01,ACC005,CC005,22422.53,BASELINE
2024-05-01,ACC005,CC006,8233.95,BASELINE
2024-05-01,ACC005,CC007,13527.92,BASELINE
2024-05-01,ACC005,CC008,9404.36,BASELINE
2024-05-01,ACC005,CC009,8304.45,BASELINE
2024-05-01,ACC005,CC010,19695.67,BASELINE
2024-05-01,ACC005,CC011,5431.39,BASELINE
2024-05-01,ACC005,CC012,1815.15,BASELINE
2024-05-01,ACC005,CC013,3118.63,BASELINE
2024-05-01,ACC005,CC014,28072.26,BASELINE
2024-05-01,ACC005,CC015,10746.35,BASELINE
2024-05-01,ACC006,CC001,20993.37,BASELINE
2024-05-01,ACC006,CC002,346.33,BASELINE
2024-05-01,ACC006,CC003,3455.23,BASELINE
2024-05-01,ACC006,CC004,7801.77,BASELINE
2024-05-01,ACC006,CC005,6671.16,BASELINE
2024-05-01,ACC006,CC006,13067.52,BASELINE
2024-05-01,ACC006,CC007,9613.54,BASELINE
2024-05-01,ACC006,CC008,3878.27,BASELINE
2024-05-01,ACC006,CC009,3799.72,BASELINE
2024-05-01,ACC006,CC010,9788.63,BASELINE
2024-05-01,ACC006,CC011,23662.17,BASELINE
2024-05-01,ACC006,CC012,4384.82,BASELINE
2024-05-01,ACC006,CC013,6041.56,BASELINE
2024-05-01,ACC006,CC014,7450.52,BASELINE
2024-05-01,ACC006,CC015,17129.03,BASELINE
2024-05-01,ACC007,CC001,886.32,BASELINE
2024-05-01,ACC007,CC002,3522.06,BASELINE
2024-05-01,ACC007,CC003,2773.14,BASELINE
2024-05-01,ACC007,CC004,2490.71,BASELINE
2024-05-01,ACC007,CC005,4545.82,BASELINE
2024-05-01,ACC007,CC006,1799.88,BASELINE
2024-05-01,ACC007,CC007,6385.14,BASELINE
2024-05-01,ACC007,CC008,5959.42,BASELINE
2024-05-01,ACC007,CC009,6690.16,BASELINE
2024-05-01,ACC007,CC010,20000.48,BASELINE
2024-05-01,ACC007,CC011,18733.79,BASELINE
2024-05-01,ACC007,CC012,3447.05,BASELINE
2024-05-01,ACC007,CC013,4784.14,BASELINE
2024-05-01,ACC007,CC014,6984.33,BASELINE
2024-05-01,ACC007,CC015,2149.75,BASELINE
2024-05-01,ACC008,CC001,4191.58,BASELINE
2024-05-01,ACC008,CC002,9437.29,BASELINE
2024-05-01,ACC008,CC003,1796.29,BASELINE
2024-05-01,ACC008,CC004,2320.33,BASELINE
2024-05-01,ACC008,CC005,7192.33,BASELINE
2024-05-01,ACC008,CC006,6464.0,BASELINE
2024-05-01,ACC008,CC007,15563.11,BASELINE
2024-05-01,ACC008,CC008,11387.58,BASELINE
2024-05-01,ACC008,CC009,7248.12,BASELINE
2024-05-01,ACC008,CC010,4467.45,BASELINE
2024-05-01,ACC008,CC011,4383.77,BASELINE
2024-05-01,ACC008,CC012,6712.04,BASELINE
2024-05-01,ACC008,CC013,12350.69,BASELINE
2024-05-01,ACC008,CC014,380.04,BASELINE
2024-05-01,ACC008,CC015,3777.66,BASELINE
2024-05-01,ACC009,CC001,8709.6,BASELINE
2024-05-01,ACC009,CC002,8639.54,BASELINE
2024-05-01,ACC009,CC003,1074.59,BASELINE
2024-05-01,ACC009,CC004,16286.16,BASELINE
2024-05-01,ACC009,CC005,6921.57,BASELINE
2024-05-01,ACC009,CC006,8979.26,BASELINE
2024-05-01,ACC009,CC007,6065.62,BASELINE
2024-05-01,ACC009,CC008,5712.46,BASELINE
2024-05-01,ACC009,CC009,9646.04,BASELINE
2024-05-01,ACC009,CC010,18286.98,BASELINE
2024-05-01,ACC009,CC011,3072.11,BASELINE
2024-05-01,ACC009,CC012,9501.54,BASELINE
2024-05-01,ACC009,CC013,4410.24,BASELINE
2024-05-01,ACC009,CC014,7480.34,BASELINE
2024-05-01,ACC009,CC015,0.0,BASELINE
2024-05-01,ACC010,CC001,3632.34,BASELINE
2024-05-01,ACC010,CC002,17702.34,BASELINE
2024-05-01,ACC010,CC003,6814.29,BASELINE
2024-05-01,ACC010,CC004,15216.47,BASELINE
2024-05-01,ACC010,CC005,14143.01,BASELINE
2024-05-01,ACC010,CC006,6234.64,BASELINE
2024-05-01,ACC010,CC007,5553.87,BASELINE
2024-05-01,ACC010,CC008,7370.19,BASELINE
2024-05-01,ACC010,CC009,8485.19,BASELINE
2024-05-01,ACC010,CC010,9517.82,BASELINE
2024-05-01,ACC010,CC011,6883.91,BASELINE
2024-05-01,ACC010,CC012,11360.96,BASELINE
2024-05-01,ACC010,CC013,2483.27,BASELINE
2024-05-01,ACC010,CC014,7561.05,BASELINE
2024-05-01,ACC010,CC015,1517.06,BASELINE
2024-05-01,ACC011,CC001,8218.98,BASELINE
2024-05-01,ACC011,CC002,5615.7,BASELINE
2024-05-01,ACC011,CC003,8618.6,BASELINE
2024-05-01,ACC011,CC004,7308.52,BASELINE
2024-05-01,ACC011,CC005,8357.78,BASELINE
2024-05-01,ACC011,CC006,4339.98,BASELINE
2024-05-01,ACC011,CC007,9679.04,BASELINE
2024-05-01,ACC011,CC008,7301.7,BASELINE
2024-05-01,ACC011,CC009,5475.67,BASELINE
2024-05-01,ACC011,CC010,8141.16,BASELINE
2024-05-01,ACC011,CC011,9611.65,BASELINE
2024-05-01,ACC011,CC012,5966.55,BASELINE
2024-05-01,ACC011,CC013,4101.44,BASELINE
2024-05-01,ACC011,CC014,20936.33,BASELINE
2024-05-01,ACC011,CC015,4731.1,BASELINE
2024-05-01,ACC012,CC001,5766.51,BASELINE
2024-05-01,ACC012,CC002,15326.08,BASELINE
2024-05-01,ACC012,CC003,8103.96,BASELINE
2024-05-01,ACC012,CC004,3871.29,BASELINE
2024-05-01,ACC012,CC005,2906.48,BASELINE
2024-05-01,ACC012,CC006,4793.48,BASELINE
2024-05-01,ACC012,CC007,5945.03,BASELINE
2024-05-01,ACC012,CC008,915.46,BASELINE
2024-05-01,ACC012,CC009,4735.13,BASELINE
2024-05-01,ACC012,CC010,5256.43,BASELINE
2024-05-01,ACC012,CC011,14711.12,BASELINE
2024-05-01,ACC012,CC012,6499.03,BASELINE
2024-05-01,ACC012,CC013,3910.33,BASELINE
2024-05-01,ACC012,CC014,10807.36,BASELINE
2024-05-01,ACC012,CC015,6772.28,BASELINE
2024-06-01,ACC004,CC001,16980.84,BASELINE
2024-06-01,ACC004,CC002,6404.56,BASELINE
2024-06-01,ACC004,CC003,15217.15,BASELINE
2024-06-01,ACC004,CC004,9133.32,BASELINE
2024-06-01,ACC004,CC005,9142.56,BASELINE
2024-06-01,ACC004,CC006,22342.47,BASELINE
2024-06-01,ACC004,CC007,8441.28,BASELINE
2024-06-01,ACC004,CC008,14785.48,BASELINE
2024-06-01,ACC004,CC009,18277.11,BASELINE
2024-06-01,ACC004,CC010,10890.6,BASELINE
2024-06-01,ACC004,CC011,6022.97,BASELINE
2024-06-01,ACC004,CC012,17694.21,BASELINE
2024-06-01,ACC004,CC013,1017.14,BASELINE
2024-06-01,ACC004,CC014,6455.12,BASELINE
2024-06-01,ACC004,CC015,602.87,BASELINE
2024-06-01,ACC005,CC001,8667.7,BASELINE
2024-06-01,ACC005,CC002,1833.98,BASELINE
2024-06-01,ACC005,CC003,7519.67,BASELINE
2024-06-01,ACC005,CC004,8481.13,BASELINE
2024-06-01,ACC005,CC005,4729.19,BASELINE
2024-06-01,ACC005,CC006,1826.94,BASELINE
2024-06-01,ACC005,CC007,699.21,BASELINE
2024-06-01,ACC005,CC008,5367.57,BASELINE
2024-06-01,ACC005,CC009,4019.82,BASELINE
2024-06-01,ACC005,CC010,2846.65,BASELINE
2024-06-01,ACC005,CC011,4962.94,BASELINE
2024-06-01,ACC005,CC012,3057.85,BASELINE
2024-06-01,ACC005,CC013,9705.34,BASELINE
2024-06-01,ACC005,CC014,3136.02,BASELINE
2024-06-01,ACC005,CC015,13788.26,BASELINE
2024-06-01,ACC006,CC001,3783.87,BASELINE
2024-06-01,ACC006,CC002,5176.99,BASELINE
2024-06-01,ACC006,CC003,9943.43,BASELINE
2024-06-01,ACC006,CC004,4511.08,BASELINE
2024-06-01,ACC006,CC005,6232.71,BASELINE
2024-06-01,ACC006,CC006,8737.85,BASELINE
2024-06-01,ACC006,CC007,1014.32,BASELINE
2024-06-01,ACC006,CC008,9112.8,BASELINE
2024-06-01,ACC006,CC009,4963.97,BASELINE
2024-06-01,ACC006,CC010,7087.27,BASELINE
2024-06-01,ACC006,CC011,1513.13,BASELINE
2024-06-01,ACC006,CC012,7921.09,BASELINE
2024-06-01,ACC006,CC013,7337.65,BASELINE
2024-06-01,ACC006,CC014,6084.04,BASELINE
2024-06-01,ACC006,CC015,3517.02,BASELINE
2024-06-01,ACC007,CC001,1471.68,BASELINE
2024-06-01,ACC007,CC002,6683.33,BASELINE
2024-06-01,ACC007,CC003,2217.04,BASELINE
2024-06-01,ACC007,CC004,3436.94,BASELINE
2024-06-01,ACC007,CC005,6542.76,BASELINE
2024-06-01,ACC007,CC006,7650.36,BASELINE
2024-06-01,ACC007,CC007,12118.46,BASELINE
2024-06-01,ACC007,CC008,11125.01,BASELINE
2024-06-01,ACC007,CC009,30317.43,BASELINE
2024-06-01,ACC007,CC010,18526.31,BASELINE
2024-06-01,ACC007,CC011,1217.62,BASELINE
2024-06-01,ACC007,CC012,7970.51,BASELINE
2024-06-01,ACC007,CC013,13839.72,BASELINE
2024-06-01,ACC007,CC014,6467.43,BASELINE
2024-06-01,ACC007,CC015,1698.02,BASELINE
2024-06-01,ACC008,CC001,8045.31,BASELINE
2024-06-01,ACC008,CC002,366.98,BASELINE
2024-06-01,ACC008,CC003,4979.01,BASELINE
2024-06-01,ACC008,CC004,7123.12,BASELINE
2024-06-01,ACC008,CC005,1504.92,BASELINE
2024-06-01,ACC008,CC006,7291.7,BASELINE
2024-06-01,ACC008,CC007,12120.09,BASELINE
2024-06-01,ACC008,CC008,3734.07,BASELINE
2024-06-01,ACC008,CC009,7507.71,BASELINE
2024-06-01,ACC008,CC010,449.76,BASELINE
2024-06-01,ACC008,CC011,2277.73,BASELINE
2024-06-01,ACC008,CC012,18291.23,BASELINE
2024-06-01,ACC008,CC013,7258.92,BASELINE
2024-06-01,ACC008,CC014,4285.61,BASELINE
2024-06-01,ACC008,CC015,4691.39,BASELINE
2024-06-01,ACC009,CC001,4206.0,BASELINE
2024-06-01,ACC009,CC002,8868.41,BASELINE
2024-06-01,ACC009,CC003,23553.83,BASELINE
2024-06-01,ACC009,CC004,5417.48,BASELINE
2024-06-01,ACC009,CC005,4276.04,BASELINE
2024-06-01,ACC009,CC006,5220.77,BASELINE
2024-06-01,ACC009,CC007,18599.35,BASELINE
2024-06-01,ACC009,CC008,14701.41,BASELINE
2024-06-01,ACC009,CC009,11788.73,BASELINE
2024-06-01,ACC009,CC010,8806.21,BASELINE
2024-06-01,ACC009,CC011,3128.28,BASELINE
2024-06-01,ACC009,CC012,8276.83,BASELINE
2024-06-01,ACC009,CC013,5560.07,BASELINE
2024-06-01,ACC009,CC014,3837.65,BASELINE
2024-06-01,ACC009,CC015,3416.5,BASELINE
2024-06-01,ACC010,CC001,7490.38,BASELINE
2024-06-01,ACC010,CC002,15018.72,BASELINE
2024-06-01,ACC010,CC003,12645.79,BASELINE
2024-06-01,ACC010,CC004,16337.34,BASELINE
2024-06-01,ACC010,CC005,13697.94,BASELINE
2024-06-01,ACC010,CC006,1117.7,BASELINE
2024-06-01,ACC010,CC007,10390.97,BASELINE
2024-06-01,ACC010,CC008,18130.65,BASELINE
2024-06-01,ACC010,CC009,8868.11,BASELINE
2024-06-01,ACC010,CC010,14077.24,BASELINE
2024-06-01,ACC010,CC011,11754.07,BASELINE
2024-06-01,ACC010,CC012,15427.79,BASELINE
2024-06-01,ACC010,CC013,6435.77,BASELINE
2024-06-01,ACC010,CC014,18677.54,BASELINE
2024-06-01,ACC010,CC015,4424.45,BASELINE
2024-06-01,ACC011,CC001,7932.28,BASELINE
2024-06-01,ACC011,CC002,3450.96,BASELINE
2024-06-01,ACC011,CC003,7101.14,BASELINE
2024-06-01,ACC011,CC004,11056.65,BASELINE
2024-06-01,ACC011,CC005,15931.31,BASELINE
2024-06-01,ACC011,CC006,3170.86,BASELINE
2024-06-01,ACC011,CC007,7552.9,BASELINE
2024-06-01,ACC011,CC008,16450.78,BASELINE
2024-06-01,ACC011,CC009,17266.16,BASELINE
2024-06-01,ACC011,CC010,8023.93,BASELINE
2024-06-01,ACC011,CC011,15915.03,BASELINE
2024-06-01,ACC011,CC012,3289.84,BASELINE
2024-06-01,ACC011,CC013,7242.88,BASELINE
2024-06-01,ACC011,CC014,6848.36,BASELINE
2024-06-01,ACC011,CC015,19255.73,BASELINE
2024-06-01,ACC012,CC001,13504.65,BASELINE
2024-06-01,ACC012,CC002,4249.09,BASELINE
2024-06-01,ACC012,CC003,1693.35,BASELINE
2024-06-01,ACC012,CC004,8182.55,BASELINE
2024-06-01,ACC012,CC005,22742.06,BASELINE
2024-06-01,ACC012,CC006,5417.13,BASELINE
2024-06-01,ACC012,CC007,7253.51,BASELINE
2024-06-01,ACC012,CC008,15532.71,BASELINE
2024-06-01,ACC012,CC009,14033.28,BASELINE
2024-06-01,ACC012,CC010,14635.48,BASELINE
2024-06-01,ACC012,CC011,5313.24,BASELINE
2024-06-01,ACC012,CC012,6844.49,BASELINE
2024-06-01,ACC012,CC013,12592.82,BASELINE
2024-06-01,ACC012,CC014,8537.69,BASELINE
2024-06-01,ACC012,CC015,21336.28,BASELINE
2024-07-01,ACC004,CC001,9983.0,BASELINE
2024-07-01,ACC004,CC002,19947.68,BASELINE
2024-07-01,ACC004,CC003,11961.1,BASELINE
2024-07-01,ACC004,CC004,3291.15,BASELINE
2024-07-01,ACC004,CC005,15324.43,BASELINE
2024-07-01,ACC004,CC006,18496.65,BASELINE
2024-07-01,ACC004,CC007,6294.59,BASELINE
2024-07-01,ACC004,CC008,12438.0,BASELINE
2024-07-01,ACC004,CC009,10156.12,BASELINE
2024-07-01,ACC004,CC010,11447.09,BASELINE
2024-07-01,ACC004,CC011,25988.12,BASELINE
2024-07-01,ACC004,CC012,6901.83,BASELINE
2024-07-01,ACC004,CC013,6263.63,BASELINE
2024-07-01,ACC004,CC014,7880.99,BASELINE
2024-07-01,ACC004,CC015,3693.1,BASELINE
2024-07-01,ACC005,CC001,46374.2,BASELINE
2024-07-01,ACC005,CC002,3677.64,BASELINE
2024-07-01,ACC005,CC003,6265.59,BASELINE
2024-07-01,ACC005,CC004,14582.29,BASELINE
2024-07-01,ACC005,CC005,1624.63,BASELINE
2024-07-01,ACC005,CC006,4023.82,BASELINE
2024-07-01,ACC005,CC007,22526.31,BASELINE
2024-07-01,ACC005,CC008,20704.2,BASELINE
2024-07-01,ACC005,CC009,8013.96,BASELINE
2024-07-01,ACC005,CC010,16978.79,BASELINE
2024-07-01,ACC005,CC011,8205.66,BASELINE
2024-07-01,ACC005,CC012,3697.57,BASELINE
2024-07-01,ACC005,CC013,2491.94,BASELINE
2024-07-01,ACC005,CC014,8620.07,BASELINE
2024-07-01,ACC005,CC015,0.0,BASELINE
2024-07-01,ACC006,CC001,0.0,BASELINE
2024-07-01,ACC006,CC002,9226.27,BASELINE
2024-07-01,ACC006,CC003,5756.42,BASELINE
2024-07-01,ACC006,CC004,6800.6,BASELINE
2024-07-01,ACC006,CC005,1231.24,BASELINE
2024-07-01,ACC006,CC006,887.27,BASELINE
2024-07-01,ACC006,CC007,10680.44,BASELINE
2024-07-01,ACC006,CC008,13417.32,BASELINE
2024-07-01,ACC006,CC009,7160.99,BASELINE
2024-07-01,ACC006,CC010,9778.49,BASELINE
2024-07-01,ACC006,CC011,7712.74,BASELINE
2024-07-01,ACC006,CC012,4344.11,BASELINE
2024-07-01,ACC006,CC013,5948.3,BASELINE
2024-07-01,ACC006,CC014,5251.19,BASELINE
2024-07-01,ACC006,CC015,7125.89,BASELINE
2024-07-01,ACC007,CC001,1051.21,BASELINE
2024-07-01,ACC007,CC002,11851.42,BASELINE
2024-07-01,ACC007,CC003,8058.4,BASELINE
2024-07-01,ACC007,CC004,9613.53,BASELINE
2024-07-01,ACC007,CC005,9026.29,BASELINE
2024-07-01,ACC007,CC006,9611.86,BASELINE
2024-07-01,ACC007,CC007,5814.45,BASELINE
2024-07-01,ACC007,CC008,11754.68,BASELINE
2024-07-01,ACC007,CC009,837.93,BASELINE
2024-07-01,ACC007,CC010,9641.99,BASELINE
2024-07-01,ACC007,CC011,421.8,BASELINE
2024-07-01,ACC007,CC012,4277.25,BASELINE
2024-07-01,ACC007,CC013,23685.6,BASELINE
2024-07-01,ACC007,CC014,7745.59,BASELINE
2024-07-01,ACC007,CC015,3136.17,BASELINE
2024-07-01,ACC008,CC001,6835.86,BASELINE
2024-07-01,ACC008,CC002,4239.47,BASELINE
2024-07-01,ACC008,CC003,8187.97,BASELINE
2024-07-01,ACC008,CC004,0.0,BASELINE
2024-07-01,ACC008,CC005,6137.55,BASELINE
2024-07-01,ACC008,CC006,19197.75,BASELINE
2024-07-01,ACC008,CC007,793.17,BASELINE
2024-07-01,ACC008,CC008,8793.23,BASELINE
2024-07-01,ACC008,CC009,21079.62,BASELINE
2024-07-01,ACC008,CC010,6321.05,BASELINE
2024-07-01,ACC008,CC011,15652.4,BASELINE
2024-07-01,ACC008,CC012,3392.33,BASELINE
2024-07-01,ACC008,CC013,3632.47,BASELINE
2024-07-01,ACC008,CC014,8719.57,BASELINE
2024-07-01,ACC008,CC015,20639.24,BASELINE
2024-07-01,ACC009,CC001,6760.81,BASELINE
2024-07-01,ACC009,CC002,12721.12,BASELINE
2024-07-01,ACC009,CC003,1479.16,BASELINE
2024-07-01,ACC009,CC004,4207.65,BASELINE
2024-07-01,ACC009,CC005,624.88,BASELINE
2024-07-01,ACC009,CC006,8777.44,BASELINE
2024-07-01,ACC009,CC007,545.61,BASELINE
2024-07-01,ACC009,CC008,4362.98,BASELINE
2024-07-01,ACC009,CC009,4359.01,BASELINE
2024-07-01,ACC009,CC010,9783.02,BASELINE
2024-07-01,ACC009,CC011,7849.68,BASELINE
2024-07-01,ACC009,CC012,2068.13,BASELINE
2024-07-01,ACC009,CC013,3386.06,BASELINE
2024-07-01,ACC009,CC014,4782.64,BASELINE
2024-07-01,ACC009,CC015,7734.74,BASELINE
2024-07-01,ACC010,CC001,14333.09,BASELINE
2024-07-01,ACC010,CC002,176.61,BASELINE
2024-07-01,ACC010,CC003,3022.27,BASELINE
2024-07-01,ACC010,CC004,3123.88,BASELINE
2024-07-01,ACC010,CC005,6929.33,BASELINE
2024-07-01,ACC010,CC006,5219.01,BASELINE
2024-07-01,ACC010,CC007,2995.81,BASELINE
2024-07-01,ACC010,CC008,6164.49,BASELINE
2024-07-01,ACC010,CC009,8585.57,BASELINE
2024-07-01,ACC010,CC010,5047.63,BASELINE
2024-07-01,ACC010,CC011,5632.44,BASELINE
2024-07-01,ACC010,CC012,4318.58,BASELINE
2024-07-01,ACC010,CC013,2508.92,BASELINE
2024-07-01,ACC010,CC014,12182.25,BASELINE
2024-07-01,ACC010,CC015,10127.33,BASELINE
2024-07-01,ACC011,CC001,6988.46,BASELINE
2024-07-01,ACC011,CC002,8498.67,BASELINE
2024-07-01,ACC011,CC003,1488.11,BASELINE
2024-07-01,ACC011,CC004,11541.8,BASELINE
2024-07-01,ACC011,CC005,5530.55,BASELINE
2024-07-01,ACC011,CC006,2589.73,BASELINE
2024-07-01,ACC011,CC007,9765.6,BASELINE
2024-07-01,ACC011,CC008,2606.91,BASELINE
2024-07-01,ACC011,CC009,15647.07,BASELINE
2024-07-01,ACC011,CC010,6284.11,BASELINE
2024-07-01,ACC011,CC011,22526.44,BASELINE
2024-07-01,ACC011,CC012,5996.95,BASELINE
2024-07-01,ACC011,CC013,5770.52,BASELINE
2024-07-01,ACC011,CC014,5401.06,BASELINE
2024-07-01,ACC011,CC015,17584.73,BASELINE
2024-07-01,ACC012,CC001,5608.08,BASELINE
2024-07-01,ACC012,CC002,3253.9,BASELINE
2024-07-01,ACC012,CC003,1414.52,BASELINE
2024-07-01,ACC012,CC004,13596.38,BASELINE
2024-07-01,ACC012,CC005,850.83,BASELINE
2024-07-01,ACC012,CC006,2353.75,BASELINE
2024-07-01,ACC012,CC007,5421.62,BASELINE
2024-07-01,ACC012,CC008,5535.31,BASELINE
2024-07-01,ACC012,CC009,5933.8,BASELINE
2024-07-01,ACC012,CC010,7957.07,BASELINE
2024-07-01,ACC012,CC011,18635.73,BASELINE
2024-07-01,ACC012,CC012,1364.46,BASELINE
2024-07-01,ACC012,CC013,7978.23,BASELINE
2024-07-01,ACC012,CC014,18632.29,BASELINE
2024-07-01,ACC012,CC015,11896.22,BASELINE
2024-08-01,ACC004,CC001,3837.91,BASELINE
2024-08-01,ACC004,CC002,9908.66,BASELINE
2024-08-01,ACC004,CC003,7442.24,BASELINE
2024-08-01,ACC004,CC004,11330.83,BASELINE
2024-08-01,ACC004,CC005,2472.41,BASELINE
2024-08-01,ACC004,CC006,6996.54,BASELINE
2024-08-01,ACC004,CC007,4213.53,BASELINE
2024-08-01,ACC004,CC008,8179.66,BASELINE
2024-08-01,ACC004,CC009,3619.69,BASELINE
2024-08-01,ACC004,CC010,3896.23,BASELINE
2024-08-01,ACC004,CC011,3236.9,BASELINE
2024-08-01,ACC004,CC012,12464.58,BASELINE
2024-08-01,ACC004,CC013,8326.32,BASELINE
2024-08-01,ACC004,CC014,5576.87,BASELINE
2024-08-01,ACC004,CC015,1564.26,BASELINE
2024-08-01,ACC005,CC001,13963.62,BASELINE
2024-08-01,ACC005,CC002,18268.3,BASELINE
2024-08-01,ACC005,CC003,19183.5,BASELINE
2024-08-01,ACC005,CC004,2413.48,BASELINE
2024-08-01,ACC005,CC005,23251.9,BASELINE
2024-08-01,ACC005,CC006,19848.17,BASELINE
2024-08-01,ACC005,CC007,2787.72,BASELINE
2024-08-01,ACC005,CC008,18400.61,BASELINE
2024-08-01,ACC005,CC009,12091.53,BASELINE
2024-08-01,ACC005,CC010,6642.29,BASELINE
2024-08-01,ACC005,CC011,7485.93,BASELINE
2024-08-01,ACC005,CC012,8944.69,BASELINE
2024-08-01,ACC005,CC013,2709.87,BASELINE
2024-08-01,ACC005,CC014,0.0,BASELINE
2024-08-01,ACC005,CC015,795.69,BASELINE
2024-08-01,ACC006,CC001,11610.75,BASELINE
2024-08-01,ACC006,CC002,8553.67,BASELINE
2024-08-01,ACC006,CC003,5276.32,BASELINE
2024-08-01,ACC006,CC004,23836.35,BASELINE
2024-08-01,ACC006,CC005,11465.5,BASELINE
2024-08-01,ACC006,CC006,1956.81,BASELINE
2024-08-01,ACC006,CC007,10051.68,BASELINE
2024-08-01,ACC006,CC008,2568.59,BASELINE
2024-08-01,ACC006,CC009,6705.02,BASELINE
2024-08-01,ACC006,CC010,14202.2,BASELINE
2024-08-01,ACC006,CC011,2652.61,BASELINE
2024-08-01,ACC006,CC012,7597.18,BASELINE
2024-08-01,ACC006,CC013,18972.08,BASELINE
2024-08-01,ACC006,CC014,1381.19,BASELINE
2024-08-01,ACC006,CC015,5725.43,BASELINE
2024-08-01,ACC007,CC001,6454.39,BASELINE
2024-08-01,ACC007,CC002,20209.25,BASELINE
2024-08-01,ACC007,CC003,10726.01,BASELINE
2024-08-01,ACC007,CC004,1492.99,BASELINE
2024-08-01,ACC007,CC005,6480.95,BASELINE
2024-08-01,ACC007,CC006,1860.3,BASELINE
2024-08-01,ACC007,CC007,451.78,BASELINE
2024-08-01,ACC007,CC008,4601.18,BASELINE
2024-08-01,ACC007,CC009,17221.74,BASELINE
2024-08-01,ACC007,CC010,912.01,BASELINE
2024-08-01,ACC007,CC011,5989.17,BASELINE
2024-08-01,ACC007,CC012,0.0,BASELINE
2024-08-01,ACC007,CC013,9736.85,BASELINE
2024-08-01,ACC007,CC014,10312.48,BASELINE
2024-08-01,ACC007,CC015,2579.19,BASELINE
2024-08-01,ACC008,CC001,9052.18,BASELINE
2024-08-01,ACC008,CC002,8522.89,BASELINE
2024-08-01,ACC008,CC003,8713.5,BASELINE
2024-08-01,ACC008,CC004,2026.8,BASELINE
2024-08-01,ACC008,CC005,27246.05,BASELINE
2024-08-01,ACC008,CC006,10171.42,BASELINE
2024-08-01,ACC008,CC007,12116.34,BASELINE
2024-08-01,ACC008,CC008,3457.79,BASELINE
2024-08-01,ACC008,CC009,7403.6,BASELINE
2024-08-01,ACC008,CC010,10678.71,BASELINE
2024-08-01,ACC008,CC011,12311.47,BASELINE
2024-08-01,ACC008,CC012,8423.3,BASELINE
2024-08-01,ACC008,CC013,6758.74,BASELINE
2024-08-01,ACC008,CC014,4265.09,BASELINE
2024-08-01,ACC008,CC015,6984.52,BASELINE
2024-08-01,ACC009,CC001,12715.23,BASELINE
2024-08-01,ACC009,CC002,9066.7,BASELINE
2024-08-01,ACC009,CC003,5074.33,BASELINE
2024-08-01,ACC009,CC004,11073.07,BASELINE
2024-08-01,ACC009,CC005,1911.51,BASELINE
2024-08-01,ACC009,CC006,5068.69,BASELINE
2024-08-01,ACC009,CC007,2347.41,BASELINE
2024-08-01,ACC009,CC008,2755.0,BASELINE
2024-08-01,ACC009,CC009,12505.41,BASELINE
2024-08-01,ACC009,CC010,6201.38,BASELINE
2024-08-01,ACC009,CC011,10297.74,BASELINE
2024-08-01,ACC009,CC012,25281.27,BASELINE
2024-08-01,ACC009,CC013,5052.22,BASELINE
2024-08-01,ACC009,CC014,5941.92,BASELINE
2024-08-01,ACC009,CC015,8517.44,BASELINE
2024-08-01,ACC010,CC001,4932.03,BASELINE
2024-08-01,ACC010,CC002,5687.69,BASELINE
2024-08-01,ACC010,CC003,4557.6,BASELINE
2024-08-01,ACC010,CC004,12109.49,BASELINE
2024-08-01,ACC010,CC005,6056.12,BASELINE
2024-08-01,ACC010,CC006,5914.94,BASELINE
2024-08-01,ACC010,CC007,23986.06,BASELINE
2024-08-01,ACC010,CC008,6824.32,BASELINE
2024-08-01,ACC010,CC009,17163.84,BASELINE
2024-08-01,ACC010,CC010,4934.7,BASELINE
2024-08-01,ACC010,CC011,9626.41,BASELINE
2024-08-01,ACC010,CC012,6455.42,BASELINE
2024-08-01,ACC010,CC013,3242.34,BASELINE
2024-08-01,ACC010,CC014,2250.52,BASELINE
2024-08-01,ACC010,CC015,10582.63,BASELINE
2024-08-01,ACC011,CC001,1056.32,BASELINE
2024-08-01,ACC011,CC002,13668.71,BASELINE
2024-08-01,ACC011,CC003,11703.84,BASELINE
2024-08-01,ACC011,CC004,3255.59,BASELINE
2024-08-01,ACC011,CC005,19082.38,BASELINE
2024-08-01,ACC011,CC006,3286.52,BASELINE
2024-08-01,ACC011,CC007,3584.04,BASELINE
2024-08-01,ACC011,CC008,13295.3,BASELINE
2024-08-01,ACC011,CC009,3107.94,BASELINE
2024-08-01,ACC011,CC010,18117.5,BASELINE
2024-08-01,ACC011,CC011,22585.08,BASELINE
2024-08-01,ACC011,CC012,11164.25,BASELINE
2024-08-01,ACC011,CC013,5407.53,BASELINE
2024-08-01,ACC011,CC014,17070.82,BASELINE
2024-08-01,ACC011,CC015,4820.93,BASELINE
2024-08-01,ACC012,CC001,3667.87,BASELINE
2024-08-01,ACC012,CC002,1871.55,BASELINE
2024-08-01,ACC012,CC003,987.0,BASELINE
2024-08-01,ACC012,CC004,7296.65,BASELINE
2024-08-01,ACC012,CC005,13403.85,BASELINE
2024-08-01,ACC012,CC006,2265.32,BASELINE
2024-08-01,ACC012,CC007,6953.92,BASELINE
2024-08-01,ACC012,CC008,7429.75,BASELINE
2024-08-01,ACC012,CC009,8910.13,BASELINE
2024-08-01,ACC012,CC010,938.59,BASELINE
2024-08-01,ACC012,CC011,6148.49,BASELINE
2024-08-01,ACC012,CC012,13727.77,BASELINE
2024-08-01,ACC012,CC013,8836.66,BASELINE
2024-08-01,ACC012,CC014,15990.36,BASELINE
2024-08-01,ACC012,CC015,5553.77,BASELINE
2024-09-01,ACC004,CC001,23804.8,BASELINE
2024-09-01,ACC004,CC002,13825.47,BASELINE
2024-09-01,ACC004,CC003,5015.89,BASELINE
2024-09-01,ACC004,CC004,20913.2,BASELINE
2024-09-01,ACC004,CC005,8707.38,BASELINE
2024-09-01,ACC004,CC006,2267.67,BASELINE
2024-09-01,ACC004,CC007,5092.78,BASELINE
2024-09-01,ACC004,CC008,3047.38,BASELINE
2024-09-01,ACC004,CC009,2612.46,BASELINE
2024-09-01,ACC004,CC010,4661.4,BASELINE
2024-09-01,ACC004,CC011,8009.9,BASELINE
2024-09-01,ACC004,CC012,11403.91,BASELINE
2024-09-01,ACC004,CC013,10724.72,BASELINE
2024-09-01,ACC004,CC014,17550.48,BASELINE
2024-09-01,ACC004,CC015,10269.47,BASELINE
2024-09-01,ACC005,CC001,9833.81,BASELINE
2024-09-01,ACC005,CC002,18203.72,BASELINE
2024-09-01,ACC005,CC003,4232.32,BASELINE
2024-09-01,ACC005,CC004,11998.41,BASELINE
2024-09-01,ACC005,CC005,8565.31,BASELINE
2024-09-01,ACC005,CC006,15031.89,BASELINE
2024-09-01,ACC005,CC007,15146.77,BASELINE
2024-09-01,ACC005,CC008,4323.94,BASELINE
2024-09-01,ACC005,CC009,8314.16,BASELINE
2024-09-01,ACC005,CC010,9489.81,BASELINE
2024-09-01,ACC005,CC011,5225.99,BASELINE
2024-09-01,ACC005,CC012,20632.3,BASELINE
2024-09-01,ACC005,CC013,6328.61,BASELINE
2024-09-01,ACC005,CC014,7029.12,BASELINE
2024-09-01,ACC005,CC015,3012.67,BASELINE
2024-09-01,ACC006,CC001,11655.92,BASELINE
2024-09-01,ACC006,CC002,16309.0,BASELINE
2024-09-01,ACC006,CC003,315.37,BASELINE
2024-09-01,ACC006,CC004,15789.77,BASELINE
2024-09-01,ACC006,CC005,8477.4,BASELINE
2024-09-01,ACC006,CC006,15159.63,BASELINE
2024-09-01,ACC006,CC007,17352.92,BASELINE
2024-09-01,ACC006,CC008,6805.49,BASELINE
2024-09-01,ACC006,CC009,754.86,BASELINE
2024-09-01,ACC006,CC010,7504.35,BASELINE
2024-09-01,ACC006,CC011,3045.53,BASELINE
2024-09-01,ACC006,CC012,7991.77,BASELINE
2024-09-01,ACC006,CC013,3291.79,BASELINE
2024-09-01,ACC006,CC014,5030.56,BASELINE
2024-09-01,ACC006,CC015,15252.57,BASELINE
2024-09-01,ACC007,CC001,9062.12,BASELINE
2024-09-01,ACC007,CC002,17759.1,BASELINE
2024-09-01,ACC007,CC003,10943.01,BASELINE
2024-09-01,ACC007,CC004,9046.35,BASELINE
2024-09-01,ACC007,CC005,1656.9,BASELINE
2024-09-01,ACC007,CC006,4683.29,BASELINE
2024-09-01,ACC007,CC007,4525.44,BASELINE
2024-09-01,ACC007,CC008,12096.72,BASELINE
2024-09-01,ACC007,CC009,1493.73,BASELINE
2024-09-01,ACC007,CC010,0.0,BASELINE
2024-09-01,ACC007,CC011,2813.17,BASELINE
2024-09-01,ACC007,CC012,5104.89,BASELINE
2024-09-01,ACC007,CC013,6943.89,BASELINE
2024-09-01,ACC007,CC014,14024.56,BASELINE
2024-09-01,ACC007,CC015,6955.58,BASELINE
2024-09-01,ACC008,CC001,5378.68,BASELINE
2024-09-01,ACC008,CC002,10937.19,BASELINE
2024-09-01,ACC008,CC003,3465.73,BASELINE
2024-09-01,ACC008,CC004,4982.43,BASELINE
2024-09-01,ACC008,CC005,5237.16,BASELINE
2024-09-01,ACC008,CC006,4454.19,BASELINE
2024-09-01,ACC008,CC007,6509.31,BASELINE
2024-09-01,ACC008,CC008,13483.11,BASELINE
2024-09-01,ACC008,CC009,7809.27,BASELINE
2024-09-01,ACC008,CC010,20448.34,BASELINE
2024-09-01,ACC008,CC011,536.29,BASELINE
2024-09-01,ACC008,CC012,17743.87,BASELINE
2024-09-01,ACC008,CC013,3778.8,BASELINE
2024-09-01,ACC008,CC014,8628.86,BASELINE
2024-09-01,ACC008,CC015,18363.7,BASELINE
2024-09-01,ACC009,CC001,11629.33,BASELINE
2024-09-01,ACC009,CC002,3265.49,BASELINE
2024-09-01,ACC009,CC003,8258.2,BASELINE
2024-09-01,ACC009,CC004,7457.64,BASELINE
2024-09-01,ACC009,CC005,2257.45,BASELINE
2024-09-01,ACC009,CC006,5044.3,BASELINE
2024-09-01,ACC009,CC007,4608.25,BASELINE
2024-09-01,ACC009,CC008,7874.65,BASELINE
2024-09-01,ACC009,CC009,3408.16,BASELINE
2024-09-01,ACC009,CC010,7290.28,BASELINE
2024-09-01,ACC009,CC011,3173.28,BASELINE
2024-09-01,ACC009,CC012,3679.58,BASELINE
2024-09-01,ACC009,CC013,6531.11,BASELINE
2024-09-01,ACC009,CC014,2773.92,BASELINE
2024-09-01,ACC009,CC015,6598.53,BASELINE
2024-09-01,ACC010,CC001,12219.55,BASELINE
2024-09-01,ACC010,CC002,6841.07,BASELINE
2024-09-01,ACC010,CC003,3573.42,BASELINE
2024-09-01,ACC010,CC004,12381.14,BASELINE
2024-09-01,ACC010,CC005,7046.85,BASELINE
2024-09-01,ACC010,CC006,4319.9,BASELINE
2024-09-01,ACC010,CC007,7506.74,BASELINE
2024-09-01,ACC010,CC008,26496.99,BASELINE
2024-09-01,ACC010,CC009,403.35,BASELINE
2024-09-01,ACC010,CC010,12761.91,BASELINE
2024-09-01,ACC010,CC011,6765.37,BASELINE
2024-09-01,ACC010,CC012,17201.23,BASELINE
2024-09-01,ACC010,CC013,0.0,BASELINE
2024-09-01,ACC010,CC014,6537.88,BASELINE
2024-09-01,ACC010,CC015,3719.87,BASELINE
2024-09-01,ACC011,CC001,15735.41,BASELINE
2024-09-01,ACC011,CC002,11589.89,BASELINE
2024-09-01,ACC011,CC003,16777.71,BASELINE
2024-09-01,ACC011,CC004,6227.51,BASELINE
2024-09-01,ACC011,CC005,9016.68,BASELINE
2024-09-01,ACC011,CC006,5376.02,BASELINE
2024-09-01,ACC011,CC007,393.67,BASELINE
2024-09-01,ACC011,CC008,2359.53,BASELINE
2024-09-01,ACC011,CC009,11692.56,BASELINE
2024-09-01,ACC011,CC010,7013.01,BASELINE
2024-09-01,ACC011,CC011,12648.8,BASELINE
2024-09-01,ACC011,CC012,4174.92,BASELINE
2024-09-01,ACC011,CC013,22483.54,BASELINE
2024-09-01,ACC011,CC014,6206.87,BASELINE
2024-09-01,ACC011,CC015,5724.58,BASELINE
2024-09-01,ACC012,CC001,14237.93,BASELINE
2024-09-01,ACC012,CC002,16840.12,BASELINE
2024-09-01,ACC012,CC003,4915.8,BASELINE
2024-09-01,ACC012,CC004,5702.46,BASELINE
2024-09-01,ACC012,CC005,1093.22,BASELINE
2024-09-01,ACC012,CC006,11057.79,BASELINE
2024-09-01,ACC012,CC007,10976.63,BASELINE
2024-09-01,ACC012,CC008,13938.33,BASELINE
2024-09-01,ACC012,CC009,9275.06,BASELINE
2024-09-01,ACC012,CC010,2104.14,BASELINE
2024-09-01,ACC012,CC011,1797.88,BASELINE
2024-09-01,ACC012,CC012,3801.6,BASELINE
2024-09-01,ACC012,CC013,11141.49,BASELINE
2024-09-01,ACC012,CC014,9780.18,BASELINE
2024-09-01,ACC012,CC015,3058.67,BASELINE
2024-10-01,ACC004,CC001,6616.86,BASELINE
2024-10-01,ACC004,CC002,10036.32,BASELINE
2024-10-01,ACC004,CC003,4444.88,BASELINE
2024-10-01,ACC004,CC004,16301.68,BASELINE
2024-10-01,ACC004,CC005,5744.46,BASELINE
2024-10-01,ACC004,CC006,7247.76,BASELINE
2024-10-01,ACC004,CC007,2805.38,BASELINE
2024-10-01,ACC004,CC008,10448.72,BASELINE
2024-10-01,ACC004,CC009,15383.01,BASELINE
2024-10-01,ACC004,CC010,8559.39,BASELINE
2024-10-01,ACC004,CC011,8595.31,BASELINE
2024-10-01,ACC004,CC012,3086.67,BASELINE
2024-10-01,ACC004,CC013,4463.47,BASELINE
2024-10-01,ACC004,CC014,5904.91,BASELINE
2024-10-01,ACC004,CC015,4706.53,BASELINE
2024-10-01,ACC005,CC001,5669.13,BASELINE
2024-10-01,ACC005,CC002,12842.46,BASELINE
2024-10-01,ACC005,CC003,8282.27,BASELINE
2024-10-01,ACC005,CC004,3617.75,BASELINE
2024-10-01,ACC005,CC005,2399.69,BASELINE
2024-10-01,ACC005,CC006,3112.32,BASELINE
2024-10-01,ACC005,CC007,5818.1,BASELINE
2024-10-01,ACC005,CC008,5468.63,BASELINE
2024-10-01,ACC005,CC009,1487.0,BASELINE
2024-10-01,ACC005,CC010,9721.17,BASELINE
2024-10-01,ACC005,CC011,6952.56,BASELINE
2024-10-01,ACC005,CC012,3501.51,BASELINE
2024-10-01,ACC005,CC013,8097.58,BASELINE
2024-10-01,ACC005,CC014,11694.14,BASELINE
2024-10-01,ACC005,CC015,6589.93,BASELINE
2024-10-01,ACC006,CC001,10392.44,BASELINE
2024-10-01,ACC006,CC002,2791.39,BASELINE
2024-10-01,ACC006,CC003,4379.04,BASELINE
2024-10-01,ACC006,CC004,9046.76,BASELINE
2024-10-01,ACC006,CC005,2851.13,BASELINE
2024-10-01,ACC006,CC006,2554.5,BASELINE
2024-10-01,ACC006,CC007,3267.3,BASELINE
2024-10-01,ACC006,CC008,8047.82,BASELINE
2024-10-01,ACC006,CC009,238.48,BASELINE
2024-10-01,ACC006,CC010,6737.84,BASELINE
2024-10-01,ACC006,CC011,10985.14,BASELINE
2024-10-01,ACC006,CC012,6845.13,BASELINE
2024-10-01,ACC006,CC013,4472.02,BASELINE
2024-10-01,ACC006,CC014,5853.48,BASELINE
2024-10-01,ACC006,CC015,19712.73,BASELINE
2024-10-01,ACC007,CC001,1759.4,BASELINE
2024-10-01,ACC007,CC002,16285.65,BASELINE
2024-10-01,ACC007,CC003,4310.57,BASELINE
2024-10-01,ACC007,CC004,11890.14,BASELINE
2024-10-01,ACC007,CC005,12867.64,BASELINE
2024-10-01,ACC007,CC006,227.99,BASELINE
2024-10-01,ACC007,CC007,14854.99,BASELINE
2024-10-01,ACC007,CC008,11153.42,BASELINE
2024-10-01,ACC007,CC009,10494.48,BASELINE
2024-10-01,ACC007,CC010,18334.99,BASELINE
2024-10-01,ACC007,CC011,7335.98,BASELINE
2024-10-01,ACC007,CC012,22798.64,BASELINE
2024-10-01,ACC007,CC013,3810.47,BASELINE
2024-10-01,ACC007,CC014,10905.14,BASELINE
2024-10-01,ACC007,CC015,10493.03,BASELINE
2024-10-01,ACC008,CC001,26362.51,BASELINE
2024-10-01,ACC008,CC002,4892.6,BASELINE
2024-10-01,ACC008,CC003,3089.34,BASELINE
2024-10-01,ACC008,CC004,27433.85,BASELINE
2024-10-01,ACC008,CC005,8533.96,BASELINE
2024-10-01,ACC008,CC006,6385.05,BASELINE
2024-10-01,ACC008,CC007,701.13,BASELINE
2024-10-01,ACC008,CC008,10096.58,BASELINE
2024-10-01,ACC008,CC009,9292.74,BASELINE
2024-10-01,ACC008,CC010,6234.76,BASELINE
2024-10-01,ACC008,CC011,2722.15,BASELINE
2024-10-01,ACC008,CC012,9708.4,BASELINE
2024-10-01,ACC008,CC013,1841.28,BASELINE
2024-10-01,ACC008,CC014,8674.25,BASELINE
2024-10-01,ACC008,CC015,6652.26,BASELINE
2024-10-01,ACC009,CC001,3744.56,BASELINE
2024-10-01,ACC009,CC002,4194.01,BASELINE
2024-10-01,ACC009,CC003,3878.97,BASELINE
2024-10-01,ACC009,CC004,2839.23,BASELINE
2024-10-01,ACC009,CC005,5677.35,BASELINE
2024-10-01,ACC009,CC006,3870.99,BASELINE
2024-10-01,ACC009,CC007,8028.72,BASELINE
2024-10-01,ACC009,CC008,18176.83,BASELINE
2024-10-01,ACC009,CC009,7342.69,BASELINE
2024-10-01,ACC009,CC010,4708.96,BASELINE
2024-10-01,ACC009,CC011,3852.88,BASELINE
2024-10-01,ACC009,CC012,19177.79,BASELINE
2024-10-01,ACC009,CC013,3302.47,BASELINE
2024-10-01,ACC009,CC014,12446.14,BASELINE
2024-10-01,ACC009,CC015,16611.36,BASELINE
2024-10-01,ACC010,CC001,860.74,BASELINE
2024-10-01,ACC010,CC002,8955.77,BASELINE
2024-10-01,ACC010,CC003,5784.3,BASELINE
2024-10-01,ACC010,CC004,5296.3,BASELINE
2024-10-01,ACC010,CC005,7591.83,BASELINE
2024-10-01,ACC010,CC006,10048.3,BASELINE
2024-10-01,ACC010,CC007,11425.13,BASELINE
2024-10-01,ACC010,CC008,0.0,BASELINE
2024-10-01,ACC010,CC009,5903.5,BASELINE
2024-10-01,ACC010,CC010,398.38,BASELINE
2024-10-01,ACC010,CC011,3526.87,BASELINE
2024-10-01,ACC010,CC012,3836.82,BASELINE
2024-10-01,ACC010,CC013,6160.92,BASELINE
2024-10-01,ACC010,CC014,4030.45,BASELINE
2024-10-01,ACC010,CC015,8793.88,BASELINE
2024-10-01,ACC011,CC001,20550.74,BASELINE
2024-10-01,ACC011,CC002,17400.9,BASELINE
2024-10-01,ACC011,CC003,4348.83,BASELINE
2024-10-01,ACC011,CC004,2492.97,BASELINE
2024-10-01,ACC011,CC005,8709.84,BASELINE
2024-10-01,ACC011,CC006,3346.01,BASELINE
2024-10-01,ACC011,CC007,10996.9,BASELINE
2024-10-01,ACC011,CC008,1939.37,BASELINE
2024-10-01,ACC011,CC009,13972.97,BASELINE
2024-10-01,ACC011,CC010,4033.87,BASELINE
2024-10-01,ACC011,CC011,15712.51,BASELINE
2024-10-01,ACC011,CC012,17445.58,BASELINE
2024-10-01,ACC011,CC013,4826.5,BASELINE
2024-10-01,ACC011,CC014,9969.82,BASELINE
2024-10-01,ACC011,CC015,14147.8,BASELINE
2024-10-01,ACC012,CC001,7981.61,BASELINE
2024-10-01,ACC012,CC002,11027.34,BASELINE
2024-10-01,ACC012,CC003,6023.27,BASELINE
2024-10-01,ACC012,CC004,14207.05,BASELINE
2024-10-01,ACC012,CC005,9843.88,BASELINE
2024-10-01,ACC012,CC006,7873.65,BASELINE
2024-10-01,ACC012,CC007,8669.53,BASELINE
2024-10-01,ACC012,CC008,7444.67,BASELINE
2024-10-01,ACC012,CC009,16258.42,BASELINE
2024-10-01,ACC012,CC010,4443.26,BASELINE
2024-10-01,ACC012,CC011,4165.14,BASELINE
2024-10-01,ACC012,CC012,7135.19,BASELINE
2024-10-01,ACC012,CC013,2385.79,BASELINE
2024-10-01,ACC012,CC014,4840.31,BASELINE
2024-10-01,ACC012,CC015,16005.22,BASELINE
2024-11-01,ACC004,CC001,4980.74,BASELINE
2024-11-01,ACC004,CC002,13557.13,BASELINE
2024-11-01,ACC004,CC003,4004.68,BASELINE
2024-11-01,ACC004,CC004,13334.73,BASELINE
2024-11-01,ACC004,CC005,10276.14,BASELINE
2024-11-01,ACC004,CC006,17835.12,BASELINE
2024-11-01,ACC004,CC007,2453.49,BASELINE
2024-11-01,ACC004,CC008,5610.98,BASELINE
2024-11-01,ACC004,CC009,7562.12,BASELINE
2024-11-01,ACC004,CC010,12585.76,BASELINE
2024-11-01,ACC004,CC011,16329.46,BASELINE
2024-11-01,ACC004,CC012,8623.81,BASELINE
2024-11-01,ACC004,CC013,8373.73,BASELINE
2024-11-01,ACC004,CC014,4904.38,BASELINE
2024-11-01,ACC004,CC015,2700.68,BASELINE
2024-11-01,ACC005,CC001,6873.9,BASELINE
2024-11-01,ACC005,CC002,18864.07,BASELINE
2024-11-01,ACC005,CC003,2788.31,BASELINE
2024-11-01,ACC005,CC004,14394.79,BASELINE
2024-11-01,ACC005,CC005,2399.31,BASELINE
2024-11-01,ACC005,CC006,4753.95,BASELINE
2024-11-01,ACC005,CC007,9548.2,BASELINE
2024-11-01,ACC005,CC008,12049.98,BASELINE
2024-11-01,ACC005,CC009,15320.91,BASELINE
2024-11-01,ACC005,CC010,1466.2,BASELINE
2024-11-01,ACC005,CC011,623.61,BASELINE
2024-11-01,ACC005,CC012,14474.44,BASELINE
2024-11-01,ACC005,CC013,17683.12,BASELINE
2024-11-01,ACC005,CC014,4755.54,BASELINE
2024-11-01,ACC005,CC015,7614.89,BASELINE
2024-11-01,ACC006,CC001,2642.51,BASELINE
2024-11-01,ACC006,CC002,2812.4,BASELINE
2024-11-01,ACC006,CC003,5403.12,BASELINE
2024-11-01,ACC006,CC004,6784.16,BASELINE
2024-11-01,ACC006,CC005,13267.59,BASELINE
2024-11-01,ACC006,CC006,7390.69,BASELINE
2024-11-01,ACC006,CC007,8604.83,BASELINE
2024-11-01,ACC006,CC008,9495.46,BASELINE
2024-11-01,ACC006,CC009,3419.35,BASELINE
2024-11-01,ACC006,CC010,3899.68,BASELINE
2024-11-01,ACC006,CC011,4913.94,BASELINE
2024-11-01,ACC006,CC012,2704.9,BASELINE
2024-11-01,ACC006,CC013,3697.26,BASELINE
2024-11-01,ACC006,CC014,7891.9,BASELINE
2024-11-01,ACC006,CC015,8341.48,BASELINE
2024-11-01,ACC007,CC001,17635.09,BASELINE
2024-11-01,ACC007,CC002,5619.65,BASELINE
2024-11-01,ACC007,CC003,1728.76,BASELINE
2024-11-01,ACC007,CC004,20081.04,BASELINE
2024-11-01,ACC007,CC005,15659.03,BASELINE
2024-11-01,ACC007,CC006,719.76,BASELINE
2024-11-01,ACC007,CC007,4264.51,BASELINE
2024-11-01,ACC007,CC008,4707.58,BASELINE
2024-11-01,ACC007,CC009,20420.32,BASELINE
2024-11-01,ACC007,CC010,20005.28,BASELINE
2024-11-01,ACC007,CC011,16971.45,BASELINE
2024-11-01,ACC007,CC012,2399.69,BASELINE
2024-11-01,ACC007,CC013,8781.73,BASELINE
2024-11-01,ACC007,CC014,8180.93,BASELINE
2024-11-01,ACC007,CC015,6776.37,BASELINE
2024-11-01,ACC008,CC001,4114.8,BASELINE
2024-11-01,ACC008,CC002,11120.63,BASELINE
2024-11-01,ACC008,CC003,3649.24,BASELINE
2024-11-01,ACC008,CC004,2109.8,BASELINE
2024-11-01,ACC008,CC005,11698.12,BASELINE
2024-11-01,ACC008,CC006,13413.57,BASELINE
2024-11-01,ACC008,CC007,14769.38,BASELINE
2024-11-01,ACC008,CC008,3084.71,BASELINE
2024-11-01,ACC008,CC009,6565.89,BASELINE
2024-11-01,ACC008,CC010,4081.12,BASELINE
2024-11-01,ACC008,CC011,3397.45,BASELINE
2024-11-01,ACC008,CC012,2765.14,BASELINE
2024-11-01,ACC008,CC013,8502.74,BASELINE
2024-11-01,ACC008,CC014,10841.7,BASELINE
2024-11-01,ACC008,CC015,2663.4,BASELINE
2024-11-01,ACC009,CC001,13598.66,BASELINE
2024-11-01,ACC009,CC002,25309.55,BASELINE
2024-11-01,ACC009,CC003,1087.19,BASELINE
2024-11-01,ACC009,CC004,3267.86,BASELINE
2024-11-01,ACC009,CC005,13438.96,BASELINE
2024-11-01,ACC009,CC006,1705.74,BASELINE
2024-11-01,ACC009,CC007,6006.82,BASELINE
2024-11-01,ACC009,CC008,5375.22,BASELINE
2024-11-01,ACC009,CC009,5323.21,BASELINE
2024-11-01,ACC009,CC010,4178.3,BASELINE
2024-11-01,ACC009,CC011,24189.64,BASELINE
2024-11-01,ACC009,CC012,3526.27,BASELINE
2024-11-01,ACC009,CC013,6087.16,BASELINE
2024-11-01,ACC009,CC014,3453.33,BASELINE
2024-11-01,ACC009,CC015,8672.63,BASELINE
2024-11-01,ACC010,CC001,19801.83,BASELINE
2024-11-01,ACC010,CC002,3888.28,BASELINE
2024-11-01,ACC010,CC003,3940.1,BASELINE
2024-11-01,ACC010,CC004,6295.43,BASELINE
2024-11-01,ACC010,CC005,7102.32,BASELINE
2024-11-01,ACC010,CC006,8181.32,BASELINE
2024-11-01,ACC010,CC007,12456.55,BASELINE
2024-11-01,ACC010,CC008,4179.45,BASELINE
2024-11-01,ACC010,CC009,10369.8,BASELINE
2024-11-01,ACC010,CC010,8818.91,BASELINE
2024-11-01,ACC010,CC011,0.0,BASELINE
2024-11-01,ACC010,CC012,21287.15,BASELINE
2024-11-01,ACC010,CC013,4716.38,BASELINE
2024-11-01,ACC010,CC014,7314.6,BASELINE
2024-11-01,ACC010,CC015,11632.63,BASELINE
2024-11-01,ACC011,CC001,4375.72,BASELINE
2024-11-01,ACC011,CC002,20288.32,BASELINE
2024-11-01,ACC011,CC003,2274.97,BASELINE
2024-11-01,ACC011,CC004,3194.48,BASELINE
2024-11-01,ACC011,CC005,18456.02,BASELINE
2024-11-01,ACC011,CC006,11031.16,BASELINE
2024-11-01,ACC011,CC007,6180.85,BASELINE
2024-11-01,ACC011,CC008,860.57,BASELINE
2024-11-01,ACC011,CC009,3767.44,BASELINE
2024-11-01,ACC011,CC010,9803.77,BASELINE
2024-11-01,ACC011,CC011,5921.89,BASELINE
2024-11-01,ACC011,CC012,5178.69,BASELINE
2024-11-01,ACC011,CC013,2616.89,BASELINE
2024-11-01,ACC011,CC014,14653.39,BASELINE
2024-11-01,ACC011,CC015,4435.8,BASELINE
2024-11-01,ACC012,CC001,2885.99,BASELINE
2024-11-01,ACC012,CC002,0.0,BASELINE
2024-11-01,ACC012,CC003,4090.28,BASELINE
2024-11-01,ACC012,CC004,9949.74,BASELINE
2024-11-01,ACC012,CC005,13134.58,BASELINE
2024-11-01,ACC012,CC006,11932.75,BASELINE
2024-11-01,ACC012,CC007,19418.4,BASELINE
2024-11-01,ACC012,CC008,20425.44,BASELINE
2024-11-01,ACC012,CC009,18147.11,BASELINE
2024-11-01,ACC012,CC010,6117.0,BASELINE
2024-11-01,ACC012,CC011,27419.64,BASELINE
2024-11-01,ACC012,CC012,9297.63,BASELINE
2024-11-01,ACC012,CC013,1682.02,BASELINE
2024-11-01,ACC012,CC014,14810.54,BASELINE
2024-11-01,ACC012,CC015,4227.61,BASELINE
2024-12-01,ACC004,CC001,1509.67,BASELINE
2024-12-01,ACC004,CC002,8593.45,BASELINE
2024-12-01,ACC004,CC003,12308.35,BASELINE
2024-12-01,ACC004,CC004,10968.3,BASELINE
2024-12-01,ACC004,CC005,13054.42,BASELINE
2024-12-01,ACC004,CC006,10606.74,BASELINE
2024-12-01,ACC004,CC007,5215.47,BASELINE
2024-12-01,ACC004,CC008,20666.98,BASELINE
2024-12-01,ACC004,CC009,7223.68,BASELINE
2024-12-01,ACC004,CC010,41216.39,BASELINE
2024-12-01,ACC004,CC011,6157.73,BASELINE
2024-12-01,ACC004,CC012,4499.57,BASELINE
2024-12-01,ACC004,CC013,4027.42,BASELINE
2024-12-01,ACC004,CC014,9516.18,BASELINE
2024-12-01,ACC004,CC015,32353.63,BASELINE
2024-12-01,ACC005,CC001,1831.99,BASELINE
2024-12-01,ACC005,CC002,3648.67,BASELINE
2024-12-01,ACC005,CC003,26515.2,BASELINE
2024-12-01,ACC005,CC004,2790.34,BASELINE
2024-12-01,ACC005,CC005,3105.67,BASELINE
2024-12-01,ACC005,CC006,9089.9,BASELINE
2024-12-01,ACC005,CC007,10217.15,BASELINE
2024-12-01,ACC005,CC008,8897.27,BASELINE
2024-12-01,ACC005,CC009,10651.45,BASELINE
2024-12-01,ACC005,CC010,980.61,BASELINE
2024-12-01,ACC005,CC011,15370.94,BASELINE
2024-12-01,ACC005,CC012,14106.84,BASELINE
2024-12-01,ACC005,CC013,2150.81,BASELINE
2024-12-01,ACC005,CC014,8742.65,BASELINE
2024-12-01,ACC005,CC015,7485.15,BASELINE
2024-12-01,ACC006,CC001,2174.31,BASELINE
2024-12-01,ACC006,CC002,6081.08,BASELINE
2024-12-01,ACC006,CC003,13589.71,BASELINE
2024-12-01,ACC006,CC004,4216.83,BASELINE
2024-12-01,ACC006,CC005,6288.99,BASELINE
2024-12-01,ACC006,CC006,6120.36,BASELINE
2024-12-01,ACC006,CC007,2524.37,BASELINE
2024-12-01,ACC006,CC008,14157.75,BASELINE
2024-12-01,ACC006,CC009,5703.36,BASELINE
2024-12-01,ACC006,CC010,10618.71,BASELINE
2024-12-01,ACC006,CC011,1303.71,BASELINE
2024-12-01,ACC006,CC012,31166.23,BASELINE
2024-12-01,ACC006,CC013,2395.92,BASELINE
2024-12-01,ACC006,CC014,7939.16,BASELINE
2024-12-01,ACC006,CC015,1900.89,BASELINE
2024-12-01,ACC007,CC001,4627.94,BASELINE
2024-12-01,ACC007,CC002,3547.61,BASELINE
2024-12-01,ACC007,CC003,2108.54,BASELINE
2024-12-01,ACC007,CC004,1671.01,BASELINE
2024-12-01,ACC007,CC005,14484.06,BASELINE
2024-12-01,ACC007,CC006,6521.43,BASELINE
2024-12-01,ACC007,CC007,7253.2,BASELINE
2024-12-01,ACC007,CC008,5585.53,BASELINE
2024-12-01,ACC007,CC009,1354.91,BASELINE
2024-12-01,ACC007,CC010,11863.27,BASELINE
2024-12-01,ACC007,CC011,6557.43,BASELINE
2024-12-01,ACC007,CC012,14604.64,BASELINE
2024-12-01,ACC007,CC013,5661.68,BASELINE
2024-12-01,ACC007,CC014,10458.39,BASELINE
2024-12-01,ACC007,CC015,11947.2,BASELINE
2024-12-01,ACC008,CC001,4940.59,BASELINE
2024-12-01,ACC008,CC002,3431.49,BASELINE
2024-12-01,ACC008,CC003,6870.06,BASELINE
2024-12-01,ACC008,CC004,2222.22,BASELINE
2024-12-01,ACC008,CC005,5946.72,BASELINE
2024-12-01,ACC008,CC006,2960.77,BASELINE
2024-12-01,ACC008,CC007,3955.36,BASELINE
2024-12-01,ACC008,CC008,4766.96,BASELINE
2024-12-01,ACC008,CC009,8975.06,BASELINE
2024-12-01,ACC008,CC010,2234.79,BASELINE
2024-12-01,ACC008,CC011,3205.53,BASELINE
2024-12-01,ACC008,CC012,7116.94,BASELINE
2024-12-01,ACC008,CC013,3643.29,BASELINE
2024-12-01,ACC008,CC014,11923.77,BASELINE
2024-12-01,ACC008,CC015,5451.11,BASELINE
2024-12-01,ACC009,CC001,7259.66,BASELINE
2024-12-01,ACC009,CC002,3817.36,BASELINE
2024-12-01,ACC009,CC003,1057.43,BASELINE
2024-12-01,ACC009,CC004,6117.01,BASELINE
2024-12-01,ACC009,CC005,5752.38,BASELINE
2024-12-01,ACC009,CC006,13959.38,BASELINE
2024-12-01,ACC009,CC007,5397.78,BASELINE
2024-12-01,ACC009,CC008,5805.66,BASELINE
2024-12-01,ACC009,CC009,508.26,BASELINE
2024-12-01,ACC009,CC010,4568.3,BASELINE
2024-12-01,ACC009,CC011,3942.85,BASELINE
2024-12-01,ACC009,CC012,0.0,BASELINE
2024-12-01,ACC009,CC013,7781.47,BASELINE
2024-12-01,ACC009,CC014,2641.11,BASELINE
2024-12-01,ACC009,CC015,12576.77,BASELINE
2024-12-01,ACC010,CC001,5732.61,BASELINE
2024-12-01,ACC010,CC002,5709.4,BASELINE
2024-12-01,ACC010,CC003,2919.66,BASELINE
2024-12-01,ACC010,CC004,5739.73,BASELINE
2024-12-01,ACC010,CC005,145.09,BASELINE
2024-12-01,ACC010,CC006,29680.12,BASELINE
2024-12-01,ACC010,CC007,30305.46,BASELINE
2024-12-01,ACC010,CC008,5410.26,BASELINE
2024-12-01,ACC010,CC009,2027.99,BASELINE
2024-12-01,ACC010,CC010,6843.07,BASELINE
2024-12-01,ACC010,CC011,7306.36,BASELINE
2024-12-01,ACC010,CC012,9506.74,BASELINE
2024-12-01,ACC010,CC013,7827.74,BASELINE
2024-12-01,ACC010,CC014,7059.33,BASELINE
2024-12-01,ACC010,CC015,2762.79,BASELINE
2024-12-01,ACC011,CC001,15345.43,BASELINE
2024-12-01,ACC011,CC002,5683.56,BASELINE
2024-12-01,ACC011,CC003,3281.93,BASELINE
2024-12-01,ACC011,CC004,5441.06,BASELINE
2024-12-01,ACC011,CC005,1949.49,BASELINE
2024-12-01,ACC011,CC006,7395.91,BASELINE
2024-12-01,ACC011,CC007,1413.52,BASELINE
2024-12-01,ACC011,CC008,1828.1,BASELINE
2024-12-01,ACC011,CC009,24234.78,BASELINE
2024-12-01,ACC011,CC010,2182.47,BASELINE
2024-12-01,ACC011,CC011,14699.99,BASELINE
2024-12-01,ACC011,CC012,15794.19,BASELINE
2024-12-01,ACC011,CC013,2636.11,BASELINE
2024-12-01,ACC011,CC014,2125.71,BASELINE
2024-12-01,ACC011,CC015,4483.61,BASELINE
2024-12-01,ACC012,CC001,0.0,BASELINE
2024-12-01,ACC012,CC002,5189.33,BASELINE
2024-12-01,ACC012,CC003,7681.32,BASELINE
2024-12-01,ACC012,CC004,2444.14,BASELINE
2024-12-01,ACC012,CC005,25901.98,BASELINE
2024-12-01,ACC012,CC006,4654.04,BASELINE
2024-12-01,ACC012,CC007,2985.71,BASELINE
2024-12-01,ACC012,CC008,18887.78,BASELINE
2024-12-01,ACC012,CC009,26218.2,BASELINE
2024-12-01,ACC012,CC010,4867.65,BASELINE
2024-12-01,ACC012,CC011,10001.83,BASELINE
2024-12-01,ACC012,CC012,18092.34,BASELINE
2024-12-01,ACC012,CC013,7647.84,BASELINE
2024-12-01,ACC012,CC014,13152.46,BASELINE
2024-12-01,ACC012,CC015,5914.91,BASELINE
2025-01-01,ACC004,CC001,3300.62,BASELINE
2025-01-01,ACC004,CC002,0.0,BASELINE
2025-01-01,ACC004,CC003,10646.06,BASELINE
2025-01-01,ACC004,CC004,5237.95,BASELINE
2025-01-01,ACC004,CC005,6226.89,BASELINE
2025-01-01,ACC004,CC006,13267.17,BASELINE
2025-01-01,ACC004,CC007,0.0,BASELINE
2025-01-01,ACC004,CC008,31772.72,BASELINE
2025-01-01,ACC004,CC009,5696.27,BASELINE
2025-01-01,ACC004,CC010,2855.88,BASELINE
2025-01-01,ACC004,CC011,7556.73,BASELINE
2025-01-01,ACC004,CC012,7699.52,BASELINE
2025-01-01,ACC004,CC013,1222.53,BASELINE
2025-01-01,ACC004,CC014,7682.11,BASELINE
2025-01-01,ACC004,CC015,5716.82,BASELINE
2025-01-01,ACC005,CC001,8404.18,BASELINE
2025-01-01,ACC005,CC002,508.0,BASELINE
2025-01-01,ACC005,CC003,8810.99,BASELINE
2025-01-01,ACC005,CC004,13636.95,BASELINE
2025-01-01,ACC005,CC005,9253.14,BASELINE
2025-01-01,ACC005,CC006,4960.9,BASELINE
2025-01-01,ACC005,CC007,5036.03,BASELINE
2025-01-01,ACC005,CC008,3637.05,BASELINE
2025-01-01,ACC005,CC009,11960.81,BASELINE
2025-01-01,ACC005,CC010,17681.85,BASELINE
2025-01-01,ACC005,CC011,9395.66,BASELINE
2025-01-01,ACC005,CC012,5450.75,BASELINE
2025-01-01,ACC005,CC013,11947.17,BASELINE
2025-01-01,ACC005,CC014,4188.96,BASELINE
2025-01-01,ACC005,CC015,5296.94,BASELINE
2025-01-01,ACC006,CC001,5424.14,BASELINE
2025-01-01,ACC006,CC002,15608.44,BASELINE
2025-01-01,ACC006,CC003,16531.56,BASELINE
2025-01-01,ACC006,CC004,1704.61,BASELINE
2025-01-01,ACC006,CC005,8013.99,BASELINE
2025-01-01,ACC006,CC006,10181.5,BASELINE
2025-01-01,ACC006,CC007,8557.32,BASELINE
2025-01-01,ACC006,CC008,3956.41,BASELINE
2025-01-01,ACC006,CC009,28894.61,BASELINE
2025-01-01,ACC006,CC010,7335.24,BASELINE
2025-01-01,ACC006,CC011,6969.33,BASELINE
2025-01-01,ACC006,CC012,11348.04,BASELINE
2025-01-01,ACC006,CC013,11147.54,BASELINE
2025-01-01,ACC006,CC014,4769.48,BASELINE
2025-01-01,ACC006,CC015,4567.7,BASELINE
2025-01-01,ACC007,CC001,3472.96,BASELINE
2025-01-01,ACC007,CC002,1961.53,BASELINE
2025-01-01,ACC007,CC003,22468.91,BASELINE
2025-01-01,ACC007,CC004,11043.37,BASELINE
2025-01-01,ACC007,CC005,16974.64,BASELINE
2025-01-01,ACC007,CC006,2547.1,BASELINE
2025-01-01,ACC007,CC007,7609.98,BASELINE
2025-01-01,ACC007,CC008,1553.98,BASELINE
2025-01-01,ACC007,CC009,2185.89,BASELINE
2025-01-01,ACC007,CC010,15041.45,BASELINE
2025-01-01,ACC007,CC011,1531.98,BASELINE
2025-01-01,ACC007,CC012,2034.49,BASELINE
2025-01-01,ACC007,CC013,2701.32,BASELINE
2025-01-01,ACC007,CC014,14866.73,BASELINE
2025-01-01,ACC007,CC015,23320.92,BASELINE
2025-01-01,ACC008,CC001,4425.38,BASELINE
2025-01-01,ACC008,CC002,3556.64,BASELINE
2025-01-01,ACC008,CC003,8279.35,BASELINE
2025-01-01,ACC008,CC004,21200.8,BASELINE
2025-01-01,ACC008,CC005,6540.84,BASELINE
2025-01-01,ACC008,CC006,8838.21,BASELINE
2025-01-01,ACC008,CC007,6365.16,BASELINE
2025-01-01,ACC008,CC008,8582.02,BASELINE
2025-01-01,ACC008,CC009,5108.42,BASELINE
2025-01-01,ACC008,CC010,10099.71,BASELINE
2025-01-01,ACC008,CC011,6240.61,BASELINE
2025-01-01,ACC008,CC012,4429.8,BASELINE
2025-01-01,ACC008,CC013,3663.56,BASELINE
2025-01-01,ACC008,CC014,9475.97,BASELINE
2025-01-01,ACC008,CC015,4640.32,BASELINE
2025-01-01,ACC009,CC001,13402.25,BASELINE
2025-01-01,ACC009,CC002,5417.09,BASELINE
2025-01-01,ACC009,CC003,9476.01,BASELINE
2025-01-01,ACC009,CC004,39783.1,BASELINE
2025-01-01,ACC009,CC005,24215.35,BASELINE
2025-01-01,ACC009,CC006,403.16,BASELINE
2025-01-01,ACC009,CC007,3137.37,BASELINE
2025-01-01,ACC009,CC008,7424.84,BASELINE
2025-01-01,ACC009,CC009,1923.17,BASELINE
2025-01-01,ACC009,CC010,9565.17,BASELINE
2025-01-01,ACC009,CC011,543.79,BASELINE
2025-01-01,ACC009,CC012,18717.72,BASELINE
2025-01-01,ACC009,CC013,14353.2,BASELINE
2025-01-01,ACC009,CC014,7860.86,BASELINE
2025-01-01,ACC009,CC015,11291.94,BASELINE
2025-01-01,ACC010,CC001,9879.47,BASELINE
2025-01-01,ACC010,CC002,8771.17,BASELINE
2025-01-01,ACC010,CC003,7854.34,BASELINE
2025-01-01,ACC010,CC004,13439.7,BASELINE
2025-01-01,ACC010,CC005,5055.34,BASELINE
2025-01-01,ACC010,CC006,5916.83,BASELINE
2025-01-01,ACC010,CC007,7124.56,BASELINE
2025-01-01,ACC010,CC008,4866.64,BASELINE
2025-01-01,ACC010,CC009,10918.4,BASELINE
2025-01-01,ACC010,CC010,7641.62,BASELINE
2025-01-01,ACC010,CC011,10345.45,BASELINE
2025-01-01,ACC010,CC012,2981.21,BASELINE
2025-01-01,ACC010,CC013,11913.06,BASELINE
2025-01-01,ACC010,CC014,4826.15,BASELINE
2025-01-01,ACC010,CC015,2926.54,BASELINE
2025-01-01,ACC011,CC001,2592.84,BASELINE
2025-01-01,ACC011,CC002,2627.56,BASELINE
2025-01-01,ACC011,CC003,8201.14,BASELINE
2025-01-01,ACC011,CC004,4338.78,BASELINE
2025-01-01,ACC011,CC005,2871.43,BASELINE
2025-01-01,ACC011,CC006,4367.17,BASELINE
2025-01-01,ACC011,CC007,5679.24,BASELINE
2025-01-01,ACC011,CC008,144.29,BASELINE
2025-01-01,ACC011,CC009,8677.28,BASELINE
2025-01-01,ACC011,CC010,1691.32,BASELINE
2025-01-01,ACC011,CC011,5501.36,BASELINE
2025-01-01,ACC011,CC012,13101.24,BASELINE
2025-01-01,ACC011,CC013,8171.51,BASELINE
2025-01-01,ACC011,CC014,15706.32,BASELINE
2025-01-01,ACC011,CC015,5817.18,BASELINE
2025-01-01,ACC012,CC001,15110.56,BASELINE
2025-01-01,ACC012,CC002,0.0,BASELINE
2025-01-01,ACC012,CC003,10312.7,BASELINE
2025-01-01,ACC012,CC004,1948.62,BASELINE
2025-01-01,ACC012,CC005,4201.16,BASELINE
2025-01-01,ACC012,CC006,1497.02,BASELINE
2025-01-01,ACC012,CC007,10421.43,BASELINE
2025-01-01,ACC012,CC008,8370.02,BASELINE
2025-01-01,ACC012,CC009,3637.57,BASELINE
2025-01-01,ACC012,CC010,1789.51,BASELINE
2025-01-01,ACC012,CC011,5920.33,BASELINE
2025-01-01,ACC012,CC012,19975.6,BASELINE
2025-01-01,ACC012,CC013,13221.58,BASELINE
2025-01-01,ACC012,CC014,9640.22,BASELINE
2025-01-01,ACC012,CC015,2648.73,BASELINE
2025-02-01,ACC004,CC001,12534.16,BASELINE
2025-02-01,ACC004,CC002,10489.39,BASELINE
2025-02-01,ACC004,CC003,9050.15,BASELINE
2025-02-01,ACC004,CC004,3077.5,BASELINE
2025-02-01,ACC004,CC005,13487.33,BASELINE
2025-02-01,ACC004,CC006,6505.38,BASELINE
2025-02-01,ACC004,CC007,5737.64,BASELINE
2025-02-01,ACC004,CC008,1468.84,BASELINE
2025-02-01,ACC004,CC009,2583.05,BASELINE
2025-02-01,ACC004,CC010,1764.74,BASELINE
2025-02-01,ACC004,CC011,653.04,BASELINE
2025-02-01,ACC004,CC012,5401.16,BASELINE
2025-02-01,ACC004,CC013,23506.8,BASELINE
2025-02-01,ACC004,CC014,22395.54,BASELINE
2025-02-01,ACC004,CC015,4601.87,BASELINE
2025-02-01,ACC005,CC001,7157.85,BASELINE
2025-02-01,ACC005,CC002,18294.66,BASELINE
2025-02-01,ACC005,CC003,20387.21,BASELINE
2025-02-01,ACC005,CC004,3485.65,BASELINE
2025-02-01,ACC005,CC005,4301.31,BASELINE
2025-02-01,ACC005,CC006,5039.07,BASELINE
2025-02-01,ACC005,CC007,1475.18,BASELINE
2025-02-01,ACC005,CC008,14539.96,BASELINE
2025-02-01,ACC005,CC009,3024.37,BASELINE
2025-02-01,ACC005,CC010,39951.05,BASELINE
2025-02-01,ACC005,CC011,3343.46,BASELINE
2025-02-01,ACC005,CC012,4478.65,BASELINE
2025-02-01,ACC005,CC013,3402.46,BASELINE
2025-02-01,ACC005,CC014,8594.58,BASELINE
2025-02-01,ACC005,CC015,15336.2,BASELINE
2025-02-01,ACC006,CC001,4909.59,BASELINE
2025-02-01,ACC006,CC002,4351.28,BASELINE
2025-02-01,ACC006,CC003,7249.52,BASELINE
2025-02-01,ACC006,CC004,4084.43,BASELINE
2025-02-01,ACC006,CC005,6610.99,BASELINE
2025-02-01,ACC006,CC006,2585.93,BASELINE
2025-02-01,ACC006,CC007,22348.78,BASELINE
2025-02-01,ACC006,CC008,8191.99,BASELINE
2025-02-01,ACC006,CC009,8232.68,BASELINE
2025-02-01,ACC006,CC010,4900.38,BASELINE
2025-02-01,ACC006,CC011,3388.93,BASELINE
2025-02-01,ACC006,CC012,8181.7,BASELINE
2025-02-01,ACC006,CC013,7217.58,BASELINE
2025-02-01,ACC006,CC014,12573.82,BASELINE
2025-02-01,ACC006,CC015,1703.07,BASELINE
2025-02-01,ACC007,CC001,12072.33,BASELINE
2025-02-01,ACC007,CC002,10262.51,BASELINE
2025-02-01,ACC007,CC003,14854.1,BASELINE
2025-02-01,ACC007,CC004,30268.31,BASELINE
2025-02-01,ACC007,CC005,827.57,BASELINE
2025-02-01,ACC007,CC006,4014.78,BASELINE
2025-02-01,ACC007,CC007,10232.34,BASELINE
2025-02-01,ACC007,CC008,2708.25,BASELINE
2025-02-01,ACC007,CC009,5922.82,BASELINE
2025-02-01,ACC007,CC010,1985.45,BASELINE
2025-02-01,ACC007,CC011,2595.38,BASELINE
2025-02-01,ACC007,CC012,5655.89,BASELINE
2025-02-01,ACC007,CC013,5693.48,BASELINE
2025-02-01,ACC007,CC014,3722.77,BASELINE
2025-02-01,ACC007,CC015,9018.58,BASELINE
2025-02-01,ACC008,CC001,3307.1,BASELINE
2025-02-01,ACC008,CC002,15559.58,BASELINE
2025-02-01,ACC008,CC003,8319.15,BASELINE
2025-02-01,ACC008,CC004,8236.72,BASELINE
2025-02-01,ACC008,CC005,19763.1,BASELINE
2025-02-01,ACC008,CC006,975.9,BASELINE
2025-02-01,ACC008,CC007,6565.58,BASELINE
2025-02-01,ACC008,CC008,6366.96,BASELINE
2025-02-01,ACC008,CC009,24785.87,BASELINE
2025-02-01,ACC008,CC010,12737.53,BASELINE
2025-02-01,ACC008,CC011,7678.79,BASELINE
2025-02-01,ACC008,CC012,10612.65,BASELINE
2025-02-01,ACC008,CC013,0.0,BASELINE
2025-02-01,ACC008,CC014,15068.66,BASELINE
2025-02-01,ACC008,CC015,5398.04,BASELINE
2025-02-01,ACC009,CC001,12775.67,BASELINE
2025-02-01,ACC009,CC002,15428.05,BASELINE
2025-02-01,ACC009,CC003,11183.88,BASELINE
2025-02-01,ACC009,CC004,14238.67,BASELINE
2025-02-01,ACC009,CC005,9056.04,BASELINE
2025-02-01,ACC009,CC006,4317.81,BASELINE
2025-02-01,ACC009,CC007,17665.48,BASELINE
2025-02-01,ACC009,CC008,6452.14,BASELINE
2025-02-01,ACC009,CC009,6192.86,BASELINE
2025-02-01,ACC009,CC010,18932.37,BASELINE
2025-02-01,ACC009,CC011,6106.03,BASELINE
2025-02-01,ACC009,CC012,14992.09,BASELINE
2025-02-01,ACC009,CC013,1737.38,BASELINE
2025-02-01,ACC009,CC014,1599.04,BASELINE
2025-02-01,ACC009,CC015,700.1,BASELINE
2025-02-01,ACC010,CC001,6901.49,BASELINE
2025-02-01,ACC010,CC002,21953.47,BASELINE
2025-02-01,ACC010,CC003,7251.88,BASELINE
2025-02-01,ACC010,CC004,12654.37,BASELINE
2025-02-01,ACC010,CC005,20176.79,BASELINE
2025-02-01,ACC010,CC006,1653.8,BASELINE
2025-02-01,ACC010,CC007,3048.79,BASELINE
2025-02-01,ACC010,CC008,574.66,BASELINE
2025-02-01,ACC010,CC009,2008.28,BASELINE
2025-02-01,ACC010,CC010,4349.34,BASELINE
2025-02-01,ACC010,CC011,1539.28,BASELINE
2025-02-01,ACC010,CC012,6259.59,BASELINE
2025-02-01,ACC010,CC013,9679.32,BASELINE
2025-02-01,ACC010,CC014,29371.57,BASELINE
2025-02-01,ACC010,CC015,1013.65,BASELINE
2025-02-01,ACC011,CC001,11190.05,BASELINE
2025-02-01,ACC011,CC002,19227.74,BASELINE
2025-02-01,ACC011,CC003,7369.64,BASELINE
2025-02-01,ACC011,CC004,8140.69,BASELINE
2025-02-01,ACC011,CC005,8702.32,BASELINE
2025-02-01,ACC011,CC006,70478.9,BASELINE
2025-02-01,ACC011,CC007,1364.35,BASELINE
2025-02-01,ACC011,CC008,6759.31,BASELINE
2025-02-01,ACC011,CC009,5101.4,BASELINE
2025-02-01,ACC011,CC010,9618.89,BASELINE
2025-02-01,ACC011,CC011,672.02,BASELINE
2025-02-01,ACC011,CC012,7581.86,BASELINE
2025-02-01,ACC011,CC013,4085.33,BASELINE
2025-02-01,ACC011,CC014,6521.77,BASELINE
2025-02-01,ACC011,CC015,8954.31,BASELINE
2025-02-01,ACC012,CC001,14852.67,BASELINE
2025-02-01,ACC012,CC002,8711.06,BASELINE
2025-02-01,ACC012,CC003,9445.79,BASELINE
2025-02-01,ACC012,CC004,9014.26,BASELINE
2025-02-01,ACC012,CC005,13223.37,BASELINE
2025-02-01,ACC012,CC006,5004.55,BASELINE
2025-02-01,ACC012,CC007,1455.72,BASELINE
2025-02-01,ACC012,CC008,9340.42,BASELINE
2025-02-01,ACC012,CC009,4973.99,BASELINE
2025-02-01,ACC012,CC010,4930.46,BASELINE
2025-02-01,ACC012,CC011,2646.14,BASELINE
2025-02-01,ACC012,CC012,1547.64,BASELINE
2025-02-01,ACC012,CC013,0.0,BASELINE
2025-02-01,ACC012,CC014,9540.03,BASELINE
2025-02-01,ACC012,CC015,7512.64,BASELINE
2025-03-01,ACC004,CC001,5029.37,BASELINE
2025-03-01,ACC004,CC002,16159.46,BASELINE
2025-03-01,ACC004,CC003,20960.24,BASELINE
2025-03-01,ACC004,CC004,20703.88,BASELINE
2025-03-01,ACC004,CC005,37843.13,BASELINE
2025-03-01,ACC004,CC006,10527.86,BASELINE
2025-03-01,ACC004,CC007,36882.47,BASELINE
2025-03-01,ACC004,CC008,7805.04,BASELINE
2025-03-01,ACC004,CC009,4131.35,BASELINE
2025-03-01,ACC004,CC010,2451.61,BASELINE
2025-03-01,ACC004,CC011,14100.18,BASELINE
2025-03-01,ACC004,CC012,5005.64,BASELINE
2025-03-01,ACC004,CC013,9429.94,BASELINE
2025-03-01,ACC004,CC014,1348.36,BASELINE
2025-03-01,ACC004,CC015,9545.39,BASELINE
2025-03-01,ACC005,CC001,16269.32,BASELINE
2025-03-01,ACC005,CC002,4460.14,BASELINE
2025-03-01,ACC005,CC003,2318.65,BASELINE
2025-03-01,ACC005,CC004,6561.04,BASELINE
2025-03-01,ACC005,CC005,4349.25,BASELINE
2025-03-01,ACC005,CC006,6392.88,BASELINE
2025-03-01,ACC005,CC007,12949.03,BASELINE
2025-03-01,ACC005,CC008,12815.48,BASELINE
2025-03-01,ACC005,CC009,5308.42,BASELINE
2025-03-01,ACC005,CC010,7310.72,BASELINE
2025-03-01,ACC005,CC011,8831.0,BASELINE
2025-03-01,ACC005,CC012,3719.08,BASELINE
2025-03-01,ACC005,CC013,12008.32,BASELINE
2025-03-01,ACC005,CC014,23430.53,BASELINE
2025-03-01,ACC005,CC015,7782.08,BASELINE
2025-03-01,ACC006,CC001,12126.24,BASELINE
2025-03-01,ACC006,CC002,2085.98,BASELINE
2025-03-01,ACC006,CC003,3361.22,BASELINE
2025-03-01,ACC006,CC004,10218.81,BASELINE
2025-03-01,ACC006,CC005,18049.71,BASELINE
2025-03-01,ACC006,CC006,6249.1,BASELINE
2025-03-01,ACC006,CC007,10765.54,BASELINE
2025-03-01,ACC006,CC008,11014.86,BASELINE
2025-03-01,ACC006,CC009,5895.14,BASELINE
2025-03-01,ACC006,CC010,4295.91,BASELINE
2025-03-01,ACC006,CC011,9539.07,BASELINE
2025-03-01,ACC006,CC012,898.53,BASELINE
2025-03-01,ACC006,CC013,3918.46,BASELINE
2025-03-01,ACC006,CC014,5058.33,BASELINE
2025-03-01,ACC006,CC015,16179.34,BASELINE
2025-03-01,ACC007,CC001,17949.44,BASELINE
2025-03-01,ACC007,CC002,24929.07,BASELINE
2025-03-01,ACC007,CC003,5137.68,BASELINE
2025-03-01,ACC007,CC004,7697.96,BASELINE
2025-03-01,ACC007,CC005,3792.89,BASELINE
2025-03-01,ACC007,CC006,4277.92,BASELINE
2025-03-01,ACC007,CC007,9869.72,BASELINE
2025-03-01,ACC007,CC008,12348.79,BASELINE
2025-03-01,ACC007,CC009,8035.82,BASELINE
2025-03-01,ACC007,CC010,1549.43,BASELINE
2025-03-01,ACC007,CC011,13749.65,BASELINE
2025-03-01,ACC007,CC012,6510.34,BASELINE
2025-03-01,ACC007,CC013,10149.41,BASELINE
2025-03-01,ACC007,CC014,8400.32,BASELINE
2025-03-01,ACC007,CC015,14398.29,BASELINE
2025-03-01,ACC008,CC001,1313.97,BASELINE
2025-03-01,ACC008,CC002,5982.23,BASELINE
2025-03-01,ACC008,CC003,4613.61,BASELINE
2025-03-01,ACC008,CC004,15989.45,BASELINE
2025-03-01,ACC008,CC005,11717.52,BASELINE
2025-03-01,ACC008,CC006,2234.75,BASELINE
2025-03-01,ACC008,CC007,6869.01,BASELINE
2025-03-01,ACC008,CC008,6303.9,BASELINE
2025-03-01,ACC008,CC009,11320.68,BASELINE
2025-03-01,ACC008,CC010,2550.33,BASELINE
2025-03-01,ACC008,CC011,12731.98,BASELINE
2025-03-01,ACC008,CC012,3593.77,BASELINE
2025-03-01,ACC008,CC013,3929.89,BASELINE
2025-03-01,ACC008,CC014,4985.73,BASELINE
2025-03-01,ACC008,CC015,2229.09,BASELINE
2025-03-01,ACC009,CC001,6552.4,BASELINE
2025-03-01,ACC009,CC002,10537.43,BASELINE
2025-03-01,ACC009,CC003,2821.15,BASELINE
2025-03-01,ACC009,CC004,8223.32,BASELINE
2025-03-01,ACC009,CC005,22879.06,BASELINE
2025-03-01,ACC009,CC006,13787.75,BASELINE
2025-03-01,ACC009,CC007,4651.55,BASELINE
2025-03-01,ACC009,CC008,28299.25,BASELINE
2025-03-01,ACC009,CC009,6736.91,BASELINE
2025-03-01,ACC009,CC010,7467.77,BASELINE
2025-03-01,ACC009,CC011,13898.27,BASELINE
2025-03-01,ACC009,CC012,928.89,BASELINE
2025-03-01,ACC009,CC013,2409.19,BASELINE
2025-03-01,ACC009,CC014,11748.05,BASELINE
2025-03-01,ACC009,CC015,11555.9,BASELINE
2025-03-01,ACC010,CC001,3697.1,BASELINE
2025-03-01,ACC010,CC002,7898.14,BASELINE
2025-03-01,ACC010,CC003,8642.94,BASELINE
2025-03-01,ACC010,CC004,752.49,BASELINE
2025-03-01,ACC010,CC005,4319.16,BASELINE
2025-03-01,ACC010,CC006,22566.93,BASELINE
2025-03-01,ACC010,CC007,1494.97,BASELINE
2025-03-01,ACC010,CC008,1307.51,BASELINE
2025-03-01,ACC010,CC009,3301.71,BASELINE
2025-03-01,ACC010,CC010,11596.76,BASELINE
2025-03-01,ACC010,CC011,40760.34,BASELINE
2025-03-01,ACC010,CC012,4155.76,BASELINE
2025-03-01,ACC010,CC013,5812.36,BASELINE
2025-03-01,ACC010,CC014,3490.11,BASELINE
2025-03-01,ACC010,CC015,8551.79,BASELINE
2025-03-01,ACC011,CC001,5083.76,BASELINE
2025-03-01,ACC011,CC002,17523.57,BASELINE
2025-03-01,ACC011,CC003,4770.96,BASELINE
2025-03-01,ACC011,CC004,7119.56,BASELINE
2025-03-01,ACC011,CC005,11518.45,BASELINE
2025-03-01,ACC011,CC006,12203.68,BASELINE
2025-03-01,ACC011,CC007,13867.31,BASELINE
2025-03-01,ACC011,CC008,3244.11,BASELINE
2025-03-01,ACC011,CC009,5035.85,BASELINE
2025-03-01,ACC011,CC010,5504.25,BASELINE
2025-03-01,ACC011,CC011,3566.75,BASELINE
2025-03-01,ACC011,CC012,16266.47,BASELINE
2025-03-01,ACC011,CC013,7966.14,BASELINE
2025-03-01,ACC011,CC014,827.8,BASELINE
2025-03-01,ACC011,CC015,3972.1,BASELINE
2025-03-01,ACC012,CC001,3953.58,BASELINE
2025-03-01,ACC012,CC002,21992.69,BASELINE
2025-03-01,ACC012,CC003,15324.48,BASELINE
2025-03-01,ACC012,CC004,14489.09,BASELINE
2025-03-01,ACC012,CC005,29899.23,BASELINE
2025-03-01,ACC012,CC006,11679.57,BASELINE
2025-03-01,ACC012,CC007,4116.45,BASELINE
2025-03-01,ACC012,CC008,2298.12,BASELINE
2025-03-01,ACC012,CC009,1617.89,BASELINE
2025-03-01,ACC012,CC010,821.75,BASELINE
2025-03-01,ACC012,CC011,2611.13,BASELINE
2025-03-01,ACC012,CC012,7496.54,BASELINE
2025-03-01,ACC012,CC013,13521.51,BASELINE
2025-03-01,ACC012,CC014,11599.9,BASELINE
2025-03-01,ACC012,CC015,2101.66,BASELINE
2025-04-01,ACC004,CC001,3425.04,BASELINE
2025-04-01,ACC004,CC002,11858.48,BASELINE
2025-04-01,ACC004,CC003,832.31,BASELINE
2025-04-01,ACC004,CC004,14011.71,BASELINE
2025-04-01,ACC004,CC005,4021.15,BASELINE
2025-04-01,ACC004,CC006,4238.25,BASELINE
2025-04-01,ACC004,CC007,7923.27,BASELINE
2025-04-01,ACC004,CC008,18808.2,BASELINE
2025-04-01,ACC004,CC009,13667.13,BASELINE
2025-04-01,ACC004,CC010,1270.89,BASELINE
2025-04-01,ACC004,CC011,6377.93,BASELINE
2025-04-01,ACC004,CC012,3830.27,BASELINE
2025-04-01,ACC004,CC013,11530.68,BASELINE
2025-04-01,ACC004,CC014,1565.26,BASELINE
2025-04-01,ACC004,CC015,18671.58,BASELINE
2025-04-01,ACC005,CC001,7543.64,BASELINE
2025-04-01,ACC005,CC002,5316.56,BASELINE
2025-04-01,ACC005,CC003,6664.13,BASELINE
2025-04-01,ACC005,CC004,2765.65,BASELINE
2025-04-01,ACC005,CC005,949.46,BASELINE
2025-04-01,ACC005,CC006,4717.38,BASELINE
2025-04-01,ACC005,CC007,14261.04,BASELINE
2025-04-01,ACC005,CC008,0.0,BASELINE
2025-04-01,ACC005,CC009,13844.53,BASELINE
2025-04-01,ACC005,CC010,10771.49,BASELINE
2025-04-01,ACC005,CC011,35859.56,BASELINE
2025-04-01,ACC005,CC012,33312.46,BASELINE
2025-04-01,ACC005,CC013,472.4,BASELINE
2025-04-01,ACC005,CC014,18649.41,BASELINE
2025-04-01,ACC005,CC015,8084.38,BASELINE
2025-04-01,ACC006,CC001,1414.96,BASELINE
2025-04-01,ACC006,CC002,15693.67,BASELINE
2025-04-01,ACC006,CC003,7636.35,BASELINE
2025-04-01,ACC006,CC004,2640.87,BASELINE
2025-04-01,ACC006,CC005,8871.68,BASELINE
2025-04-01,ACC006,CC006,7473.47,BASELINE
2025-04-01,ACC006,CC007,16791.97,BASELINE
2025-04-01,ACC006,CC008,6853.36,BASELINE
2025-04-01,ACC006,CC009,8161.33,BASELINE
2025-04-01,ACC006,CC010,3243.8,BASELINE
2025-04-01,ACC006,CC011,10254.36,BASELINE
2025-04-01,ACC006,CC012,1581.22,BASELINE
2025-04-01,ACC006,CC013,7742.48,BASELINE
2025-04-01,ACC006,CC014,78904.73,BASELINE
2025-04-01,ACC006,CC015,15989.59,BASELINE
2025-04-01,ACC007,CC001,9123.12,BASELINE
2025-04-01,ACC007,CC002,1844.7,BASELINE
2025-04-01,ACC007,CC003,7890.89,BASELINE
2025-04-01,ACC007,CC004,1259.04,BASELINE
2025-04-01,ACC007,CC005,12792.19,BASELINE
2025-04-01,ACC007,CC006,5181.36,BASELINE
2025-04-01,ACC007,CC007,8982.11,BASELINE
2025-04-01,ACC007,CC008,6312.85,BASELINE
2025-04-01,ACC007,CC009,5773.18,BASELINE
2025-04-01,ACC007,CC010,17510.06,BASELINE
2025-04-01,ACC007,CC011,0.0,BASELINE
2025-04-01,ACC007,CC012,20241.44,BASELINE
2025-04-01,ACC007,CC013,9172.79,BASELINE
2025-04-01,ACC007,CC014,3779.1,BASELINE
2025-04-01,ACC007,CC015,3195.6,BASELINE
2025-04-01,ACC008,CC001,7066.16,BASELINE
2025-04-01,ACC008,CC002,4857.51,BASELINE
2025-04-01,ACC008,CC003,10373.76,BASELINE
2025-04-01,ACC008,CC004,3630.94,BASELINE
2025-04-01,ACC008,CC005,3115.12,BASELINE
2025-04-01,ACC008,CC006,7727.84,BASELINE
2025-04-01,ACC008,CC007,9457.52,BASELINE
2025-04-01,ACC008,CC008,11894.24,BASELINE
2025-04-01,ACC008,CC009,13779.4,BASELINE
2025-04-01,ACC008,CC010,4362.84,BASELINE
2025-04-01,ACC008,CC011,8896.18,BASELINE
2025-04-01,ACC008,CC012,0.0,BASELINE
2025-04-01,ACC008,CC013,20009.66,BASELINE
2025-04-01,ACC008,CC014,2568.73,BASELINE
2025-04-01,ACC008,CC015,10164.94,BASELINE
2025-04-01,ACC009,CC001,6501.19,BASELINE
2025-04-01,ACC009,CC002,5192.28,BASELINE
2025-04-01,ACC009,CC003,9827.06,BASELINE
2025-04-01,ACC009,CC004,13315.06,BASELINE
2025-04-01,ACC009,CC005,9892.33,BASELINE
2025-04-01,ACC009,CC006,2635.61,BASELINE
2025-04-01,ACC009,CC007,12006.23,BASELINE
2025-04-01,ACC009,CC008,3527.18,BASELINE
2025-04-01,ACC009,CC009,17347.7,BASELINE
2025-04-01,ACC009,CC010,3118.06,BASELINE
2025-04-01,ACC009,CC011,2857.44,BASELINE
2025-04-01,ACC009,CC012,10412.27,BASELINE
2025-04-01,ACC009,CC013,0.0,BASELINE
2025-04-01,ACC009,CC014,7667.52,BASELINE
2025-04-01,ACC009,CC015,10514.87,BASELINE
2025-04-01,ACC010,CC001,7406.34,BASELINE
2025-04-01,ACC010,CC002,2844.2,BASELINE
2025-04-01,ACC010,CC003,15545.24,BASELINE
2025-04-01,ACC010,CC004,2725.46,BASELINE
2025-04-01,ACC010,CC005,16633.62,BASELINE
2025-04-01,ACC010,CC006,7285.57,BASELINE
2025-04-01,ACC010,CC007,15193.71,BASELINE
2025-04-01,ACC010,CC008,7106.0,BASELINE
2025-04-01,ACC010,CC009,2983.23,BASELINE
2025-04-01,ACC010,CC010,1583.13,BASELINE
2025-04-01,ACC010,CC011,8601.53,BASELINE
2025-04-01,ACC010,CC012,10180.91,BASELINE
2025-04-01,ACC010,CC013,3643.79,BASELINE
2025-04-01,ACC010,CC014,11992.73,BASELINE
2025-04-01,ACC010,CC015,6945.68,BASELINE
2025-04-01,ACC011,CC001,9152.05,BASELINE
2025-04-01,ACC011,CC002,24856.46,BASELINE
2025-04-01,ACC011,CC003,12724.76,BASELINE
2025-04-01,ACC011,CC004,4044.05,BASELINE
2025-04-01,ACC011,CC005,5989.44,BASELINE
2025-04-01,ACC011,CC006,5386.27,BASELINE
2025-04-01,ACC011,CC007,4162.42,BASELINE
2025-04-01,ACC011,CC008,5431.63,BASELINE
2025-04-01,ACC011,CC009,2530.14,BASELINE
2025-04-01,ACC011,CC010,3649.5,BASELINE
2025-04-01,ACC011,CC011,11484.13,BASELINE
2025-04-01,ACC011,CC012,9622.57,BASELINE
2025-04-01,ACC011,CC013,7227.64,BASELINE
2025-04-01,ACC011,CC014,6542.31,BASELINE
2025-04-01,ACC011,CC015,5175.39,BASELINE
2025-04-01,ACC012,CC001,10847.45,BASELINE
2025-04-01,ACC012,CC002,4890.02,BASELINE
2025-04-01,ACC012,CC003,10577.8,BASELINE
2025-04-01,ACC012,CC004,12180.9,BASELINE
2025-04-01,ACC012,CC005,4644.69,BASELINE
2025-04-01,ACC012,CC006,9005.27,BASELINE
2025-04-01,ACC012,CC007,6897.65,BASELINE
2025-04-01,ACC012,CC008,2581.83,BASELINE
2025-04-01,ACC012,CC009,2892.33,BASELINE
2025-04-01,ACC012,CC010,3347.86,BASELINE
2025-04-01,ACC012,CC011,16865.17,BASELINE
2025-04-01,ACC012,CC012,13790.62,BASELINE
2025-04-01,ACC012,CC013,12098.15,BASELINE
2025-04-01,ACC012,CC014,4765.26,BASELINE
2025-04-01,ACC012,CC015,3737.1,BASELINE
2025-05-01,ACC004,CC001,7085.22,BASELINE
2025-05-01,ACC004,CC002,23293.2,BASELINE
2025-05-01,ACC004,CC003,952.65,BASELINE
2025-05-01,ACC004,CC004,5939.46,BASELINE
2025-05-01,ACC004,CC005,2385.11,BASELINE
2025-05-01,ACC004,CC006,11676.97,BASELINE
2025-05-01,ACC004,CC007,0.0,BASELINE
2025-05-01,ACC004,CC008,2289.73,BASELINE
2025-05-01,ACC004,CC009,19813.19,BASELINE
2025-05-01,ACC004,CC010,5168.63,BASELINE
2025-05-01,ACC004,CC011,4983.06,BASELINE
2025-05-01,ACC004,CC012,11205.95,BASELINE
2025-05-01,ACC004,CC013,15263.56,BASELINE
2025-05-01,ACC004,CC014,9984.88,BASELINE
2025-05-01,ACC004,CC015,1235.47,BASELINE
2025-05-01,ACC005,CC001,8026.14,BASELINE
2025-05-01,ACC005,CC002,7718.55,BASELINE
2025-05-01,ACC005,CC003,3585.62,BASELINE
2025-05-01,ACC005,CC004,4562.36,BASELINE
2025-05-01,ACC005,CC005,4565.56,BASELINE
2025-05-01,ACC005,CC006,4386.29,BASELINE
2025-05-01,ACC005,CC007,4898.89,BASELINE
2025-05-01,ACC005,CC008,2791.63,BASELINE
2025-05-01,ACC005,CC009,3679.21,BASELINE
2025-05-01,ACC005,CC010,8126.66,BASELINE
2025-05-01,ACC005,CC011,4313.3,BASELINE
2025-05-01,ACC005,CC012,5529.67,BASELINE
2025-05-01,ACC005,CC013,16206.32,BASELINE
2025-05-01,ACC005,CC014,4480.15,BASELINE
2025-05-01,ACC005,CC015,12891.33,BASELINE
2025-05-01,ACC006,CC001,8114.76,BASELINE
2025-05-01,ACC006,CC002,1276.03,BASELINE
2025-05-01,ACC006,CC003,4448.27,BASELINE
2025-05-01,ACC006,CC004,5190.21,BASELINE
2025-05-01,ACC006,CC005,4234.44,BASELINE
2025-05-01,ACC006,CC006,5065.23,BASELINE
2025-05-01,ACC006,CC007,2705.67,BASELINE
2025-05-01,ACC006,CC008,8649.91,BASELINE
2025-05-01,ACC006,CC009,20033.56,BASELINE
2025-05-01,ACC006,CC010,4993.5,BASELINE
2025-05-01,ACC006,CC011,882.52,BASELINE
2025-05-01,ACC006,CC012,2851.69,BASELINE
2025-05-01,ACC006,CC013,3792.39,BASELINE
2025-05-01,ACC006,CC014,2600.73,BASELINE
2025-05-01,ACC006,CC015,8880.36,BASELINE
2025-05-01,ACC007,CC001,11083.86,BASELINE
2025-05-01,ACC007,CC002,2902.08,BASELINE
2025-05-01,ACC007,CC003,23697.03,BASELINE
2025-05-01,ACC007,CC004,14802.26,BASELINE
2025-05-01,ACC007,CC005,8379.66,BASELINE
2025-05-01,ACC007,CC006,19380.43,BASELINE
2025-05-01,ACC007,CC007,12109.1,BASELINE
2025-05-01,ACC007,CC008,2224.59,BASELINE
2025-05-01,ACC007,CC009,9145.01,BASELINE
2025-05-01,ACC007,CC010,8957.39,BASELINE
2025-05-01,ACC007,CC011,26928.81,BASELINE
2025-05-01,ACC007,CC012,6876.21,BASELINE
2025-05-01,ACC007,CC013,5894.6,BASELINE
2025-05-01,ACC007,CC014,16775.76,BASELINE
2025-05-01,ACC007,CC015,4650.29,BASELINE
2025-05-01,ACC008,CC001,3463.27,BASELINE
2025-05-01,ACC008,CC002,1622.48,BASELINE
2025-05-01,ACC008,CC003,5112.41,BASELINE
2025-05-01,ACC008,CC004,15276.34,BASELINE
2025-05-01,ACC008,CC005,5202.84,BASELINE
2025-05-01,ACC008,CC006,17453.53,BASELINE
2025-05-01,ACC008,CC007,7179.02,BASELINE
2025-05-01,ACC008,CC008,12153.44,BASELINE
2025-05-01,ACC008,CC009,19905.89,BASELINE
2025-05-01,ACC008,CC010,19835.57,BASELINE
2025-05-01,ACC008,CC011,10512.75,BASELINE
2025-05-01,ACC008,CC012,11896.65,BASELINE
2025-05-01,ACC008,CC013,17921.07,BASELINE
2025-05-01,ACC008,CC014,0.0,BASELINE
2025-05-01,ACC008,CC015,4238.61,BASELINE
2025-05-01,ACC009,CC001,1196.54,BASELINE
2025-05-01,ACC009,CC002,8026.77,BASELINE
2025-05-01,ACC009,CC003,6757.92,BASELINE
2025-05-01,ACC009,CC004,20347.0,BASELINE
2025-05-01,ACC009,CC005,10778.7,BASELINE
2025-05-01,ACC009,CC006,3868.73,BASELINE
2025-05-01,ACC009,CC007,4165.51,BASELINE
2025-05-01,ACC009,CC008,9671.93,BASELINE
2025-05-01,ACC009,CC009,6280.16,BASELINE
2025-05-01,ACC009,CC010,8037.74,BASELINE
2025-05-01,ACC009,CC011,5380.5,BASELINE
2025-05-01,ACC009,CC012,12037.35,BASELINE
2025-05-01,ACC009,CC013,4216.06,BASELINE
2025-05-01,ACC009,CC014,21530.8,BASELINE
2025-05-01,ACC009,CC015,3340.58,BASELINE
2025-05-01,ACC010,CC001,5559.4,BASELINE
2025-05-01,ACC010,CC002,890.22,BASELINE
2025-05-01,ACC010,CC003,5122.04,BASELINE
2025-05-01,ACC010,CC004,10627.05,BASELINE
2025-05-01,ACC010,CC005,4135.27,BASELINE
2025-05-01,ACC010,CC006,11175.33,BASELINE
2025-05-01,ACC010,CC007,12399.72,BASELINE
2025-05-01,ACC010,CC008,7849.93,BASELINE
2025-05-01,ACC010,CC009,1591.96,BASELINE
2025-05-01,ACC010,CC010,20359.49,BASELINE
2025-05-01,ACC010,CC011,1508.26,BASELINE
2025-05-01,ACC010,CC012,0.0,BASELINE
2025-05-01,ACC010,CC013,14520.95,BASELINE
2025-05-01,ACC010,CC014,11982.59,BASELINE
2025-05-01,ACC010,CC015,13646.5,BASELINE
2025-05-01,ACC011,CC001,6407.04,BASELINE
2025-05-01,ACC011,CC002,9171.79,BASELINE
2025-05-01,ACC011,CC003,5310.11,BASELINE
2025-05-01,ACC011,CC004,10433.0,BASELINE
2025-05-01,ACC011,CC005,7372.83,BASELINE
2025-05-01,ACC011,CC006,3670.14,BASELINE
2025-05-01,ACC011,CC007,12196.18,BASELINE
2025-05-01,ACC011,CC008,26406.02,BASELINE
2025-05-01,ACC011,CC009,3585.82,BASELINE
2025-05-01,ACC011,CC010,7043.94,BASELINE
2025-05-01,ACC011,CC011,14136.23,BASELINE
2025-05-01,ACC011,CC012,10581.41,BASELINE
2025-05-01,ACC011,CC013,9509.77,BASELINE
2025-05-01,ACC011,CC014,9226.07,BASELINE
2025-05-01,ACC011,CC015,8671.71,BASELINE
2025-05-01,ACC012,CC001,5737.31,BASELINE
2025-05-01,ACC012,CC002,4673.63,BASELINE
2025-05-01,ACC012,CC003,7247.04,BASELINE
2025-05-01,ACC012,CC004,6327.19,BASELINE
2025-05-01,ACC012,CC005,6232.06,BASELINE
2025-05-01,ACC012,CC006,4190.29,BASELINE
2025-05-01,ACC012,CC007,11939.35,BASELINE
2025-05-01,ACC012,CC008,4188.22,BASELINE
2025-05-01,ACC012,CC009,8256.23,BASELINE
2025-05-01,ACC012,CC010,885.92,BASELINE
2025-05-01,ACC012,CC011,3945.93,BASELINE
2025-05-01,ACC012,CC012,35850.85,BASELINE
2025-05-01,ACC012,CC013,10192.1,BASELINE
2025-05-01,ACC012,CC014,13070.29,BASELINE
2025-05-01,ACC012,CC015,3075.6,BASELINE
2025-06-01,ACC004,CC001,10975.22,BASELINE
2025-06-01,ACC004,CC002,0.0,BASELINE
2025-06-01,ACC004,CC003,1210.06,BASELINE
2025-06-01,ACC004,CC004,244.03,BASELINE
2025-06-01,ACC004,CC005,7483.12,BASELINE
2025-06-01,ACC004,CC006,11768.6,BASELINE
2025-06-01,ACC004,CC007,136.73,BASELINE
2025-06-01,ACC004,CC008,3991.48,BASELINE
2025-06-01,ACC004,CC009,2363.89,BASELINE
2025-06-01,ACC004,CC010,1034.62,BASELINE
2025-06-01,ACC004,CC011,6533.4,BASELINE
2025-06-01,ACC004,CC012,9602.74,BASELINE
2025-06-01,ACC004,CC013,4090.81,BASELINE
2025-06-01,ACC004,CC014,1488.41,BASELINE
2025-06-01,ACC004,CC015,10608.53,BASELINE
2025-06-01,ACC005,CC001,1179.39,BASELINE
2025-06-01,ACC005,CC002,2045.89,BASELINE
2025-06-01,ACC005,CC003,36018.68,BASELINE
2025-06-01,ACC005,CC004,4478.76,BASELINE
2025-06-01,ACC005,CC005,17096.16,BASELINE
2025-06-01,ACC005,CC006,9688.15,BASELINE
2025-06-01,ACC005,CC007,7247.36,BASELINE
2025-06-01,ACC005,CC008,4205.12,BASELINE
2025-06-01,ACC005,CC009,9360.94,BASELINE
2025-06-01,ACC005,CC010,2024.89,BASELINE
2025-06-01,ACC005,CC011,17796.04,BASELINE
2025-06-01,ACC005,CC012,6059.57,BASELINE
2025-06-01,ACC005,CC013,24013.75,BASELINE
2025-06-01,ACC005,CC014,0.0,BASELINE
2025-06-01,ACC005,CC015,2243.33,BASELINE
2025-06-01,ACC006,CC001,13639.32,BASELINE
2025-06-01,ACC006,CC002,6429.32,BASELINE
2025-06-01,ACC006,CC003,18983.26,BASELINE
2025-06-01,ACC006,CC004,7456.18,BASELINE
2025-06-01,ACC006,CC005,447.37,BASELINE
2025-06-01,ACC006,CC006,4090.73,BASELINE
2025-06-01,ACC006,CC007,8513.7,BASELINE
2025-06-01,ACC006,CC008,591.0,BASELINE
2025-06-01,ACC006,CC009,6473.93,BASELINE
2025-06-01,ACC006,CC010,13591.84,BASELINE
2025-06-01,ACC006,CC011,5591.66,BASELINE
2025-06-01,ACC006,CC012,9938.81,BASELINE
2025-06-01,ACC006,CC013,13436.42,BASELINE
2025-06-01,ACC006,CC014,1004.74,BASELINE
2025-06-01,ACC006,CC015,7807.1,BASELINE
2025-06-01,ACC007,CC001,6814.21,BASELINE
2025-06-01,ACC007,CC002,2631.94,BASELINE
2025-06-01,ACC007,CC003,6376.53,BASELINE
2025-06-01,ACC007,CC004,16111.3,BASELINE
2025-06-01,ACC007,CC005,8592.77,BASELINE
2025-06-01,ACC007,CC006,408.9,BASELINE
2025-06-01,ACC007,CC007,4161.59,BASELINE
2025-06-01,ACC007,CC008,15300.21,BASELINE
2025-06-01,ACC007,CC009,14208.91,BASELINE
2025-06-01,ACC007,CC010,20069.71,BASELINE
2025-06-01,ACC007,CC011,2843.74,BASELINE
2025-06-01,ACC007,CC012,25501.7,BASELINE
2025-06-01,ACC007,CC013,6481.9,BASELINE
2025-06-01,ACC007,CC014,20147.18,BASELINE
2025-06-01,ACC007,CC015,2324.46,BASELINE
2025-06-01,ACC008,CC001,13935.36,BASELINE
2025-06-01,ACC008,CC002,10858.3,BASELINE
2025-06-01,ACC008,CC003,7942.2,BASELINE
2025-06-01,ACC008,CC004,12008.09,BASELINE
2025-06-01,ACC008,CC005,6940.91,BASELINE
2025-06-01,ACC008,CC006,8184.11,BASELINE
2025-06-01,ACC008,CC007,11547.63,BASELINE
2025-06-01,ACC008,CC008,3388.78,BASELINE
2025-06-01,ACC008,CC009,15085.33,BASELINE
2025-06-01,ACC008,CC010,10947.61,BASELINE
2025-06-01,ACC008,CC011,3223.78,BASELINE
2025-06-01,ACC008,CC012,8152.76,BASELINE
2025-06-01,ACC008,CC013,3423.26,BASELINE
2025-06-01,ACC008,CC014,11669.5,BASELINE
2025-06-01,ACC008,CC015,4413.9,BASELINE
2025-06-01,ACC009,CC001,16206.82,BASELINE
2025-06-01,ACC009,CC002,33149.07,BASELINE
2025-06-01,ACC009,CC003,9097.99,BASELINE
2025-06-01,ACC009,CC004,11830.22,BASELINE
2025-06-01,ACC009,CC005,11896.32,BASELINE
2025-06-01,ACC009,CC006,5301.19,BASELINE
2025-06-01,ACC009,CC007,1468.26,BASELINE
2025-06-01,ACC009,CC008,9628.24,BASELINE
2025-06-01,ACC009,CC009,5840.17,BASELINE
2025-06-01,ACC009,CC010,7999.17,BASELINE
2025-06-01,ACC009,CC011,12596.0,BASELINE
2025-06-01,ACC009,CC012,1694.55,BASELINE
2025-06-01,ACC009,CC013,1524.75,BASELINE
2025-06-01,ACC009,CC014,4800.03,BASELINE
2025-06-01,ACC009,CC015,10520.57,BASELINE
2025-06-01,ACC010,CC001,13375.28,BASELINE
2025-06-01,ACC010,CC002,3339.94,BASELINE
2025-06-01,ACC010,CC003,2447.92,BASELINE
2025-06-01,ACC010,CC004,13501.62,BASELINE
2025-06-01,ACC010,CC005,1105.74,BASELINE
2025-06-01,ACC010,CC006,15598.88,BASELINE
2025-06-01,ACC010,CC007,1703.2,BASELINE
2025-06-01,ACC010,CC008,824.88,BASELINE
2025-06-01,ACC010,CC009,0.0,BASELINE
2025-06-01,ACC010,CC010,7811.74,BASELINE
2025-06-01,ACC010,CC011,2094.8,BASELINE
2025-06-01,ACC010,CC012,11940.05,BASELINE
2025-06-01,ACC010,CC013,7067.43,BASELINE
2025-06-01,ACC010,CC014,4732.43,BASELINE
2025-06-01,ACC010,CC015,8739.99,BASELINE
2025-06-01,ACC011,CC001,4723.51,BASELINE
2025-06-01,ACC011,CC002,18593.17,BASELINE
2025-06-01,ACC011,CC003,6059.84,BASELINE
2025-06-01,ACC011,CC004,10536.89,BASELINE
2025-06-01,ACC011,CC005,23168.7,BASELINE
2025-06-01,ACC011,CC006,7663.56,BASELINE
2025-06-01,ACC011,CC007,10673.08,BASELINE
2025-06-01,ACC011,CC008,3832.71,BASELINE
2025-06-01,ACC011,CC009,10792.2,BASELINE
2025-06-01,ACC011,CC010,7931.7,BASELINE
2025-06-01,ACC011,CC011,9820.05,BASELINE
2025-06-01,ACC011,CC012,438.42,BASELINE
2025-06-01,ACC011,CC013,4851.58,BASELINE
2025-06-01,ACC011,CC014,5856.6,BASELINE
2025-06-01,ACC011,CC015,7097.11,BASELINE
2025-06-01,ACC012,CC001,4504.0,BASELINE
2025-06-01,ACC012,CC002,12415.78,BASELINE
2025-06-01,ACC012,CC003,5670.49,BASELINE
2025-06-01,ACC012,CC004,11132.29,BASELINE
2025-06-01,ACC012,CC005,2059.38,BASELINE
2025-06-01,ACC012,CC006,3459.92,BASELINE
2025-06-01,ACC012,CC007,8461.12,BASELINE
2025-06-01,ACC012,CC008,3363.43,BASELINE
2025-06-01,ACC012,CC009,2879.87,BASELINE
2025-06-01,ACC012,CC010,3393.84,BASELINE
2025-06-01,ACC012,CC011,1735.63,BASELINE
2025-06-01,ACC012,CC012,6593.02,BASELINE
2025-06-01,ACC012,CC013,12656.22,BASELINE
2025-06-01,ACC012,CC014,2353.82,BASELINE
2025-06-01,ACC012,CC015,9330.16,BASELINE
2025-07-01,ACC004,CC001,2762.3,BASELINE
2025-07-01,ACC004,CC002,7238.02,BASELINE
2025-07-01,ACC004,CC003,14353.42,BASELINE
2025-07-01,ACC004,CC004,14368.62,BASELINE
2025-07-01,ACC004,CC005,955.8,BASELINE
2025-07-01,ACC004,CC006,2381.05,BASELINE
2025-07-01,ACC004,CC007,4446.05,BASELINE
2025-07-01,ACC004,CC008,8304.42,BASELINE
2025-07-01,ACC004,CC009,4259.31,BASELINE
2025-07-01,ACC004,CC010,6582.63,BASELINE
2025-07-01,ACC004,CC011,8740.8,BASELINE
2025-07-01,ACC004,CC012,2910.75,BASELINE
2025-07-01,ACC004,CC013,1124.26,BASELINE
2025-07-01,ACC004,CC014,11332.91,BASELINE
2025-07-01,ACC004,CC015,2785.69,BASELINE
2025-07-01,ACC005,CC001,8696.38,BASELINE
2025-07-01,ACC005,CC002,15238.96,BASELINE
2025-07-01,ACC005,CC003,5950.93,BASELINE
2025-07-01,ACC005,CC004,6014.71,BASELINE
2025-07-01,ACC005,CC005,1075.05,BASELINE
2025-07-01,ACC005,CC006,6139.5,BASELINE
2025-07-01,ACC005,CC007,13062.51,BASELINE
2025-07-01,ACC005,CC008,2353.22,BASELINE
2025-07-01,ACC005,CC009,227.39,BASELINE
2025-07-01,ACC005,CC010,6790.45,BASELINE
2025-07-01,ACC005,CC011,906.6,BASELINE
2025-07-01,ACC005,CC012,4679.61,BASELINE
2025-07-01,ACC005,CC013,7287.39,BASELINE
2025-07-01,ACC005,CC014,4669.89,BASELINE
2025-07-01,ACC005,CC015,11145.23,BASELINE
2025-07-01,ACC006,CC001,4907.05,BASELINE
2025-07-01,ACC006,CC002,3574.59,BASELINE
2025-07-01,ACC006,CC003,4216.21,BASELINE
2025-07-01,ACC006,CC004,22389.06,BASELINE
2025-07-01,ACC006,CC005,3656.77,BASELINE
2025-07-01,ACC006,CC006,5913.67,BASELINE
2025-07-01,ACC006,CC007,9003.83,BASELINE
2025-07-01,ACC006,CC008,7098.85,BASELINE
2025-07-01,ACC006,CC009,4783.11,BASELINE
2025-07-01,ACC006,CC010,1217.3,BASELINE
2025-07-01,ACC006,CC011,4087.24,BASELINE
2025-07-01,ACC006,CC012,8621.6,BASELINE
2025-07-01,ACC006,CC013,7562.65,BASELINE
2025-07-01,ACC006,CC014,5166.43,BASELINE
2025-07-01,ACC006,CC015,19492.72,BASELINE
2025-07-01,ACC007,CC001,8291.6,BASELINE
2025-07-01,ACC007,CC002,8212.67,BASELINE
2025-07-01,ACC007,CC003,999.53,BASELINE
2025-07-01,ACC007,CC004,17761.76,BASELINE
2025-07-01,ACC007,CC005,896.63,BASELINE
2025-07-01,ACC007,CC006,5600.66,BASELINE
2025-07-01,ACC007,CC007,9761.4,BASELINE
2025-07-01,ACC007,CC008,52687.94,BASELINE
2025-07-01,ACC007,CC009,1756.91,BASELINE
2025-07-01,ACC007,CC010,11081.0,BASELINE
2025-07-01,ACC007,CC011,20964.48,BASELINE
2025-07-01,ACC007,CC012,10052.34,BASELINE
2025-07-01,ACC007,CC013,15075.77,BASELINE
2025-07-01,ACC007,CC014,2036.4,BASELINE
2025-07-01,ACC007,CC015,7243.56,BASELINE
2025-07-01,ACC008,CC001,8595.74,BASELINE
2025-07-01,ACC008,CC002,15383.27,BASELINE
2025-07-01,ACC008,CC003,1178.31,BASELINE
2025-07-01,ACC008,CC004,4028.33,BASELINE
2025-07-01,ACC008,CC005,11504.04,BASELINE
2025-07-01,ACC008,CC006,10895.0,BASELINE
2025-07-01,ACC008,CC007,33262.21,BASELINE
2025-07-01,ACC008,CC008,953.47,BASELINE
2025-07-01,ACC008,CC009,10798.21,BASELINE
2025-07-01,ACC008,CC010,1794.98,BASELINE
2025-07-01,ACC008,CC011,18738.37,BASELINE
2025-07-01,ACC008,CC012,1354.66,BASELINE
2025-07-01,ACC008,CC013,15035.08,BASELINE
2025-07-01,ACC008,CC014,7417.83,BASELINE
2025-07-01,ACC008,CC015,6626.83,BASELINE
2025-07-01,ACC009,CC001,3054.44,BASELINE
2025-07-01,ACC009,CC002,10284.33,BASELINE
2025-07-01,ACC009,CC003,1553.17,BASELINE
2025-07-01,ACC009,CC004,2851.92,BASELINE
2025-07-01,ACC009,CC005,12455.92,BASELINE
2025-07-01,ACC009,CC006,7581.89,BASELINE
2025-07-01,ACC009,CC007,3747.72,BASELINE
2025-07-01,ACC009,CC008,5348.27,BASELINE
2025-07-01,ACC009,CC009,485.35,BASELINE
2025-07-01,ACC009,CC010,803.87,BASELINE
2025-07-01,ACC009,CC011,1465.82,BASELINE
2025-07-01,ACC009,CC012,1083.47,BASELINE
2025-07-01,ACC009,CC013,10370.56,BASELINE
2025-07-01,ACC009,CC014,6757.02,BASELINE
2025-07-01,ACC009,CC015,4683.02,BASELINE
2025-07-01,ACC010,CC001,3973.13,BASELINE
2025-07-01,ACC010,CC002,11647.67,BASELINE
2025-07-01,ACC010,CC003,5114.18,BASELINE
2025-07-01,ACC010,CC004,20167.8,BASELINE
2025-07-01,ACC010,CC005,1119.2,BASELINE
2025-07-01,ACC010,CC006,19702.61,BASELINE
2025-07-01,ACC010,CC007,3867.31,BASELINE
2025-07-01,ACC010,CC008,1502.08,BASELINE
2025-07-01,ACC010,CC009,4456.96,BASELINE
2025-07-01,ACC010,CC010,9480.35,BASELINE
2025-07-01,ACC010,CC011,10270.02,BASELINE
2025-07-01,ACC010,CC012,16112.49,BASELINE
2025-07-01,ACC010,CC013,1139.38,BASELINE
2025-07-01,ACC010,CC014,5043.42,BASELINE
2025-07-01,ACC010,CC015,19746.98,BASELINE
2025-07-01,ACC011,CC001,10709.72,BASELINE
2025-07-01,ACC011,CC002,19907.02,BASELINE
2025-07-01,ACC011,CC003,1898.88,BASELINE
2025-07-01,ACC011,CC004,5671.44,BASELINE
2025-07-01,ACC011,CC005,15512.21,BASELINE
2025-07-01,ACC011,CC006,303.58,BASELINE
2025-07-01,ACC011,CC007,13172.75,BASELINE
2025-07-01,ACC011,CC008,3963.78,BASELINE
2025-07-01,ACC011,CC009,6003.55,BASELINE
2025-07-01,ACC011,CC010,1615.41,BASELINE
2025-07-01,ACC011,CC011,6047.97,BASELINE
2025-07-01,ACC011,CC012,8245.83,BASELINE
2025-07-01,ACC011,CC013,3637.8,BASELINE
2025-07-01,ACC011,CC014,7786.38,BASELINE
2025-07-01,ACC011,CC015,7502.04,BASELINE
2025-07-01,ACC012,CC001,1624.38,BASELINE
2025-07-01,ACC012,CC002,1251.04,BASELINE
2025-07-01,ACC012,CC003,3417.65,BASELINE
2025-07-01,ACC012,CC004,5941.57,BASELINE
2025-07-01,ACC012,CC005,13216.29,BASELINE
2025-07-01,ACC012,CC006,2821.91,BASELINE
2025-07-01,ACC012,CC007,14047.75,BASELINE
2025-07-01,ACC012,CC008,7612.48,BASELINE
2025-07-01,ACC012,CC009,8572.72,BASELINE
2025-07-01,ACC012,CC010,2010.38,BASELINE
2025-07-01,ACC012,CC011,8162.02,BASELINE
2025-07-01,ACC012,CC012,13856.2,BASELINE
2025-07-01,ACC012,CC013,2770.03,BASELINE
2025-07-01,ACC012,CC014,919.26,BASELINE
2025-07-01,ACC012,CC015,7846.28,BASELINE
2025-08-01,ACC004,CC001,3298.79,BASELINE
2025-08-01,ACC004,CC002,10040.57,BASELINE
2025-08-01,ACC004,CC003,5121.0,BASELINE
2025-08-01,ACC004,CC004,3847.3,BASELINE
2025-08-01,ACC004,CC005,2228.65,BASELINE
2025-08-01,ACC004,CC006,10641.52,BASELINE
2025-08-01,ACC004,CC007,4722.35,BASELINE
2025-08-01,ACC004,CC008,9725.7,BASELINE
2025-08-01,ACC004,CC009,6325.86,BASELINE
2025-08-01,ACC004,CC010,12036.58,BASELINE
2025-08-01,ACC004,CC011,10584.85,BASELINE
2025-08-01,ACC004,CC012,5186.84,BASELINE
2025-08-01,ACC004,CC013,2561.11,BASELINE
2025-08-01,ACC004,CC014,11234.12,BASELINE
2025-08-01,ACC004,CC015,17075.08,BASELINE
2025-08-01,ACC005,CC001,23328.14,BASELINE
2025-08-01,ACC005,CC002,3551.55,BASELINE
2025-08-01,ACC005,CC003,1972.46,BASELINE
2025-08-01,ACC005,CC004,1725.72,BASELINE
2025-08-01,ACC005,CC005,9136.94,BASELINE
2025-08-01,ACC005,CC006,2737.69,BASELINE
2025-08-01,ACC005,CC007,6315.14,BASELINE
2025-08-01,ACC005,CC008,12553.0,BASELINE
2025-08-01,ACC005,CC009,2897.76,BASELINE
2025-08-01,ACC005,CC010,16326.88,BASELINE
2025-08-01,ACC005,CC011,16977.51,BASELINE
2025-08-01,ACC005,CC012,5009.37,BASELINE
2025-08-01,ACC005,CC013,8167.39,BASELINE
2025-08-01,ACC005,CC014,3699.56,BASELINE
2025-08-01,ACC005,CC015,4751.25,BASELINE
2025-08-01,ACC006,CC001,12073.31,BASELINE
2025-08-01,ACC006,CC002,6348.83,BASELINE
2025-08-01,ACC006,CC003,15083.09,BASELINE
2025-08-01,ACC006,CC004,14498.97,BASELINE
2025-08-01,ACC006,CC005,6917.03,BASELINE
2025-08-01,ACC006,CC006,6729.19,BASELINE
2025-08-01,ACC006,CC007,21685.48,BASELINE
2025-08-01,ACC006,CC008,9840.73,BASELINE
2025-08-01,ACC006,CC009,29758.7,BASELINE
2025-08-01,ACC006,CC010,1645.84,BASELINE
2025-08-01,ACC006,CC011,4014.62,BASELINE
2025-08-01,ACC006,CC012,13726.82,BASELINE
2025-08-01,ACC006,CC013,15044.48,BASELINE
2025-08-01,ACC006,CC014,11907.94,BASELINE
2025-08-01,ACC006,CC015,3959.92,BASELINE
2025-08-01,ACC007,CC001,6513.66,BASELINE
2025-08-01,ACC007,CC002,8672.9,BASELINE
2025-08-01,ACC007,CC003,2489.71,BASELINE
2025-08-01,ACC007,CC004,6621.16,BASELINE
2025-08-01,ACC007,CC005,6969.92,BASELINE
2025-08-01,ACC007,CC006,1373.85,BASELINE
2025-08-01,ACC007,CC007,3728.76,BASELINE
2025-08-01,ACC007,CC008,12522.81,BASELINE
2025-08-01,ACC007,CC009,8760.34,BASELINE
2025-08-01,ACC007,CC010,52.37,BASELINE
2025-08-01,ACC007,CC011,8719.4,BASELINE
2025-08-01,ACC007,CC012,4821.63,BASELINE
2025-08-01,ACC007,CC013,9012.44,BASELINE
2025-08-01,ACC007,CC014,8176.49,BASELINE
2025-08-01,ACC007,CC015,5675.44,BASELINE
2025-08-01,ACC008,CC001,10049.76,BASELINE
2025-08-01,ACC008,CC002,668.85,BASELINE
2025-08-01,ACC008,CC003,8605.58,BASELINE
2025-08-01,ACC008,CC004,4337.82,BASELINE
2025-08-01,ACC008,CC005,6427.8,BASELINE
2025-08-01,ACC008,CC006,0.0,BASELINE
2025-08-01,ACC008,CC007,10589.77,BASELINE
2025-08-01,ACC008,CC008,6647.25,BASELINE
2025-08-01,ACC008,CC009,9586.41,BASELINE
2025-08-01,ACC008,CC010,38874.7,BASELINE
2025-08-01,ACC008,CC011,5823.95,BASELINE
2025-08-01,ACC008,CC012,2840.17,BASELINE
2025-08-01,ACC008,CC013,10002.89,BASELINE
2025-08-01,ACC008,CC014,0.0,BASELINE
2025-08-01,ACC008,CC015,2234.3,BASELINE
2025-08-01,ACC009,CC001,11435.63,BASELINE
2025-08-01,ACC009,CC002,8287.22,BASELINE
2025-08-01,ACC009,CC003,105.68,BASELINE
2025-08-01,ACC009,CC004,6186.78,BASELINE
2025-08-01,ACC009,CC005,4282.3,BASELINE
2025-08-01,ACC009,CC006,2837.78,BASELINE
2025-08-01,ACC009,CC007,4280.95,BASELINE
2025-08-01,ACC009,CC008,6982.11,BASELINE
2025-08-01,ACC009,CC009,30088.03,BASELINE
2025-08-01,ACC009,CC010,1627.82,BASELINE
2025-08-01,ACC009,CC011,2239.84,BASELINE
2025-08-01,ACC009,CC012,4635.8,BASELINE
2025-08-01,ACC009,CC013,8759.6,BASELINE
2025-08-01,ACC009,CC014,5570.75,BASELINE
2025-08-01,ACC009,CC015,11539.48,BASELINE
2025-08-01,ACC010,CC001,7122.39,BASELINE
2025-08-01,ACC010,CC002,2779.41,BASELINE
2025-08-01,ACC010,CC003,11913.82,BASELINE
2025-08-01,ACC010,CC004,25273.38,BASELINE
2025-08-01,ACC010,CC005,4909.87,BASELINE
2025-08-01,ACC010,CC006,8340.02,BASELINE
2025-08-01,ACC010,CC007,4678.81,BASELINE
2025-08-01,ACC010,CC008,5446.62,BASELINE
2025-08-01,ACC010,CC009,2022.24,BASELINE
2025-08-01,ACC010,CC010,0.0,BASELINE
2025-08-01,ACC010,CC011,11533.37,BASELINE
2025-08-01,ACC010,CC012,4413.75,BASELINE
2025-08-01,ACC010,CC013,2934.31,BASELINE
2025-08-01,ACC010,CC014,8297.61,BASELINE
2025-08-01,ACC010,CC015,5468.27,BASELINE
2025-08-01,ACC011,CC001,5650.77,BASELINE
2025-08-01,ACC011,CC002,12918.5,BASELINE
2025-08-01,ACC011,CC003,8902.26,BASELINE
2025-08-01,ACC011,CC004,1358.9,BASELINE
2025-08-01,ACC011,CC005,7406.46,BASELINE
2025-08-01,ACC011,CC006,3090.32,BASELINE
2025-08-01,ACC011,CC007,6506.52,BASELINE
2025-08-01,ACC011,CC008,7945.68,BASELINE
2025-08-01,ACC011,CC009,8511.17,BASELINE
2025-08-01,ACC011,CC010,4690.24,BASELINE
2025-08-01,ACC011,CC011,66332.09,BASELINE
2025-08-01,ACC011,CC012,14348.71,BASELINE
2025-08-01,ACC011,CC013,10205.32,BASELINE
2025-08-01,ACC011,CC014,2539.99,BASELINE
2025-08-01,ACC011,CC015,5752.27,BASELINE
2025-08-01,ACC012,CC001,9687.44,BASELINE
2025-08-01,ACC012,CC002,3301.33,BASELINE
2025-08-01,ACC012,CC003,7932.57,BASELINE
2025-08-01,ACC012,CC004,8143.17,BASELINE
2025-08-01,ACC012,CC005,5137.94,BASELINE
2025-08-01,ACC012,CC006,484.41,BASELINE
2025-08-01,ACC012,CC007,1739.66,BASELINE
2025-08-01,ACC012,CC008,4077.24,BASELINE
2025-08-01,ACC012,CC009,8902.73,BASELINE
2025-08-01,ACC012,CC010,13573.26,BASELINE
2025-08-01,ACC012,CC011,14236.13,BASELINE
2025-08-01,ACC012,CC012,13621.91,BASELINE
2025-08-01,ACC012,CC013,9027.78,BASELINE
2025-08-01,ACC012,CC014,371.72,BASELINE
2025-08-01,ACC012,CC015,2867.53,BASELINE
2025-09-01,ACC004,CC001,3989.65,BASELINE
2025-09-01,ACC004,CC002,5341.62,BASELINE
2025-09-01,ACC004,CC003,3195.94,BASELINE
2025-09-01,ACC004,CC004,2855.03,BASELINE
2025-09-01,ACC004,CC005,6257.55,BASELINE
2025-09-01,ACC004,CC006,10872.73,BASELINE
2025-09-01,ACC004,CC007,15886.59,BASELINE
2025-09-01,ACC004,CC008,6112.83,BASELINE
2025-09-01,ACC004,CC009,2851.38,BASELINE
2025-09-01,ACC004,CC010,3332.2,BASELINE
2025-09-01,ACC004,CC011,11349.07,BASELINE
2025-09-01,ACC004,CC012,6752.46,BASELINE
2025-09-01,ACC004,CC013,2700.3,BASELINE
2025-09-01,ACC004,CC014,1632.48,BASELINE
2025-09-01,ACC004,CC015,9114.1,BASELINE
2025-09-01,ACC005,CC001,6800.55,BASELINE
2025-09-01,ACC005,CC002,16622.86,BASELINE
2025-09-01,ACC005,CC003,4336.39,BASELINE
2025-09-01,ACC005,CC004,2687.63,BASELINE
2025-09-01,ACC005,CC005,224.02,BASELINE
2025-09-01,ACC005,CC006,14524.53,BASELINE
2025-09-01,ACC005,CC007,2429.97,BASELINE
2025-09-01,ACC005,CC008,599.34,BASELINE
2025-09-01,ACC005,CC009,21365.04,BASELINE
2025-09-01,ACC005,CC010,18171.55,BASELINE
2025-09-01,ACC005,CC011,4041.54,BASELINE
2025-09-01,ACC005,CC012,10644.31,BASELINE
2025-09-01,ACC005,CC013,5833.51,BASELINE
2025-09-01,ACC005,CC014,2520.66,BASELINE
2025-09-01,ACC005,CC015,10804.85,BASELINE
2025-09-01,ACC006,CC001,4115.75,BASELINE
2025-09-01,ACC006,CC002,6408.66,BASELINE
2025-09-01,ACC006,CC003,5026.5,BASELINE
2025-09-01,ACC006,CC004,4227.54,BASELINE
2025-09-01,ACC006,CC005,1826.97,BASELINE
2025-09-01,ACC006,CC006,17889.3,BASELINE
2025-09-01,ACC006,CC007,8653.62,BASELINE
2025-09-01,ACC006,CC008,8499.6,BASELINE
2025-09-01,ACC006,CC009,5231.72,BASELINE
2025-09-01,ACC006,CC010,11781.4,BASELINE
2025-09-01,ACC006,CC011,5613.44,BASELINE
2025-09-01,ACC006,CC012,5293.75,BASELINE
2025-09-01,ACC006,CC013,5794.79,BASELINE
2025-09-01,ACC006,CC014,0.0,BASELINE
2025-09-01,ACC006,CC015,1559.19,BASELINE
2025-09-01,ACC007,CC001,5186.97,BASELINE
2025-09-01,ACC007,CC002,10791.03,BASELINE
2025-09-01,ACC007,CC003,10821.54,BASELINE
2025-09-01,ACC007,CC004,2199.83,BASELINE
2025-09-01,ACC007,CC005,12431.0,BASELINE
2025-09-01,ACC007,CC006,9169.66,BASELINE
2025-09-01,ACC007,CC007,8448.13,BASELINE
2025-09-01,ACC007,CC008,8603.77,BASELINE
2025-09-01,ACC007,CC009,3799.09,BASELINE
2025-09-01,ACC007,CC010,2379.18,BASELINE
2025-09-01,ACC007,CC011,9217.68,BASELINE
2025-09-01,ACC007,CC012,4986.08,BASELINE
2025-09-01,ACC007,CC013,27204.93,BASELINE
2025-09-01,ACC007,CC014,14007.12,BASELINE
2025-09-01,ACC007,CC015,1540.07,BASELINE
2025-09-01,ACC008,CC001,5323.71,BASELINE
2025-09-01,ACC008,CC002,2228.0,BASELINE
2025-09-01,ACC008,CC003,2667.34,BASELINE
2025-09-01,ACC008,CC004,7852.68,BASELINE
2025-09-01,ACC008,CC005,899.96,BASELINE
2025-09-01,ACC008,CC006,20838.82,BASELINE
2025-09-01,ACC008,CC007,9380.42,BASELINE
2025-09-01,ACC008,CC008,1641.21,BASELINE
2025-09-01,ACC008,CC009,9241.56,BASELINE
2025-09-01,ACC008,CC010,8412.98,BASELINE
2025-09-01,ACC008,CC011,11052.05,BASELINE
2025-09-01,ACC008,CC012,13711.81,BASELINE
2025-09-01,ACC008,CC013,16421.77,BASELINE
2025-09-01,ACC008,CC014,6423.13,BASELINE
2025-09-01,ACC008,CC015,8559.22,BASELINE
2025-09-01,ACC009,CC001,9484.98,BASELINE
2025-09-01,ACC009,CC002,14272.45,BASELINE
2025-09-01,ACC009,CC003,3611.54,BASELINE
2025-09-01,ACC009,CC004,7434.4,BASELINE
2025-09-01,ACC009,CC005,11891.5,BASELINE
2025-09-01,ACC009,CC006,11690.03,BASELINE
2025-09-01,ACC009,CC007,2906.35,BASELINE
2025-09-01,ACC009,CC008,13306.33,BASELINE
2025-09-01,ACC009,CC009,4141.55,BASELINE
2025-09-01,ACC009,CC010,7941.79,BASELINE
2025-09-01,ACC009,CC011,1156.68,BASELINE
2025-09-01,ACC009,CC012,0.0,BASELINE
2025-09-01,ACC009,CC013,3575.11,BASELINE
2025-09-01,ACC009,CC014,7987.43,BASELINE
2025-09-01,ACC009,CC015,14676.35,BASELINE
2025-09-01,ACC010,CC001,4665.52,BASELINE
2025-09-01,ACC010,CC002,6181.09,BASELINE
2025-09-01,ACC010,CC003,17767.09,BASELINE
2025-09-01,ACC010,CC004,6843.7,BASELINE
2025-09-01,ACC010,CC005,5852.49,BASELINE
2025-09-01,ACC010,CC006,1224.27,BASELINE
2025-09-01,ACC010,CC007,7644.22,BASELINE
2025-09-01,ACC010,CC008,1372.0,BASELINE
2025-09-01,ACC010,CC009,18688.43,BASELINE
2025-09-01,ACC010,CC010,8406.51,BASELINE
2025-09-01,ACC010,CC011,987.89,BASELINE
2025-09-01,ACC010,CC012,9731.12,BASELINE
2025-09-01,ACC010,CC013,3264.33,BASELINE
2025-09-01,ACC010,CC014,4692.71,BASELINE
2025-09-01,ACC010,CC015,5717.56,BASELINE
2025-09-01,ACC011,CC001,1546.12,BASELINE
2025-09-01,ACC011,CC002,8757.5,BASELINE
2025-09-01,ACC011,CC003,8061.89,BASELINE
2025-09-01,ACC011,CC004,6846.8,BASELINE
2025-09-01,ACC011,CC005,9535.05,BASELINE
2025-09-01,ACC011,CC006,1114.33,BASELINE
2025-09-01,ACC011,CC007,20350.03,BASELINE
2025-09-01,ACC011,CC008,6926.04,BASELINE
2025-09-01,ACC011,CC009,5522.82,BASELINE
2025-09-01,ACC011,CC010,27737.64,BASELINE
2025-09-01,ACC011,CC011,3785.71,BASELINE
2025-09-01,ACC011,CC012,3678.04,BASELINE
2025-09-01,ACC011,CC013,3144.92,BASELINE
2025-09-01,ACC011,CC014,9627.74,BASELINE
2025-09-01,ACC011,CC015,2183.64,BASELINE
2025-09-01,ACC012,CC001,1478.35,BASELINE
2025-09-01,ACC012,CC002,5424.8,BASELINE
2025-09-01,ACC012,CC003,1844.32,BASELINE
2025-09-01,ACC012,CC004,8145.46,BASELINE
2025-09-01,ACC012,CC005,8576.14,BASELINE
2025-09-01,ACC012,CC006,1202.12,BASELINE
2025-09-01,ACC012,CC007,8714.02,BASELINE
2025-09-01,ACC012,CC008,9046.92,BASELINE
2025-09-01,ACC012,CC009,7988.53,BASELINE
2025-09-01,ACC012,CC010,22889.24,BASELINE
2025-09-01,ACC012,CC011,3119.17,BASELINE
2025-09-01,ACC012,CC012,4428.16,BASELINE
2025-09-01,ACC012,CC013,7237.59,BASELINE
2025-09-01,ACC012,CC014,1812.8,BASELINE
2025-09-01,ACC012,CC015,6089.91,BASELINE
2025-10-01,ACC004,CC001,11860.29,BASELINE
2025-10-01,ACC004,CC002,2980.55,BASELINE
2025-10-01,ACC004,CC003,4983.1,BASELINE
2025-10-01,ACC004,CC004,2720.35,BASELINE
2025-10-01,ACC004,CC005,32315.74,BASELINE
2025-10-01,ACC004,CC006,3295.07,BASELINE
2025-10-01,ACC004,CC007,12838.11,BASELINE
2025-10-01,ACC004,CC008,6418.81,BASELINE
2025-10-01,ACC004,CC009,4161.11,BASELINE
2025-10-01,ACC004,CC010,13095.55,BASELINE
2025-10-01,ACC004,CC011,5401.62,BASELINE
2025-10-01,ACC004,CC012,14007.9,BASELINE
2025-10-01,ACC004,CC013,0.0,BASELINE
2025-10-01,ACC004,CC014,397.52,BASELINE
2025-10-01,ACC004,CC015,9488.09,BASELINE
2025-10-01,ACC005,CC001,22131.82,BASELINE
2025-10-01,ACC005,CC002,4189.81,BASELINE
2025-10-01,ACC005,CC003,6675.05,BASELINE
2025-10-01,ACC005,CC004,12731.39,BASELINE
2025-10-01,ACC005,CC005,1395.24,BASELINE
2025-10-01,ACC005,CC006,14824.46,BASELINE
2025-10-01,ACC005,CC007,329.36,BASELINE
2025-10-01,ACC005,CC008,6430.24,BASELINE
2025-10-01,ACC005,CC009,7453.93,BASELINE
2025-10-01,ACC005,CC010,13455.36,BASELINE
2025-10-01,ACC005,CC011,18582.87,BASELINE
2025-10-01,ACC005,CC012,20768.85,BASELINE
2025-10-01,ACC005,CC013,18883.48,BASELINE
2025-10-01,ACC005,CC014,11716.64,BASELINE
2025-10-01,ACC005,CC015,19355.73,BASELINE
2025-10-01,ACC006,CC001,5514.94,BASELINE
2025-10-01,ACC006,CC002,7554.31,BASELINE
2025-10-01,ACC006,CC003,0.0,BASELINE
2025-10-01,ACC006,CC004,5172.0,BASELINE
2025-10-01,ACC006,CC005,2133.54,BASELINE
2025-10-01,ACC006,CC006,4506.67,BASELINE
2025-10-01,ACC006,CC007,30768.75,BASELINE
2025-10-01,ACC006,CC008,4831.91,BASELINE
2025-10-01,ACC006,CC009,9463.96,BASELINE
2025-10-01,ACC006,CC010,11840.43,BASELINE
2025-10-01,ACC006,CC011,5456.4,BASELINE
2025-10-01,ACC006,CC012,827.95,BASELINE
2025-10-01,ACC006,CC013,11047.97,BASELINE
2025-10-01,ACC006,CC014,15463.58,BASELINE
2025-10-01,ACC006,CC015,6764.5,BASELINE
2025-10-01,ACC007,CC001,7180.86,BASELINE
2025-10-01,ACC007,CC002,11693.42,BASELINE
2025-10-01,ACC007,CC003,2721.08,BASELINE
2025-10-01,ACC007,CC004,9130.67,BASELINE
2025-10-01,ACC007,CC005,13161.32,BASELINE
2025-10-01,ACC007,CC006,4232.93,BASELINE
2025-10-01,ACC007,CC007,2222.0,BASELINE
2025-10-01,ACC007,CC008,4065.16,BASELINE
2025-10-01,ACC007,CC009,5895.57,BASELINE
2025-10-01,ACC007,CC010,11874.73,BASELINE
2025-10-01,ACC007,CC011,12640.27,BASELINE
2025-10-01,ACC007,CC012,7624.96,BASELINE
2025-10-01,ACC007,CC013,8888.68,BASELINE
2025-10-01,ACC007,CC014,12219.0,BASELINE
2025-10-01,ACC007,CC015,10032.78,BASELINE
2025-10-01,ACC008,CC001,18132.13,BASELINE
2025-10-01,ACC008,CC002,8510.0,BASELINE
2025-10-01,ACC008,CC003,8741.4,BASELINE
2025-10-01,ACC008,CC004,13639.1,BASELINE
2025-10-01,ACC008,CC005,8970.58,BASELINE
2025-10-01,ACC008,CC006,11001.75,BASELINE
2025-10-01,ACC008,CC007,10251.41,BASELINE
2025-10-01,ACC008,CC008,7372.8,BASELINE
2025-10-01,ACC008,CC009,16730.39,BASELINE
2025-10-01,ACC008,CC010,6708.73,BASELINE
2025-10-01,ACC008,CC011,0.0,BASELINE
2025-10-01,ACC008,CC012,6857.75,BASELINE
2025-10-01,ACC008,CC013,6900.31,BASELINE
2025-10-01,ACC008,CC014,5387.61,BASELINE
2025-10-01,ACC008,CC015,3824.26,BASELINE
2025-10-01,ACC009,CC001,6289.51,BASELINE
2025-10-01,ACC009,CC002,2698.4,BASELINE
2025-10-01,ACC009,CC003,14462.68,BASELINE
2025-10-01,ACC009,CC004,4053.75,BASELINE
2025-10-01,ACC009,CC005,972.23,BASELINE
2025-10-01,ACC009,CC006,13975.31,BASELINE
2025-10-01,ACC009,CC007,8614.43,BASELINE
2025-10-01,ACC009,CC008,16408.94,BASELINE
2025-10-01,ACC009,CC009,602.09,BASELINE
2025-10-01,ACC009,CC010,10381.12,BASELINE
2025-10-01,ACC009,CC011,7551.84,BASELINE
2025-10-01,ACC009,CC012,3245.45,BASELINE
2025-10-01,ACC009,CC013,7225.22,BASELINE
2025-10-01,ACC009,CC014,8135.67,BASELINE
2025-10-01,ACC009,CC015,5750.42,BASELINE
2025-10-01,ACC010,CC001,3168.34,BASELINE
2025-10-01,ACC010,CC002,5551.43,BASELINE
2025-10-01,ACC010,CC003,23046.42,BASELINE
2025-10-01,ACC010,CC004,7390.81,BASELINE
2025-10-01,ACC010,CC005,4327.38,BASELINE
2025-10-01,ACC010,CC006,9525.33,BASELINE
2025-10-01,ACC010,CC007,2158.35,BASELINE
2025-10-01,ACC010,CC008,13105.52,BASELINE
2025-10-01,ACC010,CC009,30341.82,BASELINE
2025-10-01,ACC010,CC010,3839.65,BASELINE
2025-10-01,ACC010,CC011,16433.55,BASELINE
2025-10-01,ACC010,CC012,6914.42,BASELINE
2025-10-01,ACC010,CC013,5083.05,BASELINE
2025-10-01,ACC010,CC014,12354.16,BASELINE
2025-10-01,ACC010,CC015,12066.75,BASELINE
2025-10-01,ACC011,CC001,8227.0,BASELINE
2025-10-01,ACC011,CC002,4595.02,BASELINE
2025-10-01,ACC011,CC003,4899.27,BASELINE
2025-10-01,ACC011,CC004,7421.46,BASELINE
2025-10-01,ACC011,CC005,6108.13,BASELINE
2025-10-01,ACC011,CC006,4027.32,BASELINE
2025-10-01,ACC011,CC007,12003.61,BASELINE
2025-10-01,ACC011,CC008,10522.92,BASELINE
2025-10-01,ACC011,CC009,9303.64,BASELINE
2025-10-01,ACC011,CC010,12316.86,BASELINE
2025-10-01,ACC011,CC011,12604.84,BASELINE
2025-10-01,ACC011,CC012,7682.65,BASELINE
2025-10-01,ACC011,CC013,6280.14,BASELINE
2025-10-01,ACC011,CC014,14145.64,BASELINE
2025-10-01,ACC011,CC015,2122.44,BASELINE
2025-10-01,ACC012,CC001,7157.35,BASELINE
2025-10-01,ACC012,CC002,5547.2,BASELINE
2025-10-01,ACC012,CC003,5834.35,BASELINE
2025-10-01,ACC012,CC004,5588.26,BASELINE
2025-10-01,ACC012,CC005,22053.48,BASELINE
2025-10-01,ACC012,CC006,1320.24,BASELINE
2025-10-01,ACC012,CC007,5233.42,BASELINE
2025-10-01,ACC012,CC008,10743.93,BASELINE
2025-10-01,ACC012,CC009,9623.4,BASELINE
2025-10-01,ACC012,CC010,9834.41,BASELINE
2025-10-01,ACC012,CC011,4270.76,BASELINE
2025-10-01,ACC012,CC012,10417.37,BASELINE
2025-10-01,ACC012,CC013,0.0,BASELINE
2025-10-01,ACC012,CC014,31822.21,BASELINE
2025-10-01,ACC012,CC015,7068.16,BASELINE
2025-11-01,ACC004,CC001,4521.48,BASELINE
2025-11-01,ACC004,CC002,6008.85,BASELINE
2025-11-01,ACC004,CC003,3109.87,BASELINE
2025-11-01,ACC004,CC004,3023.76,BASELINE
2025-11-01,ACC004,CC005,7269.91,BASELINE
2025-11-01,ACC004,CC006,4271.32,BASELINE
2025-11-01,ACC004,CC007,5280.1,BASELINE
2025-11-01,ACC004,CC008,16846.26,BASELINE
2025-11-01,ACC004,CC009,7094.67,BASELINE
2025-11-01,ACC004,CC010,7993.99,BASELINE
2025-11-01,ACC004,CC011,1655.74,BASELINE
2025-11-01,ACC004,CC012,4382.89,BASELINE
2025-11-01,ACC004,CC013,10435.41,BASELINE
2025-11-01,ACC004,CC014,8364.73,BASELINE
2025-11-01,ACC004,CC015,19476.13,BASELINE
2025-11-01,ACC005,CC001,7339.23,BASELINE
2025-11-01,ACC005,CC002,2645.15,BASELINE
2025-11-01,ACC005,CC003,6677.18,BASELINE
2025-11-01,ACC005,CC004,5356.66,BASELINE
2025-11-01,ACC005,CC005,6801.98,BASELINE
2025-11-01,ACC005,CC006,1201.3,BASELINE
2025-11-01,ACC005,CC007,5482.0,BASELINE
2025-11-01,ACC005,CC008,12081.87,BASELINE
2025-11-01,ACC005,CC009,4446.04,BASELINE
2025-11-01,ACC005,CC010,4651.68,BASELINE
2025-11-01,ACC005,CC011,5483.16,BASELINE
2025-11-01,ACC005,CC012,9505.79,BASELINE
2025-11-01,ACC005,CC013,11583.94,BASELINE
2025-11-01,ACC005,CC014,4264.38,BASELINE
2025-11-01,ACC005,CC015,20910.3,BASELINE
2025-11-01,ACC006,CC001,6779.68,BASELINE
2025-11-01,ACC006,CC002,2638.7,BASELINE
2025-11-01,ACC006,CC003,6131.79,BASELINE
2025-11-01,ACC006,CC004,5668.46,BASELINE
2025-11-01,ACC006,CC005,3172.04,BASELINE
2025-11-01,ACC006,CC006,2865.6,BASELINE
2025-11-01,ACC006,CC007,16126.53,BASELINE
2025-11-01,ACC006,CC008,5442.02,BASELINE
2025-11-01,ACC006,CC009,1000.87,BASELINE
2025-11-01,ACC006,CC010,1354.2,BASELINE
2025-11-01,ACC006,CC011,3525.4,BASELINE
2025-11-01,ACC006,CC012,5357.15,BASELINE
2025-11-01,ACC006,CC013,3488.37,BASELINE
2025-11-01,ACC006,CC014,4473.02,BASELINE
2025-11-01,ACC006,CC015,4252.88,BASELINE
2025-11-01,ACC007,CC001,18820.48,BASELINE
2025-11-01,ACC007,CC002,11852.79,BASELINE
2025-11-01,ACC007,CC003,8254.25,BASELINE
2025-11-01,ACC007,CC004,1985.98,BASELINE
2025-11-01,ACC007,CC005,5478.82,BASELINE
2025-11-01,ACC007,CC006,5839.01,BASELINE
2025-11-01,ACC007,CC007,10886.98,BASELINE
2025-11-01,ACC007,CC008,13674.35,BASELINE
2025-11-01,ACC007,CC009,734.25,BASELINE
2025-11-01,ACC007,CC010,6392.8,BASELINE
2025-11-01,ACC007,CC011,6660.33,BASELINE
2025-11-01,ACC007,CC012,9732.6,BASELINE
2025-11-01,ACC007,CC013,7387.22,BASELINE
2025-11-01,ACC007,CC014,12037.23,BASELINE
2025-11-01,ACC007,CC015,8933.1,BASELINE
2025-11-01,ACC008,CC001,21443.85,BASELINE
2025-11-01,ACC008,CC002,4903.75,BASELINE
2025-11-01,ACC008,CC003,5920.18,BASELINE
2025-11-01,ACC008,CC004,679.61,BASELINE
2025-11-01,ACC008,CC005,3726.92,BASELINE
2025-11-01,ACC008,CC006,8331.94,BASELINE
2025-11-01,ACC008,CC007,6409.15,BASELINE
2025-11-01,ACC008,CC008,7375.65,BASELINE
2025-11-01,ACC008,CC009,26901.33,BASELINE
2025-11-01,ACC008,CC010,3355.3,BASELINE
2025-11-01,ACC008,CC011,4380.54,BASELINE
2025-11-01,ACC008,CC012,10249.63,BASELINE
2025-11-01,ACC008,CC013,8785.16,BASELINE
2025-11-01,ACC008,CC014,4582.47,BASELINE
2025-11-01,ACC008,CC015,9156.98,BASELINE
2025-11-01,ACC009,CC001,14459.69,BASELINE
2025-11-01,ACC009,CC002,21267.88,BASELINE
2025-11-01,ACC009,CC003,14036.42,BASELINE
2025-11-01,ACC009,CC004,7694.65,BASELINE
2025-11-01,ACC009,CC005,14997.63,BASELINE
2025-11-01,ACC009,CC006,7570.36,BASELINE
2025-11-01,ACC009,CC007,6177.99,BASELINE
2025-11-01,ACC009,CC008,30029.78,BASELINE
2025-11-01,ACC009,CC009,4155.84,BASELINE
2025-11-01,ACC009,CC010,8302.92,BASELINE
2025-11-01,ACC009,CC011,8017.77,BASELINE
2025-11-01,ACC009,CC012,3958.94,BASELINE
2025-11-01,ACC009,CC013,11928.67,BASELINE
2025-11-01,ACC009,CC014,447.11,BASELINE
2025-11-01,ACC009,CC015,0.0,BASELINE
2025-11-01,ACC010,CC001,4049.84,BASELINE
2025-11-01,ACC010,CC002,4751.66,BASELINE
2025-11-01,ACC010,CC003,10656.53,BASELINE
2025-11-01,ACC010,CC004,16575.15,BASELINE
2025-11-01,ACC010,CC005,1641.21,BASELINE
2025-11-01,ACC010,CC006,1734.7,BASELINE
2025-11-01,ACC010,CC007,2064.06,BASELINE
2025-11-01,ACC010,CC008,12167.0,BASELINE
2025-11-01,ACC010,CC009,23753.63,BASELINE
2025-11-01,ACC010,CC010,19156.21,BASELINE
2025-11-01,ACC010,CC011,8515.59,BASELINE
2025-11-01,ACC010,CC012,16960.23,BASELINE
2025-11-01,ACC010,CC013,3525.75,BASELINE
2025-11-01,ACC010,CC014,12323.63,BASELINE
2025-11-01,ACC010,CC015,3285.22,BASELINE
2025-11-01,ACC011,CC001,20374.86,BASELINE
2025-11-01,ACC011,CC002,10919.88,BASELINE
2025-11-01,ACC011,CC003,6170.05,BASELINE
2025-11-01,ACC011,CC004,10766.11,BASELINE
2025-11-01,ACC011,CC005,9013.87,BASELINE
2025-11-01,ACC011,CC006,7241.35,BASELINE
2025-11-01,ACC011,CC007,10823.48,BASELINE
2025-11-01,ACC011,CC008,4515.29,BASELINE
2025-11-01,ACC011,CC009,23000.51,BASELINE
2025-11-01,ACC011,CC010,13195.34,BASELINE
2025-11-01,ACC011,CC011,17030.57,BASELINE
2025-11-01,ACC011,CC012,11216.17,BASELINE
2025-11-01,ACC011,CC013,682.63,BASELINE
2025-11-01,ACC011,CC014,2335.74,BASELINE
2025-11-01,ACC011,CC015,1204.61,BASELINE
2025-11-01,ACC012,CC001,5013.05,BASELINE
2025-11-01,ACC012,CC002,23237.16,BASELINE
2025-11-01,ACC012,CC003,12304.06,BASELINE
2025-11-01,ACC012,CC004,9699.72,BASELINE
2025-11-01,ACC012,CC005,16523.0,BASELINE
2025-11-01,ACC012,CC006,8858.54,BASELINE
2025-11-01,ACC012,CC007,14910.81,BASELINE
2025-11-01,ACC012,CC008,5581.63,BASELINE
2025-11-01,ACC012,CC009,7450.63,BASELINE
2025-11-01,ACC012,CC010,4834.16,BASELINE
2025-11-01,ACC012,CC011,2295.62,BASELINE
2025-11-01,ACC012,CC012,12164.88,BASELINE
2025-11-01,ACC012,CC013,10013.65,BASELINE
2025-11-01,ACC012,CC014,0.0,BASELINE
2025-11-01,ACC012,CC015,878.07,BASELINE
2025-12-01,ACC004,CC001,4205.2,BASELINE
2025-12-01,ACC004,CC002,10263.9,BASELINE
2025-12-01,ACC004,CC003,6980.16,BASELINE
2025-12-01,ACC004,CC004,6105.52,BASELINE
2025-12-01,ACC004,CC005,15693.11,BASELINE
2025-12-01,ACC004,CC006,7651.87,BASELINE
2025-12-01,ACC004,CC007,20092.49,BASELINE
2025-12-01,ACC004,CC008,10365.59,BASELINE
2025-12-01,ACC004,CC009,6125.17,BASELINE
2025-12-01,ACC004,CC010,7053.06,BASELINE
2025-12-01,ACC004,CC011,16739.86,BASELINE
2025-12-01,ACC004,CC012,8499.48,BASELINE
2025-12-01,ACC004,CC013,2293.62,BASELINE
2025-12-01,ACC004,CC014,15698.42,BASELINE
2025-12-01,ACC004,CC015,2746.8,BASELINE
2025-12-01,ACC005,CC001,9822.55,BASELINE
2025-12-01,ACC005,CC002,527.1,BASELINE
2025-12-01,ACC005,CC003,3953.54,BASELINE
2025-12-01,ACC005,CC004,3674.99,BASELINE
2025-12-01,ACC005,CC005,248.48,BASELINE
2025-12-01,ACC005,CC006,11682.69,BASELINE
2025-12-01,ACC005,CC007,8723.89,BASELINE
2025-12-01,ACC005,CC008,7182.38,BASELINE
2025-12-01,ACC005,CC009,2952.09,BASELINE
2025-12-01,ACC005,CC010,5780.61,BASELINE
2025-12-01,ACC005,CC011,13878.86,BASELINE
2025-12-01,ACC005,CC012,2731.59,BASELINE
2025-12-01,ACC005,CC013,3829.91,BASELINE
2025-12-01,ACC005,CC014,4381.02,BASELINE
2025-12-01,ACC005,CC015,791.49,BASELINE
2025-12-01,ACC006,CC001,8385.62,BASELINE
2025-12-01,ACC006,CC002,9365.42,BASELINE
2025-12-01,ACC006,CC003,15775.37,BASELINE
2025-12-01,ACC006,CC004,6367.34,BASELINE
2025-12-01,ACC006,CC005,17941.1,BASELINE
2025-12-01,ACC006,CC006,10495.29,BASELINE
2025-12-01,ACC006,CC007,11170.78,BASELINE
2025-12-01,ACC006,CC008,0.0,BASELINE
2025-12-01,ACC006,CC009,3410.25,BASELINE
2025-12-01,ACC006,CC010,4721.06,BASELINE
2025-12-01,ACC006,CC011,13674.92,BASELINE
2025-12-01,ACC006,CC012,0.0,BASELINE
2025-12-01,ACC006,CC013,0.0,BASELINE
2025-12-01,ACC006,CC014,10128.77,BASELINE
2025-12-01,ACC006,CC015,41986.03,BASELINE
2025-12-01,ACC007,CC001,20915.71,BASELINE
2025-12-01,ACC007,CC002,1964.18,BASELINE
2025-12-01,ACC007,CC003,4678.7,BASELINE
2025-12-01,ACC007,CC004,1147.24,BASELINE
2025-12-01,ACC007,CC005,4857.11,BASELINE
2025-12-01,ACC007,CC006,1258.72,BASELINE
2025-12-01,ACC007,CC007,14609.5,BASELINE
2025-12-01,ACC007,CC008,4682.89,BASELINE
2025-12-01,ACC007,CC009,10789.96,BASELINE
2025-12-01,ACC007,CC010,7072.23,BASELINE
2025-12-01,ACC007,CC011,6142.69,BASELINE
2025-12-01,ACC007,CC012,10630.63,BASELINE
2025-12-01,ACC007,CC013,10644.65,BASELINE
2025-12-01,ACC007,CC014,0.0,BASELINE
2025-12-01,ACC007,CC015,9116.57,BASELINE
2025-12-01,ACC008,CC001,1366.35,BASELINE
2025-12-01,ACC008,CC002,9952.16,BASELINE
2025-12-01,ACC008,CC003,13425.7,BASELINE
2025-12-01,ACC008,CC004,17878.37,BASELINE
2025-12-01,ACC008,CC005,6588.72,BASELINE
2025-12-01,ACC008,CC006,7550.85,BASELINE
2025-12-01,ACC008,CC007,8512.04,BASELINE
2025-12-01,ACC008,CC008,0.0,BASELINE
2025-12-01,ACC008,CC009,9512.85,BASELINE
2025-12-01,ACC008,CC010,13597.11,BASELINE
2025-12-01,ACC008,CC011,3967.84,BASELINE
2025-12-01,ACC008,CC012,9349.9,BASELINE
2025-12-01,ACC008,CC013,7854.08,BASELINE
2025-12-01,ACC008,CC014,11665.63,BASELINE
2025-12-01,ACC008,CC015,16889.46,BASELINE
2025-12-01,ACC009,CC001,3158.82,BASELINE
2025-12-01,ACC009,CC002,13701.45,BASELINE
2025-12-01,ACC009,CC003,2220.57,BASELINE
2025-12-01,ACC009,CC004,8246.45,BASELINE
2025-12-01,ACC009,CC005,1544.11,BASELINE
2025-12-01,ACC009,CC006,15799.37,BASELINE
2025-12-01,ACC009,CC007,5467.25,BASELINE
2025-12-01,ACC009,CC008,20406.36,BASELINE
2025-12-01,ACC009,CC009,2711.86,BASELINE
2025-12-01,ACC009,CC010,3402.72,BASELINE
2025-12-01,ACC009,CC011,5506.59,BASELINE
2025-12-01,ACC009,CC012,14799.78,BASELINE
2025-12-01,ACC009,CC013,5353.38,BASELINE
2025-12-01,ACC009,CC014,21911.5,BASELINE
2025-12-01,ACC009,CC015,4444.35,BASELINE
2025-12-01,ACC010,CC001,12889.28,BASELINE
2025-12-01,ACC010,CC002,6236.31,BASELINE
2025-12-01,ACC010,CC003,24317.31,BASELINE
2025-12-01,ACC010,CC004,17160.67,BASELINE
2025-12-01,ACC010,CC005,1019.97,BASELINE
2025-12-01,ACC010,CC006,394.26,BASELINE
2025-12-01,ACC010,CC007,7224.53,BASELINE
2025-12-01,ACC010,CC008,3065.83,BASELINE
2025-12-01,ACC010,CC009,6708.01,BASELINE
2025-12-01,ACC010,CC010,7317.42,BASELINE
2025-12-01,ACC010,CC011,6798.22,BASELINE
2025-12-01,ACC010,CC012,8219.72,BASELINE
2025-12-01,ACC010,CC013,7256.84,BASELINE
2025-12-01,ACC010,CC014,13270.48,BASELINE
2025-12-01,ACC010,CC015,11785.09,BASELINE
2025-12-01,ACC011,CC001,7543.64,BASELINE
2025-12-01,ACC011,CC002,2301.68,BASELINE
2025-12-01,ACC011,CC003,9989.74,BASELINE
2025-12-01,ACC011,CC004,6147.4,BASELINE
2025-12-01,ACC011,CC005,19007.08,BASELINE
2025-12-01,ACC011,CC006,1083.32,BASELINE
2025-12-01,ACC011,CC007,2188.89,BASELINE
2025-12-01,ACC011,CC008,7827.38,BASELINE
2025-12-01,ACC011,CC009,1938.37,BASELINE
2025-12-01,ACC011,CC010,6907.55,BASELINE
2025-12-01,ACC011,CC011,6458.75,BASELINE
2025-12-01,ACC011,CC012,5757.76,BASELINE
2025-12-01,ACC011,CC013,5461.05,BASELINE
2025-12-01,ACC011,CC014,9004.18,BASELINE
2025-12-01,ACC011,CC015,3046.2,BASELINE
2025-12-01,ACC012,CC001,1157.71,BASELINE
2025-12-01,ACC012,CC002,14526.05,BASELINE
2025-12-01,ACC012,CC003,5838.7,BASELINE
2025-12-01,ACC012,CC004,3751.29,BASELINE
2025-12-01,ACC012,CC005,8517.14,BASELINE
2025-12-01,ACC012,CC006,831.48,BASELINE
2025-12-01,ACC012,CC007,5563.15,BASELINE
2025-12-01,ACC012,CC008,21202.02,BASELINE
2025-12-01,ACC012,CC009,4967.46,BASELINE
2025-12-01,ACC012,CC010,4875.79,BASELINE
2025-12-01,ACC012,CC011,1323.85,BASELINE
2025-12-01,ACC012,CC012,2611.64,BASELINE
2025-12-01,ACC012,CC013,11070.82,BASELINE
2025-12-01,ACC012,CC014,13155.7,BASELINE
2025-12-01,ACC012,CC015,2513.49,BASELINE
2026-01-01,ACC004,CC001,5421.87,BASELINE
2026-01-01,ACC004,CC002,8456.72,BASELINE
2026-01-01,ACC004,CC003,17666.77,BASELINE
2026-01-01,ACC004,CC004,11700.67,BASELINE
2026-01-01,ACC004,CC005,5335.73,BASELINE
2026-01-01,ACC004,CC006,19892.67,BASELINE
2026-01-01,ACC004,CC007,8607.75,BASELINE
2026-01-01,ACC004,CC008,903.71,BASELINE
2026-01-01,ACC004,CC009,12522.78,BASELINE
2026-01-01,ACC004,CC010,36936.39,BASELINE
2026-01-01,ACC004,CC011,12275.98,BASELINE
2026-01-01,ACC004,CC012,18637.52,BASELINE
2026-01-01,ACC004,CC013,2298.66,BASELINE
2026-01-01,ACC004,CC014,15953.88,BASELINE
2026-01-01,ACC004,CC015,10841.3,BASELINE
2026-01-01,ACC005,CC001,12316.97,BASELINE
2026-01-01,ACC005,CC002,13701.91,BASELINE
2026-01-01,ACC005,CC003,16680.77,BASELINE
2026-01-01,ACC005,CC004,1496.06,BASELINE
2026-01-01,ACC005,CC005,14972.61,BASELINE
2026-01-01,ACC005,CC006,6247.12,BASELINE
2026-01-01,ACC005,CC007,4378.52,BASELINE
2026-01-01,ACC005,CC008,9495.71,BASELINE
2026-01-01,ACC005,CC009,20119.3,BASELINE
2026-01-01,ACC005,CC010,1165.71,BASELINE
2026-01-01,ACC005,CC011,7626.11,BASELINE
2026-01-01,ACC005,CC012,1121.86,BASELINE
2026-01-01,ACC005,CC013,11011.46,BASELINE
2026-01-01,ACC005,CC014,27621.5,BASELINE
2026-01-01,ACC005,CC015,8361.93,BASELINE
2026-01-01,ACC006,CC001,1519.24,BASELINE
2026-01-01,ACC006,CC002,17574.93,BASELINE
2026-01-01,ACC006,CC003,3052.04,BASELINE
2026-01-01,ACC006,CC004,0.0,BASELINE
2026-01-01,ACC006,CC005,3848.37,BASELINE
2026-01-01,ACC006,CC006,2662.6,BASELINE
2026-01-01,ACC006,CC007,10915.58,BASELINE
2026-01-01,ACC006,CC008,2636.4,BASELINE
2026-01-01,ACC006,CC009,3526.78,BASELINE
2026-01-01,ACC006,CC010,5656.11,BASELINE
2026-01-01,ACC006,CC011,5660.76,BASELINE
2026-01-01,ACC006,CC012,13729.91,BASELINE
2026-01-01,ACC006,CC013,17561.21,BASELINE
2026-01-01,ACC006,CC014,8980.02,BASELINE
2026-01-01,ACC006,CC015,3705.63,BASELINE
2026-01-01,ACC007,CC001,1709.3,BASELINE
2026-01-01,ACC007,CC002,5035.75,BASELINE
2026-01-01,ACC007,CC003,36838.43,BASELINE
2026-01-01,ACC007,CC004,0.0,BASELINE
2026-01-01,ACC007,CC005,7067.17,BASELINE
2026-01-01,ACC007,CC006,5746.82,BASELINE
2026-01-01,ACC007,CC007,4492.55,BASELINE
2026-01-01,ACC007,CC008,5473.3,BASELINE
2026-01-01,ACC007,CC009,11367.51,BASELINE
2026-01-01,ACC007,CC010,7115.69,BASELINE
2026-01-01,ACC007,CC011,3184.91,BASELINE
2026-01-01,ACC007,CC012,4612.96,BASELINE
2026-01-01,ACC007,CC013,11757.58,BASELINE
2026-01-01,ACC007,CC014,1628.73,BASELINE
2026-01-01,ACC007,CC015,14509.83,BASELINE
2026-01-01,ACC008,CC001,1878.7,BASELINE
2026-01-01,ACC008,CC002,3654.83,BASELINE
2026-01-01,ACC008,CC003,3158.03,BASELINE
2026-01-01,ACC008,CC004,11745.62,BASELINE
2026-01-01,ACC008,CC005,17761.22,BASELINE
2026-01-01,ACC008,CC006,14658.5,BASELINE
2026-01-01,ACC008,CC007,7177.33,BASELINE
2026-01-01,ACC008,CC008,7615.18,BASELINE
2026-01-01,ACC008,CC009,6524.48,BASELINE
2026-01-01,ACC008,CC010,3621.4,BASELINE
2026-01-01,ACC008,CC011,14395.62,BASELINE
2026-01-01,ACC008,CC012,11119.13,BASELINE
2026-01-01,ACC008,CC013,19306.64,BASELINE
2026-01-01,ACC008,CC014,9100.8,BASELINE
2026-01-01,ACC008,CC015,2180.13,BASELINE
2026-01-01,ACC009,CC001,9705.14,BASELINE
2026-01-01,ACC009,CC002,1585.38,BASELINE
2026-01-01,ACC009,CC003,10464.86,BASELINE
2026-01-01,ACC009,CC004,4969.49,BASELINE
2026-01-01,ACC009,CC005,9958.52,BASELINE
2026-01-01,ACC009,CC006,5779.3,BASELINE
2026-01-01,ACC009,CC007,7547.52,BASELINE
2026-01-01,ACC009,CC008,10144.71,BASELINE
2026-01-01,ACC009,CC009,5406.27,BASELINE
2026-01-01,ACC009,CC010,20671.29,BASELINE
2026-01-01,ACC009,CC011,7308.85,BASELINE
2026-01-01,ACC009,CC012,11865.53,BASELINE
2026-01-01,ACC009,CC013,14700.96,BASELINE
2026-01-01,ACC009,CC014,1357.36,BASELINE
2026-01-01,ACC009,CC015,14417.71,BASELINE
2026-01-01,ACC010,CC001,2798.23,BASELINE
2026-01-01,ACC010,CC002,17034.92,BASELINE
2026-01-01,ACC010,CC003,10034.58,BASELINE
2026-01-01,ACC010,CC004,6224.31,BASELINE
2026-01-01,ACC010,CC005,15075.61,BASELINE
2026-01-01,ACC010,CC006,5689.6,BASELINE
2026-01-01,ACC010,CC007,11060.15,BASELINE
2026-01-01,ACC010,CC008,6575.05,BASELINE
2026-01-01,ACC010,CC009,4103.84,BASELINE
2026-01-01,ACC010,CC010,2725.88,BASELINE
2026-01-01,ACC010,CC011,8027.76,BASELINE
2026-01-01,ACC010,CC012,5094.11,BASELINE
2026-01-01,ACC010,CC013,7143.66,BASELINE
2026-01-01,ACC010,CC014,31933.35,BASELINE
2026-01-01,ACC010,CC015,2439.26,BASELINE
2026-01-01,ACC011,CC001,14492.48,BASELINE
2026-01-01,ACC011,CC002,11468.67,BASELINE
2026-01-01,ACC011,CC003,4264.29,BASELINE
2026-01-01,ACC011,CC004,9043.24,BASELINE
2026-01-01,ACC011,CC005,1377.97,BASELINE
2026-01-01,ACC011,CC006,2117.79,BASELINE
2026-01-01,ACC011,CC007,12846.51,BASELINE
2026-01-01,ACC011,CC008,11430.65,BASELINE
2026-01-01,ACC011,CC009,8160.85,BASELINE
2026-01-01,ACC011,CC010,4983.2,BASELINE
2026-01-01,ACC011,CC011,4170.14,BASELINE
2026-01-01,ACC011,CC012,11807.27,BASELINE
2026-01-01,ACC011,CC013,2751.01,BASELINE
2026-01-01,ACC011,CC014,9008.82,BASELINE
2026-01-01,ACC011,CC015,9333.48,BASELINE
2026-01-01,ACC012,CC001,12555.89,BASELINE
2026-01-01,ACC012,CC002,6649.85,BASELINE
2026-01-01,ACC012,CC003,5350.19,BASELINE
2026-01-01,ACC012,CC004,8362.44,BASELINE
2026-01-01,ACC012,CC005,2254.87,BASELINE
2026-01-01,ACC012,CC006,11902.43,BASELINE
2026-01-01,ACC012,CC007,6319.37,BASELINE
2026-01-01,ACC012,CC008,3590.24,BASELINE
2026-01-01,ACC012,CC009,13676.57,BASELINE
2026-01-01,ACC012,CC010,14608.03,BASELINE
2026-01-01,ACC012,CC011,17143.92,BASELINE
2026-01-01,ACC012,CC012,13843.94,BASELINE
2026-01-01,ACC012,CC013,4542.36,BASELINE
2026-01-01,ACC012,CC014,4390.4,BASELINE
2026-01-01,ACC012,CC015,18433.49,BASELINE
2026-02-01,ACC004,CC001,5517.58,BASELINE
2026-02-01,ACC004,CC002,18503.8,BASELINE
2026-02-01,ACC004,CC003,5383.7,BASELINE
2026-02-01,ACC004,CC004,6720.06,BASELINE
2026-02-01,ACC004,CC005,23042.67,BASELINE
2026-02-01,ACC004,CC006,11591.93,BASELINE
2026-02-01,ACC004,CC007,8467.25,BASELINE
2026-02-01,ACC004,CC008,4891.96,BASELINE
2026-02-01,ACC004,CC009,9308.48,BASELINE
2026-02-01,ACC004,CC010,9676.93,BASELINE
2026-02-01,ACC004,CC011,5479.3,BASELINE
2026-02-01,ACC004,CC012,10786.49,BASELINE
2026-02-01,ACC004,CC013,3105.43,BASELINE
2026-02-01,ACC004,CC014,0.0,BASELINE
2026-02-01,ACC004,CC015,6155.23,BASELINE
2026-02-01,ACC005,CC001,4542.86,BASELINE
2026-02-01,ACC005,CC002,0.0,BASELINE
2026-02-01,ACC005,CC003,3239.43,BASELINE
2026-02-01,ACC005,CC004,2311.73,BASELINE
2026-02-01,ACC005,CC005,14665.0,BASELINE
2026-02-01,ACC005,CC006,9365.36,BASELINE
2026-02-01,ACC005,CC007,15004.55,BASELINE
2026-02-01,ACC005,CC008,20032.71,BASELINE
2026-02-01,ACC005,CC009,4857.01,BASELINE
2026-02-01,ACC005,CC010,0.0,BASELINE
2026-02-01,ACC005,CC011,11191.79,BASELINE
2026-02-01,ACC005,CC012,5238.53,BASELINE
2026-02-01,ACC005,CC013,1786.13,BASELINE
2026-02-01,ACC005,CC014,4786.22,BASELINE
2026-02-01,ACC005,CC015,17520.85,BASELINE
2026-02-01,ACC006,CC001,1574.57,BASELINE
2026-02-01,ACC006,CC002,6123.12,BASELINE
2026-02-01,ACC006,CC003,4346.87,BASELINE
2026-02-01,ACC006,CC004,9604.62,BASELINE
2026-02-01,ACC006,CC005,9128.65,BASELINE
2026-02-01,ACC006,CC006,5708.77,BASELINE
2026-02-01,ACC006,CC007,2744.6,BASELINE
2026-02-01,ACC006,CC008,14486.1,BASELINE
2026-02-01,ACC006,CC009,9040.75,BASELINE
2026-02-01,ACC006,CC010,8900.59,BASELINE
2026-02-01,ACC006,CC011,14766.66,BASELINE
2026-02-01,ACC006,CC012,11379.28,BASELINE
2026-02-01,ACC006,CC013,4474.23,BASELINE
2026-02-01,ACC006,CC014,7030.44,BASELINE
2026-02-01,ACC006,CC015,23180.98,BASELINE
2026-02-01,ACC007,CC001,10327.06,BASELINE
2026-02-01,ACC007,CC002,3410.06,BASELINE
2026-02-01,ACC007,CC003,6860.66,BASELINE
2026-02-01,ACC007,CC004,7773.6,BASELINE
2026-02-01,ACC007,CC005,1037.24,BASELINE
2026-02-01,ACC007,CC006,3274.22,BASELINE
2026-02-01,ACC007,CC007,12281.54,BASELINE
2026-02-01,ACC007,CC008,11685.03,BASELINE
2026-02-01,ACC007,CC009,5187.53,BASELINE
2026-02-01,ACC007,CC010,10884.91,BASELINE
2026-02-01,ACC007,CC011,5528.49,BASELINE
2026-02-01,ACC007,CC012,4663.97,BASELINE
2026-02-01,ACC007,CC013,162.36,BASELINE
2026-02-01,ACC007,CC014,3871.73,BASELINE
2026-02-01,ACC007,CC015,25410.75,BASELINE
2026-02-01,ACC008,CC001,5331.57,BASELINE
2026-02-01,ACC008,CC002,7568.21,BASELINE
2026-02-01,ACC008,CC003,14105.09,BASELINE
2026-02-01,ACC008,CC004,1968.8,BASELINE
2026-02-01,ACC008,CC005,10283.18,BASELINE
2026-02-01,ACC008,CC006,7712.75,BASELINE
2026-02-01,ACC008,CC007,1202.3,BASELINE
2026-02-01,ACC008,CC008,6555.64,BASELINE
2026-02-01,ACC008,CC009,3794.95,BASELINE
2026-02-01,ACC008,CC010,15724.61,BASELINE
2026-02-01,ACC008,CC011,16990.0,BASELINE
2026-02-01,ACC008,CC012,14410.89,BASELINE
2026-02-01,ACC008,CC013,5808.88,BASELINE
2026-02-01,ACC008,CC014,13084.04,BASELINE
2026-02-01,ACC008,CC015,4699.24,BASELINE
2026-02-01,ACC009,CC001,6331.92,BASELINE
2026-02-01,ACC009,CC002,5601.93,BASELINE
2026-02-01,ACC009,CC003,4826.68,BASELINE
2026-02-01,ACC009,CC004,5181.95,BASELINE
2026-02-01,ACC009,CC005,2277.99,BASELINE
2026-02-01,ACC009,CC006,11288.24,BASELINE
2026-02-01,ACC009,CC007,3502.78,BASELINE
2026-02-01,ACC009,CC008,5630.53,BASELINE
2026-02-01,ACC009,CC009,16899.02,BASELINE
2026-02-01,ACC009,CC010,9532.55,BASELINE
2026-02-01,ACC009,CC011,8350.54,BASELINE
2026-02-01,ACC009,CC012,18017.13,BASELINE
2026-02-01,ACC009,CC013,1025.09,BASELINE
2026-02-01,ACC009,CC014,5539.65,BASELINE
2026-02-01,ACC009,CC015,6225.18,BASELINE
2026-02-01,ACC010,CC001,11139.46,BASELINE
2026-02-01,ACC010,CC002,1971.78,BASELINE
2026-02-01,ACC010,CC003,2779.86,BASELINE
2026-02-01,ACC010,CC004,14873.49,BASELINE
2026-02-01,ACC010,CC005,8797.29,BASELINE
2026-02-01,ACC010,CC006,422.12,BASELINE
2026-02-01,ACC010,CC007,2534.0,BASELINE
2026-02-01,ACC010,CC008,7103.08,BASELINE
2026-02-01,ACC010,CC009,7650.4,BASELINE
2026-02-01,ACC010,CC010,44472.62,BASELINE
2026-02-01,ACC010,CC011,5774.35,BASELINE
2026-02-01,ACC010,CC012,8475.67,BASELINE
2026-02-01,ACC010,CC013,963.87,BASELINE
2026-02-01,ACC010,CC014,2082.13,BASELINE
2026-02-01,ACC010,CC015,381.01,BASELINE
2026-02-01,ACC011,CC001,2816.69,BASELINE
2026-02-01,ACC011,CC002,6768.64,BASELINE
2026-02-01,ACC011,CC003,8849.14,BASELINE
2026-02-01,ACC011,CC004,2527.89,BASELINE
2026-02-01,ACC011,CC005,3723.97,BASELINE
2026-02-01,ACC011,CC006,20507.39,BASELINE
2026-02-01,ACC011,CC007,3759.08,BASELINE
2026-02-01,ACC011,CC008,1572.47,BASELINE
2026-02-01,ACC011,CC009,1578.22,BASELINE
2026-02-01,ACC011,CC010,33728.62,BASELINE
2026-02-01,ACC011,CC011,7439.65,BASELINE
2026-02-01,ACC011,CC012,6536.83,BASELINE
2026-02-01,ACC011,CC013,12235.94,BASELINE
2026-02-01,ACC011,CC014,15509.28,BASELINE
2026-02-01,ACC011,CC015,12414.0,BASELINE
2026-02-01,ACC012,CC001,4294.76,BASELINE
2026-02-01,ACC012,CC002,21705.12,BASELINE
2026-02-01,ACC012,CC003,1834.02,BASELINE
2026-02-01,ACC012,CC004,8073.53,BASELINE
2026-02-01,ACC012,CC005,3588.05,BASELINE
2026-02-01,ACC012,CC006,4912.16,BASELINE
2026-02-01,ACC012,CC007,926.65,BASELINE
2026-02-01,ACC012,CC008,7516.16,BASELINE
2026-02-01,ACC012,CC009,3587.5,BASELINE
2026-02-01,ACC012,CC010,9215.99,BASELINE
2026-02-01,ACC012,CC011,2905.61,BASELINE
2026-02-01,ACC012,CC012,1485.02,BASELINE
2026-02-01,ACC012,CC013,4549.27,BASELINE
2026-02-01,ACC012,CC014,4492.87,BASELINE
2026-02-01,ACC012,CC015,4158.58,BASELINE
2026-03-01,ACC004,CC001,692.13,BASELINE
2026-03-01,ACC004,CC002,1585.32,BASELINE
2026-03-01,ACC004,CC003,6745.14,BASELINE
2026-03-01,ACC004,CC004,5945.38,BASELINE
2026-03-01,ACC004,CC005,4899.13,BASELINE
2026-03-01,ACC004,CC006,944.76,BASELINE
2026-03-01,ACC004,CC007,3651.47,BASELINE
2026-03-01,ACC004,CC008,4340.78,BASELINE
2026-03-01,ACC004,CC009,7011.83,BASELINE
2026-03-01,ACC004,CC010,2067.83,BASELINE
2026-03-01,ACC004,CC011,8966.24,BASELINE
2026-03-01,ACC004,CC012,6605.26,BASELINE
2026-03-01,ACC004,CC013,14771.43,BASELINE
2026-03-01,ACC004,CC014,10108.07,BASELINE
2026-03-01,ACC004,CC015,506.44,BASELINE
2026-03-01,ACC005,CC001,10557.51,BASELINE
2026-03-01,ACC005,CC002,7367.81,BASELINE
2026-03-01,ACC005,CC003,5472.87,BASELINE
2026-03-01,ACC005,CC004,11305.45,BASELINE
2026-03-01,ACC005,CC005,3904.03,BASELINE
2026-03-01,ACC005,CC006,16590.94,BASELINE
2026-03-01,ACC005,CC007,1139.63,BASELINE
2026-03-01,ACC005,CC008,7414.65,BASELINE
2026-03-01,ACC005,CC009,23336.05,BASELINE
2026-03-01,ACC005,CC010,8156.22,BASELINE
2026-03-01,ACC005,CC011,5462.59,BASELINE
2026-03-01,ACC005,CC012,23791.93,BASELINE
2026-03-01,ACC005,CC013,3295.45,BASELINE
2026-03-01,ACC005,CC014,5822.48,BASELINE
2026-03-01,ACC005,CC015,9121.73,BASELINE
2026-03-01,ACC006,CC001,2556.32,BASELINE
2026-03-01,ACC006,CC002,868.53,BASELINE
2026-03-01,ACC006,CC003,3106.21,BASELINE
2026-03-01,ACC006,CC004,6619.57,BASELINE
2026-03-01,ACC006,CC005,9121.13,BASELINE
2026-03-01,ACC006,CC006,4159.26,BASELINE
2026-03-01,ACC006,CC007,9708.18,BASELINE
2026-03-01,ACC006,CC008,5965.15,BASELINE
2026-03-01,ACC006,CC009,14089.97,BASELINE
2026-03-01,ACC006,CC010,17160.29,BASELINE
2026-03-01,ACC006,CC011,9914.67,BASELINE
2026-03-01,ACC006,CC012,10417.99,BASELINE
2026-03-01,ACC006,CC013,9730.46,BASELINE
2026-03-01,ACC006,CC014,3528.54,BASELINE
2026-03-01,ACC006,CC015,9707.52,BASELINE
2026-03-01,ACC007,CC001,6026.48,BASELINE
2026-03-01,ACC007,CC002,10126.73,BASELINE
2026-03-01,ACC007,CC003,4887.21,BASELINE
2026-03-01,ACC007,CC004,7146.77,BASELINE
2026-03-01,ACC007,CC005,4517.81,BASELINE
2026-03-01,ACC007,CC006,20227.4,BASELINE
2026-03-01,ACC007,CC007,9555.56,BASELINE
2026-03-01,ACC007,CC008,11175.7,BASELINE
2026-03-01,ACC007,CC009,6818.99,BASELINE
2026-03-01,ACC007,CC010,5733.36,BASELINE
2026-03-01,ACC007,CC011,14597.26,BASELINE
2026-03-01,ACC007,CC012,2944.94,BASELINE
2026-03-01,ACC007,CC013,3330.76,BASELINE
2026-03-01,ACC007,CC014,13264.2,BASELINE
2026-03-01,ACC007,CC015,5770.04,BASELINE
2026-03-01,ACC008,CC001,5362.31,BASELINE
2026-03-01,ACC008,CC002,8220.55,BASELINE
2026-03-01,ACC008,CC003,6899.59,BASELINE
2026-03-01,ACC008,CC004,2513.71,BASELINE
2026-03-01,ACC008,CC005,9170.66,BASELINE
2026-03-01,ACC008,CC006,7926.81,BASELINE
2026-03-01,ACC008,CC007,6162.84,BASELINE
2026-03-01,ACC008,CC008,16944.95,BASELINE
2026-03-01,ACC008,CC009,17868.0,BASELINE
2026-03-01,ACC008,CC010,9055.52,BASELINE
2026-03-01,ACC008,CC011,17764.26,BASELINE
2026-03-01,ACC008,CC012,5037.15,BASELINE
2026-03-01,ACC008,CC013,11628.57,BASELINE
2026-03-01,ACC008,CC014,16148.19,BASELINE
2026-03-01,ACC008,CC015,27087.01,BASELINE
2026-03-01,ACC009,CC001,5668.74,BASELINE
2026-03-01,ACC009,CC002,6578.05,BASELINE
2026-03-01,ACC009,CC003,23507.5,BASELINE
2026-03-01,ACC009,CC004,1395.63,BASELINE
2026-03-01,ACC009,CC005,3151.13,BASELINE
2026-03-01,ACC009,CC006,11626.03,BASELINE
2026-03-01,ACC009,CC007,5934.16,BASELINE
2026-03-01,ACC009,CC008,20483.38,BASELINE
2026-03-01,ACC009,CC009,2731.45,BASELINE
2026-03-01,ACC009,CC010,6013.84,BASELINE
2026-03-01,ACC009,CC011,6468.47,BASELINE
2026-03-01,ACC009,CC012,10285.15,BASELINE
2026-03-01,ACC009,CC013,4462.64,BASELINE
2026-03-01,ACC009,CC014,7999.41,BASELINE
2026-03-01,ACC009,CC015,13219.05,BASELINE
2026-03-01,ACC010,CC001,4885.86,BASELINE
2026-03-01,ACC010,CC002,6290.71,BASELINE
2026-03-01,ACC010,CC003,16806.03,BASELINE
2026-03-01,ACC010,CC004,17589.03,BASELINE
2026-03-01,ACC010,CC005,2134.42,BASELINE
2026-03-01,ACC010,CC006,4540.38,BASELINE
2026-03-01,ACC010,CC007,12885.94,BASELINE
2026-03-01,ACC010,CC008,13139.93,BASELINE
2026-03-01,ACC010,CC009,14339.85,BASELINE
2026-03-01,ACC010,CC010,9178.55,BASELINE
2026-03-01,ACC010,CC011,11698.93,BASELINE
2026-03-01,ACC010,CC012,1368.18,BASELINE
2026-03-01,ACC010,CC013,8740.16,BASELINE
2026-03-01,ACC010,CC014,11556.64,BASELINE
2026-03-01,ACC010,CC015,4843.49,BASELINE
2026-03-01,ACC011,CC001,15049.01,BASELINE
2026-03-01,ACC011,CC002,5618.09,BASELINE
2026-03-01,ACC011,CC003,5350.84,BASELINE
2026-03-01,ACC011,CC004,7327.01,BASELINE
2026-03-01,ACC011,CC005,3587.5,BASELINE
2026-03-01,ACC011,CC006,4126.51,BASELINE
2026-03-01,ACC011,CC007,6101.76,BASELINE
2026-03-01,ACC011,CC008,4471.3,BASELINE
2026-03-01,ACC011,CC009,19304.47,BASELINE
2026-03-01,ACC011,CC010,2699.67,BASELINE
2026-03-01,ACC011,CC011,19898.01,BASELINE
2026-03-01,ACC011,CC012,2090.69,BASELINE
2026-03-01,ACC011,CC013,12019.25,BASELINE
2026-03-01,ACC011,CC014,10900.17,BASELINE
2026-03-01,ACC011,CC015,11332.68,BASELINE
2026-03-01,ACC012,CC001,24377.76,BASELINE
2026-03-01,ACC012,CC002,16983.08,BASELINE
2026-03-01,ACC012,CC003,10774.36,BASELINE
2026-03-01,ACC012,CC004,15854.26,BASELINE
2026-03-01,ACC012,CC005,4871.8,BASELINE
2026-03-01,ACC012,CC006,7339.63,BASELINE
2026-03-01,ACC012,CC007,8315.65,BASELINE
2026-03-01,ACC012,CC008,40209.21,BASELINE
2026-03-01,ACC012,CC009,760.77,BASELINE
2026-03-01,ACC012,CC010,4576.75,BASELINE
2026-03-01,ACC012,CC011,7440.11,BASELINE
2026-03-01,ACC012,CC012,411.42,BASELINE
2026-03-01,ACC012,CC013,15725.11,BASELINE
2026-03-01,ACC012,CC014,18666.02,BASELINE
2026-03-01,ACC012,CC015,794.73,BASELINE
2026-04-01,ACC004,CC001,9899.85,BASELINE
2026-04-01,ACC004,CC002,7757.03,BASELINE
2026-04-01,ACC004,CC003,10378.47,BASELINE
2026-04-01,ACC004,CC004,6263.88,BASELINE
2026-04-01,ACC004,CC005,13886.87,BASELINE
2026-04-01,ACC004,CC006,9157.68,BASELINE
2026-04-01,ACC004,CC007,8026.33,BASELINE
2026-04-01,ACC004,CC008,7213.02,BASELINE
2026-04-01,ACC004,CC009,7626.48,BASELINE
2026-04-01,ACC004,CC010,7180.09,BASELINE
2026-04-01,ACC004,CC011,8260.43,BASELINE
2026-04-01,ACC004,CC012,2868.0,BASELINE
2026-04-01,ACC004,CC013,13580.15,BASELINE
2026-04-01,ACC004,CC014,10478.53,BASELINE
2026-04-01,ACC004,CC015,9245.02,BASELINE
2026-04-01,ACC005,CC001,7466.43,BASELINE
2026-04-01,ACC005,CC002,13501.13,BASELINE
2026-04-01,ACC005,CC003,6692.26,BASELINE
2026-04-01,ACC005,CC004,7610.12,BASELINE
2026-04-01,ACC005,CC005,499.88,BASELINE
2026-04-01,ACC005,CC006,2360.57,BASELINE
2026-04-01,ACC005,CC007,10840.62,BASELINE
2026-04-01,ACC005,CC008,5038.96,BASELINE
2026-04-01,ACC005,CC009,2215.1,BASELINE
2026-04-01,ACC005,CC010,3376.0,BASELINE
2026-04-01,ACC005,CC011,3520.92,BASELINE
2026-04-01,ACC005,CC012,10835.9,BASELINE
2026-04-01,ACC005,CC013,3983.42,BASELINE
2026-04-01,ACC005,CC014,11610.85,BASELINE
2026-04-01,ACC005,CC015,6487.1,BASELINE
2026-04-01,ACC006,CC001,3531.7,BASELINE
2026-04-01,ACC006,CC002,6604.75,BASELINE
2026-04-01,ACC006,CC003,19667.84,BASELINE
2026-04-01,ACC006,CC004,13266.65,BASELINE
2026-04-01,ACC006,CC005,13619.35,BASELINE
2026-04-01,ACC006,CC006,13564.17,BASELINE
2026-04-01,ACC006,CC007,25283.79,BASELINE
2026-04-01,ACC006,CC008,6101.17,BASELINE
2026-04-01,ACC006,CC009,7076.95,BASELINE
2026-04-01,ACC006,CC010,4428.27,BASELINE
2026-04-01,ACC006,CC011,12135.29,BASELINE
2026-04-01,ACC006,CC012,4908.72,BASELINE
2026-04-01,ACC006,CC013,10913.83,BASELINE
2026-04-01,ACC006,CC014,5276.31,BASELINE
2026-04-01,ACC006,CC015,8514.7,BASELINE
2026-04-01,ACC007,CC001,4113.56,BASELINE
2026-04-01,ACC007,CC002,4254.02,BASELINE
2026-04-01,ACC007,CC003,5055.38,BASELINE
2026-04-01,ACC007,CC004,3976.76,BASELINE
2026-04-01,ACC007,CC005,5057.18,BASELINE
2026-04-01,ACC007,CC006,2778.5,BASELINE
2026-04-01,ACC007,CC007,12598.18,BASELINE
2026-04-01,ACC007,CC008,29212.44,BASELINE
2026-04-01,ACC007,CC009,9185.25,BASELINE
2026-04-01,ACC007,CC010,7118.25,BASELINE
2026-04-01,ACC007,CC011,7160.51,BASELINE
2026-04-01,ACC007,CC012,12853.3,BASELINE
2026-04-01,ACC007,CC013,6945.25,BASELINE
2026-04-01,ACC007,CC014,1287.44,BASELINE
2026-04-01,ACC007,CC015,3984.48,BASELINE
2026-04-01,ACC008,CC001,6918.76,BASELINE
2026-04-01,ACC008,CC002,1353.96,BASELINE
2026-04-01,ACC008,CC003,986.44,BASELINE
2026-04-01,ACC008,CC004,1401.37,BASELINE
2026-04-01,ACC008,CC005,7405.34,BASELINE
2026-04-01,ACC008,CC006,8123.68,BASELINE
2026-04-01,ACC008,CC007,9176.38,BASELINE
2026-04-01,ACC008,CC008,8422.51,BASELINE
2026-04-01,ACC008,CC009,12334.97,BASELINE
2026-04-01,ACC008,CC010,13174.75,BASELINE
2026-04-01,ACC008,CC011,1673.49,BASELINE
2026-04-01,ACC008,CC012,1752.99,BASELINE
2026-04-01,ACC008,CC013,11798.63,BASELINE
2026-04-01,ACC008,CC014,19723.77,BASELINE
2026-04-01,ACC008,CC015,4813.98,BASELINE
2026-04-01,ACC009,CC001,5228.72,BASELINE
2026-04-01,ACC009,CC002,5166.25,BASELINE
2026-04-01,ACC009,CC003,2719.96,BASELINE
2026-04-01,ACC009,CC004,3194.12,BASELINE
2026-04-01,ACC009,CC005,5430.76,BASELINE
2026-04-01,ACC009,CC006,2445.97,BASELINE
2026-04-01,ACC009,CC007,16222.58,BASELINE
2026-04-01,ACC009,CC008,2690.29,BASELINE
2026-04-01,ACC009,CC009,6203.06,BASELINE
2026-04-01,ACC009,CC010,12548.72,BASELINE
2026-04-01,ACC009,CC011,4916.41,BASELINE
2026-04-01,ACC009,CC012,8901.19,BASELINE
2026-04-01,ACC009,CC013,14037.79,BASELINE
2026-04-01,ACC009,CC014,13816.71,BASELINE
2026-04-01,ACC009,CC015,11899.59,BASELINE
2026-04-01,ACC010,CC001,6402.11,BASELINE
2026-04-01,ACC010,CC002,2569.18,BASELINE
2026-04-01,ACC010,CC003,2555.52,BASELINE
2026-04-01,ACC010,CC004,4618.56,BASELINE
2026-04-01,ACC010,CC005,4501.07,BASELINE
2026-04-01,ACC010,CC006,1579.81,BASELINE
2026-04-01,ACC010,CC007,2625.85,BASELINE
2026-04-01,ACC010,CC008,3034.43,BASELINE
2026-04-01,ACC010,CC009,14763.28,BASELINE
2026-04-01,ACC010,CC010,18914.39,BASELINE
2026-04-01,ACC010,CC011,1402.79,BASELINE
2026-04-01,ACC010,CC012,5974.52,BASELINE
2026-04-01,ACC010,CC013,8360.07,BASELINE
2026-04-01,ACC010,CC014,630.05,BASELINE
2026-04-01,ACC010,CC015,854.02,BASELINE
2026-04-01,ACC011,CC001,1456.43,BASELINE
2026-04-01,ACC011,CC002,8919.59,BASELINE
2026-04-01,ACC011,CC003,11128.71,BASELINE
2026-04-01,ACC011,CC004,2127.36,BASELINE
2026-04-01,ACC011,CC005,5878.18,BASELINE
2026-04-01,ACC011,CC006,8382.89,BASELINE
2026-04-01,ACC011,CC007,9943.19,BASELINE
2026-04-01,ACC011,CC008,1351.32,BASELINE
2026-04-01,ACC011,CC009,17072.4,BASELINE
2026-04-01,ACC011,CC010,9889.46,BASELINE
2026-04-01,ACC011,CC011,13267.15,BASELINE
2026-04-01,ACC011,CC012,5151.72,BASELINE
2026-04-01,ACC011,CC013,23723.56,BASELINE
2026-04-01,ACC011,CC014,2270.35,BASELINE
2026-04-01,ACC011,CC015,1877.49,BASELINE
2026-04-01,ACC012,CC001,3487.76,BASELINE
2026-04-01,ACC012,CC002,0.0,BASELINE
2026-04-01,ACC012,CC003,10167.62,BASELINE
2026-04-01,ACC012,CC004,7863.97,BASELINE
2026-04-01,ACC012,CC005,6558.5,BASELINE
2026-04-01,ACC012,CC006,2872.69,BASELINE
2026-04-01,ACC012,CC007,4834.52,BASELINE
2026-04-01,ACC012,CC008,10174.31,BASELINE
2026-04-01,ACC012,CC009,1877.78,BASELINE
2026-04-01,ACC012,CC010,7238.73,BASELINE
2026-04-01,ACC012,CC011,3267.92,BASELINE
2026-04-01,ACC012,CC012,14569.28,BASELINE
2026-04-01,ACC012,CC013,7654.02,BASELINE
2026-04-01,ACC012,CC014,1899.94,BASELINE
2026-04-01,ACC012,CC015,20013.21,BASELINE
2026-05-01,ACC004,CC001,4443.88,BASELINE
2026-05-01,ACC004,CC002,4209.26,BASELINE
2026-05-01,ACC004,CC003,1130.42,BASELINE
2026-05-01,ACC004,CC004,13603.52,BASELINE
2026-05-01,ACC004,CC005,6682.02,BASELINE
2026-05-01,ACC004,CC006,1845.77,BASELINE
2026-05-01,ACC004,CC007,759.21,BASELINE
2026-05-01,ACC004,CC008,7040.48,BASELINE
2026-05-01,ACC004,CC009,9132.45,BASELINE
2026-05-01,ACC004,CC010,1911.22,BASELINE
2026-05-01,ACC004,CC011,3292.11,BASELINE
2026-05-01,ACC004,CC012,476.44,BASELINE
2026-05-01,ACC004,CC013,10408.33,BASELINE
2026-05-01,ACC004,CC014,1423.3,BASELINE
2026-05-01,ACC004,CC015,3444.77,BASELINE
2026-05-01,ACC005,CC001,7625.72,BASELINE
2026-05-01,ACC005,CC002,6887.4,BASELINE
2026-05-01,ACC005,CC003,1412.93,BASELINE
2026-05-01,ACC005,CC004,3078.12,BASELINE
2026-05-01,ACC005,CC005,6537.14,BASELINE
2026-05-01,ACC005,CC006,7810.48,BASELINE
2026-05-01,ACC005,CC007,6613.31,BASELINE
2026-05-01,ACC005,CC008,1157.96,BASELINE
2026-05-01,ACC005,CC009,13726.7,BASELINE
2026-05-01,ACC005,CC010,3735.62,BASELINE
2026-05-01,ACC005,CC011,9747.6,BASELINE
2026-05-01,ACC005,CC012,11342.88,BASELINE
2026-05-01,ACC005,CC013,8074.83,BASELINE
2026-05-01,ACC005,CC014,14253.76,BASELINE
2026-05-01,ACC005,CC015,6176.3,BASELINE
2026-05-01,ACC006,CC001,1512.04,BASELINE
2026-05-01,ACC006,CC002,4250.14,BASELINE
2026-05-01,ACC006,CC003,12828.74,BASELINE
2026-05-01,ACC006,CC004,3953.99,BASELINE
2026-05-01,ACC006,CC005,2056.16,BASELINE
2026-05-01,ACC006,CC006,12256.63,BASELINE
2026-05-01,ACC006,CC007,10139.3,BASELINE
2026-05-01,ACC006,CC008,3898.7,BASELINE
2026-05-01,ACC006,CC009,1111.6,BASELINE
2026-05-01,ACC006,CC010,3830.82,BASELINE
2026-05-01,ACC006,CC011,3761.14,BASELINE
2026-05-01,ACC006,CC012,9164.58,BASELINE
2026-05-01,ACC006,CC013,13431.66,BASELINE
2026-05-01,ACC006,CC014,6181.92,BASELINE
2026-05-01,ACC006,CC015,3398.3,BASELINE
2026-05-01,ACC007,CC001,22668.87,BASELINE
2026-05-01,ACC007,CC002,8540.16,BASELINE
2026-05-01,ACC007,CC003,7160.7,BASELINE
2026-05-01,ACC007,CC004,13731.73,BASELINE
2026-05-01,ACC007,CC005,12936.24,BASELINE
2026-05-01,ACC007,CC006,4869.21,BASELINE
2026-05-01,ACC007,CC007,3421.36,BASELINE
2026-05-01,ACC007,CC008,11726.21,BASELINE
2026-05-01,ACC007,CC009,5300.33,BASELINE
2026-05-01,ACC007,CC010,4204.26,BASELINE
2026-05-01,ACC007,CC011,13467.84,BASELINE
2026-05-01,ACC007,CC012,2698.01,BASELINE
2026-05-01,ACC007,CC013,11095.46,BASELINE
2026-05-01,ACC007,CC014,3582.24,BASELINE
2026-05-01,ACC007,CC015,9825.66,BASELINE
2026-05-01,ACC008,CC001,1928.92,BASELINE
2026-05-01,ACC008,CC002,6572.61,BASELINE
2026-05-01,ACC008,CC003,2136.71,BASELINE
2026-05-01,ACC008,CC004,10521.9,BASELINE
2026-05-01,ACC008,CC005,11868.82,BASELINE
2026-05-01,ACC008,CC006,6385.69,BASELINE
2026-05-01,ACC008,CC007,5358.15,BASELINE
2026-05-01,ACC008,CC008,8000.85,BASELINE
2026-05-01,ACC008,CC009,13032.46,BASELINE
2026-05-01,ACC008,CC010,6418.94,BASELINE
2026-05-01,ACC008,CC011,11188.42,BASELINE
2026-05-01,ACC008,CC012,3005.07,BASELINE
2026-05-01,ACC008,CC013,11482.9,BASELINE
2026-05-01,ACC008,CC014,2473.35,BASELINE
2026-05-01,ACC008,CC015,13056.47,BASELINE
2026-05-01,ACC009,CC001,6426.61,BASELINE
2026-05-01,ACC009,CC002,3634.47,BASELINE
2026-05-01,ACC009,CC003,9979.64,BASELINE
2026-05-01,ACC009,CC004,5211.12,BASELINE
2026-05-01,ACC009,CC005,25893.09,BASELINE
2026-05-01,ACC009,CC006,6168.33,BASELINE
2026-05-01,ACC009,CC007,9256.72,BASELINE
2026-05-01,ACC009,CC008,12799.64,BASELINE
2026-05-01,ACC009,CC009,12251.03,BASELINE
2026-05-01,ACC009,CC010,3446.1,BASELINE
2026-05-01,ACC009,CC011,7770.01,BASELINE
2026-05-01,ACC009,CC012,10785.66,BASELINE
2026-05-01,ACC009,CC013,526.48,BASELINE
2026-05-01,ACC009,CC014,1462.82,BASELINE
2026-05-01,ACC009,CC015,5718.5,BASELINE
2026-05-01,ACC010,CC001,2667.4,BASELINE
2026-05-01,ACC010,CC002,6613.01,BASELINE
2026-05-01,ACC010,CC003,1169.77,BASELINE
2026-05-01,ACC010,CC004,4767.78,BASELINE
2026-05-01,ACC010,CC005,20998.67,BASELINE
2026-05-01,ACC010,CC006,12357.89,BASELINE
2026-05-01,ACC010,CC007,22702.81,BASELINE
2026-05-01,ACC010,CC008,16357.92,BASELINE
2026-05-01,ACC010,CC009,2030.9,BASELINE
2026-05-01,ACC010,CC010,7736.64,BASELINE
2026-05-01,ACC010,CC011,21116.22,BASELINE
2026-05-01,ACC010,CC012,3150.21,BASELINE
2026-05-01,ACC010,CC013,7136.41,BASELINE
2026-05-01,ACC010,CC014,2225.3,BASELINE
2026-05-01,ACC010,CC015,4633.35,BASELINE
2026-05-01,ACC011,CC001,15502.76,BASELINE
2026-05-01,ACC011,CC002,13620.37,BASELINE
2026-05-01,ACC011,CC003,9125.5,BASELINE
2026-05-01,ACC011,CC004,1425.98,BASELINE
2026-05-01,ACC011,CC005,4475.18,BASELINE
2026-05-01,ACC011,CC006,2567.81,BASELINE
2026-05-01,ACC011,CC007,3849.61,BASELINE
2026-05-01,ACC011,CC008,8999.4,BASELINE
2026-05-01,ACC011,CC009,1632.45,BASELINE
2026-05-01,ACC011,CC010,4089.56,BASELINE
2026-05-01,ACC011,CC011,28423.57,BASELINE
2026-05-01,ACC011,CC012,807.08,BASELINE
2026-05-01,ACC011,CC013,9231.02,BASELINE
2026-05-01,ACC011,CC014,10375.39,BASELINE
2026-05-01,ACC011,CC015,27689.57,BASELINE
2026-05-01,ACC012,CC001,1321.68,BASELINE
2026-05-01,ACC012,CC002,9838.07,BASELINE
2026-05-01,ACC012,CC003,4851.77,BASELINE
2026-05-01,ACC012,CC004,4084.98,BASELINE
2026-05-01,ACC012,CC005,1881.98,BASELINE
2026-05-01,ACC012,CC006,8307.61,BASELINE
2026-05-01,ACC012,CC007,16610.94,BASELINE
2026-05-01,ACC012,CC008,7412.09,BASELINE
2026-05-01,ACC012,CC009,3947.84,BASELINE
2026-05-01,ACC012,CC010,7986.75,BASELINE
2026-05-01,ACC012,CC011,11672.03,BASELINE
2026-05-01,ACC012,CC012,3723.14,BASELINE
2026-05-01,ACC012,CC013,3607.66,BASELINE
2026-05-01,ACC012,CC014,5092.0,BASELINE
2026-05-01,ACC012,CC015,5972.16,BASELINE
2026-06-01,ACC004,CC001,4230.23,BASELINE
2026-06-01,ACC004,CC002,2732.26,BASELINE
2026-06-01,ACC004,CC003,2285.01,BASELINE
2026-06-01,ACC004,CC004,15000.78,BASELINE
2026-06-01,ACC004,CC005,517.92,BASELINE
2026-06-01,ACC004,CC006,8679.99,BASELINE
2026-06-01,ACC004,CC007,40312.72,BASELINE
2026-06-01,ACC004,CC008,5205.37,BASELINE
2026-06-01,ACC004,CC009,6945.77,BASELINE
2026-06-01,ACC004,CC010,7005.98,BASELINE
2026-06-01,ACC004,CC011,16054.02,BASELINE
2026-06-01,ACC004,CC012,5421.68,BASELINE
2026-06-01,ACC004,CC013,1506.91,BASELINE
2026-06-01,ACC004,CC014,15951.51,BASELINE
2026-06-01,ACC004,CC015,7576.54,BASELINE
2026-06-01,ACC005,CC001,2169.83,BASELINE
2026-06-01,ACC005,CC002,8514.26,BASELINE
2026-06-01,ACC005,CC003,9172.19,BASELINE
2026-06-01,ACC005,CC004,6002.69,BASELINE
2026-06-01,ACC005,CC005,10264.43,BASELINE
2026-06-01,ACC005,CC006,3780.35,BASELINE
2026-06-01,ACC005,CC007,3741.85,BASELINE
2026-06-01,ACC005,CC008,4735.25,BASELINE
2026-06-01,ACC005,CC009,7350.99,BASELINE
2026-06-01,ACC005,CC010,1612.86,BASELINE
2026-06-01,ACC005,CC011,3901.32,BASELINE
2026-06-01,ACC005,CC012,7706.36,BASELINE
2026-06-01,ACC005,CC013,10549.32,BASELINE
2026-06-01,ACC005,CC014,4790.9,BASELINE
2026-06-01,ACC005,CC015,2169.63,BASELINE
2026-06-01,ACC006,CC001,12772.55,BASELINE
2026-06-01,ACC006,CC002,12097.28,BASELINE
2026-06-01,ACC006,CC003,10522.33,BASELINE
2026-06-01,ACC006,CC004,10581.9,BASELINE
2026-06-01,ACC006,CC005,1572.36,BASELINE
2026-06-01,ACC006,CC006,10051.99,BASELINE
2026-06-01,ACC006,CC007,15626.74,BASELINE
2026-06-01,ACC006,CC008,4398.0,BASELINE
2026-06-01,ACC006,CC009,10569.79,BASELINE
2026-06-01,ACC006,CC010,4209.49,BASELINE
2026-06-01,ACC006,CC011,6911.55,BASELINE
2026-06-01,ACC006,CC012,5722.8,BASELINE
2026-06-01,ACC006,CC013,520.99,BASELINE
2026-06-01,ACC006,CC014,10184.84,BASELINE
2026-06-01,ACC006,CC015,3459.47,BASELINE
2026-06-01,ACC007,CC001,3037.3,BASELINE
2026-06-01,ACC007,CC002,1979.66,BASELINE
2026-06-01,ACC007,CC003,13273.4,BASELINE
2026-06-01,ACC007,CC004,6437.04,BASELINE
2026-06-01,ACC007,CC005,13677.8,BASELINE
2026-06-01,ACC007,CC006,9013.9,BASELINE
2026-06-01,ACC007,CC007,5928.62,BASELINE
2026-06-01,ACC007,CC008,4676.62,BASELINE
2026-06-01,ACC007,CC009,8955.49,BASELINE
2026-06-01,ACC007,CC010,1008.34,BASELINE
2026-06-01,ACC007,CC011,8641.9,BASELINE
2026-06-01,ACC007,CC012,19911.88,BASELINE
2026-06-01,ACC007,CC013,11459.7,BASELINE
2026-06-01,ACC007,CC014,6571.36,BASELINE
2026-06-01,ACC007,CC015,12170.88,BASELINE
2026-06-01,ACC008,CC001,28390.45,BASELINE
2026-06-01,ACC008,CC002,11482.03,BASELINE
2026-06-01,ACC008,CC003,14912.7,BASELINE
2026-06-01,ACC008,CC004,3929.51,BASELINE
2026-06-01,ACC008,CC005,4219.38,BASELINE
2026-06-01,ACC008,CC006,12923.2,BASELINE
2026-06-01,ACC008,CC007,16470.88,BASELINE
2026-06-01,ACC008,CC008,2442.53,BASELINE
2026-06-01,ACC008,CC009,3394.79,BASELINE
2026-06-01,ACC008,CC010,496.48,BASELINE
2026-06-01,ACC008,CC011,3550.22,BASELINE
2026-06-01,ACC008,CC012,6653.81,BASELINE
2026-06-01,ACC008,CC013,9210.18,BASELINE
2026-06-01,ACC008,CC014,12002.0,BASELINE
2026-06-01,ACC008,CC015,1434.91,BASELINE
2026-06-01,ACC009,CC001,4285.73,BASELINE
2026-06-01,ACC009,CC002,19051.77,BASELINE
2026-06-01,ACC009,CC003,2452.45,BASELINE
2026-06-01,ACC009,CC004,984.64,BASELINE
2026-06-01,ACC009,CC005,3960.22,BASELINE
2026-06-01,ACC009,CC006,6206.09,BASELINE
2026-06-01,ACC009,CC007,3657.37,BASELINE
2026-06-01,ACC009,CC008,15885.09,BASELINE
2026-06-01,ACC009,CC009,10823.88,BASELINE
2026-06-01,ACC009,CC010,6391.33,BASELINE
2026-06-01,ACC009,CC011,400.92,BASELINE
2026-06-01,ACC009,CC012,4463.15,BASELINE
2026-06-01,ACC009,CC013,5735.91,BASELINE
2026-06-01,ACC009,CC014,12292.42,BASELINE
2026-06-01,ACC009,CC015,3171.21,BASELINE
2026-06-01,ACC010,CC001,21043.29,BASELINE
2026-06-01,ACC010,CC002,9748.26,BASELINE
2026-06-01,ACC010,CC003,631.34,BASELINE
2026-06-01,ACC010,CC004,18629.24,BASELINE
2026-06-01,ACC010,CC005,4511.36,BASELINE
2026-06-01,ACC010,CC006,5370.86,BASELINE
2026-06-01,ACC010,CC007,11901.32,BASELINE
2026-06-01,ACC010,CC008,5230.29,BASELINE
2026-06-01,ACC010,CC009,13173.09,BASELINE
2026-06-01,ACC010,CC010,10538.5,BASELINE
2026-06-01,ACC010,CC011,584.42,BASELINE
2026-06-01,ACC010,CC012,5646.82,BASELINE
2026-06-01,ACC010,CC013,15596.31,BASELINE
2026-06-01,ACC010,CC014,3229.31,BASELINE
2026-06-01,ACC010,CC015,5730.19,BASELINE
2026-06-01,ACC011,CC001,7556.57,BASELINE
2026-06-01,ACC011,CC002,3368.63,BASELINE
2026-06-01,ACC011,CC003,3294.72,BASELINE
2026-06-01,ACC011,CC004,330.95,BASELINE
2026-06-01,ACC011,CC005,0.0,BASELINE
2026-06-01,ACC011,CC006,3265.43,BASELINE
2026-06-01,ACC011,CC007,18109.56,BASELINE
2026-06-01,ACC011,CC008,4478.92,BASELINE
2026-06-01,ACC011,CC009,13424.34,BASELINE
2026-06-01,ACC011,CC010,5187.46,BASELINE
2026-06-01,ACC011,CC011,11447.14,BASELINE
2026-06-01,ACC011,CC012,8311.1,BASELINE
2026-06-01,ACC011,CC013,10094.87,BASELINE
2026-06-01,ACC011,CC014,7931.64,BASELINE
2026-06-01,ACC011,CC015,9467.03,BASELINE
2026-06-01,ACC012,CC001,1475.28,BASELINE
2026-06-01,ACC012,CC002,8612.82,BASELINE
2026-06-01,ACC012,CC003,8210.28,BASELINE
2026-06-01,ACC012,CC004,5650.65,BASELINE
2026-06-01,ACC012,CC005,13353.63,BASELINE
2026-06-01,ACC012,CC006,19671.99,BASELINE
2026-06-01,ACC012,CC007,3714.6,BASELINE
2026-06-01,ACC012,CC008,7758.78,BASELINE
2026-06-01,ACC012,CC009,4306.27,BASELINE
2026-06-01,ACC012,CC010,1635.55,BASELINE
2026-06-01,ACC012,CC011,4579.02,BASELINE
2026-06-01,ACC012,CC012,2812.47,BASELINE
2026-06-01,ACC012,CC013,1278.14,BASELINE
2026-06-01,ACC012,CC014,15510.44,BASELINE
2026-06-01,ACC012,CC015,2899.77,BASELINE
2026-07-01,ACC004,CC001,7023.77,BASELINE
2026-07-01,ACC004,CC002,14663.69,BASELINE
2026-07-01,ACC004,CC003,15875.72,BASELINE
2026-07-01,ACC004,CC004,10269.55,BASELINE
2026-07-01,ACC004,CC005,8949.33,BASELINE
2026-07-01,ACC004,CC006,7497.16,BASELINE
2026-07-01,ACC004,CC007,8883.78,BASELINE
2026-07-01,ACC004,CC008,5315.04,BASELINE
2026-07-01,ACC004,CC009,12609.39,BASELINE
2026-07-01,ACC004,CC010,4661.45,BASELINE
2026-07-01,ACC004,CC011,1161.41,BASELINE
2026-07-01,ACC004,CC012,6865.59,BASELINE
2026-07-01,ACC004,CC013,7012.97,BASELINE
2026-07-01,ACC004,CC014,7149.81,BASELINE
2026-07-01,ACC004,CC015,17121.66,BASELINE
2026-07-01,ACC005,CC001,4026.55,BASELINE
2026-07-01,ACC005,CC002,6071.73,BASELINE
2026-07-01,ACC005,CC003,20416.31,BASELINE
2026-07-01,ACC005,CC004,6346.08,BASELINE
2026-07-01,ACC005,CC005,5982.22,BASELINE
2026-07-01,ACC005,CC006,7406.0,BASELINE
2026-07-01,ACC005,CC007,15698.95,BASELINE
2026-07-01,ACC005,CC008,0.0,BASELINE
2026-07-01,ACC005,CC009,11879.6,BASELINE
2026-07-01,ACC005,CC010,13611.88,BASELINE
2026-07-01,ACC005,CC011,8126.73,BASELINE
2026-07-01,ACC005,CC012,3624.79,BASELINE
2026-07-01,ACC005,CC013,4340.64,BASELINE
2026-07-01,ACC005,CC014,3906.94,BASELINE
2026-07-01,ACC005,CC015,15798.86,BASELINE
2026-07-01,ACC006,CC001,5496.06,BASELINE
2026-07-01,ACC006,CC002,2506.72,BASELINE
2026-07-01,ACC006,CC003,3870.12,BASELINE
2026-07-01,ACC006,CC004,7907.1,BASELINE
2026-07-01,ACC006,CC005,1978.23,BASELINE
2026-07-01,ACC006,CC006,12913.63,BASELINE
2026-07-01,ACC006,CC007,5492.65,BASELINE
2026-07-01,ACC006,CC008,4812.43,BASELINE
2026-07-01,ACC006,CC009,1705.56,BASELINE
2026-07-01,ACC006,CC010,11509.85,BASELINE
2026-07-01,ACC006,CC011,1802.67,BASELINE
2026-07-01,ACC006,CC012,0.0,BASELINE
2026-07-01,ACC006,CC013,8660.68,BASELINE
2026-07-01,ACC006,CC014,647.31,BASELINE
2026-07-01,ACC006,CC015,5170.15,BASELINE
2026-07-01,ACC007,CC001,11345.32,BASELINE
2026-07-01,ACC007,CC002,6406.61,BASELINE
2026-07-01,ACC007,CC003,3754.08,BASELINE
2026-07-01,ACC007,CC004,6189.58,BASELINE
2026-07-01,ACC007,CC005,4726.34,BASELINE
2026-07-01,ACC007,CC006,17241.41,BASELINE
2026-07-01,ACC007,CC007,5094.46,BASELINE
2026-07-01,ACC007,CC008,19274.28,BASELINE
2026-07-01,ACC007,CC009,4885.25,BASELINE
2026-07-01,ACC007,CC010,2374.34,BASELINE
2026-07-01,ACC007,CC011,15107.25,BASELINE
2026-07-01,ACC007,CC012,3842.25,BASELINE
2026-07-01,ACC007,CC013,2947.09,BASELINE
2026-07-01,ACC007,CC014,6608.16,BASELINE
2026-07-01,ACC007,CC015,18411.6,BASELINE
2026-07-01,ACC008,CC001,5512.21,BASELINE
2026-07-01,ACC008,CC002,10532.54,BASELINE
2026-07-01,ACC008,CC003,2620.78,BASELINE
2026-07-01,ACC008,CC004,5585.71,BASELINE
2026-07-01,ACC008,CC005,11740.33,BASELINE
2026-07-01,ACC008,CC006,5573.36,BASELINE
2026-07-01,ACC008,CC007,10768.93,BASELINE
2026-07-01,ACC008,CC008,10695.11,BASELINE
2026-07-01,ACC008,CC009,4785.47,BASELINE
2026-07-01,ACC008,CC010,8025.46,BASELINE
2026-07-01,ACC008,CC011,15551.31,BASELINE
2026-07-01,ACC008,CC012,1443.69,BASELINE
2026-07-01,ACC008,CC013,3104.12,BASELINE
2026-07-01,ACC008,CC014,8920.66,BASELINE
2026-07-01,ACC008,CC015,12180.17,BASELINE
2026-07-01,ACC009,CC001,4586.47,BASELINE
2026-07-01,ACC009,CC002,6253.69,BASELINE
2026-07-01,ACC009,CC003,7105.95,BASELINE
2026-07-01,ACC009,CC004,8757.19,BASELINE
2026-07-01,ACC009,CC005,2763.62,BASELINE
2026-07-01,ACC009,CC006,15226.35,BASELINE
2026-07-01,ACC009,CC007,22776.64,BASELINE
2026-07-01,ACC009,CC008,6546.57,BASELINE
2026-07-01,ACC009,CC009,4294.21,BASELINE
2026-07-01,ACC009,CC010,1649.24,BASELINE
2026-07-01,ACC009,CC011,11986.85,BASELINE
2026-07-01,ACC009,CC012,11592.38,BASELINE
2026-07-01,ACC009,CC013,20966.81,BASELINE
2026-07-01,ACC009,CC014,22053.53,BASELINE
2026-07-01,ACC009,CC015,6006.29,BASELINE
2026-07-01,ACC010,CC001,3942.08,BASELINE
2026-07-01,ACC010,CC002,30076.55,BASELINE
2026-07-01,ACC010,CC003,4384.27,BASELINE
2026-07-01,ACC010,CC004,6031.14,BASELINE
2026-07-01,ACC010,CC005,6353.19,BASELINE
2026-07-01,ACC010,CC006,9992.56,BASELINE
2026-07-01,ACC010,CC007,5058.07,BASELINE
2026-07-01,ACC010,CC008,10174.44,BASELINE
2026-07-01,ACC010,CC009,11333.6,BASELINE
2026-07-01,ACC010,CC010,34633.69,BASELINE
2026-07-01,ACC010,CC011,5707.14,BASELINE
2026-07-01,ACC010,CC012,6505.81,BASELINE
2026-07-01,ACC010,CC013,15627.36,BASELINE
2026-07-01,ACC010,CC014,15915.12,BASELINE
2026-07-01,ACC010,CC015,5592.05,BASELINE
2026-07-01,ACC011,CC001,3416.24,BASELINE
2026-07-01,ACC011,CC002,8626.86,BASELINE
2026-07-01,ACC011,CC003,15582.01,BASELINE
2026-07-01,ACC011,CC004,4013.93,BASELINE
2026-07-01,ACC011,CC005,7457.81,BASELINE
2026-07-01,ACC011,CC006,9126.56,BASELINE
2026-07-01,ACC011,CC007,10584.14,BASELINE
2026-07-01,ACC011,CC008,1542.16,BASELINE
2026-07-01,ACC011,CC009,12569.56,BASELINE
2026-07-01,ACC011,CC010,14182.55,BASELINE
2026-07-01,ACC011,CC011,5706.92,BASELINE
2026-07-01,ACC011,CC012,340.57,BASELINE
2026-07-01,ACC011,CC013,2917.85,BASELINE
2026-07-01,ACC011,CC014,6302.64,BASELINE
2026-07-01,ACC011,CC015,12835.96,BASELINE
2026-07-01,ACC012,CC001,5575.95,BASELINE
2026-07-01,ACC012,CC002,46905.25,BASELINE
2026-07-01,ACC012,CC003,2872.43,BASELINE
2026-07-01,ACC012,CC004,9501.49,BASELINE
2026-07-01,ACC012,CC005,4132.0,BASELINE
2026-07-01,ACC012,CC006,10535.94,BASELINE
2026-07-01,ACC012,CC007,14704.12,BASELINE
2026-07-01,ACC012,CC008,16298.6,BASELINE
2026-07-01,ACC012,CC009,4229.07,BASELINE
2026-07-01,ACC012,CC010,10532.58,BASELINE
2026-07-01,ACC012,CC011,12452.92,BASELINE
2026-07-01,ACC012,CC012,15096.49,BASELINE
2026-07-01,ACC012,CC013,5828.66,BASELINE
2026-07-01,ACC012,CC014,6052.8,BASELINE
2026-07-01,ACC012,CC015,1164.46,BASELINE
2026-08-01,ACC004,CC001,5049.26,BASELINE
2026-08-01,ACC004,CC002,7444.44,BASELINE
2026-08-01,ACC004,CC003,11461.33,BASELINE
2026-08-01,ACC004,CC004,4280.36,BASELINE
2026-08-01,ACC004,CC005,6951.04,BASELINE
2026-08-01,ACC004,CC006,2872.91,BASELINE
2026-08-01,ACC004,CC007,10021.67,BASELINE
2026-08-01,ACC004,CC008,6805.19,BASELINE
2026-08-01,ACC004,CC009,13073.73,BASELINE
2026-08-01,ACC004,CC010,6871.46,BASELINE
2026-08-01,ACC004,CC011,9228.57,BASELINE
2026-08-01,ACC004,CC012,4345.11,BASELINE
2026-08-01,ACC004,CC013,9905.82,BASELINE
2026-08-01,ACC004,CC014,10394.94,BASELINE
2026-08-01,ACC004,CC015,10836.11,BASELINE
2026-08-01,ACC005,CC001,1554.77,BASELINE
2026-08-01,ACC005,CC002,5642.79,BASELINE
2026-08-01,ACC005,CC003,2692.1,BASELINE
2026-08-01,ACC005,CC004,15062.84,BASELINE
2026-08-01,ACC005,CC005,726.15,BASELINE
2026-08-01,ACC005,CC006,2431.55,BASELINE
2026-08-01,ACC005,CC007,8932.62,BASELINE
2026-08-01,ACC005,CC008,15160.45,BASELINE
2026-08-01,ACC005,CC009,4511.44,BASELINE
2026-08-01,ACC005,CC010,3038.22,BASELINE
2026-08-01,ACC005,CC011,9038.38,BASELINE
2026-08-01,ACC005,CC012,17528.68,BASELINE
2026-08-01,ACC005,CC013,13790.26,BASELINE
2026-08-01,ACC005,CC014,21460.98,BASELINE
2026-08-01,ACC005,CC015,8918.7,BASELINE
2026-08-01,ACC006,CC001,18517.56,BASELINE
2026-08-01,ACC006,CC002,5589.77,BASELINE
2026-08-01,ACC006,CC003,4271.6,BASELINE
2026-08-01,ACC006,CC004,851.33,BASELINE
2026-08-01,ACC006,CC005,5671.34,BASELINE
2026-08-01,ACC006,CC006,8820.72,BASELINE
2026-08-01,ACC006,CC007,2319.03,BASELINE
2026-08-01,ACC006,CC008,12973.52,BASELINE
2026-08-01,ACC006,CC009,5329.17,BASELINE
2026-08-01,ACC006,CC010,7617.54,BASELINE
2026-08-01,ACC006,CC011,13811.08,BASELINE
2026-08-01,ACC006,CC012,13091.33,BASELINE
2026-08-01,ACC006,CC013,7986.35,BASELINE
2026-08-01,ACC006,CC014,9055.98,BASELINE
2026-08-01,ACC006,CC015,5477.21,BASELINE
2026-08-01,ACC007,CC001,11361.5,BASELINE
2026-08-01,ACC007,CC002,4228.32,BASELINE
2026-08-01,ACC007,CC003,6119.37,BASELINE
2026-08-01,ACC007,CC004,17089.61,BASELINE
2026-08-01,ACC007,CC005,6085.19,BASELINE
2026-08-01,ACC007,CC006,1789.42,BASELINE
2026-08-01,ACC007,CC007,17310.85,BASELINE
2026-08-01,ACC007,CC008,4243.09,BASELINE
2026-08-01,ACC007,CC009,3842.14,BASELINE
2026-08-01,ACC007,CC010,9434.99,BASELINE
2026-08-01,ACC007,CC011,7944.58,BASELINE
2026-08-01,ACC007,CC012,10336.45,BASELINE
2026-08-01,ACC007,CC013,0.0,BASELINE
2026-08-01,ACC007,CC014,8405.97,BASELINE
2026-08-01,ACC007,CC015,5085.18,BASELINE
2026-08-01,ACC008,CC001,4283.37,BASELINE
2026-08-01,ACC008,CC002,3741.72,BASELINE
2026-08-01,ACC008,CC003,1317.16,BASELINE
2026-08-01,ACC008,CC004,10184.69,BASELINE
2026-08-01,ACC008,CC005,4220.89,BASELINE
2026-08-01,ACC008,CC006,4326.76,BASELINE
2026-08-01,ACC008,CC007,3272.95,BASELINE
2026-08-01,ACC008,CC008,2791.88,BASELINE
2026-08-01,ACC008,CC009,4557.17,BASELINE
2026-08-01,ACC008,CC010,3026.93,BASELINE
2026-08-01,ACC008,CC011,5725.45,BASELINE
2026-08-01,ACC008,CC012,5342.26,BASELINE
2026-08-01,ACC008,CC013,8110.74,BASELINE
2026-08-01,ACC008,CC014,6781.98,BASELINE
2026-08-01,ACC008,CC015,1143.28,BASELINE
2026-08-01,ACC009,CC001,11572.73,BASELINE
2026-08-01,ACC009,CC002,57719.58,BASELINE
2026-08-01,ACC009,CC003,5071.0,BASELINE
2026-08-01,ACC009,CC004,8951.58,BASELINE
2026-08-01,ACC009,CC005,9490.68,BASELINE
2026-08-01,ACC009,CC006,603.31,BASELINE
2026-08-01,ACC009,CC007,4197.01,BASELINE
2026-08-01,ACC009,CC008,22809.79,BASELINE
2026-08-01,ACC009,CC009,16609.47,BASELINE
2026-08-01,ACC009,CC010,8056.74,BASELINE
2026-08-01,ACC009,CC011,6588.83,BASELINE
2026-08-01,ACC009,CC012,8815.05,BASELINE
2026-08-01,ACC009,CC013,15612.25,BASELINE
2026-08-01,ACC009,CC014,5710.78,BASELINE
2026-08-01,ACC009,CC015,5485.43,BASELINE
2026-08-01,ACC010,CC001,8421.45,BASELINE
2026-08-01,ACC010,CC002,12258.07,BASELINE
2026-08-01,ACC010,CC003,5805.05,BASELINE
2026-08-01,ACC010,CC004,17887.9,BASELINE
2026-08-01,ACC010,CC005,8653.24,BASELINE
2026-08-01,ACC010,CC006,1734.91,BASELINE
2026-08-01,ACC010,CC007,17162.43,BASELINE
2026-08-01,ACC010,CC008,18917.66,BASELINE
2026-08-01,ACC010,CC009,1292.86,BASELINE
2026-08-01,ACC010,CC010,2755.21,BASELINE
2026-08-01,ACC010,CC011,22811.48,BASELINE
2026-08-01,ACC010,CC012,6104.85,BASELINE
2026-08-01,ACC010,CC013,2091.14,BASELINE
2026-08-01,ACC010,CC014,1348.72,BASELINE
2026-08-01,ACC010,CC015,5326.57,BASELINE
2026-08-01,ACC011,CC001,17417.77,BASELINE
2026-08-01,ACC011,CC002,6639.71,BASELINE
2026-08-01,ACC011,CC003,4939.91,BASELINE
2026-08-01,ACC011,CC004,5204.97,BASELINE
2026-08-01,ACC011,CC005,10275.07,BASELINE
2026-08-01,ACC011,CC006,11747.73,BASELINE
2026-08-01,ACC011,CC007,9046.71,BASELINE
2026-08-01,ACC011,CC008,5645.26,BASELINE
2026-08-01,ACC011,CC009,6870.18,BASELINE
2026-08-01,ACC011,CC010,17894.49,BASELINE
2026-08-01,ACC011,CC011,15273.15,BASELINE
2026-08-01,ACC011,CC012,16342.04,BASELINE
2026-08-01,ACC011,CC013,8889.46,BASELINE
2026-08-01,ACC011,CC014,33849.33,BASELINE
2026-08-01,ACC011,CC015,3174.73,BASELINE
2026-08-01,ACC012,CC001,3503.32,BASELINE
2026-08-01,ACC012,CC002,3931.28,BASELINE
2026-08-01,ACC012,CC003,591.34,BASELINE
2026-08-01,ACC012,CC004,11260.71,BASELINE
2026-08-01,ACC012,CC005,6123.47,BASELINE
2026-08-01,ACC012,CC006,6878.15,BASELINE
2026-08-01,ACC012,CC007,10373.64,BASELINE
2026-08-01,ACC012,CC008,11945.82,BASELINE
2026-08-01,ACC012,CC009,7387.95,BASELINE
2026-08-01,ACC012,CC010,27549.08,BASELINE
2026-08-01,ACC012,CC011,19601.92,BASELINE
2026-08-01,ACC012,CC012,324.0,BASELINE
2026-08-01,ACC012,CC013,7496.89,BASELINE
2026-08-01,ACC012,CC014,979.74,BASELINE
2026-08-01,ACC012,CC015,46728.78,BASELINE
2026-09-01,ACC004,CC001,0.0,BASELINE
2026-09-01,ACC004,CC002,0.0,BASELINE
2026-09-01,ACC004,CC003,0.0,BASELINE
2026-09-01,ACC004,CC004,0.0,BASELINE
2026-09-01,ACC004,CC005,0.0,BASELINE
2026-09-01,ACC004,CC006,0.0,BASELINE
2026-09-01,ACC004,CC007,0.0,BASELINE
2026-09-01,ACC004,CC008,0.0,BASELINE
2026-09-01,ACC004,CC009,0.0,BASELINE
2026-09-01,ACC004,CC010,0.0,BASELINE
2026-09-01,ACC004,CC011,0.0,BASELINE
2026-09-01,ACC004,CC012,0.0,BASELINE
2026-09-01,ACC004,CC013,0.0,BASELINE
2026-09-01,ACC004,CC014,0.0,BASELINE
2026-09-01,ACC004,CC015,0.0,BASELINE
2026-09-01,ACC005,CC001,0.0,BASELINE
2026-09-01,ACC005,CC002,0.0,BASELINE
2026-09-01,ACC005,CC003,0.0,BASELINE
2026-09-01,ACC005,CC004,0.0,BASELINE
2026-09-01,ACC005,CC005,0.0,BASELINE
2026-09-01,ACC005,CC006,0.0,BASELINE
2026-09-01,ACC005,CC007,2687.49,BASELINE
2026-09-01,ACC005,CC008,0.0,BASELINE
2026-09-01,ACC005,CC009,0.0,BASELINE
2026-09-01,ACC005,CC010,0.0,BASELINE
2026-09-01,ACC005,CC011,0.0,BASELINE
2026-09-01,ACC005,CC012,0.0,BASELINE
2026-09-01,ACC005,CC013,0.0,BASELINE
2026-09-01,ACC005,CC014,0.0,BASELINE
2026-09-01,ACC005,CC015,0.0,BASELINE
2026-09-01,ACC006,CC001,0.0,BASELINE
2026-09-01,ACC006,CC002,0.0,BASELINE
2026-09-01,ACC006,CC003,0.0,BASELINE
2026-09-01,ACC006,CC004,0.0,BASELINE
2026-09-01,ACC006,CC005,0.0,BASELINE
2026-09-01,ACC006,CC006,169.01,BASELINE
2026-09-01,ACC006,CC007,0.0,BASELINE
2026-09-01,ACC006,CC008,0.0,BASELINE
2026-09-01,ACC006,CC009,0.0,BASELINE
2026-09-01,ACC006,CC010,0.0,BASELINE
2026-09-01,ACC006,CC011,0.0,BASELINE
2026-09-01,ACC006,CC012,0.0,BASELINE
2026-09-01,ACC006,CC013,0.0,BASELINE
2026-09-01,ACC006,CC014,599.74,BASELINE
2026-09-01,ACC006,CC015,0.0,BASELINE
2026-09-01,ACC007,CC001,0.0,BASELINE
2026-09-01,ACC007,CC002,3054.67,BASELINE
2026-09-01,ACC007,CC003,580.82,BASELINE
2026-09-01,ACC007,CC004,0.0,BASELINE
2026-09-01,ACC007,CC005,2837.06,BASELINE
2026-09-01,ACC007,CC006,0.0,BASELINE
2026-09-01,ACC007,CC007,0.0,BASELINE
2026-09-01,ACC007,CC008,0.0,BASELINE
2026-09-01,ACC007,CC009,340.3,BASELINE
2026-09-01,ACC007,CC010,0.0,BASELINE
2026-09-01,ACC007,CC011,0.0,BASELINE
2026-09-01,ACC007,CC012,437.54,BASELINE
2026-09-01,ACC007,CC013,0.0,BASELINE
2026-09-01,ACC007,CC014,705.83,BASELINE
2026-09-01,ACC007,CC015,0.0,BASELINE
2026-09-01,ACC008,CC001,0.0,BASELINE
2026-09-01,ACC008,CC002,0.0,BASELINE
2026-09-01,ACC008,CC003,2603.04,BASELINE
2026-09-01,ACC008,CC004,0.0,BASELINE
2026-09-01,ACC008,CC005,0.0,BASELINE
2026-09-01,ACC008,CC006,0.0,BASELINE
2026-09-01,ACC008,CC007,0.0,BASELINE
2026-09-01,ACC008,CC008,0.0,BASELINE
2026-09-01,ACC008,CC009,0.0,BASELINE
2026-09-01,ACC008,CC010,0.0,BASELINE
2026-09-01,ACC008,CC011,0.0,BASELINE
2026-09-01,ACC008,CC012,1570.5,BASELINE
2026-09-01,ACC008,CC013,0.0,BASELINE
2026-09-01,ACC008,CC014,879.37,BASELINE
2026-09-01,ACC008,CC015,3365.5,BASELINE
2026-09-01,ACC009,CC001,0.0,BASELINE
2026-09-01,ACC009,CC002,0.0,BASELINE
2026-09-01,ACC009,CC003,0.0,BASELINE
2026-09-01,ACC009,CC004,0.0,BASELINE
2026-09-01,ACC009,CC005,0.0,BASELINE
2026-09-01,ACC009,CC006,0.0,BASELINE
2026-09-01,ACC009,CC007,0.0,BASELINE
2026-09-01,ACC009,CC008,0.0,BASELINE
2026-09-01,ACC009,CC009,0.0,BASELINE
2026-09-01,ACC009,CC010,0.0,BASELINE
2026-09-01,ACC009,CC011,0.0,BASELINE
2026-09-01,ACC009,CC012,0.0,BASELINE
2026-09-01,ACC009,CC013,0.0,BASELINE
2026-09-01,ACC009,CC014,0.0,BASELINE
2026-09-01,ACC009,CC015,1242.39,BASELINE
2026-09-01,ACC010,CC001,0.0,BASELINE
2026-09-01,ACC010,CC002,0.0,BASELINE
2026-09-01,ACC010,CC003,10535.07,BASELINE
2026-09-01,ACC010,CC004,0.0,BASELINE
2026-09-01,ACC010,CC005,2222.6,BASELINE
2026-09-01,ACC010,CC006,2159.74,BASELINE
2026-09-01,ACC010,CC007,408.35,BASELINE
2026-09-01,ACC010,CC008,0.0,BASELINE
2026-09-01,ACC010,CC009,0.0,BASELINE
2026-09-01,ACC010,CC010,0.0,BASELINE
2026-09-01,ACC010,CC011,0.0,BASELINE
2026-09-01,ACC010,CC012,0.0,BASELINE
2026-09-01,ACC010,CC013,0.0,BASELINE
2026-09-01,ACC010,CC014,0.0,BASELINE
2026-09-01,ACC010,CC015,0.0,BASELINE
2026-09-01,ACC011,CC001,259.09,BASELINE
2026-09-01,ACC011,CC002,0.0,BASELINE
2026-09-01,ACC011,CC003,0.0,BASELINE
2026-09-01,ACC011,CC004,0.0,BASELINE
2026-09-01,ACC011,CC005,554.23,BASELINE
2026-09-01,ACC011,CC006,0.0,BASELINE
2026-09-01,ACC011,CC007,0.0,BASELINE
2026-09-01,ACC011,CC008,0.0,BASELINE
2026-09-01,ACC011,CC009,0.0,BASELINE
2026-09-01,ACC011,CC010,0.0,BASELINE
2026-09-01,ACC011,CC011,0.0,BASELINE
2026-09-01,ACC011,CC012,475.76,BASELINE
2026-09-01,ACC011,CC013,0.0,BASELINE
2026-09-01,ACC011,CC014,0.0,BASELINE
2026-09-01,ACC011,CC015,0.0,BASELINE
2026-09-01,ACC012,CC001,0.0,BASELINE
2026-09-01,ACC012,CC002,0.0,BASELINE
2026-09-01,ACC012,CC003,96.48,BASELINE
2026-09-01,ACC012,CC004,0.0,BASELINE
2026-09-01,ACC012,CC005,0.0,BASELINE
2026-09-01,ACC012,CC006,4530.7,BASELINE
2026-09-01,ACC012,CC007,0.0,BASELINE
2026-09-01,ACC012,CC008,467.06,BASELINE
2026-09-01,ACC012,CC009,0.0,BASELINE
2026-09-01,ACC012,CC010,0.0,BASELINE
2026-09-01,ACC012,CC011,0.0,BASELINE
2026-09-01,ACC012,CC012,0.0,BASELINE
2026-09-01,ACC012,CC013,0.0,BASELINE
2026-09-01,ACC012,CC014,0.0,BASELINE
2026-09-01,ACC012,CC015,0.0,BASELINE
