sales_id,sales_date,customer_id,product,business_unit,region,revenue,cost,gross_profit
SALE0000001,2025-10-16,CUST00380,Maintenance Supplies,Manufacturing,Southeast,2435.8,1177.46,1258.34
SALE0000002,2024-05-22,CUST00347,Manufacturing Components,Services,Southwest,1664.1,1116.51,547.59
SALE0000003,2024-02-02,CUST00112,Safety Equipment,Services,West,2666.74,1223.87,1442.87
SALE0000004,2024-01-28,CUST00367,Office Equipment,Manufacturing,Southwest,4508.94,2788.21,1720.73
SALE0000005,2025-08-26,CUST00446,Industrial Equipment,Manufacturing,Southwest,1571.06,838.09,732.97
SALE0000006,2024-12-14,CUST00111,Technology Hardware,Manufacturing,Northeast,1571.08,837.95,733.13
SALE0000007,2025-01-24,CUST00434,Technology Hardware,Services,Midwest,4663.53,2233.9,2429.63
SALE0000008,2026-04-06,CUST00236,Manufacturing Components,Distribution,Northeast,2865.39,1326.78,1538.61
SALE0000009,2025-07-19,CUST00322,Technology Hardware,Services,Southeast,1364.19,733.87,630.32
SALE0000010,2025-12-22,CUST00339,Safety Equipment,Distribution,Northeast,2503.73,1178.92,1324.81
SALE0000011,2026-05-25,CUST00052,Office Equipment,Distribution,Southwest,1369.16,711.74,657.42
SALE0000012,2025-10-12,CUST00084,Technology Hardware,Distribution,Southeast,1367.26,957.4,409.86
SALE0000013,2025-11-17,CUST00480,Manufacturing Components,Services,Southeast,2090.54,1108.18,982.36
SALE0000014,2025-06-30,CUST00084,Professional Services,Distribution,Midwest,573.66,383.63,190.03
SALE0000015,2026-08-05,CUST00286,Safety Equipment,Services,Midwest,642.3,412.36,229.94
SALE0000016,2026-05-13,CUST00029,Safety Equipment,Manufacturing,Midwest,1290.3,878.04,412.26
SALE0000017,2025-02-14,CUST00109,Technology Hardware,Manufacturing,Southwest,984.66,522.19,462.47
SALE0000018,2025-02-09,CUST00330,Professional Services,Manufacturing,Midwest,2183.2,1561.87,621.33
SALE0000019,2024-05-22,CUST00288,Maintenance Supplies,Services,West,1048.57,549.44,499.13
SALE0000020,2025-03-14,CUST00205,Technology Hardware,Manufacturing,Southeast,774.81,557.36,217.45
SALE0000021,2025-06-05,CUST00387,Industrial Equipment,Manufacturing,Southeast,4356.35,2605.34,1751.01
SALE0000022,2025-10-04,CUST00349,Office Equipment,Services,Northeast,1578.98,786.32,792.66
SALE0000023,2025-01-29,CUST00240,Maintenance Supplies,Services,Northeast,1882.8,1062.81,819.99
SALE0000024,2025-11-27,CUST00350,Maintenance Supplies,Services,Midwest,769.05,512.35,256.7
SALE0000025,2024-04-24,CUST00081,Professional Services,Manufacturing,Midwest,1304.23,701.74,602.49
SALE0000026,2025-05-27,CUST00260,Manufacturing Components,Services,Midwest,1932.47,1311.35,621.12
SALE0000027,2026-05-11,CUST00312,Safety Equipment,Manufacturing,Midwest,906.33,581.58,324.75
SALE0000028,2026-02-19,CUST00489,Industrial Equipment,Services,Midwest,2265.2,1129.12,1136.08
SALE0000029,2025-05-15,CUST00476,Technology Hardware,Distribution,Southeast,1260.95,574.8,686.15
SALE0000030,2024-02-29,CUST00291,Manufacturing Components,Manufacturing,Southwest,1517.75,792.66,725.09
SALE0000031,2026-04-15,CUST00390,Packaging Materials,Manufacturing,Southwest,1260.14,593.23,666.91
SALE0000032,2026-08-27,CUST00136,Office Equipment,Manufacturing,West,5493.75,3378.33,2115.42
SALE0000033,2026-02-12,CUST00103,Maintenance Supplies,Distribution,Midwest,1793.46,1199.79,593.67
SALE0000034,2025-03-24,CUST00232,Manufacturing Components,Manufacturing,Southeast,958.5,690.01,268.49
SALE0000035,2024-03-06,CUST00302,Safety Equipment,Services,Southeast,2961.72,1633.17,1328.55
SALE0000036,2024-01-08,CUST00324,Industrial Equipment,Manufacturing,Northeast,869.13,409.62,459.51
SALE0000037,2026-07-16,CUST00170,Manufacturing Components,Services,Southeast,2049.43,941.56,1107.87
SALE0000038,2024-10-12,CUST00110,Packaging Materials,Services,West,557.91,363.03,194.88
SALE0000039,2025-08-13,CUST00402,Professional Services,Distribution,Southeast,814.92,482.27,332.65
SALE0000040,2024-04-06,CUST00221,Technology Hardware,Distribution,Southwest,2034.73,974.8,1059.93
SALE0000041,2025-04-23,CUST00028,Manufacturing Components,Manufacturing,Southwest,2816.02,1996.98,819.04
SALE0000042,2026-01-15,CUST00442,Manufacturing Components,Manufacturing,Southeast,2003.84,1105.7,898.14
SALE0000043,2024-07-13,CUST00072,Office Equipment,Manufacturing,Midwest,1686.84,1030.47,656.37
SALE0000044,2025-04-18,CUST00473,Manufacturing Components,Distribution,West,1509.2,792.24,716.96
SALE0000045,2024-04-10,CUST00277,Industrial Equipment,Manufacturing,Southeast,744.63,346.38,398.25
SALE0000046,2024-06-19,CUST00247,Safety Equipment,Distribution,Northeast,1173.91,671.39,502.52
SALE0000047,2024-06-17,CUST00200,Maintenance Supplies,Distribution,Midwest,1371.44,773.07,598.37
SALE0000048,2025-03-09,CUST00375,Professional Services,Manufacturing,Southeast,3409.34,2246.68,1162.66
SALE0000049,2024-10-30,CUST00030,Industrial Equipment,Services,Midwest,2222.02,1145.03,1076.99
SALE0000050,2024-02-28,CUST00245,Packaging Materials,Manufacturing,West,627.77,291.94,335.83
SALE0000051,2024-03-23,CUST00036,Manufacturing Components,Services,Southeast,2196.13,1549.16,646.97
SALE0000052,2025-02-17,CUST00456,Safety Equipment,Services,West,1435.04,697.38,737.66
SALE0000053,2024-02-10,CUST00215,Technology Hardware,Distribution,Southeast,1204.53,765.86,438.67
SALE0000054,2025-11-16,CUST00123,Maintenance Supplies,Distribution,Southeast,2609.74,1735.11,874.63
SALE0000055,2025-11-18,CUST00235,Technology Hardware,Manufacturing,Northeast,3356.32,2160.3,1196.02
SALE0000056,2025-04-14,CUST00289,Manufacturing Components,Manufacturing,West,3161.39,2011.74,1149.65
SALE0000057,2024-08-06,CUST00068,Technology Hardware,Manufacturing,Southeast,1092.77,657.59,435.18
SALE0000058,2025-01-13,CUST00225,Maintenance Supplies,Services,West,1501.88,804.25,697.63
SALE0000059,2024-01-09,CUST00284,Maintenance Supplies,Services,Northeast,2205.61,1434.44,771.17
SALE0000060,2026-08-19,CUST00136,Manufacturing Components,Manufacturing,West,3246.48,2316.16,930.32
SALE0000061,2024-06-08,CUST00310,Safety Equipment,Services,Midwest,1356.27,721.13,635.14
SALE0000062,2024-07-27,CUST00437,Maintenance Supplies,Services,Southwest,1617.45,1061.45,556.0
SALE0000063,2024-09-14,CUST00434,Industrial Equipment,Manufacturing,Southwest,930.94,671.77,259.17
SALE0000064,2026-04-29,CUST00002,Technology Hardware,Manufacturing,Midwest,882.07,470.15,411.92
SALE0000065,2024-06-14,CUST00283,Office Equipment,Services,Northeast,2943.97,1979.43,964.54
SALE0000066,2024-04-24,CUST00453,Packaging Materials,Services,Northeast,4079.56,1927.89,2151.67
SALE0000067,2026-05-04,CUST00283,Packaging Materials,Distribution,Southeast,1731.59,971.01,760.58
SALE0000068,2024-02-12,CUST00461,Industrial Equipment,Distribution,Southeast,3301.46,1790.97,1510.49
SALE0000069,2025-11-29,CUST00053,Technology Hardware,Services,Southwest,2246.17,1178.92,1067.25
SALE0000070,2025-09-27,CUST00474,Safety Equipment,Manufacturing,Southeast,1227.74,828.53,399.21
SALE0000071,2026-06-21,CUST00092,Technology Hardware,Distribution,Southeast,2245.85,1288.42,957.43
SALE0000072,2024-09-30,CUST00360,Manufacturing Components,Distribution,Northeast,4549.72,2264.67,2285.05
SALE0000073,2026-05-29,CUST00103,Professional Services,Distribution,Midwest,1769.59,1046.19,723.4
SALE0000074,2026-04-20,CUST00117,Safety Equipment,Manufacturing,Southeast,4622.94,3183.37,1439.57
SALE0000075,2025-02-12,CUST00443,Manufacturing Components,Distribution,Midwest,375.46,205.93,169.53
SALE0000076,2025-10-18,CUST00348,Technology Hardware,Manufacturing,Northeast,2960.58,1784.7,1175.88
SALE0000077,2026-06-17,CUST00092,Maintenance Supplies,Manufacturing,Northeast,1904.98,1411.82,493.16
SALE0000078,2025-09-02,CUST00374,Technology Hardware,Distribution,West,1511.1,877.0,634.1
SALE0000079,2025-06-07,CUST00461,Safety Equipment,Distribution,Northeast,1910.38,925.95,984.43
SALE0000080,2025-12-26,CUST00267,Safety Equipment,Distribution,Southwest,548.65,318.67,229.98
SALE0000081,2024-03-12,CUST00472,Technology Hardware,Services,Midwest,1584.77,1164.27,420.5
SALE0000082,2025-11-10,CUST00369,Maintenance Supplies,Services,Midwest,2240.08,1577.92,662.16
SALE0000083,2025-11-13,CUST00207,Maintenance Supplies,Services,Southeast,4388.47,2512.48,1875.99
SALE0000084,2024-07-15,CUST00482,Office Equipment,Services,Southeast,1324.83,763.28,561.55
SALE0000085,2025-09-22,CUST00208,Industrial Equipment,Distribution,Midwest,1113.1,690.94,422.16
SALE0000086,2024-08-03,CUST00297,Technology Hardware,Distribution,Southwest,1338.02,774.67,563.35
SALE0000087,2025-03-28,CUST00262,Professional Services,Services,Southeast,3131.42,2043.84,1087.58
SALE0000088,2025-11-05,CUST00264,Technology Hardware,Manufacturing,Southeast,2202.28,1047.05,1155.23
SALE0000089,2025-11-19,CUST00413,Safety Equipment,Manufacturing,Northeast,1315.73,714.61,601.12
SALE0000090,2024-02-17,CUST00244,Manufacturing Components,Distribution,Southwest,2460.11,1287.75,1172.36
SALE0000091,2026-06-26,CUST00100,Office Equipment,Distribution,Southwest,1916.48,1224.5,691.98
SALE0000092,2024-09-06,CUST00353,Industrial Equipment,Manufacturing,Southwest,3233.07,1598.01,1635.06
SALE0000093,2024-08-12,CUST00491,Professional Services,Manufacturing,West,1186.51,596.54,589.97
SALE0000094,2024-09-12,CUST00063,Professional Services,Manufacturing,Southwest,1485.35,1077.24,408.11
SALE0000095,2025-11-14,CUST00287,Technology Hardware,Distribution,West,1429.01,870.75,558.26
SALE0000096,2026-04-14,CUST00259,Office Equipment,Services,Southwest,751.36,500.24,251.12
SALE0000097,2026-07-07,CUST00442,Professional Services,Distribution,Midwest,2159.59,1074.93,1084.66
SALE0000098,2026-02-08,CUST00327,Maintenance Supplies,Services,Southwest,2114.63,1108.43,1006.2
SALE0000099,2025-10-03,CUST00226,Manufacturing Components,Services,Midwest,1813.6,946.29,867.31
SALE0000100,2024-08-28,CUST00164,Manufacturing Components,Manufacturing,Southeast,1570.65,834.82,735.83
SALE0000101,2024-08-24,CUST00079,Safety Equipment,Manufacturing,Southwest,773.39,436.9,336.49
SALE0000102,2025-02-21,CUST00239,Office Equipment,Manufacturing,Southeast,1404.75,771.58,633.17
SALE0000103,2026-05-02,CUST00464,Industrial Equipment,Services,Southwest,1471.99,847.93,624.06
SALE0000104,2025-05-03,CUST00181,Maintenance Supplies,Distribution,Southwest,1117.26,504.74,612.52
SALE0000105,2025-07-05,CUST00280,Safety Equipment,Distribution,Southeast,1641.27,1106.63,534.64
SALE0000106,2024-10-06,CUST00015,Office Equipment,Distribution,Southwest,2304.07,1338.09,965.98
SALE0000107,2026-01-11,CUST00240,Packaging Materials,Services,West,5606.67,2800.61,2806.06
SALE0000108,2024-01-28,CUST00304,Industrial Equipment,Manufacturing,Southwest,2007.7,1449.72,557.98
SALE0000109,2024-05-18,CUST00094,Industrial Equipment,Distribution,Southwest,2110.18,1498.34,611.84
SALE0000110,2024-12-01,CUST00168,Technology Hardware,Distribution,Midwest,1729.06,887.87,841.19
SALE0000111,2026-02-09,CUST00216,Maintenance Supplies,Manufacturing,Southwest,571.77,420.46,151.31
SALE0000112,2024-01-20,CUST00027,Technology Hardware,Manufacturing,Northeast,1779.51,1200.65,578.86
SALE0000113,2026-03-10,CUST00021,Industrial Equipment,Manufacturing,Southeast,1874.58,1381.91,492.67
SALE0000114,2026-05-09,CUST00079,Safety Equipment,Manufacturing,Southwest,7926.33,3615.31,4311.02
SALE0000115,2025-11-16,CUST00486,Safety Equipment,Distribution,Midwest,1610.96,780.22,830.74
SALE0000116,2026-02-24,CUST00311,Manufacturing Components,Manufacturing,Midwest,2166.63,1214.76,951.87
SALE0000117,2024-04-20,CUST00476,Maintenance Supplies,Services,Southwest,1770.78,1104.27,666.51
SALE0000118,2025-02-10,CUST00102,Manufacturing Components,Services,Southeast,896.76,656.82,239.94
SALE0000119,2024-04-14,CUST00155,Manufacturing Components,Services,Northeast,3589.23,2365.87,1223.36
SALE0000120,2024-12-21,CUST00339,Technology Hardware,Manufacturing,West,2838.87,1731.21,1107.66
SALE0000121,2025-10-25,CUST00435,Office Equipment,Distribution,Northeast,2906.25,1605.32,1300.93
SALE0000122,2025-03-19,CUST00326,Professional Services,Services,Southeast,1047.72,773.46,274.26
SALE0000123,2025-03-21,CUST00268,Maintenance Supplies,Services,West,4195.12,2109.48,2085.64
SALE0000124,2026-03-04,CUST00224,Maintenance Supplies,Distribution,Southeast,779.68,463.95,315.73
SALE0000125,2026-04-30,CUST00143,Professional Services,Manufacturing,Southwest,2571.16,1877.94,693.22
SALE0000126,2025-08-06,CUST00195,Technology Hardware,Manufacturing,Southwest,6729.62,4260.52,2469.1
SALE0000127,2026-05-21,CUST00250,Safety Equipment,Distribution,Midwest,997.93,546.37,451.56
SALE0000128,2024-12-14,CUST00306,Maintenance Supplies,Services,Northeast,1287.2,687.23,599.97
SALE0000129,2025-06-13,CUST00044,Safety Equipment,Services,Southwest,1919.44,1409.67,509.77
SALE0000130,2025-05-15,CUST00124,Professional Services,Services,Southwest,1336.64,824.11,512.53
SALE0000131,2025-04-03,CUST00048,Maintenance Supplies,Manufacturing,Southwest,713.09,490.52,222.57
SALE0000132,2025-12-09,CUST00340,Technology Hardware,Distribution,West,1883.97,985.3,898.67
SALE0000133,2025-06-27,CUST00382,Technology Hardware,Distribution,Southwest,955.87,528.72,427.15
SALE0000134,2024-10-04,CUST00119,Manufacturing Components,Services,Southeast,2402.24,1301.98,1100.26
SALE0000135,2024-11-19,CUST00275,Packaging Materials,Manufacturing,Southeast,1041.43,506.0,535.43
SALE0000136,2026-01-26,CUST00371,Maintenance Supplies,Manufacturing,Southeast,4582.32,2727.67,1854.65
SALE0000137,2024-10-30,CUST00092,Maintenance Supplies,Manufacturing,West,1130.08,585.66,544.42
SALE0000138,2024-05-09,CUST00499,Industrial Equipment,Services,Midwest,1490.35,793.3,697.05
SALE0000139,2025-12-15,CUST00327,Professional Services,Manufacturing,Northeast,2945.73,2159.89,785.84
SALE0000140,2025-08-10,CUST00246,Professional Services,Distribution,Southeast,863.92,462.46,401.46
SALE0000141,2024-02-22,CUST00442,Professional Services,Manufacturing,Northeast,2072.43,1089.57,982.86
SALE0000142,2025-02-14,CUST00296,Industrial Equipment,Manufacturing,Southeast,3961.13,2366.87,1594.26
SALE0000143,2026-04-10,CUST00156,Manufacturing Components,Manufacturing,Northeast,689.19,426.51,262.68
SALE0000144,2025-07-25,CUST00311,Safety Equipment,Services,Southwest,2019.85,1372.15,647.7
SALE0000145,2025-04-06,CUST00153,Office Equipment,Distribution,West,2113.14,1526.85,586.29
SALE0000146,2025-09-27,CUST00492,Manufacturing Components,Manufacturing,Southeast,2890.24,1352.83,1537.41
SALE0000147,2024-09-27,CUST00081,Safety Equipment,Manufacturing,West,860.77,557.89,302.88
SALE0000148,2024-03-17,CUST00210,Professional Services,Services,West,818.71,406.87,411.84
SALE0000149,2025-04-26,CUST00119,Maintenance Supplies,Services,Midwest,2472.94,1328.9,1144.04
SALE0000150,2025-12-20,CUST00037,Safety Equipment,Distribution,West,2160.71,1529.53,631.18
SALE0000151,2025-11-08,CUST00102,Office Equipment,Manufacturing,West,2101.27,1452.34,648.93
SALE0000152,2024-08-18,CUST00466,Maintenance Supplies,Manufacturing,Northeast,2225.79,1434.06,791.73
SALE0000153,2024-03-02,CUST00158,Maintenance Supplies,Distribution,Northeast,1202.29,600.88,601.41
SALE0000154,2025-04-24,CUST00359,Office Equipment,Distribution,West,2078.4,1364.68,713.72
SALE0000155,2025-07-06,CUST00042,Industrial Equipment,Distribution,Midwest,2155.64,1289.37,866.27
SALE0000156,2025-09-10,CUST00047,Safety Equipment,Services,West,1177.78,618.46,559.32
SALE0000157,2025-08-24,CUST00392,Maintenance Supplies,Services,Northeast,5538.42,4072.05,1466.37
SALE0000158,2026-02-20,CUST00241,Professional Services,Distribution,Southeast,2402.58,1626.26,776.32
SALE0000159,2025-08-22,CUST00417,Professional Services,Manufacturing,Southwest,884.67,513.79,370.88
SALE0000160,2024-12-22,CUST00165,Manufacturing Components,Manufacturing,Midwest,2680.97,1534.87,1146.1
SALE0000161,2025-02-25,CUST00148,Office Equipment,Services,Northeast,1007.46,663.01,344.45
SALE0000162,2025-04-10,CUST00130,Technology Hardware,Manufacturing,Southwest,2899.38,1381.32,1518.06
SALE0000163,2026-06-04,CUST00001,Professional Services,Distribution,Northeast,3623.36,2189.88,1433.48
SALE0000164,2024-07-11,CUST00319,Professional Services,Services,Southwest,1104.99,669.11,435.88
SALE0000165,2026-02-17,CUST00137,Packaging Materials,Distribution,Southwest,3222.86,1500.19,1722.67
SALE0000166,2026-06-20,CUST00063,Industrial Equipment,Services,West,2316.17,1527.46,788.71
SALE0000167,2026-03-29,CUST00082,Maintenance Supplies,Services,Northeast,2960.86,1544.94,1415.92
SALE0000168,2025-07-19,CUST00116,Manufacturing Components,Distribution,Northeast,5642.46,3229.73,2412.73
SALE0000169,2025-10-25,CUST00256,Maintenance Supplies,Services,Midwest,1560.51,1091.8,468.71
SALE0000170,2025-03-01,CUST00242,Safety Equipment,Distribution,West,1150.28,805.68,344.6
SALE0000171,2024-05-28,CUST00472,Packaging Materials,Manufacturing,Midwest,1060.28,599.14,461.14
SALE0000172,2026-03-02,CUST00213,Technology Hardware,Services,Midwest,1108.22,761.35,346.87
SALE0000173,2026-04-20,CUST00372,Maintenance Supplies,Services,West,1726.31,778.17,948.14
SALE0000174,2025-11-06,CUST00077,Professional Services,Services,Southwest,2218.73,1324.34,894.39
SALE0000175,2024-12-19,CUST00391,Office Equipment,Distribution,Midwest,2134.56,1173.44,961.12
SALE0000176,2026-06-09,CUST00358,Safety Equipment,Services,Southwest,2969.98,1504.58,1465.4
SALE0000177,2024-08-27,CUST00211,Industrial Equipment,Distribution,Southwest,1822.2,1287.94,534.26
SALE0000178,2025-12-23,CUST00196,Office Equipment,Services,Southeast,4324.8,3131.28,1193.52
SALE0000179,2025-05-22,CUST00065,Technology Hardware,Manufacturing,Southwest,1542.57,1140.65,401.92
SALE0000180,2024-04-12,CUST00234,Industrial Equipment,Services,Southeast,9247.44,5620.46,3626.98
SALE0000181,2025-02-23,CUST00497,Packaging Materials,Manufacturing,Southwest,2631.74,1871.9,759.84
SALE0000182,2026-03-11,CUST00174,Office Equipment,Services,Northeast,1081.07,800.81,280.26
SALE0000183,2026-05-22,CUST00346,Office Equipment,Distribution,Southwest,950.95,521.66,429.29
SALE0000184,2026-06-12,CUST00317,Manufacturing Components,Manufacturing,Midwest,2415.07,1478.76,936.31
SALE0000185,2024-08-20,CUST00223,Manufacturing Components,Services,Northeast,1581.17,1065.76,515.41
SALE0000186,2025-03-30,CUST00154,Industrial Equipment,Manufacturing,Midwest,2774.98,1387.24,1387.74
SALE0000187,2026-03-26,CUST00184,Technology Hardware,Distribution,Southeast,2401.73,1121.21,1280.52
SALE0000188,2024-09-07,CUST00290,Packaging Materials,Manufacturing,Southeast,1730.74,1054.63,676.11
SALE0000189,2024-03-21,CUST00196,Safety Equipment,Distribution,West,1087.81,688.42,399.39
SALE0000190,2024-05-26,CUST00327,Maintenance Supplies,Distribution,Midwest,728.58,378.61,349.97
SALE0000191,2025-11-13,CUST00412,Professional Services,Distribution,West,1383.11,626.3,756.81
SALE0000192,2024-06-10,CUST00484,Technology Hardware,Services,Midwest,3022.5,1427.1,1595.4
SALE0000193,2025-10-16,CUST00354,Maintenance Supplies,Distribution,Midwest,2055.87,1518.48,537.39
SALE0000194,2024-07-22,CUST00437,Professional Services,Manufacturing,Southeast,856.25,642.03,214.22
SALE0000195,2025-01-25,CUST00295,Maintenance Supplies,Services,Midwest,2006.02,1246.9,759.12
SALE0000196,2024-01-23,CUST00338,Office Equipment,Distribution,Northeast,2278.31,1693.66,584.65
SALE0000197,2025-08-02,CUST00399,Industrial Equipment,Services,Southwest,1063.89,754.85,309.04
SALE0000198,2026-05-02,CUST00147,Safety Equipment,Services,Midwest,1982.74,1430.04,552.7
SALE0000199,2024-08-12,CUST00318,Maintenance Supplies,Services,Southeast,1872.3,1200.12,672.18
SALE0000200,2025-10-05,CUST00322,Industrial Equipment,Distribution,Southwest,910.7,436.36,474.34
SALE0000201,2024-02-04,CUST00375,Packaging Materials,Manufacturing,Midwest,2240.99,1398.09,842.9
SALE0000202,2024-11-30,CUST00090,Safety Equipment,Manufacturing,West,2531.26,1706.69,824.57
SALE0000203,2026-06-16,CUST00272,Maintenance Supplies,Manufacturing,Midwest,3462.79,2567.47,895.32
SALE0000204,2026-07-24,CUST00247,Maintenance Supplies,Services,Midwest,3402.55,2372.96,1029.59
SALE0000205,2026-04-03,CUST00494,Manufacturing Components,Manufacturing,Southeast,791.08,383.32,407.76
SALE0000206,2026-05-30,CUST00346,Office Equipment,Services,Midwest,1029.99,672.48,357.51
SALE0000207,2024-04-02,CUST00008,Maintenance Supplies,Services,Northeast,2462.72,1692.39,770.33
SALE0000208,2025-04-10,CUST00384,Maintenance Supplies,Services,Southwest,2460.87,1379.5,1081.37
SALE0000209,2026-04-22,CUST00191,Manufacturing Components,Services,Southeast,2462.74,1580.01,882.73
SALE0000210,2025-04-27,CUST00453,Technology Hardware,Services,Southeast,18244.86,8347.16,9897.7
SALE0000211,2025-10-25,CUST00422,Professional Services,Services,Midwest,2546.65,1194.29,1352.36
SALE0000212,2025-10-26,CUST00072,Industrial Equipment,Manufacturing,Midwest,3573.64,2045.87,1527.77
SALE0000213,2025-05-19,CUST00121,Packaging Materials,Distribution,Southwest,3204.79,1553.8,1650.99
SALE0000214,2025-01-14,CUST00381,Office Equipment,Services,Southeast,2672.67,1740.3,932.37
SALE0000215,2026-06-25,CUST00051,Professional Services,Services,Southwest,1496.43,859.65,636.78
SALE0000216,2026-08-19,CUST00017,Technology Hardware,Manufacturing,Southwest,2850.88,2096.7,754.18
SALE0000217,2025-03-31,CUST00438,Technology Hardware,Manufacturing,Midwest,1137.18,836.02,301.16
SALE0000218,2025-07-11,CUST00331,Technology Hardware,Manufacturing,Southwest,1568.55,1130.15,438.4
SALE0000219,2024-10-09,CUST00063,Professional Services,Manufacturing,Southeast,1351.25,685.01,666.24
SALE0000220,2025-10-19,CUST00498,Industrial Equipment,Manufacturing,Midwest,1899.08,1218.92,680.16
SALE0000221,2024-09-06,CUST00403,Safety Equipment,Manufacturing,West,7250.28,5413.39,1836.89
SALE0000222,2024-07-31,CUST00417,Safety Equipment,Distribution,Southeast,589.72,369.11,220.61
SALE0000223,2026-03-18,CUST00002,Maintenance Supplies,Manufacturing,Southeast,2729.18,1965.44,763.74
SALE0000224,2025-07-07,CUST00090,Manufacturing Components,Services,Northeast,687.02,360.82,326.2
SALE0000225,2024-05-14,CUST00405,Safety Equipment,Services,Midwest,1362.18,619.05,743.13
SALE0000226,2024-01-17,CUST00027,Packaging Materials,Services,Southwest,3475.07,1745.44,1729.63
SALE0000227,2025-06-22,CUST00033,Professional Services,Distribution,Midwest,1879.14,909.68,969.46
SALE0000228,2025-06-09,CUST00232,Safety Equipment,Services,Northeast,947.05,594.84,352.21
SALE0000229,2026-01-14,CUST00444,Maintenance Supplies,Distribution,Northeast,1177.11,806.28,370.83
SALE0000230,2024-03-03,CUST00434,Office Equipment,Distribution,Northeast,2718.29,2037.57,680.72
SALE0000231,2025-05-17,CUST00228,Manufacturing Components,Manufacturing,Midwest,1166.52,774.24,392.28
SALE0000232,2025-09-14,CUST00065,Maintenance Supplies,Services,West,2058.79,1018.07,1040.72
SALE0000233,2025-07-15,CUST00196,Maintenance Supplies,Distribution,West,1858.16,1233.16,625.0
SALE0000234,2025-09-11,CUST00407,Manufacturing Components,Services,West,1222.97,708.17,514.8
SALE0000235,2026-01-08,CUST00221,Professional Services,Manufacturing,Southwest,6544.41,4644.23,1900.18
SALE0000236,2024-12-13,CUST00205,Office Equipment,Services,Northeast,2644.8,1846.67,798.13
SALE0000237,2024-11-16,CUST00341,Maintenance Supplies,Distribution,Southeast,536.42,310.07,226.35
SALE0000238,2025-12-04,CUST00035,Manufacturing Components,Manufacturing,Northeast,2022.06,1469.83,552.23
SALE0000239,2025-03-18,CUST00379,Technology Hardware,Manufacturing,West,1215.52,582.2,633.32
SALE0000240,2024-03-02,CUST00288,Technology Hardware,Services,Northeast,3015.32,1887.41,1127.91
SALE0000241,2025-02-24,CUST00341,Office Equipment,Services,Northeast,1123.82,624.93,498.89
SALE0000242,2024-10-21,CUST00181,Manufacturing Components,Services,West,1687.76,1063.5,624.26
SALE0000243,2024-08-05,CUST00247,Safety Equipment,Manufacturing,Midwest,2447.92,1215.19,1232.73
SALE0000244,2026-05-15,CUST00059,Maintenance Supplies,Services,Southeast,3039.51,1875.01,1164.5
SALE0000245,2026-04-06,CUST00288,Industrial Equipment,Services,Midwest,879.91,509.23,370.68
SALE0000246,2024-01-30,CUST00360,Maintenance Supplies,Distribution,Midwest,1479.26,745.73,733.53
SALE0000247,2024-01-07,CUST00074,Office Equipment,Manufacturing,Southeast,1359.72,685.87,673.85
SALE0000248,2026-01-28,CUST00016,Manufacturing Components,Services,West,1221.7,781.83,439.87
SALE0000249,2024-08-08,CUST00233,Technology Hardware,Manufacturing,Midwest,5214.89,2935.24,2279.65
SALE0000250,2024-11-15,CUST00398,Manufacturing Components,Manufacturing,Southeast,2305.35,1536.47,768.88
SALE0000251,2024-06-10,CUST00026,Manufacturing Components,Distribution,Southwest,848.5,573.87,274.63
SALE0000252,2025-11-08,CUST00311,Professional Services,Distribution,Midwest,3136.04,1810.14,1325.9
SALE0000253,2024-08-08,CUST00059,Technology Hardware,Distribution,Northeast,6459.41,4369.68,2089.73
SALE0000254,2024-10-17,CUST00304,Professional Services,Services,Midwest,3359.27,2195.17,1164.1
SALE0000255,2024-02-16,CUST00307,Industrial Equipment,Manufacturing,Southeast,726.6,375.04,351.56
SALE0000256,2024-11-04,CUST00393,Packaging Materials,Distribution,Midwest,1352.16,991.94,360.22
SALE0000257,2024-12-01,CUST00255,Office Equipment,Manufacturing,Southeast,3866.66,1879.18,1987.48
SALE0000258,2025-01-24,CUST00118,Technology Hardware,Manufacturing,Southwest,1182.51,721.06,461.45
SALE0000259,2026-06-01,CUST00224,Industrial Equipment,Distribution,Northeast,2359.7,1587.16,772.54
SALE0000260,2026-06-01,CUST00220,Office Equipment,Services,Southwest,2877.8,1565.29,1312.51
SALE0000261,2024-10-23,CUST00011,Technology Hardware,Manufacturing,West,1036.75,502.36,534.39
SALE0000262,2025-04-16,CUST00471,Technology Hardware,Manufacturing,Southwest,1744.61,1220.54,524.07
SALE0000263,2026-05-14,CUST00224,Office Equipment,Services,Northeast,258.59,124.58,134.01
SALE0000264,2025-02-09,CUST00382,Technology Hardware,Manufacturing,Midwest,977.86,695.41,282.45
SALE0000265,2026-03-08,CUST00262,Manufacturing Components,Services,West,1553.8,777.58,776.22
SALE0000266,2024-07-17,CUST00179,Technology Hardware,Services,Southeast,855.2,617.26,237.94
SALE0000267,2024-08-29,CUST00132,Safety Equipment,Manufacturing,West,4814.79,2315.15,2499.64
SALE0000268,2024-06-05,CUST00336,Manufacturing Components,Manufacturing,Southwest,766.56,519.78,246.78
SALE0000269,2025-04-20,CUST00390,Professional Services,Services,West,1388.49,939.08,449.41
SALE0000270,2025-10-20,CUST00320,Technology Hardware,Services,Midwest,1955.58,1252.72,702.86
SALE0000271,2024-06-03,CUST00241,Professional Services,Services,Midwest,4293.1,2498.28,1794.82
SALE0000272,2026-03-26,CUST00029,Technology Hardware,Services,Northeast,763.94,406.72,357.22
SALE0000273,2024-11-13,CUST00020,Industrial Equipment,Distribution,Midwest,3633.31,2138.29,1495.02
SALE0000274,2024-03-19,CUST00438,Manufacturing Components,Services,West,1819.18,1170.46,648.72
SALE0000275,2025-06-03,CUST00298,Industrial Equipment,Distribution,West,1003.35,567.24,436.11
SALE0000276,2025-10-29,CUST00310,Professional Services,Services,Southeast,2385.73,1208.31,1177.42
SALE0000277,2024-03-04,CUST00416,Technology Hardware,Services,Northeast,2037.41,1192.2,845.21
SALE0000278,2025-05-31,CUST00021,Safety Equipment,Services,Southwest,1261.26,812.05,449.21
SALE0000279,2025-03-25,CUST00313,Packaging Materials,Distribution,Midwest,1885.37,1144.84,740.53
SALE0000280,2026-07-28,CUST00210,Technology Hardware,Services,West,1434.84,767.45,667.39
SALE0000281,2024-02-23,CUST00332,Technology Hardware,Manufacturing,Midwest,1935.48,1329.23,606.25
SALE0000282,2024-04-06,CUST00198,Maintenance Supplies,Distribution,West,2689.95,1660.75,1029.2
SALE0000283,2026-06-13,CUST00042,Packaging Materials,Distribution,Midwest,4682.61,2318.42,2364.19
SALE0000284,2025-11-02,CUST00201,Packaging Materials,Services,Northeast,860.33,567.43,292.9
SALE0000285,2024-11-13,CUST00330,Technology Hardware,Manufacturing,West,6501.71,4015.95,2485.76
SALE0000286,2024-04-05,CUST00217,Technology Hardware,Manufacturing,Midwest,560.45,360.82,199.63
SALE0000287,2024-11-12,CUST00110,Technology Hardware,Distribution,Southeast,1650.66,832.06,818.6
SALE0000288,2024-08-19,CUST00080,Manufacturing Components,Distribution,Northeast,2573.42,1930.05,643.37
SALE0000289,2025-06-03,CUST00428,Industrial Equipment,Services,Midwest,2140.07,1457.95,682.12
SALE0000290,2026-06-16,CUST00068,Office Equipment,Manufacturing,Southeast,1244.36,846.03,398.33
SALE0000291,2024-07-04,CUST00395,Packaging Materials,Services,Southwest,1595.79,1116.1,479.69
SALE0000292,2024-02-14,CUST00347,Safety Equipment,Distribution,West,1345.07,771.07,574.0
SALE0000293,2024-10-18,CUST00402,Professional Services,Manufacturing,West,1269.5,857.82,411.68
SALE0000294,2024-09-01,CUST00415,Professional Services,Manufacturing,Midwest,3010.2,1634.06,1376.14
SALE0000295,2025-11-25,CUST00226,Professional Services,Distribution,Southwest,2239.95,1644.43,595.52
SALE0000296,2025-05-29,CUST00495,Packaging Materials,Manufacturing,West,1193.03,725.65,467.38
SALE0000297,2024-05-21,CUST00027,Professional Services,Distribution,West,3101.87,2208.22,893.65
SALE0000298,2026-08-14,CUST00434,Manufacturing Components,Distribution,Northeast,2174.12,1045.27,1128.85
SALE0000299,2026-02-20,CUST00231,Packaging Materials,Distribution,Northeast,2944.57,1466.67,1477.9
SALE0000300,2026-08-27,CUST00419,Professional Services,Distribution,Northeast,2638.0,1907.67,730.33
SALE0000301,2025-02-28,CUST00258,Technology Hardware,Manufacturing,Southwest,1099.49,512.34,587.15
SALE0000302,2024-03-24,CUST00015,Technology Hardware,Manufacturing,Midwest,1291.93,726.68,565.25
SALE0000303,2026-03-21,CUST00020,Maintenance Supplies,Distribution,Southeast,2830.97,1397.97,1433.0
SALE0000304,2026-02-16,CUST00230,Industrial Equipment,Manufacturing,Northeast,2607.7,1725.41,882.29
SALE0000305,2024-09-19,CUST00077,Office Equipment,Manufacturing,Midwest,1785.51,919.0,866.51
SALE0000306,2024-08-31,CUST00025,Safety Equipment,Distribution,West,1939.91,1048.22,891.69
SALE0000307,2025-04-13,CUST00429,Professional Services,Services,West,3891.69,1824.59,2067.1
SALE0000308,2024-01-17,CUST00295,Safety Equipment,Services,Southeast,1267.82,810.88,456.94
SALE0000309,2024-10-25,CUST00315,Technology Hardware,Manufacturing,West,2510.55,1453.04,1057.51
SALE0000310,2025-03-02,CUST00343,Manufacturing Components,Services,Midwest,1601.48,810.66,790.82
SALE0000311,2024-03-10,CUST00279,Industrial Equipment,Distribution,Southwest,1586.67,1167.82,418.85
SALE0000312,2024-02-14,CUST00192,Maintenance Supplies,Services,Northeast,3495.62,2239.65,1255.97
SALE0000313,2024-12-31,CUST00177,Safety Equipment,Services,Northeast,2966.83,2036.89,929.94
SALE0000314,2026-03-01,CUST00388,Technology Hardware,Manufacturing,Northeast,2945.71,1839.81,1105.9
SALE0000315,2024-12-26,CUST00417,Packaging Materials,Services,Southwest,3957.18,2428.93,1528.25
SALE0000316,2025-12-13,CUST00094,Packaging Materials,Manufacturing,Southwest,1830.97,1086.79,744.18
SALE0000317,2024-02-07,CUST00023,Safety Equipment,Manufacturing,Midwest,2722.14,1464.6,1257.54
SALE0000318,2026-08-13,CUST00204,Professional Services,Distribution,Northeast,1500.93,815.04,685.89
SALE0000319,2026-02-10,CUST00147,Technology Hardware,Manufacturing,Midwest,2196.24,1414.53,781.71
SALE0000320,2024-10-06,CUST00189,Office Equipment,Distribution,Southwest,1672.23,814.95,857.28
SALE0000321,2026-07-05,CUST00174,Packaging Materials,Distribution,Southwest,1916.39,1412.27,504.12
SALE0000322,2025-01-11,CUST00266,Maintenance Supplies,Manufacturing,Southwest,2584.0,1879.33,704.67
SALE0000323,2024-03-21,CUST00422,Packaging Materials,Services,Midwest,1106.62,640.93,465.69
SALE0000324,2024-11-24,CUST00168,Maintenance Supplies,Distribution,Southwest,6345.06,3050.57,3294.49
SALE0000325,2025-09-09,CUST00086,Professional Services,Distribution,Southwest,988.7,657.78,330.92
SALE0000326,2024-02-13,CUST00467,Technology Hardware,Services,Southwest,872.61,582.94,289.67
SALE0000327,2024-10-08,CUST00406,Industrial Equipment,Manufacturing,Southwest,3622.31,2324.95,1297.36
SALE0000328,2025-01-07,CUST00384,Packaging Materials,Manufacturing,Southeast,2907.35,1755.82,1151.53
SALE0000329,2026-05-19,CUST00401,Professional Services,Manufacturing,Southeast,2629.3,1662.43,966.87
SALE0000330,2024-03-09,CUST00331,Technology Hardware,Distribution,Southwest,2635.97,1372.81,1263.16
SALE0000331,2026-08-30,CUST00310,Packaging Materials,Services,Southwest,1794.81,1113.09,681.72
SALE0000332,2026-08-29,CUST00228,Manufacturing Components,Services,Southeast,1055.37,592.37,463.0
SALE0000333,2025-06-26,CUST00161,Maintenance Supplies,Manufacturing,Northeast,1892.18,1059.78,832.4
SALE0000334,2024-01-27,CUST00256,Office Equipment,Services,Northeast,1204.36,807.77,396.59
SALE0000335,2024-09-25,CUST00361,Professional Services,Manufacturing,West,3245.65,2215.12,1030.53
SALE0000336,2024-10-19,CUST00252,Safety Equipment,Manufacturing,Southeast,1655.35,1089.54,565.81
SALE0000337,2026-05-23,CUST00089,Professional Services,Manufacturing,Midwest,1101.8,520.29,581.51
SALE0000338,2025-11-14,CUST00034,Maintenance Supplies,Distribution,Southeast,1490.95,826.33,664.62
SALE0000339,2025-12-29,CUST00359,Packaging Materials,Distribution,West,2316.38,1535.46,780.92
SALE0000340,2024-08-17,CUST00103,Packaging Materials,Manufacturing,Southwest,1289.18,627.07,662.11
SALE0000341,2024-01-27,CUST00294,Technology Hardware,Distribution,West,1103.97,616.31,487.66
SALE0000342,2024-05-12,CUST00045,Manufacturing Components,Distribution,Southwest,2092.7,1325.9,766.8
SALE0000343,2026-01-04,CUST00270,Office Equipment,Distribution,West,2094.31,1394.1,700.21
SALE0000344,2024-03-16,CUST00163,Manufacturing Components,Distribution,Southwest,1333.86,650.39,683.47
SALE0000345,2025-11-27,CUST00066,Packaging Materials,Manufacturing,Southwest,1362.91,824.84,538.07
SALE0000346,2025-05-29,CUST00029,Manufacturing Components,Services,Southeast,2078.14,1502.94,575.2
SALE0000347,2024-11-07,CUST00166,Safety Equipment,Distribution,West,758.35,378.72,379.63
SALE0000348,2026-07-05,CUST00041,Maintenance Supplies,Manufacturing,West,777.06,415.89,361.17
SALE0000349,2024-10-08,CUST00156,Manufacturing Components,Services,Southeast,1174.89,572.82,602.07
SALE0000350,2025-08-29,CUST00079,Packaging Materials,Services,West,1590.7,1165.16,425.54
SALE0000351,2026-01-07,CUST00173,Industrial Equipment,Manufacturing,Northeast,2178.83,1570.07,608.76
SALE0000352,2024-02-16,CUST00395,Maintenance Supplies,Services,Southeast,4381.79,3218.71,1163.08
SALE0000353,2026-02-24,CUST00317,Industrial Equipment,Distribution,West,3024.79,1880.33,1144.46
SALE0000354,2024-10-23,CUST00155,Professional Services,Manufacturing,Southwest,1642.6,1055.49,587.11
SALE0000355,2024-10-31,CUST00353,Industrial Equipment,Manufacturing,Southwest,1787.53,1047.61,739.92
SALE0000356,2025-03-01,CUST00105,Technology Hardware,Services,Southeast,990.77,589.78,400.99
SALE0000357,2024-11-16,CUST00164,Technology Hardware,Distribution,Southeast,1788.07,1266.75,521.32
SALE0000358,2026-02-17,CUST00288,Manufacturing Components,Distribution,Southeast,1520.52,853.26,667.26
SALE0000359,2025-04-22,CUST00231,Safety Equipment,Manufacturing,Northeast,2194.33,1068.1,1126.23
SALE0000360,2024-02-21,CUST00197,Office Equipment,Manufacturing,Southeast,1100.66,591.12,509.54
SALE0000361,2026-04-13,CUST00296,Technology Hardware,Manufacturing,Southeast,2469.1,1353.64,1115.46
SALE0000362,2025-05-25,CUST00240,Professional Services,Distribution,Southwest,4535.29,3395.98,1139.31
SALE0000363,2024-01-24,CUST00202,Professional Services,Manufacturing,Southeast,1693.82,807.98,885.84
SALE0000364,2025-08-20,CUST00026,Maintenance Supplies,Distribution,West,2300.83,1278.96,1021.87
SALE0000365,2026-06-22,CUST00345,Professional Services,Distribution,West,2735.55,1922.69,812.86
SALE0000366,2024-01-09,CUST00221,Packaging Materials,Distribution,Midwest,1421.22,1000.75,420.47
SALE0000367,2026-02-21,CUST00024,Office Equipment,Manufacturing,West,2068.24,1180.92,887.32
SALE0000368,2025-07-29,CUST00284,Maintenance Supplies,Manufacturing,Southwest,1821.75,926.17,895.58
SALE0000369,2025-05-31,CUST00282,Maintenance Supplies,Services,West,1917.17,1121.75,795.42
SALE0000370,2024-05-01,CUST00050,Office Equipment,Distribution,Midwest,1137.05,555.56,581.49
SALE0000371,2025-07-25,CUST00387,Packaging Materials,Manufacturing,West,1834.83,1342.52,492.31
SALE0000372,2025-06-05,CUST00021,Industrial Equipment,Manufacturing,Southeast,2437.67,1390.49,1047.18
SALE0000373,2025-12-31,CUST00243,Professional Services,Manufacturing,West,4318.6,2374.85,1943.75
SALE0000374,2026-07-03,CUST00168,Technology Hardware,Manufacturing,Southwest,3214.94,1943.92,1271.02
SALE0000375,2025-09-23,CUST00154,Technology Hardware,Services,West,6580.79,4420.95,2159.84
SALE0000376,2025-06-29,CUST00289,Maintenance Supplies,Distribution,Northeast,1140.92,681.08,459.84
SALE0000377,2025-01-12,CUST00057,Office Equipment,Services,Midwest,3051.51,1676.41,1375.1
SALE0000378,2026-03-26,CUST00447,Industrial Equipment,Services,Southwest,2018.29,1452.42,565.87
SALE0000379,2024-09-28,CUST00401,Safety Equipment,Services,Northeast,6726.98,4978.78,1748.2
SALE0000380,2025-08-20,CUST00269,Office Equipment,Manufacturing,Southeast,1113.23,661.41,451.82
SALE0000381,2024-02-02,CUST00359,Manufacturing Components,Manufacturing,Northeast,1092.44,679.25,413.19
SALE0000382,2025-03-27,CUST00078,Office Equipment,Services,Southeast,1261.89,686.6,575.29
SALE0000383,2025-02-24,CUST00314,Professional Services,Services,Northeast,505.56,303.61,201.95
SALE0000384,2025-12-23,CUST00107,Technology Hardware,Services,Southwest,1318.89,648.14,670.75
SALE0000385,2025-06-22,CUST00490,Packaging Materials,Distribution,West,1146.56,645.57,500.99
SALE0000386,2024-12-16,CUST00347,Maintenance Supplies,Services,Southwest,1978.78,1214.74,764.04
SALE0000387,2024-07-15,CUST00143,Maintenance Supplies,Manufacturing,Midwest,2219.54,1636.25,583.29
SALE0000388,2026-02-28,CUST00107,Professional Services,Distribution,Southwest,5573.08,2991.08,2582.0
SALE0000389,2024-12-23,CUST00479,Maintenance Supplies,Distribution,Northeast,3197.91,1976.78,1221.13
SALE0000390,2025-08-10,CUST00195,Office Equipment,Distribution,Southeast,1279.03,835.19,443.84
SALE0000391,2024-10-24,CUST00490,Manufacturing Components,Distribution,Southwest,1054.64,487.9,566.74
SALE0000392,2025-11-02,CUST00246,Safety Equipment,Manufacturing,West,2428.8,1279.82,1148.98
SALE0000393,2024-10-04,CUST00357,Maintenance Supplies,Manufacturing,Northeast,818.82,597.66,221.16
SALE0000394,2025-09-22,CUST00123,Safety Equipment,Manufacturing,West,5425.55,3647.42,1778.13
SALE0000395,2024-08-19,CUST00027,Manufacturing Components,Distribution,Midwest,3668.96,2353.21,1315.75
SALE0000396,2026-01-04,CUST00349,Packaging Materials,Manufacturing,West,1364.43,807.36,557.07
SALE0000397,2026-08-09,CUST00335,Professional Services,Distribution,Southeast,646.85,321.73,325.12
SALE0000398,2026-02-13,CUST00165,Maintenance Supplies,Services,Northeast,4073.77,3011.23,1062.54
SALE0000399,2026-07-18,CUST00334,Safety Equipment,Services,Northeast,1687.96,1148.86,539.1
SALE0000400,2026-07-24,CUST00214,Packaging Materials,Manufacturing,Southwest,3799.75,2760.3,1039.45
SALE0000401,2026-03-17,CUST00480,Maintenance Supplies,Manufacturing,Northeast,694.61,415.8,278.81
SALE0000402,2024-11-01,CUST00055,Technology Hardware,Distribution,Southwest,1261.9,782.87,479.03
SALE0000403,2025-10-18,CUST00253,Packaging Materials,Services,Southwest,1813.74,1111.8,701.94
SALE0000404,2024-10-06,CUST00058,Technology Hardware,Manufacturing,Southwest,1859.73,944.45,915.28
SALE0000405,2025-10-25,CUST00096,Industrial Equipment,Services,Midwest,1380.17,727.6,652.57
SALE0000406,2026-03-20,CUST00346,Safety Equipment,Manufacturing,West,2627.29,1414.81,1212.48
SALE0000407,2026-05-26,CUST00208,Office Equipment,Services,Midwest,952.82,611.35,341.47
SALE0000408,2024-03-29,CUST00049,Packaging Materials,Manufacturing,Southwest,1660.0,946.61,713.39
SALE0000409,2024-11-27,CUST00004,Maintenance Supplies,Distribution,Southeast,1943.37,1420.11,523.26
SALE0000410,2025-04-02,CUST00489,Technology Hardware,Distribution,West,2461.84,1664.52,797.32
SALE0000411,2026-01-10,CUST00134,Technology Hardware,Services,Southeast,2771.01,1723.19,1047.82
SALE0000412,2024-03-04,CUST00239,Maintenance Supplies,Manufacturing,Southwest,920.77,598.81,321.96
SALE0000413,2025-12-03,CUST00459,Maintenance Supplies,Services,Northeast,720.2,432.66,287.54
SALE0000414,2025-10-16,CUST00152,Technology Hardware,Services,Southeast,3891.72,2820.87,1070.85
SALE0000415,2024-08-12,CUST00245,Packaging Materials,Distribution,West,2207.0,1627.02,579.98
SALE0000416,2025-01-17,CUST00282,Professional Services,Services,Southeast,1153.91,663.21,490.7
SALE0000417,2026-02-19,CUST00387,Manufacturing Components,Services,Southwest,4585.67,2403.99,2181.68
SALE0000418,2025-06-24,CUST00040,Manufacturing Components,Manufacturing,West,1937.99,1281.26,656.73
SALE0000419,2026-07-13,CUST00294,Packaging Materials,Manufacturing,Midwest,3668.65,2207.23,1461.42
SALE0000420,2026-05-24,CUST00060,Safety Equipment,Services,West,1882.79,1141.16,741.63
SALE0000421,2025-05-15,CUST00262,Professional Services,Manufacturing,Southwest,6225.75,2971.44,3254.31
SALE0000422,2024-05-15,CUST00234,Industrial Equipment,Services,Southwest,5183.34,3130.6,2052.74
SALE0000423,2025-11-19,CUST00371,Industrial Equipment,Distribution,Midwest,1557.16,1077.67,479.49
SALE0000424,2026-04-16,CUST00112,Manufacturing Components,Manufacturing,Southwest,3238.75,1460.37,1778.38
SALE0000425,2024-12-18,CUST00278,Industrial Equipment,Manufacturing,Southwest,2663.05,1757.92,905.13
SALE0000426,2024-02-02,CUST00093,Packaging Materials,Services,Southwest,4110.0,2203.48,1906.52
SALE0000427,2025-01-18,CUST00196,Professional Services,Distribution,Southwest,1013.38,757.86,255.52
SALE0000428,2024-03-23,CUST00339,Packaging Materials,Services,Midwest,2728.84,1786.9,941.94
SALE0000429,2024-05-01,CUST00276,Office Equipment,Services,Southeast,3412.0,1718.09,1693.91
SALE0000430,2026-01-15,CUST00428,Industrial Equipment,Manufacturing,Midwest,629.39,468.03,161.36
SALE0000431,2025-04-19,CUST00279,Office Equipment,Services,Southwest,888.95,579.64,309.31
SALE0000432,2026-04-23,CUST00236,Technology Hardware,Manufacturing,Midwest,531.9,276.0,255.9
SALE0000433,2024-07-12,CUST00372,Manufacturing Components,Manufacturing,Southwest,1538.18,1124.75,413.43
SALE0000434,2025-09-21,CUST00453,Industrial Equipment,Manufacturing,Southeast,2780.89,1890.49,890.4
SALE0000435,2024-03-09,CUST00018,Professional Services,Services,Northeast,4453.36,2138.81,2314.55
SALE0000436,2024-09-07,CUST00206,Professional Services,Manufacturing,West,1890.24,1270.55,619.69
SALE0000437,2024-08-10,CUST00398,Industrial Equipment,Manufacturing,West,4803.83,3248.91,1554.92
SALE0000438,2024-10-23,CUST00470,Technology Hardware,Services,West,789.93,410.96,378.97
SALE0000439,2026-03-02,CUST00165,Safety Equipment,Distribution,Southeast,650.65,424.07,226.58
SALE0000440,2025-11-07,CUST00212,Maintenance Supplies,Distribution,Northeast,1748.78,1060.42,688.36
SALE0000441,2025-07-24,CUST00451,Packaging Materials,Services,Southwest,2276.6,1672.29,604.31
SALE0000442,2025-07-23,CUST00498,Technology Hardware,Services,Southwest,1772.92,1061.42,711.5
SALE0000443,2026-03-15,CUST00357,Office Equipment,Distribution,Southeast,522.98,317.63,205.35
SALE0000444,2024-11-03,CUST00387,Professional Services,Manufacturing,Southeast,1713.9,964.82,749.08
SALE0000445,2024-11-03,CUST00074,Professional Services,Manufacturing,West,826.6,584.62,241.98
SALE0000446,2025-02-26,CUST00286,Packaging Materials,Distribution,Southeast,2702.15,2000.5,701.65
SALE0000447,2024-09-18,CUST00332,Manufacturing Components,Distribution,Midwest,2252.87,1151.22,1101.65
SALE0000448,2024-04-04,CUST00425,Safety Equipment,Manufacturing,Midwest,1028.72,628.23,400.49
SALE0000449,2025-01-21,CUST00309,Industrial Equipment,Manufacturing,Southeast,1328.33,866.21,462.12
SALE0000450,2026-04-03,CUST00371,Safety Equipment,Distribution,Southeast,957.64,649.77,307.87
SALE0000451,2026-06-09,CUST00156,Industrial Equipment,Manufacturing,Southeast,1741.31,1257.42,483.89
SALE0000452,2026-01-29,CUST00387,Professional Services,Manufacturing,West,3206.98,1556.01,1650.97
SALE0000453,2025-12-21,CUST00469,Safety Equipment,Services,Midwest,1000.81,511.77,489.04
SALE0000454,2026-03-05,CUST00239,Technology Hardware,Distribution,Midwest,2446.53,1308.69,1137.84
SALE0000455,2025-01-03,CUST00255,Professional Services,Manufacturing,Southwest,1315.33,794.26,521.07
SALE0000456,2026-02-18,CUST00469,Safety Equipment,Distribution,Midwest,1123.58,788.66,334.92
SALE0000457,2025-02-27,CUST00443,Safety Equipment,Services,Southeast,1695.58,786.27,909.31
SALE0000458,2024-01-17,CUST00479,Office Equipment,Distribution,Southeast,971.51,513.18,458.33
SALE0000459,2024-07-19,CUST00195,Safety Equipment,Distribution,West,1297.0,712.0,585.0
SALE0000460,2025-11-01,CUST00173,Maintenance Supplies,Distribution,Southwest,881.19,645.95,235.24
SALE0000461,2025-04-16,CUST00408,Technology Hardware,Manufacturing,Southeast,5877.2,2941.36,2935.84
SALE0000462,2026-01-07,CUST00095,Industrial Equipment,Services,Northeast,1846.7,1133.81,712.89
SALE0000463,2026-05-09,CUST00484,Industrial Equipment,Manufacturing,Southwest,1188.16,836.48,351.68
SALE0000464,2024-05-20,CUST00119,Manufacturing Components,Services,Southeast,2055.73,1444.69,611.04
SALE0000465,2024-01-10,CUST00234,Technology Hardware,Manufacturing,West,1690.2,871.49,818.71
SALE0000466,2025-10-15,CUST00316,Professional Services,Services,Southwest,1583.54,1029.34,554.2
SALE0000467,2024-01-17,CUST00283,Office Equipment,Manufacturing,Northeast,2613.64,1181.32,1432.32
SALE0000468,2025-06-26,CUST00275,Maintenance Supplies,Manufacturing,West,2848.38,1898.89,949.49
SALE0000469,2026-04-12,CUST00221,Packaging Materials,Manufacturing,Northeast,1315.14,867.15,447.99
SALE0000470,2025-06-20,CUST00099,Maintenance Supplies,Distribution,Midwest,1279.86,633.11,646.75
SALE0000471,2026-03-25,CUST00192,Office Equipment,Distribution,West,1532.98,872.37,660.61
SALE0000472,2024-09-06,CUST00116,Maintenance Supplies,Services,Northeast,454.34,339.42,114.92
SALE0000473,2025-10-31,CUST00333,Industrial Equipment,Manufacturing,Southwest,728.43,544.5,183.93
SALE0000474,2025-01-23,CUST00244,Industrial Equipment,Services,Northeast,4105.67,2312.11,1793.56
SALE0000475,2025-12-20,CUST00256,Office Equipment,Services,Midwest,4851.2,2432.46,2418.74
SALE0000476,2025-08-02,CUST00499,Manufacturing Components,Services,Northeast,1557.1,1157.23,399.87
SALE0000477,2024-08-23,CUST00445,Professional Services,Distribution,Northeast,2555.32,1311.97,1243.35
SALE0000478,2026-08-04,CUST00474,Maintenance Supplies,Services,West,2179.28,1029.28,1150.0
SALE0000479,2025-11-04,CUST00476,Technology Hardware,Manufacturing,Southeast,11468.15,5273.86,6194.29
SALE0000480,2025-08-24,CUST00421,Office Equipment,Manufacturing,Midwest,3539.51,1745.89,1793.62
SALE0000481,2024-06-15,CUST00291,Office Equipment,Services,West,1674.47,1036.81,637.66
SALE0000482,2024-12-05,CUST00379,Packaging Materials,Services,Northeast,1019.1,575.95,443.15
SALE0000483,2025-05-27,CUST00178,Industrial Equipment,Manufacturing,Southwest,689.61,464.55,225.06
SALE0000484,2024-08-25,CUST00175,Office Equipment,Distribution,Northeast,2042.8,1433.23,609.57
SALE0000485,2025-10-11,CUST00231,Professional Services,Manufacturing,Midwest,1148.47,610.98,537.49
SALE0000486,2025-07-20,CUST00222,Packaging Materials,Services,West,770.2,564.05,206.15
SALE0000487,2025-11-07,CUST00396,Maintenance Supplies,Manufacturing,Northeast,1226.67,691.87,534.8
SALE0000488,2024-03-25,CUST00195,Packaging Materials,Services,Southwest,944.89,501.16,443.73
SALE0000489,2024-11-20,CUST00047,Industrial Equipment,Distribution,Southwest,4975.52,2777.39,2198.13
SALE0000490,2025-01-03,CUST00053,Packaging Materials,Manufacturing,Southeast,3068.62,2081.76,986.86
SALE0000491,2025-03-17,CUST00285,Office Equipment,Manufacturing,Northeast,1799.41,1052.03,747.38
SALE0000492,2024-04-01,CUST00048,Technology Hardware,Distribution,Northeast,4393.87,2443.76,1950.11
SALE0000493,2024-10-25,CUST00399,Manufacturing Components,Services,West,1893.95,1087.4,806.55
SALE0000494,2026-07-15,CUST00125,Packaging Materials,Services,Southwest,1078.4,806.45,271.95
SALE0000495,2024-06-22,CUST00155,Maintenance Supplies,Distribution,Southeast,4509.2,2216.96,2292.24
SALE0000496,2024-03-05,CUST00142,Office Equipment,Distribution,Southwest,2498.25,1249.53,1248.72
SALE0000497,2026-03-12,CUST00129,Safety Equipment,Services,Southwest,970.35,459.05,511.3
SALE0000498,2025-08-31,CUST00235,Manufacturing Components,Manufacturing,Midwest,1612.91,1024.2,588.71
SALE0000499,2024-01-07,CUST00171,Office Equipment,Distribution,Southwest,1069.16,785.46,283.7
SALE0000500,2024-12-08,CUST00422,Packaging Materials,Distribution,Midwest,788.65,456.77,331.88
SALE0000501,2025-09-09,CUST00103,Professional Services,Distribution,Southeast,3151.73,2313.95,837.78
SALE0000502,2025-02-11,CUST00150,Professional Services,Services,Southeast,5685.36,4210.68,1474.68
SALE0000503,2024-11-29,CUST00419,Office Equipment,Distribution,Northeast,781.22,439.68,341.54
SALE0000504,2026-08-12,CUST00304,Packaging Materials,Services,West,2534.58,1569.3,965.28
SALE0000505,2024-01-28,CUST00237,Safety Equipment,Distribution,Midwest,1223.68,900.51,323.17
SALE0000506,2026-05-01,CUST00420,Office Equipment,Services,Southwest,1349.82,887.98,461.84
SALE0000507,2024-05-22,CUST00124,Maintenance Supplies,Services,Southeast,1267.2,811.01,456.19
SALE0000508,2026-01-02,CUST00194,Manufacturing Components,Distribution,West,1076.65,621.16,455.49
SALE0000509,2025-05-05,CUST00274,Office Equipment,Services,Northeast,1861.45,1162.8,698.65
SALE0000510,2026-03-20,CUST00360,Manufacturing Components,Manufacturing,Southeast,1098.2,813.25,284.95
SALE0000511,2025-11-04,CUST00086,Industrial Equipment,Services,Southwest,2126.59,1381.02,745.57
SALE0000512,2026-02-09,CUST00408,Office Equipment,Manufacturing,Northeast,1754.36,963.98,790.38
SALE0000513,2024-04-10,CUST00262,Safety Equipment,Distribution,Midwest,1566.55,826.55,740.0
SALE0000514,2025-02-04,CUST00348,Packaging Materials,Distribution,Northeast,1048.86,617.69,431.17
SALE0000515,2025-05-09,CUST00213,Manufacturing Components,Manufacturing,Southeast,1279.13,615.73,663.4
SALE0000516,2024-12-22,CUST00234,Safety Equipment,Services,Southwest,2844.76,1546.32,1298.44
SALE0000517,2024-12-22,CUST00225,Professional Services,Distribution,Northeast,2441.95,1447.71,994.24
SALE0000518,2024-11-03,CUST00364,Manufacturing Components,Manufacturing,Midwest,1005.73,466.06,539.67
SALE0000519,2025-10-25,CUST00410,Packaging Materials,Services,Southeast,1919.08,926.55,992.53
SALE0000520,2025-06-12,CUST00082,Technology Hardware,Services,Southwest,2837.94,1425.6,1412.34
SALE0000521,2025-04-18,CUST00208,Packaging Materials,Manufacturing,Southwest,664.05,345.01,319.04
SALE0000522,2025-02-09,CUST00315,Safety Equipment,Distribution,West,2504.93,1149.16,1355.77
SALE0000523,2025-03-15,CUST00361,Safety Equipment,Manufacturing,Midwest,1214.91,688.43,526.48
SALE0000524,2026-02-09,CUST00408,Manufacturing Components,Services,Northeast,2546.2,1683.36,862.84
SALE0000525,2026-03-29,CUST00096,Technology Hardware,Distribution,Southeast,1143.72,813.86,329.86
SALE0000526,2025-04-13,CUST00344,Professional Services,Services,Midwest,612.21,296.42,315.79
SALE0000527,2025-09-03,CUST00201,Manufacturing Components,Distribution,Midwest,680.94,385.82,295.12
SALE0000528,2026-05-15,CUST00089,Maintenance Supplies,Services,West,1860.97,1093.06,767.91
SALE0000529,2024-03-27,CUST00161,Manufacturing Components,Manufacturing,Midwest,2112.94,1376.86,736.08
SALE0000530,2024-04-29,CUST00356,Packaging Materials,Services,Southwest,1050.91,530.62,520.29
SALE0000531,2025-03-04,CUST00295,Office Equipment,Distribution,Southeast,2652.23,1668.06,984.17
SALE0000532,2025-05-13,CUST00356,Packaging Materials,Services,Southeast,667.2,427.44,239.76
SALE0000533,2025-05-16,CUST00096,Technology Hardware,Distribution,West,1737.76,932.57,805.19
SALE0000534,2024-02-24,CUST00488,Industrial Equipment,Distribution,Southeast,874.27,620.43,253.84
SALE0000535,2024-07-18,CUST00494,Professional Services,Distribution,Southwest,1222.8,849.31,373.49
SALE0000536,2025-03-01,CUST00228,Professional Services,Manufacturing,Northeast,1860.2,1233.39,626.81
SALE0000537,2025-08-01,CUST00390,Safety Equipment,Distribution,Northeast,1078.96,495.52,583.44
SALE0000538,2024-10-08,CUST00148,Packaging Materials,Distribution,West,1435.5,742.8,692.7
SALE0000539,2026-01-30,CUST00254,Manufacturing Components,Services,Northeast,3306.93,2254.55,1052.38
SALE0000540,2024-10-01,CUST00422,Technology Hardware,Services,Northeast,1279.04,872.99,406.05
SALE0000541,2026-02-17,CUST00280,Safety Equipment,Distribution,Northeast,2985.18,1987.22,997.96
SALE0000542,2026-01-23,CUST00385,Safety Equipment,Distribution,Northeast,917.98,641.69,276.29
SALE0000543,2025-04-05,CUST00442,Manufacturing Components,Distribution,Northeast,2484.64,1313.99,1170.65
SALE0000544,2026-03-05,CUST00108,Technology Hardware,Services,West,4293.86,2978.08,1315.78
SALE0000545,2025-10-09,CUST00316,Packaging Materials,Manufacturing,Southeast,410.35,237.37,172.98
SALE0000546,2026-04-04,CUST00180,Maintenance Supplies,Services,West,1120.87,524.35,596.52
SALE0000547,2024-06-21,CUST00361,Maintenance Supplies,Distribution,West,2556.11,1398.44,1157.67
SALE0000548,2024-09-30,CUST00264,Manufacturing Components,Manufacturing,Southwest,1600.66,1177.64,423.02
SALE0000549,2026-07-29,CUST00142,Packaging Materials,Services,Southeast,2259.02,1056.74,1202.28
SALE0000550,2024-09-12,CUST00165,Safety Equipment,Services,Southwest,1258.42,621.5,636.92
SALE0000551,2025-05-16,CUST00324,Maintenance Supplies,Services,Southwest,1904.46,938.24,966.22
SALE0000552,2025-01-19,CUST00325,Manufacturing Components,Distribution,West,1646.81,964.37,682.44
SALE0000553,2026-02-06,CUST00480,Technology Hardware,Distribution,Southwest,3643.39,1943.63,1699.76
SALE0000554,2024-12-01,CUST00445,Manufacturing Components,Services,Southwest,2106.22,1315.52,790.7
SALE0000555,2025-10-12,CUST00184,Manufacturing Components,Services,Southwest,2214.01,1437.43,776.58
SALE0000556,2024-08-11,CUST00423,Safety Equipment,Distribution,Midwest,1412.16,1045.62,366.54
SALE0000557,2024-11-26,CUST00173,Packaging Materials,Services,Southwest,1349.43,942.58,406.85
SALE0000558,2026-03-18,CUST00350,Industrial Equipment,Manufacturing,Northeast,1394.74,771.46,623.28
SALE0000559,2025-10-03,CUST00236,Industrial Equipment,Manufacturing,Southeast,2290.83,1569.6,721.23
SALE0000560,2025-03-27,CUST00491,Office Equipment,Manufacturing,Southeast,1404.46,824.36,580.1
SALE0000561,2026-06-22,CUST00082,Maintenance Supplies,Manufacturing,Midwest,2151.38,1387.64,763.74
SALE0000562,2024-09-13,CUST00341,Packaging Materials,Manufacturing,Southwest,6280.72,2981.62,3299.1
SALE0000563,2025-10-02,CUST00359,Safety Equipment,Distribution,Northeast,3049.32,1651.67,1397.65
SALE0000564,2025-12-21,CUST00110,Professional Services,Manufacturing,Southeast,1486.81,711.52,775.29
SALE0000565,2025-08-30,CUST00349,Professional Services,Manufacturing,Northeast,3717.21,1924.98,1792.23
SALE0000566,2025-12-13,CUST00062,Office Equipment,Services,Southeast,1415.38,782.81,632.57
SALE0000567,2025-05-04,CUST00197,Manufacturing Components,Services,Northeast,532.26,250.83,281.43
SALE0000568,2024-04-15,CUST00452,Maintenance Supplies,Manufacturing,Southwest,987.47,537.19,450.28
SALE0000569,2026-03-03,CUST00448,Packaging Materials,Services,Southeast,588.47,408.4,180.07
SALE0000570,2024-03-11,CUST00005,Packaging Materials,Distribution,Midwest,1464.24,891.95,572.29
SALE0000571,2026-01-09,CUST00384,Packaging Materials,Distribution,West,1828.13,939.51,888.62
SALE0000572,2025-12-04,CUST00112,Manufacturing Components,Manufacturing,Southeast,4943.67,2880.75,2062.92
SALE0000573,2026-02-09,CUST00374,Office Equipment,Distribution,Southwest,2199.88,1071.23,1128.65
SALE0000574,2024-11-18,CUST00127,Maintenance Supplies,Services,Northeast,1585.32,1089.63,495.69
SALE0000575,2024-09-11,CUST00308,Maintenance Supplies,Services,Northeast,2973.94,1832.0,1141.94
SALE0000576,2026-05-18,CUST00449,Maintenance Supplies,Manufacturing,West,479.78,337.82,141.96
SALE0000577,2025-09-13,CUST00383,Office Equipment,Distribution,Northeast,2082.59,1255.5,827.09
SALE0000578,2026-03-13,CUST00489,Safety Equipment,Distribution,Southwest,2871.3,2065.54,805.76
SALE0000579,2024-04-25,CUST00327,Manufacturing Components,Services,Northeast,744.6,388.92,355.68
SALE0000580,2025-01-04,CUST00068,Office Equipment,Services,Southwest,3591.24,2622.24,969.0
SALE0000581,2025-01-09,CUST00089,Professional Services,Manufacturing,Northeast,2215.2,1359.93,855.27
SALE0000582,2025-08-24,CUST00135,Safety Equipment,Manufacturing,Northeast,1409.27,662.72,746.55
SALE0000583,2026-08-29,CUST00260,Maintenance Supplies,Services,West,2643.0,1815.18,827.82
SALE0000584,2026-02-24,CUST00360,Office Equipment,Manufacturing,West,7061.52,4057.76,3003.76
SALE0000585,2025-07-04,CUST00143,Manufacturing Components,Distribution,Northeast,2016.5,1280.1,736.4
SALE0000586,2025-06-07,CUST00499,Packaging Materials,Services,Midwest,2098.4,1524.02,574.38
SALE0000587,2025-02-04,CUST00391,Manufacturing Components,Distribution,Southwest,1372.49,859.08,513.41
SALE0000588,2026-01-17,CUST00123,Industrial Equipment,Manufacturing,Northeast,1085.82,799.19,286.63
SALE0000589,2026-08-04,CUST00233,Industrial Equipment,Distribution,Southeast,2975.6,1726.87,1248.73
SALE0000590,2024-05-02,CUST00071,Industrial Equipment,Manufacturing,Southwest,1081.77,490.91,590.86
SALE0000591,2024-12-21,CUST00401,Maintenance Supplies,Manufacturing,Midwest,1887.37,1145.45,741.92
SALE0000592,2024-05-09,CUST00448,Maintenance Supplies,Services,Northeast,1357.51,916.23,441.28
SALE0000593,2026-02-28,CUST00172,Office Equipment,Distribution,West,2410.01,1735.13,674.88
SALE0000594,2024-03-06,CUST00500,Manufacturing Components,Distribution,Southwest,2208.78,1168.19,1040.59
SALE0000595,2025-06-07,CUST00256,Packaging Materials,Distribution,Southeast,3369.51,1880.31,1489.2
SALE0000596,2024-09-18,CUST00458,Manufacturing Components,Manufacturing,West,1331.41,908.02,423.39
SALE0000597,2024-01-03,CUST00442,Industrial Equipment,Manufacturing,Northeast,1537.75,712.3,825.45
SALE0000598,2025-04-28,CUST00472,Packaging Materials,Manufacturing,Northeast,1005.0,561.99,443.01
SALE0000599,2025-07-20,CUST00366,Office Equipment,Manufacturing,Midwest,1384.96,956.92,428.04
SALE0000600,2024-09-11,CUST00369,Technology Hardware,Distribution,Northeast,2267.38,1303.46,963.92
SALE0000601,2025-08-08,CUST00258,Industrial Equipment,Manufacturing,Southeast,2847.49,1599.84,1247.65
SALE0000602,2026-04-03,CUST00024,Office Equipment,Manufacturing,Southwest,1039.71,628.75,410.96
SALE0000603,2026-06-05,CUST00433,Maintenance Supplies,Distribution,Northeast,3046.55,1628.97,1417.58
SALE0000604,2025-07-20,CUST00189,Safety Equipment,Distribution,West,4078.08,2393.93,1684.15
SALE0000605,2026-03-14,CUST00319,Safety Equipment,Distribution,Midwest,2317.08,1253.94,1063.14
SALE0000606,2025-08-28,CUST00396,Safety Equipment,Services,West,5575.17,4134.31,1440.86
SALE0000607,2026-02-17,CUST00078,Industrial Equipment,Distribution,Northeast,1136.52,782.83,353.69
SALE0000608,2024-08-26,CUST00326,Industrial Equipment,Distribution,Northeast,856.8,524.76,332.04
SALE0000609,2026-02-16,CUST00435,Maintenance Supplies,Manufacturing,Southeast,621.89,402.48,219.41
SALE0000610,2025-06-26,CUST00215,Professional Services,Manufacturing,Southeast,4436.52,3304.92,1131.6
SALE0000611,2025-12-29,CUST00023,Safety Equipment,Services,Southwest,2677.45,1429.62,1247.83
SALE0000612,2025-12-18,CUST00235,Manufacturing Components,Services,Northeast,1748.74,1256.77,491.97
SALE0000613,2025-06-01,CUST00420,Office Equipment,Manufacturing,West,2138.76,1048.11,1090.65
SALE0000614,2025-08-04,CUST00340,Packaging Materials,Manufacturing,Midwest,920.31,431.34,488.97
SALE0000615,2024-09-24,CUST00475,Office Equipment,Services,Midwest,7843.58,5531.87,2311.71
SALE0000616,2024-11-21,CUST00120,Manufacturing Components,Manufacturing,Southeast,1953.8,1144.59,809.21
SALE0000617,2026-03-09,CUST00056,Packaging Materials,Manufacturing,Southeast,1930.7,1314.89,615.81
SALE0000618,2025-04-05,CUST00209,Manufacturing Components,Services,Midwest,2794.64,1648.32,1146.32
SALE0000619,2026-02-27,CUST00158,Professional Services,Distribution,Northeast,2412.95,1236.13,1176.82
SALE0000620,2024-04-02,CUST00352,Maintenance Supplies,Services,West,2067.99,1028.38,1039.61
SALE0000621,2024-02-11,CUST00439,Technology Hardware,Manufacturing,Northeast,1125.2,578.92,546.28
SALE0000622,2025-12-29,CUST00183,Office Equipment,Services,Northeast,2399.18,1258.29,1140.89
SALE0000623,2025-11-24,CUST00420,Packaging Materials,Manufacturing,Southwest,5592.68,3018.1,2574.58
SALE0000624,2026-05-25,CUST00384,Safety Equipment,Manufacturing,Southwest,4053.16,2373.78,1679.38
SALE0000625,2024-04-14,CUST00072,Manufacturing Components,Manufacturing,Northeast,4702.79,3250.42,1452.37
SALE0000626,2026-04-30,CUST00114,Packaging Materials,Manufacturing,Southwest,1330.45,910.41,420.04
SALE0000627,2025-01-16,CUST00481,Manufacturing Components,Services,West,998.48,654.89,343.59
SALE0000628,2024-09-22,CUST00039,Industrial Equipment,Manufacturing,Southeast,1676.61,1215.93,460.68
SALE0000629,2026-07-13,CUST00415,Packaging Materials,Manufacturing,Midwest,1869.52,1203.59,665.93
SALE0000630,2024-05-05,CUST00237,Industrial Equipment,Manufacturing,West,3486.02,1613.36,1872.66
SALE0000631,2025-03-19,CUST00203,Professional Services,Manufacturing,Southwest,654.93,456.16,198.77
SALE0000632,2025-11-30,CUST00182,Safety Equipment,Manufacturing,Midwest,4526.62,2616.38,1910.24
SALE0000633,2024-10-13,CUST00077,Industrial Equipment,Services,West,1644.51,960.07,684.44
SALE0000634,2025-09-23,CUST00152,Professional Services,Distribution,West,1399.5,732.97,666.53
SALE0000635,2025-05-05,CUST00144,Office Equipment,Manufacturing,Southwest,985.09,461.31,523.78
SALE0000636,2024-07-23,CUST00409,Safety Equipment,Services,West,669.87,430.59,239.28
SALE0000637,2026-03-24,CUST00196,Technology Hardware,Distribution,West,2962.84,1350.64,1612.2
SALE0000638,2026-03-11,CUST00468,Technology Hardware,Distribution,Midwest,1889.36,1124.93,764.43
SALE0000639,2024-07-03,CUST00306,Safety Equipment,Manufacturing,Midwest,833.82,381.74,452.08
SALE0000640,2024-02-29,CUST00242,Technology Hardware,Services,Southeast,831.27,575.73,255.54
SALE0000641,2024-06-12,CUST00337,Safety Equipment,Distribution,West,1478.12,709.56,768.56
SALE0000642,2026-04-15,CUST00378,Industrial Equipment,Manufacturing,West,4921.72,3383.05,1538.67
SALE0000643,2026-05-16,CUST00199,Technology Hardware,Manufacturing,Southeast,1547.27,1152.41,394.86
SALE0000644,2024-08-30,CUST00413,Technology Hardware,Services,Northeast,733.71,460.59,273.12
SALE0000645,2025-12-21,CUST00486,Packaging Materials,Services,Southeast,1560.18,1029.98,530.2
SALE0000646,2026-05-06,CUST00452,Professional Services,Services,Midwest,1535.12,1145.82,389.3
SALE0000647,2024-06-28,CUST00047,Industrial Equipment,Manufacturing,West,358.48,214.06,144.42
SALE0000648,2024-08-12,CUST00245,Industrial Equipment,Distribution,West,1750.09,798.0,952.09
SALE0000649,2024-07-25,CUST00175,Packaging Materials,Distribution,Northeast,1574.1,1089.17,484.93
SALE0000650,2024-01-23,CUST00361,Packaging Materials,Manufacturing,West,2745.51,1357.14,1388.37
SALE0000651,2026-05-31,CUST00038,Technology Hardware,Services,Southwest,5482.81,3067.45,2415.36
SALE0000652,2025-08-23,CUST00155,Technology Hardware,Manufacturing,Southeast,3554.39,1707.21,1847.18
SALE0000653,2026-01-19,CUST00406,Professional Services,Services,Midwest,1538.66,1130.31,408.35
SALE0000654,2024-06-27,CUST00288,Technology Hardware,Manufacturing,West,930.84,616.36,314.48
SALE0000655,2026-04-14,CUST00158,Maintenance Supplies,Manufacturing,Southeast,8467.71,4255.92,4211.79
SALE0000656,2026-01-16,CUST00360,Office Equipment,Services,Northeast,1873.44,844.06,1029.38
SALE0000657,2024-07-05,CUST00472,Safety Equipment,Services,West,1823.22,1149.94,673.28
SALE0000658,2024-04-16,CUST00073,Technology Hardware,Services,Northeast,1782.06,1302.7,479.36
SALE0000659,2024-08-31,CUST00164,Packaging Materials,Services,Northeast,2036.22,1128.15,908.07
SALE0000660,2026-04-21,CUST00328,Technology Hardware,Distribution,Northeast,1658.03,1098.76,559.27
SALE0000661,2024-09-28,CUST00355,Manufacturing Components,Distribution,Midwest,1281.52,657.3,624.22
SALE0000662,2026-03-16,CUST00001,Industrial Equipment,Distribution,Southwest,1302.3,628.24,674.06
SALE0000663,2026-01-20,CUST00086,Office Equipment,Distribution,Southwest,1772.86,1020.98,751.88
SALE0000664,2024-12-25,CUST00052,Professional Services,Services,Southeast,1304.98,801.01,503.97
SALE0000665,2024-06-15,CUST00410,Industrial Equipment,Distribution,Northeast,1178.85,690.08,488.77
SALE0000666,2024-11-22,CUST00054,Manufacturing Components,Distribution,Southeast,1927.27,1018.25,909.02
SALE0000667,2026-06-28,CUST00375,Manufacturing Components,Services,Northeast,1551.56,872.97,678.59
SALE0000668,2024-12-12,CUST00315,Professional Services,Services,Northeast,4457.73,2800.39,1657.34
SALE0000669,2025-03-17,CUST00085,Office Equipment,Manufacturing,Northeast,368.49,270.0,98.49
SALE0000670,2024-04-13,CUST00499,Safety Equipment,Distribution,West,3480.41,1911.89,1568.52
SALE0000671,2026-01-09,CUST00277,Maintenance Supplies,Services,Midwest,3818.65,2778.72,1039.93
SALE0000672,2024-10-31,CUST00026,Office Equipment,Services,West,521.11,271.64,249.47
SALE0000673,2026-05-10,CUST00028,Technology Hardware,Manufacturing,Southwest,1472.01,879.21,592.8
SALE0000674,2024-03-30,CUST00339,Professional Services,Manufacturing,Northeast,1446.84,778.93,667.91
SALE0000675,2024-01-27,CUST00327,Maintenance Supplies,Manufacturing,Southwest,777.04,397.91,379.13
SALE0000676,2026-05-14,CUST00402,Office Equipment,Distribution,Southwest,1133.78,549.49,584.29
SALE0000677,2026-07-05,CUST00047,Office Equipment,Manufacturing,Midwest,928.58,602.01,326.57
SALE0000678,2026-06-25,CUST00096,Professional Services,Manufacturing,Midwest,5173.8,2920.27,2253.53
SALE0000679,2025-03-26,CUST00116,Maintenance Supplies,Services,Northeast,3169.75,1868.62,1301.13
SALE0000680,2024-06-03,CUST00342,Manufacturing Components,Manufacturing,Midwest,3877.45,2619.88,1257.57
SALE0000681,2026-04-07,CUST00498,Safety Equipment,Services,Northeast,2787.79,1707.34,1080.45
SALE0000682,2026-05-10,CUST00268,Office Equipment,Services,Southwest,918.34,519.9,398.44
SALE0000683,2025-08-09,CUST00244,Maintenance Supplies,Manufacturing,Southwest,1319.87,943.04,376.83
SALE0000684,2026-07-13,CUST00018,Packaging Materials,Manufacturing,Southwest,2425.09,1712.55,712.54
SALE0000685,2024-06-26,CUST00086,Safety Equipment,Manufacturing,Southeast,868.46,638.07,230.39
SALE0000686,2024-02-13,CUST00350,Office Equipment,Manufacturing,Southeast,2773.32,1600.24,1173.08
SALE0000687,2026-05-04,CUST00164,Manufacturing Components,Manufacturing,Southwest,1565.26,983.79,581.47
SALE0000688,2025-07-23,CUST00167,Maintenance Supplies,Services,Southwest,1443.91,821.88,622.03
SALE0000689,2026-07-28,CUST00403,Office Equipment,Manufacturing,Southwest,2769.93,1972.3,797.63
SALE0000690,2024-06-02,CUST00302,Manufacturing Components,Manufacturing,West,2360.33,1167.09,1193.24
SALE0000691,2026-03-09,CUST00147,Technology Hardware,Distribution,Midwest,1455.96,699.29,756.67
SALE0000692,2025-01-27,CUST00293,Professional Services,Manufacturing,Southeast,3624.96,2343.31,1281.65
SALE0000693,2024-10-09,CUST00317,Office Equipment,Manufacturing,Southwest,945.17,539.59,405.58
SALE0000694,2026-06-29,CUST00354,Safety Equipment,Manufacturing,Southwest,2616.42,1867.31,749.11
SALE0000695,2026-07-31,CUST00191,Industrial Equipment,Distribution,Midwest,2580.82,1369.32,1211.5
SALE0000696,2024-11-14,CUST00252,Manufacturing Components,Manufacturing,Southeast,1501.58,802.0,699.58
SALE0000697,2024-11-03,CUST00227,Technology Hardware,Distribution,Southwest,2198.83,1632.12,566.71
SALE0000698,2025-09-11,CUST00097,Professional Services,Manufacturing,Southwest,853.49,549.36,304.13
SALE0000699,2026-01-28,CUST00265,Technology Hardware,Manufacturing,West,3147.67,1873.93,1273.74
SALE0000700,2026-03-21,CUST00160,Office Equipment,Manufacturing,West,1618.18,805.35,812.83
SALE0000701,2026-06-19,CUST00089,Safety Equipment,Manufacturing,Northeast,1321.29,819.99,501.3
SALE0000702,2024-09-12,CUST00026,Technology Hardware,Services,Southeast,3392.78,1560.41,1832.37
SALE0000703,2024-10-07,CUST00238,Office Equipment,Services,Northeast,1184.88,664.13,520.75
SALE0000704,2025-11-28,CUST00191,Professional Services,Services,Southwest,776.6,356.59,420.01
SALE0000705,2024-06-30,CUST00243,Technology Hardware,Distribution,Southeast,710.54,524.49,186.05
SALE0000706,2026-05-07,CUST00384,Manufacturing Components,Distribution,Northeast,2600.88,1868.34,732.54
SALE0000707,2025-01-30,CUST00438,Safety Equipment,Manufacturing,Southeast,838.61,389.87,448.74
SALE0000708,2025-11-24,CUST00334,Office Equipment,Services,Northeast,5181.64,2653.1,2528.54
SALE0000709,2026-06-04,CUST00393,Industrial Equipment,Distribution,Southeast,518.45,354.67,163.78
SALE0000710,2025-10-24,CUST00411,Industrial Equipment,Manufacturing,Midwest,5003.4,2511.51,2491.89
SALE0000711,2025-09-14,CUST00157,Maintenance Supplies,Distribution,Southwest,2052.08,1419.07,633.01
SALE0000712,2026-05-22,CUST00130,Safety Equipment,Distribution,Midwest,1706.11,946.23,759.88
SALE0000713,2025-11-24,CUST00320,Office Equipment,Services,Northeast,1303.81,790.36,513.45
SALE0000714,2024-01-08,CUST00340,Technology Hardware,Services,West,2297.28,1386.3,910.98
SALE0000715,2025-09-15,CUST00351,Manufacturing Components,Distribution,Northeast,1767.67,945.36,822.31
SALE0000716,2024-12-10,CUST00328,Technology Hardware,Distribution,Midwest,3505.12,2616.6,888.52
SALE0000717,2025-11-02,CUST00457,Maintenance Supplies,Manufacturing,Southeast,1936.3,1284.4,651.9
SALE0000718,2025-06-13,CUST00461,Industrial Equipment,Services,Southwest,1978.67,1344.79,633.88
SALE0000719,2025-11-07,CUST00072,Industrial Equipment,Services,Southwest,1453.65,793.51,660.14
SALE0000720,2024-10-29,CUST00215,Office Equipment,Distribution,Northeast,1747.31,922.28,825.03
SALE0000721,2025-08-20,CUST00293,Safety Equipment,Distribution,Southeast,2174.78,1440.62,734.16
SALE0000722,2025-12-03,CUST00402,Professional Services,Services,Midwest,648.01,395.54,252.47
SALE0000723,2025-06-03,CUST00088,Packaging Materials,Distribution,Northeast,805.2,434.86,370.34
SALE0000724,2025-04-27,CUST00133,Packaging Materials,Services,Midwest,2824.14,1379.26,1444.88
SALE0000725,2025-11-01,CUST00182,Safety Equipment,Services,Midwest,2003.24,955.12,1048.12
SALE0000726,2025-03-06,CUST00170,Technology Hardware,Distribution,West,1619.07,1111.37,507.7
SALE0000727,2024-10-28,CUST00061,Professional Services,Manufacturing,West,1828.15,1077.01,751.14
SALE0000728,2025-08-17,CUST00037,Professional Services,Manufacturing,West,2227.31,1633.26,594.05
SALE0000729,2024-05-02,CUST00196,Maintenance Supplies,Distribution,Northeast,1307.86,928.91,378.95
SALE0000730,2026-06-10,CUST00071,Safety Equipment,Distribution,Southwest,1133.45,800.52,332.93
SALE0000731,2025-08-06,CUST00235,Packaging Materials,Distribution,Southeast,2033.49,1459.75,573.74
SALE0000732,2026-03-08,CUST00171,Packaging Materials,Distribution,Northeast,1005.23,476.72,528.51
SALE0000733,2024-01-05,CUST00108,Packaging Materials,Services,Southeast,2309.88,1352.7,957.18
SALE0000734,2025-05-16,CUST00400,Manufacturing Components,Manufacturing,West,650.96,446.27,204.69
SALE0000735,2025-03-20,CUST00207,Office Equipment,Distribution,Southwest,3352.61,2145.83,1206.78
SALE0000736,2024-01-05,CUST00103,Technology Hardware,Manufacturing,Midwest,2400.8,1107.53,1293.27
SALE0000737,2026-02-14,CUST00098,Industrial Equipment,Services,Northeast,2108.26,1475.72,632.54
SALE0000738,2025-10-03,CUST00116,Technology Hardware,Distribution,Southeast,3260.43,2184.75,1075.68
SALE0000739,2024-04-15,CUST00302,Maintenance Supplies,Manufacturing,Northeast,4911.25,2775.18,2136.07
SALE0000740,2026-04-23,CUST00486,Maintenance Supplies,Distribution,West,3323.0,1540.93,1782.07
SALE0000741,2025-09-02,CUST00223,Packaging Materials,Distribution,Southwest,599.13,363.81,235.32
SALE0000742,2025-01-02,CUST00085,Office Equipment,Manufacturing,Southeast,839.04,566.38,272.66
SALE0000743,2024-08-17,CUST00068,Safety Equipment,Services,Northeast,1242.78,830.36,412.42
SALE0000744,2025-08-26,CUST00064,Technology Hardware,Services,Northeast,1836.57,1104.49,732.08
SALE0000745,2025-01-19,CUST00131,Industrial Equipment,Services,Northeast,2466.6,1758.6,708.0
SALE0000746,2025-11-08,CUST00429,Industrial Equipment,Manufacturing,Northeast,1169.76,564.33,605.43
SALE0000747,2025-03-02,CUST00064,Maintenance Supplies,Distribution,Southeast,2022.44,1179.68,842.76
SALE0000748,2024-07-29,CUST00323,Industrial Equipment,Distribution,Southwest,1149.14,756.77,392.37
SALE0000749,2025-11-08,CUST00267,Maintenance Supplies,Services,West,1252.74,601.68,651.06
SALE0000750,2025-12-18,CUST00426,Manufacturing Components,Services,West,777.44,381.84,395.6
SALE0000751,2024-04-30,CUST00402,Manufacturing Components,Distribution,Southeast,1039.05,555.7,483.35
SALE0000752,2025-09-15,CUST00135,Safety Equipment,Distribution,Southwest,803.51,409.73,393.78
SALE0000753,2024-10-29,CUST00281,Professional Services,Manufacturing,Southwest,1006.74,501.47,505.27
SALE0000754,2024-12-04,CUST00007,Manufacturing Components,Manufacturing,West,3402.23,1770.36,1631.87
SALE0000755,2025-11-16,CUST00487,Manufacturing Components,Services,Northeast,1022.86,611.91,410.95
SALE0000756,2026-01-10,CUST00464,Maintenance Supplies,Services,Southeast,8772.96,5852.2,2920.76
SALE0000757,2025-04-12,CUST00152,Maintenance Supplies,Distribution,Northeast,2430.84,1814.86,615.98
SALE0000758,2024-04-12,CUST00448,Industrial Equipment,Distribution,Midwest,2020.1,1401.86,618.24
SALE0000759,2026-03-31,CUST00219,Manufacturing Components,Manufacturing,Northeast,1080.29,705.46,374.83
SALE0000760,2024-01-10,CUST00340,Packaging Materials,Distribution,Midwest,2752.28,1942.01,810.27
SALE0000761,2026-07-04,CUST00319,Maintenance Supplies,Services,Northeast,1280.0,744.08,535.92
SALE0000762,2025-01-16,CUST00094,Manufacturing Components,Distribution,Southwest,1945.37,1351.04,594.33
SALE0000763,2025-04-12,CUST00198,Professional Services,Distribution,Southeast,8400.54,4465.31,3935.23
SALE0000764,2024-04-25,CUST00372,Industrial Equipment,Manufacturing,Northeast,1706.78,835.9,870.88
SALE0000765,2025-03-02,CUST00248,Professional Services,Manufacturing,West,3603.15,2606.4,996.75
SALE0000766,2025-01-23,CUST00314,Industrial Equipment,Services,Southeast,1185.71,810.73,374.98
SALE0000767,2025-05-09,CUST00058,Office Equipment,Distribution,Northeast,1770.48,1285.58,484.9
SALE0000768,2024-03-05,CUST00161,Industrial Equipment,Services,West,5231.64,2764.84,2466.8
SALE0000769,2026-02-24,CUST00371,Safety Equipment,Services,Midwest,1241.18,835.42,405.76
SALE0000770,2025-06-15,CUST00359,Manufacturing Components,Distribution,Southeast,5364.02,3255.59,2108.43
SALE0000771,2025-05-08,CUST00347,Office Equipment,Manufacturing,West,2764.6,1530.83,1233.77
SALE0000772,2026-07-02,CUST00028,Industrial Equipment,Services,Southeast,1290.16,962.89,327.27
SALE0000773,2025-06-01,CUST00437,Professional Services,Manufacturing,Northeast,2642.4,1861.98,780.42
SALE0000774,2026-02-08,CUST00124,Technology Hardware,Distribution,Northeast,3240.66,1936.28,1304.38
SALE0000775,2025-06-03,CUST00330,Office Equipment,Distribution,Southeast,2625.66,1356.97,1268.69
SALE0000776,2024-03-21,CUST00411,Professional Services,Manufacturing,Southwest,704.77,414.21,290.56
SALE0000777,2025-04-02,CUST00255,Industrial Equipment,Manufacturing,Southwest,1168.78,636.77,532.01
SALE0000778,2025-02-26,CUST00282,Industrial Equipment,Manufacturing,West,1558.52,718.09,840.43
SALE0000779,2025-09-25,CUST00456,Safety Equipment,Services,Southwest,1729.07,1108.79,620.28
SALE0000780,2026-08-31,CUST00423,Industrial Equipment,Manufacturing,Southwest,2623.86,1449.04,1174.82
SALE0000781,2024-12-05,CUST00318,Professional Services,Services,Midwest,2011.47,1243.18,768.29
SALE0000782,2026-01-03,CUST00050,Safety Equipment,Manufacturing,Midwest,811.43,475.3,336.13
SALE0000783,2024-12-29,CUST00494,Maintenance Supplies,Services,West,2271.33,1587.58,683.75
SALE0000784,2025-01-17,CUST00024,Packaging Materials,Distribution,Southeast,2608.03,1722.94,885.09
SALE0000785,2026-04-21,CUST00370,Office Equipment,Manufacturing,Midwest,2529.75,1682.43,847.32
SALE0000786,2025-09-17,CUST00062,Office Equipment,Manufacturing,Southwest,3458.08,1759.39,1698.69
SALE0000787,2026-04-24,CUST00367,Technology Hardware,Manufacturing,Southwest,2982.01,2040.97,941.04
SALE0000788,2024-02-17,CUST00429,Manufacturing Components,Distribution,Southwest,2381.55,1733.74,647.81
SALE0000789,2025-11-05,CUST00259,Packaging Materials,Distribution,Northeast,1733.5,1086.55,646.95
SALE0000790,2025-06-27,CUST00284,Office Equipment,Services,Southwest,667.42,447.75,219.67
SALE0000791,2026-08-04,CUST00472,Packaging Materials,Services,West,2339.68,1409.66,930.02
SALE0000792,2024-06-26,CUST00066,Manufacturing Components,Distribution,West,2047.99,1370.41,677.58
SALE0000793,2025-09-12,CUST00259,Office Equipment,Distribution,West,2128.02,1521.13,606.89
SALE0000794,2026-07-26,CUST00128,Maintenance Supplies,Distribution,Midwest,840.46,552.82,287.64
SALE0000795,2024-10-28,CUST00069,Packaging Materials,Distribution,West,945.17,553.73,391.44
SALE0000796,2025-12-17,CUST00263,Maintenance Supplies,Services,West,3401.23,2435.05,966.18
SALE0000797,2026-05-31,CUST00378,Safety Equipment,Manufacturing,Southeast,1765.64,960.81,804.83
SALE0000798,2025-10-01,CUST00352,Technology Hardware,Services,Southeast,2721.4,1807.87,913.53
SALE0000799,2025-12-28,CUST00491,Packaging Materials,Services,West,1839.03,1186.22,652.81
SALE0000800,2025-12-11,CUST00364,Manufacturing Components,Distribution,West,1840.61,1179.95,660.66
SALE0000801,2025-05-06,CUST00483,Office Equipment,Services,West,3174.71,1983.69,1191.02
SALE0000802,2024-10-19,CUST00217,Industrial Equipment,Services,Northeast,1326.6,946.19,380.41
SALE0000803,2024-01-26,CUST00028,Industrial Equipment,Manufacturing,Midwest,1915.38,1080.77,834.61
SALE0000804,2026-02-07,CUST00147,Maintenance Supplies,Manufacturing,Northeast,1370.09,939.42,430.67
SALE0000805,2025-12-08,CUST00105,Industrial Equipment,Distribution,Southwest,1393.12,954.72,438.4
SALE0000806,2024-04-14,CUST00346,Safety Equipment,Services,West,1501.92,953.47,548.45
SALE0000807,2025-02-02,CUST00402,Maintenance Supplies,Services,Northeast,2065.82,1076.87,988.95
SALE0000808,2026-08-06,CUST00214,Technology Hardware,Services,Northeast,1356.62,765.78,590.84
SALE0000809,2024-01-14,CUST00104,Professional Services,Manufacturing,Midwest,3840.87,2585.29,1255.58
SALE0000810,2026-02-12,CUST00379,Safety Equipment,Services,Southeast,1057.05,662.26,394.79
SALE0000811,2024-10-28,CUST00350,Manufacturing Components,Manufacturing,Southeast,1616.27,944.94,671.33
SALE0000812,2026-01-22,CUST00194,Industrial Equipment,Distribution,Midwest,1388.75,839.02,549.73
SALE0000813,2025-07-23,CUST00083,Maintenance Supplies,Manufacturing,Midwest,4307.82,2280.01,2027.81
SALE0000814,2025-04-22,CUST00080,Industrial Equipment,Manufacturing,Midwest,2034.35,1348.58,685.77
SALE0000815,2025-09-03,CUST00478,Maintenance Supplies,Distribution,West,3358.02,1562.34,1795.68
SALE0000816,2025-07-17,CUST00402,Technology Hardware,Services,Southeast,741.49,413.33,328.16
SALE0000817,2024-07-07,CUST00403,Packaging Materials,Distribution,West,2122.25,1286.47,835.78
SALE0000818,2025-07-03,CUST00179,Safety Equipment,Manufacturing,Midwest,3083.37,1760.68,1322.69
SALE0000819,2024-12-05,CUST00112,Professional Services,Services,Northeast,1899.55,1060.4,839.15
SALE0000820,2024-04-27,CUST00229,Safety Equipment,Services,West,3426.48,2229.55,1196.93
SALE0000821,2026-07-29,CUST00491,Industrial Equipment,Services,Midwest,1325.61,843.54,482.07
SALE0000822,2025-01-25,CUST00484,Manufacturing Components,Distribution,Midwest,4211.64,3052.51,1159.13
SALE0000823,2025-07-07,CUST00013,Technology Hardware,Services,West,7182.04,4791.8,2390.24
SALE0000824,2025-04-01,CUST00152,Safety Equipment,Distribution,West,1454.32,866.83,587.49
SALE0000825,2024-03-25,CUST00086,Industrial Equipment,Services,Northeast,1383.95,1016.46,367.49
SALE0000826,2024-08-03,CUST00397,Safety Equipment,Services,Southwest,4324.41,2815.63,1508.78
SALE0000827,2026-05-05,CUST00276,Office Equipment,Services,Northeast,4664.53,2244.47,2420.06
SALE0000828,2026-02-03,CUST00013,Professional Services,Services,Midwest,1321.18,866.45,454.73
SALE0000829,2024-02-08,CUST00028,Packaging Materials,Distribution,West,1405.13,669.2,735.93
SALE0000830,2024-03-13,CUST00117,Maintenance Supplies,Distribution,Southwest,1526.8,950.42,576.38
SALE0000831,2025-04-06,CUST00222,Technology Hardware,Manufacturing,Southwest,807.0,515.73,291.27
SALE0000832,2025-11-20,CUST00004,Manufacturing Components,Services,West,1041.91,505.84,536.07
SALE0000833,2024-02-16,CUST00038,Technology Hardware,Services,Northeast,989.81,653.54,336.27
SALE0000834,2024-10-23,CUST00155,Manufacturing Components,Distribution,Southwest,1140.61,782.54,358.07
SALE0000835,2025-01-25,CUST00339,Industrial Equipment,Distribution,Southeast,1770.8,1006.76,764.04
SALE0000836,2025-06-30,CUST00383,Office Equipment,Services,Midwest,2080.84,1073.63,1007.21
SALE0000837,2025-10-11,CUST00347,Technology Hardware,Manufacturing,West,4583.88,2260.87,2323.01
SALE0000838,2026-06-14,CUST00064,Industrial Equipment,Manufacturing,West,993.26,612.37,380.89
SALE0000839,2025-09-02,CUST00281,Manufacturing Components,Distribution,Southeast,3263.62,1854.47,1409.15
SALE0000840,2026-02-05,CUST00372,Technology Hardware,Manufacturing,Southwest,1590.19,1069.29,520.9
SALE0000841,2026-07-16,CUST00263,Packaging Materials,Manufacturing,Southeast,1755.17,1129.94,625.23
SALE0000842,2024-08-14,CUST00130,Safety Equipment,Manufacturing,Southeast,2710.51,1721.35,989.16
SALE0000843,2025-11-18,CUST00437,Industrial Equipment,Services,Southwest,921.84,635.98,285.86
SALE0000844,2025-10-22,CUST00149,Manufacturing Components,Distribution,Northeast,2274.34,1398.49,875.85
SALE0000845,2024-07-21,CUST00250,Technology Hardware,Distribution,Southeast,1997.94,1333.98,663.96
SALE0000846,2025-11-18,CUST00052,Maintenance Supplies,Services,Northeast,2429.57,1571.06,858.51
SALE0000847,2026-07-10,CUST00249,Professional Services,Distribution,West,2150.6,1092.61,1057.99
SALE0000848,2025-11-06,CUST00300,Packaging Materials,Services,West,7888.65,4273.3,3615.35
SALE0000849,2025-01-08,CUST00491,Office Equipment,Manufacturing,Northeast,1233.19,853.75,379.44
SALE0000850,2024-11-16,CUST00114,Office Equipment,Distribution,Midwest,1314.75,688.74,626.01
SALE0000851,2024-05-17,CUST00170,Professional Services,Distribution,Southwest,1244.04,813.45,430.59
SALE0000852,2025-01-02,CUST00250,Manufacturing Components,Manufacturing,West,1295.58,884.14,411.44
SALE0000853,2024-03-24,CUST00440,Packaging Materials,Services,Southeast,1233.45,866.55,366.9
SALE0000854,2024-09-26,CUST00321,Manufacturing Components,Services,Northeast,3690.1,2472.6,1217.5
SALE0000855,2026-07-02,CUST00260,Industrial Equipment,Services,West,4239.93,1931.67,2308.26
SALE0000856,2025-02-18,CUST00109,Industrial Equipment,Services,Midwest,1283.76,873.93,409.83
SALE0000857,2025-07-10,CUST00277,Professional Services,Services,Southeast,1097.28,788.06,309.22
SALE0000858,2025-01-09,CUST00457,Maintenance Supplies,Manufacturing,Southwest,2399.1,1362.09,1037.01
SALE0000859,2025-05-28,CUST00204,Technology Hardware,Services,Northeast,1298.11,782.92,515.19
SALE0000860,2025-11-09,CUST00494,Packaging Materials,Services,Southeast,2643.24,1378.88,1264.36
SALE0000861,2025-04-01,CUST00290,Packaging Materials,Services,Southwest,2042.14,1016.51,1025.63
SALE0000862,2026-08-19,CUST00113,Professional Services,Manufacturing,Northeast,728.18,406.06,322.12
SALE0000863,2024-09-27,CUST00022,Safety Equipment,Services,Midwest,4575.65,2566.16,2009.49
SALE0000864,2025-02-01,CUST00233,Industrial Equipment,Manufacturing,Midwest,5310.95,3138.25,2172.7
SALE0000865,2024-04-15,CUST00267,Maintenance Supplies,Services,Midwest,1251.79,827.58,424.21
SALE0000866,2025-08-15,CUST00090,Office Equipment,Services,Southwest,1432.79,878.74,554.05
SALE0000867,2025-01-09,CUST00460,Manufacturing Components,Services,Midwest,2146.34,1344.26,802.08
SALE0000868,2025-01-20,CUST00115,Office Equipment,Distribution,Midwest,2209.84,1639.26,570.58
SALE0000869,2025-05-13,CUST00455,Industrial Equipment,Services,Southeast,2684.17,1846.16,838.01
SALE0000870,2025-03-26,CUST00040,Maintenance Supplies,Manufacturing,Southeast,6039.78,3017.97,3021.81
SALE0000871,2024-07-10,CUST00309,Manufacturing Components,Services,Southeast,1625.92,808.42,817.5
SALE0000872,2025-02-28,CUST00369,Manufacturing Components,Distribution,Southwest,1119.93,776.51,343.42
SALE0000873,2025-05-05,CUST00083,Office Equipment,Manufacturing,Southeast,790.3,405.59,384.71
SALE0000874,2024-02-14,CUST00304,Packaging Materials,Manufacturing,West,1166.13,569.5,596.63
SALE0000875,2024-02-10,CUST00076,Industrial Equipment,Manufacturing,Midwest,1772.46,1271.28,501.18
SALE0000876,2026-08-02,CUST00491,Office Equipment,Services,West,5306.75,2674.66,2632.09
SALE0000877,2025-10-14,CUST00369,Maintenance Supplies,Manufacturing,Southeast,1325.35,603.81,721.54
SALE0000878,2025-04-04,CUST00242,Professional Services,Manufacturing,Southeast,2067.87,1306.81,761.06
SALE0000879,2026-04-30,CUST00074,Packaging Materials,Services,West,1790.31,1026.26,764.05
SALE0000880,2024-09-27,CUST00352,Technology Hardware,Distribution,West,3688.72,1845.53,1843.19
SALE0000881,2025-08-27,CUST00194,Office Equipment,Manufacturing,Northeast,8235.09,3875.87,4359.22
SALE0000882,2024-01-17,CUST00441,Office Equipment,Manufacturing,West,1314.85,671.5,643.35
SALE0000883,2024-04-08,CUST00462,Industrial Equipment,Services,West,1347.94,678.32,669.62
SALE0000884,2026-02-09,CUST00247,Packaging Materials,Services,West,3382.93,1641.58,1741.35
SALE0000885,2026-04-27,CUST00481,Office Equipment,Services,Southwest,2722.03,1225.89,1496.14
SALE0000886,2025-01-14,CUST00358,Office Equipment,Manufacturing,Southwest,5475.42,3900.95,1574.47
SALE0000887,2026-03-19,CUST00180,Manufacturing Components,Distribution,Southeast,2566.65,1746.87,819.78
SALE0000888,2024-09-17,CUST00120,Manufacturing Components,Distribution,West,1457.42,864.46,592.96
SALE0000889,2026-06-16,CUST00132,Safety Equipment,Manufacturing,Northeast,2577.03,1580.03,997.0
SALE0000890,2025-08-14,CUST00267,Industrial Equipment,Distribution,Southeast,3516.5,2133.68,1382.82
SALE0000891,2025-12-05,CUST00210,Technology Hardware,Manufacturing,Southeast,2958.06,2044.87,913.19
SALE0000892,2025-03-12,CUST00130,Maintenance Supplies,Services,Southwest,2451.28,1582.23,869.05
SALE0000893,2025-08-01,CUST00142,Office Equipment,Manufacturing,Southwest,3428.93,1919.15,1509.78
SALE0000894,2025-07-19,CUST00248,Packaging Materials,Distribution,West,3646.7,2498.49,1148.21
SALE0000895,2025-07-22,CUST00158,Technology Hardware,Services,Southwest,4143.5,2465.91,1677.59
SALE0000896,2026-01-23,CUST00443,Manufacturing Components,Services,Southeast,2668.38,1311.3,1357.08
SALE0000897,2025-04-02,CUST00487,Packaging Materials,Manufacturing,Southeast,1635.54,1120.23,515.31
SALE0000898,2025-06-04,CUST00174,Industrial Equipment,Manufacturing,Southwest,1974.42,1125.75,848.67
SALE0000899,2025-10-13,CUST00047,Packaging Materials,Distribution,West,3729.04,1683.99,2045.05
SALE0000900,2025-03-21,CUST00135,Safety Equipment,Distribution,Northeast,1107.48,527.65,579.83
SALE0000901,2025-09-15,CUST00197,Office Equipment,Services,West,2255.67,1040.6,1215.07
SALE0000902,2024-10-20,CUST00306,Industrial Equipment,Manufacturing,Southwest,1427.95,947.42,480.53
SALE0000903,2025-03-25,CUST00436,Maintenance Supplies,Manufacturing,Northeast,1839.5,833.69,1005.81
SALE0000904,2026-03-13,CUST00265,Safety Equipment,Services,Southeast,3893.53,2452.36,1441.17
SALE0000905,2025-11-21,CUST00123,Industrial Equipment,Manufacturing,Northeast,2027.7,934.4,1093.3
SALE0000906,2024-10-09,CUST00181,Office Equipment,Distribution,West,1859.13,1271.46,587.67
SALE0000907,2024-07-24,CUST00378,Manufacturing Components,Manufacturing,West,799.58,484.0,315.58
SALE0000908,2024-10-18,CUST00287,Technology Hardware,Distribution,Midwest,2829.21,1889.46,939.75
SALE0000909,2024-08-19,CUST00100,Professional Services,Distribution,West,2663.22,1682.91,980.31
SALE0000910,2024-01-05,CUST00209,Manufacturing Components,Services,Northeast,6620.68,3497.92,3122.76
SALE0000911,2025-05-30,CUST00485,Manufacturing Components,Services,Midwest,1503.17,809.12,694.05
SALE0000912,2026-06-16,CUST00407,Maintenance Supplies,Services,Southwest,2062.12,1260.72,801.4
SALE0000913,2025-01-21,CUST00395,Safety Equipment,Distribution,Southwest,2099.87,1299.72,800.15
SALE0000914,2025-11-28,CUST00301,Industrial Equipment,Distribution,Northeast,4658.61,2740.27,1918.34
SALE0000915,2024-09-21,CUST00325,Safety Equipment,Services,Southeast,1707.56,803.01,904.55
SALE0000916,2026-03-30,CUST00490,Technology Hardware,Services,West,2137.54,1164.36,973.18
SALE0000917,2024-01-10,CUST00135,Safety Equipment,Distribution,Northeast,2603.83,1719.17,884.66
SALE0000918,2025-02-12,CUST00421,Technology Hardware,Manufacturing,West,2022.25,1318.73,703.52
SALE0000919,2026-08-11,CUST00161,Technology Hardware,Manufacturing,West,1383.18,696.49,686.69
SALE0000920,2024-10-02,CUST00383,Safety Equipment,Distribution,Southeast,2031.35,1025.5,1005.85
SALE0000921,2024-08-28,CUST00447,Maintenance Supplies,Manufacturing,Southeast,3443.28,2309.16,1134.12
SALE0000922,2024-07-26,CUST00429,Technology Hardware,Manufacturing,Northeast,976.61,684.1,292.51
SALE0000923,2024-05-02,CUST00347,Professional Services,Services,Northeast,1958.2,1421.76,536.44
SALE0000924,2026-02-21,CUST00491,Industrial Equipment,Distribution,Midwest,1187.88,839.98,347.9
SALE0000925,2025-09-27,CUST00460,Maintenance Supplies,Distribution,Southeast,3703.48,2017.01,1686.47
SALE0000926,2026-02-21,CUST00144,Office Equipment,Manufacturing,West,724.94,525.44,199.5
SALE0000927,2024-05-11,CUST00410,Office Equipment,Distribution,West,1292.9,602.81,690.09
SALE0000928,2024-02-03,CUST00202,Packaging Materials,Distribution,Northeast,2267.26,1362.04,905.22
SALE0000929,2025-12-16,CUST00162,Industrial Equipment,Manufacturing,Southeast,4625.38,2800.49,1824.89
SALE0000930,2025-01-23,CUST00167,Technology Hardware,Services,Midwest,1738.1,1085.1,653.0
SALE0000931,2024-07-10,CUST00122,Maintenance Supplies,Distribution,West,1295.8,796.36,499.44
SALE0000932,2024-12-17,CUST00256,Office Equipment,Manufacturing,Southwest,5589.77,3129.03,2460.74
SALE0000933,2025-12-18,CUST00187,Office Equipment,Distribution,Southwest,758.39,512.41,245.98
SALE0000934,2024-07-03,CUST00295,Safety Equipment,Manufacturing,Midwest,483.34,300.36,182.98
SALE0000935,2026-04-03,CUST00222,Office Equipment,Manufacturing,Southeast,2354.32,1225.99,1128.33
SALE0000936,2026-03-30,CUST00077,Professional Services,Manufacturing,Southeast,1337.78,986.94,350.84
SALE0000937,2025-03-07,CUST00458,Technology Hardware,Distribution,Midwest,979.71,587.71,392.0
SALE0000938,2024-09-13,CUST00291,Industrial Equipment,Distribution,Northeast,2765.6,1710.92,1054.68
SALE0000939,2025-12-08,CUST00111,Maintenance Supplies,Distribution,Northeast,2092.85,1044.34,1048.51
SALE0000940,2025-04-05,CUST00134,Technology Hardware,Distribution,West,1288.91,867.92,420.99
SALE0000941,2025-07-24,CUST00132,Technology Hardware,Manufacturing,Southwest,838.67,611.85,226.82
SALE0000942,2024-05-04,CUST00348,Safety Equipment,Services,West,3051.76,1694.73,1357.03
SALE0000943,2025-10-27,CUST00090,Maintenance Supplies,Distribution,Midwest,2670.77,1721.95,948.82
SALE0000944,2025-11-20,CUST00397,Professional Services,Manufacturing,Southwest,1703.59,1027.49,676.1
SALE0000945,2025-09-20,CUST00324,Packaging Materials,Manufacturing,Midwest,5475.19,2934.47,2540.72
SALE0000946,2025-03-07,CUST00293,Office Equipment,Manufacturing,Northeast,951.41,608.31,343.1
SALE0000947,2024-06-14,CUST00161,Technology Hardware,Services,Midwest,723.92,400.39,323.53
SALE0000948,2025-12-28,CUST00331,Office Equipment,Distribution,Southwest,1193.75,632.98,560.77
SALE0000949,2026-03-10,CUST00186,Professional Services,Distribution,Southeast,1759.26,1247.04,512.22
SALE0000950,2024-07-07,CUST00065,Safety Equipment,Services,Midwest,2092.27,1477.69,614.58
SALE0000951,2026-08-21,CUST00384,Manufacturing Components,Manufacturing,Southeast,1564.4,1053.1,511.3
SALE0000952,2025-02-10,CUST00033,Professional Services,Services,Northeast,2233.29,1074.0,1159.29
SALE0000953,2024-01-27,CUST00269,Manufacturing Components,Manufacturing,Midwest,853.27,581.32,271.95
SALE0000954,2025-09-24,CUST00336,Office Equipment,Distribution,Southeast,4299.52,2135.07,2164.45
SALE0000955,2024-09-10,CUST00227,Packaging Materials,Manufacturing,West,1721.08,1155.32,565.76
SALE0000956,2026-05-08,CUST00018,Technology Hardware,Distribution,Southwest,3534.68,1771.52,1763.16
SALE0000957,2025-04-23,CUST00277,Maintenance Supplies,Services,Southwest,2220.83,1648.95,571.88
SALE0000958,2024-05-18,CUST00358,Packaging Materials,Services,West,2378.09,1761.84,616.25
SALE0000959,2025-04-12,CUST00326,Office Equipment,Services,West,2544.93,1627.01,917.92
SALE0000960,2024-11-13,CUST00247,Safety Equipment,Manufacturing,Southwest,2365.22,1709.29,655.93
SALE0000961,2024-11-11,CUST00134,Packaging Materials,Distribution,Northeast,2658.81,1488.23,1170.58
SALE0000962,2024-01-01,CUST00389,Packaging Materials,Distribution,Midwest,4013.79,2436.35,1577.44
SALE0000963,2025-04-25,CUST00353,Professional Services,Distribution,Midwest,2034.31,1242.01,792.3
SALE0000964,2024-01-10,CUST00409,Maintenance Supplies,Services,Southeast,2766.68,1880.68,886.0
SALE0000965,2026-03-26,CUST00192,Safety Equipment,Distribution,West,1713.27,774.68,938.59
SALE0000966,2025-03-23,CUST00084,Office Equipment,Distribution,Southeast,4290.12,2438.61,1851.51
SALE0000967,2024-09-26,CUST00321,Safety Equipment,Services,West,1204.92,570.85,634.07
SALE0000968,2026-04-06,CUST00140,Maintenance Supplies,Services,West,5327.11,3506.18,1820.93
SALE0000969,2026-04-08,CUST00097,Manufacturing Components,Manufacturing,Southeast,1765.0,936.59,828.41
SALE0000970,2024-10-23,CUST00234,Professional Services,Distribution,West,766.27,370.19,396.08
SALE0000971,2025-05-18,CUST00010,Packaging Materials,Manufacturing,West,1952.49,988.62,963.87
SALE0000972,2024-01-23,CUST00053,Maintenance Supplies,Distribution,Southeast,1201.55,607.72,593.83
SALE0000973,2026-01-02,CUST00005,Safety Equipment,Manufacturing,Southeast,2994.06,1741.12,1252.94
SALE0000974,2024-01-16,CUST00176,Office Equipment,Distribution,Southwest,1222.22,730.98,491.24
SALE0000975,2025-01-15,CUST00406,Industrial Equipment,Distribution,Northeast,1383.39,814.96,568.43
SALE0000976,2026-05-13,CUST00075,Industrial Equipment,Distribution,Southwest,581.89,392.88,189.01
SALE0000977,2024-03-14,CUST00093,Safety Equipment,Distribution,Southwest,1378.31,844.85,533.46
SALE0000978,2026-04-28,CUST00499,Safety Equipment,Distribution,Southwest,422.28,191.62,230.66
SALE0000979,2024-09-10,CUST00018,Safety Equipment,Distribution,Northeast,699.01,469.24,229.77
SALE0000980,2025-06-17,CUST00107,Professional Services,Distribution,Midwest,2853.35,1854.11,999.24
SALE0000981,2026-08-16,CUST00323,Industrial Equipment,Services,West,2897.14,1584.5,1312.64
SALE0000982,2025-06-17,CUST00247,Maintenance Supplies,Manufacturing,Midwest,2333.85,1135.75,1198.1
SALE0000983,2026-06-27,CUST00342,Safety Equipment,Manufacturing,Southeast,1012.13,471.27,540.86
SALE0000984,2025-10-10,CUST00008,Packaging Materials,Distribution,West,1757.02,1019.51,737.51
SALE0000985,2024-05-02,CUST00125,Industrial Equipment,Manufacturing,West,1804.14,1026.09,778.05
SALE0000986,2026-03-13,CUST00353,Packaging Materials,Distribution,Northeast,902.33,593.03,309.3
SALE0000987,2024-09-11,CUST00047,Technology Hardware,Services,Northeast,4456.14,2216.08,2240.06
SALE0000988,2024-03-02,CUST00079,Manufacturing Components,Manufacturing,Southwest,3060.76,1703.79,1356.97
SALE0000989,2024-08-26,CUST00286,Technology Hardware,Distribution,Southeast,1583.55,863.07,720.48
SALE0000990,2024-01-22,CUST00184,Packaging Materials,Distribution,Northeast,1837.45,1206.79,630.66
SALE0000991,2025-05-11,CUST00287,Maintenance Supplies,Services,Southwest,2048.84,1356.31,692.53
SALE0000992,2024-07-13,CUST00279,Technology Hardware,Distribution,Southwest,531.1,329.29,201.81
SALE0000993,2024-10-08,CUST00307,Packaging Materials,Manufacturing,West,1558.83,1107.23,451.6
SALE0000994,2024-06-07,CUST00420,Maintenance Supplies,Services,Midwest,1200.88,702.29,498.59
SALE0000995,2025-04-09,CUST00327,Office Equipment,Services,Southeast,991.31,446.3,545.01
SALE0000996,2026-06-23,CUST00439,Technology Hardware,Services,Southeast,1527.43,695.92,831.51
SALE0000997,2024-11-24,CUST00338,Office Equipment,Manufacturing,West,5316.72,3542.54,1774.18
SALE0000998,2025-11-30,CUST00283,Packaging Materials,Services,Midwest,2655.81,1591.53,1064.28
SALE0000999,2024-11-26,CUST00165,Manufacturing Components,Manufacturing,West,1283.43,735.33,548.1
SALE0001000,2025-11-05,CUST00428,Packaging Materials,Manufacturing,Northeast,2549.24,1198.15,1351.09
SALE0001001,2024-07-25,CUST00099,Manufacturing Components,Manufacturing,West,4186.47,2018.37,2168.1
SALE0001002,2025-10-19,CUST00337,Professional Services,Services,West,3148.81,2206.97,941.84
SALE0001003,2025-12-19,CUST00026,Technology Hardware,Manufacturing,West,1873.9,1175.1,698.8
SALE0001004,2026-01-05,CUST00477,Safety Equipment,Services,Southwest,1226.4,577.96,648.44
SALE0001005,2026-08-08,CUST00041,Professional Services,Services,Northeast,2748.84,1970.73,778.11
SALE0001006,2025-01-04,CUST00481,Office Equipment,Distribution,Northeast,2289.51,1413.56,875.95
SALE0001007,2026-04-23,CUST00271,Industrial Equipment,Services,Northeast,3093.68,1964.73,1128.95
SALE0001008,2026-05-04,CUST00484,Safety Equipment,Services,Northeast,2646.79,1432.37,1214.42
SALE0001009,2024-04-13,CUST00273,Office Equipment,Manufacturing,Southeast,3393.89,2265.6,1128.29
SALE0001010,2025-06-22,CUST00292,Packaging Materials,Services,West,1311.41,848.56,462.85
SALE0001011,2025-03-01,CUST00393,Technology Hardware,Services,Southwest,3985.57,2685.61,1299.96
SALE0001012,2025-12-20,CUST00453,Manufacturing Components,Manufacturing,Southeast,2035.63,1322.29,713.34
SALE0001013,2025-07-17,CUST00173,Packaging Materials,Services,West,6280.2,3582.65,2697.55
SALE0001014,2025-03-29,CUST00463,Technology Hardware,Services,Midwest,1195.7,872.93,322.77
SALE0001015,2026-05-15,CUST00392,Office Equipment,Services,Midwest,5123.42,2876.88,2246.54
SALE0001016,2025-09-15,CUST00280,Safety Equipment,Distribution,West,2036.01,1063.24,972.77
SALE0001017,2026-08-06,CUST00185,Professional Services,Distribution,Southwest,1223.11,823.61,399.5
SALE0001018,2024-01-01,CUST00146,Industrial Equipment,Services,Southeast,1352.44,903.29,449.15
SALE0001019,2026-06-30,CUST00154,Safety Equipment,Manufacturing,Midwest,1491.88,806.44,685.44
SALE0001020,2024-01-23,CUST00483,Maintenance Supplies,Services,West,2332.04,1589.18,742.86
SALE0001021,2025-07-23,CUST00293,Packaging Materials,Manufacturing,Northeast,2474.27,1537.02,937.25
SALE0001022,2025-04-16,CUST00071,Maintenance Supplies,Distribution,West,1281.49,713.4,568.09
SALE0001023,2024-09-12,CUST00416,Maintenance Supplies,Manufacturing,West,1781.81,926.36,855.45
SALE0001024,2025-02-13,CUST00112,Manufacturing Components,Services,Midwest,6537.84,4058.16,2479.68
SALE0001025,2026-03-22,CUST00250,Manufacturing Components,Services,Midwest,5097.6,3031.85,2065.75
SALE0001026,2024-02-08,CUST00296,Office Equipment,Manufacturing,Northeast,2349.12,1572.12,777.0
SALE0001027,2026-08-01,CUST00179,Office Equipment,Distribution,Northeast,1849.74,1260.17,589.57
SALE0001028,2026-06-09,CUST00383,Industrial Equipment,Services,Southwest,1943.06,1323.45,619.61
SALE0001029,2024-02-25,CUST00022,Technology Hardware,Services,West,2612.63,1414.57,1198.06
SALE0001030,2024-06-02,CUST00358,Safety Equipment,Manufacturing,Northeast,978.8,536.43,442.37
SALE0001031,2025-11-20,CUST00202,Professional Services,Services,West,1549.32,1037.23,512.09
SALE0001032,2025-05-31,CUST00222,Maintenance Supplies,Distribution,Southeast,664.38,316.93,347.45
SALE0001033,2024-05-15,CUST00244,Industrial Equipment,Services,Southwest,2297.4,1265.52,1031.88
SALE0001034,2024-09-25,CUST00257,Office Equipment,Services,Southeast,2665.95,1267.72,1398.23
SALE0001035,2026-02-19,CUST00287,Safety Equipment,Distribution,Southwest,1353.01,663.6,689.41
SALE0001036,2025-10-29,CUST00288,Safety Equipment,Manufacturing,Northeast,4648.93,2888.84,1760.09
SALE0001037,2024-09-29,CUST00166,Manufacturing Components,Manufacturing,Southwest,866.57,591.89,274.68
SALE0001038,2025-03-09,CUST00098,Technology Hardware,Distribution,West,750.98,420.23,330.75
SALE0001039,2025-11-02,CUST00157,Packaging Materials,Distribution,West,2068.69,945.93,1122.76
SALE0001040,2026-04-21,CUST00227,Packaging Materials,Distribution,Northeast,3388.89,2531.66,857.23
SALE0001041,2026-08-04,CUST00103,Technology Hardware,Manufacturing,Northeast,4965.93,3453.56,1512.37
SALE0001042,2024-04-25,CUST00125,Packaging Materials,Distribution,Northeast,1372.88,922.4,450.48
SALE0001043,2024-12-17,CUST00057,Maintenance Supplies,Distribution,Southwest,3453.72,2273.03,1180.69
SALE0001044,2024-01-24,CUST00379,Safety Equipment,Manufacturing,West,1766.75,970.94,795.81
SALE0001045,2025-06-19,CUST00281,Professional Services,Services,Southeast,1630.14,1100.52,529.62
SALE0001046,2025-12-12,CUST00010,Office Equipment,Services,West,3072.34,2026.6,1045.74
SALE0001047,2024-02-14,CUST00031,Maintenance Supplies,Manufacturing,West,2674.17,1408.32,1265.85
SALE0001048,2024-10-04,CUST00336,Industrial Equipment,Manufacturing,Southwest,702.16,327.15,375.01
SALE0001049,2025-11-07,CUST00437,Technology Hardware,Manufacturing,Northeast,4384.91,2330.11,2054.8
SALE0001050,2024-10-26,CUST00333,Office Equipment,Manufacturing,Southwest,4138.36,2939.16,1199.2
SALE0001051,2025-06-04,CUST00051,Technology Hardware,Distribution,West,1242.23,922.96,319.27
SALE0001052,2025-06-28,CUST00102,Professional Services,Services,Northeast,2292.69,1092.25,1200.44
SALE0001053,2024-02-10,CUST00272,Maintenance Supplies,Distribution,Southwest,2431.88,1274.83,1157.05
SALE0001054,2025-02-06,CUST00010,Technology Hardware,Services,Midwest,2114.14,1423.49,690.65
SALE0001055,2024-12-29,CUST00121,Maintenance Supplies,Manufacturing,Midwest,1299.61,828.59,471.02
SALE0001056,2026-06-18,CUST00418,Industrial Equipment,Services,Midwest,1208.37,684.12,524.25
SALE0001057,2024-08-18,CUST00460,Office Equipment,Services,Southeast,1780.53,882.27,898.26
SALE0001058,2024-03-30,CUST00267,Safety Equipment,Distribution,Southeast,3654.22,2444.55,1209.67
SALE0001059,2025-08-09,CUST00497,Maintenance Supplies,Services,Midwest,2505.29,1242.18,1263.11
SALE0001060,2025-04-04,CUST00106,Packaging Materials,Services,West,1447.56,886.88,560.68
SALE0001061,2025-12-01,CUST00442,Packaging Materials,Distribution,West,2872.73,1982.27,890.46
SALE0001062,2026-07-20,CUST00466,Packaging Materials,Services,West,327.3,160.57,166.73
SALE0001063,2026-07-28,CUST00035,Manufacturing Components,Manufacturing,Midwest,3602.05,1791.71,1810.34
SALE0001064,2026-05-09,CUST00373,Industrial Equipment,Distribution,Southwest,636.62,454.48,182.14
SALE0001065,2025-02-25,CUST00382,Maintenance Supplies,Manufacturing,Southeast,1454.67,786.98,667.69
SALE0001066,2024-04-19,CUST00014,Maintenance Supplies,Services,West,923.53,452.03,471.5
SALE0001067,2025-09-19,CUST00119,Safety Equipment,Services,Northeast,831.47,431.76,399.71
SALE0001068,2025-01-02,CUST00400,Professional Services,Manufacturing,West,3628.22,1719.21,1909.01
SALE0001069,2026-05-16,CUST00365,Technology Hardware,Manufacturing,Southwest,1365.64,862.28,503.36
SALE0001070,2025-05-18,CUST00084,Safety Equipment,Manufacturing,Northeast,2225.87,1318.06,907.81
SALE0001071,2025-02-22,CUST00008,Maintenance Supplies,Distribution,Southeast,1757.85,1194.22,563.63
SALE0001072,2026-01-30,CUST00104,Safety Equipment,Manufacturing,Southeast,2407.21,1568.06,839.15
SALE0001073,2026-08-07,CUST00225,Professional Services,Services,Midwest,1893.33,1394.27,499.06
SALE0001074,2026-06-06,CUST00127,Office Equipment,Distribution,Northeast,837.32,491.73,345.59
SALE0001075,2025-09-14,CUST00195,Technology Hardware,Distribution,West,3287.1,2204.33,1082.77
SALE0001076,2026-08-19,CUST00305,Industrial Equipment,Services,Northeast,1344.46,904.47,439.99
SALE0001077,2025-04-07,CUST00450,Industrial Equipment,Manufacturing,West,710.56,417.15,293.41
SALE0001078,2025-07-04,CUST00377,Industrial Equipment,Services,Southwest,1398.47,795.29,603.18
SALE0001079,2025-06-12,CUST00493,Industrial Equipment,Manufacturing,Midwest,4449.09,3023.37,1425.72
SALE0001080,2025-03-26,CUST00156,Maintenance Supplies,Distribution,Southeast,3011.32,1714.68,1296.64
SALE0001081,2025-03-08,CUST00471,Industrial Equipment,Services,West,1466.76,789.59,677.17
SALE0001082,2026-07-14,CUST00425,Professional Services,Manufacturing,West,1466.22,722.37,743.85
SALE0001083,2024-04-25,CUST00300,Packaging Materials,Distribution,Southwest,1490.73,751.23,739.5
SALE0001084,2024-11-27,CUST00092,Professional Services,Services,Southeast,6285.8,3678.86,2606.94
SALE0001085,2026-06-22,CUST00129,Technology Hardware,Services,Southeast,2273.69,1333.3,940.39
SALE0001086,2026-01-05,CUST00047,Manufacturing Components,Services,Southwest,2340.28,1567.94,772.34
SALE0001087,2025-10-11,CUST00269,Office Equipment,Services,West,3354.88,1874.99,1479.89
SALE0001088,2025-09-18,CUST00194,Office Equipment,Manufacturing,Southeast,2086.56,1533.47,553.09
SALE0001089,2026-07-23,CUST00447,Packaging Materials,Manufacturing,Southeast,1547.78,852.14,695.64
SALE0001090,2024-07-02,CUST00027,Office Equipment,Distribution,Midwest,1607.11,1094.04,513.07
SALE0001091,2026-01-17,CUST00229,Maintenance Supplies,Services,Southeast,1732.01,1178.79,553.22
SALE0001092,2024-04-30,CUST00492,Safety Equipment,Manufacturing,West,1768.11,1272.27,495.84
SALE0001093,2026-02-22,CUST00235,Professional Services,Distribution,West,2797.77,1471.44,1326.33
SALE0001094,2026-04-06,CUST00452,Professional Services,Manufacturing,Southeast,1865.28,842.59,1022.69
SALE0001095,2025-08-25,CUST00233,Office Equipment,Distribution,Northeast,2806.19,1817.97,988.22
SALE0001096,2025-09-07,CUST00126,Maintenance Supplies,Services,West,1722.57,1085.27,637.3
SALE0001097,2026-04-19,CUST00026,Packaging Materials,Manufacturing,Northeast,1895.39,1322.18,573.21
SALE0001098,2025-10-30,CUST00075,Industrial Equipment,Services,West,545.16,302.4,242.76
SALE0001099,2026-05-08,CUST00170,Manufacturing Components,Manufacturing,Northeast,3133.16,1976.98,1156.18
SALE0001100,2025-03-02,CUST00083,Maintenance Supplies,Services,West,2225.85,1665.2,560.65
SALE0001101,2025-08-09,CUST00091,Professional Services,Services,West,3290.54,2257.94,1032.6
SALE0001102,2025-01-03,CUST00048,Maintenance Supplies,Distribution,Midwest,318.06,232.01,86.05
SALE0001103,2026-07-08,CUST00035,Office Equipment,Services,Northeast,6329.81,3568.0,2761.81
SALE0001104,2024-10-26,CUST00063,Maintenance Supplies,Distribution,West,1662.78,983.11,679.67
SALE0001105,2025-02-27,CUST00357,Safety Equipment,Services,Northeast,3515.4,2135.23,1380.17
SALE0001106,2024-04-21,CUST00323,Manufacturing Components,Distribution,West,968.8,602.02,366.78
SALE0001107,2026-08-14,CUST00362,Maintenance Supplies,Distribution,West,2611.46,1792.65,818.81
SALE0001108,2026-05-18,CUST00270,Technology Hardware,Manufacturing,West,960.98,523.68,437.3
SALE0001109,2025-07-30,CUST00374,Professional Services,Distribution,Southeast,1243.57,744.8,498.77
SALE0001110,2026-06-23,CUST00363,Maintenance Supplies,Manufacturing,Northeast,5701.13,3607.8,2093.33
SALE0001111,2024-05-01,CUST00321,Manufacturing Components,Services,Southeast,1612.58,737.27,875.31
SALE0001112,2026-03-29,CUST00213,Office Equipment,Manufacturing,Midwest,2060.0,1307.26,752.74
SALE0001113,2024-12-24,CUST00327,Safety Equipment,Manufacturing,Southeast,3047.39,1883.67,1163.72
SALE0001114,2025-12-07,CUST00405,Manufacturing Components,Distribution,Midwest,2434.29,1301.1,1133.19
SALE0001115,2025-06-02,CUST00393,Industrial Equipment,Manufacturing,Midwest,1978.81,1216.96,761.85
SALE0001116,2024-12-15,CUST00292,Industrial Equipment,Manufacturing,Southeast,2250.66,1280.21,970.45
SALE0001117,2024-12-04,CUST00473,Professional Services,Distribution,Northeast,7646.85,5353.92,2292.93
SALE0001118,2025-10-23,CUST00080,Professional Services,Services,Midwest,1746.6,857.1,889.5
SALE0001119,2025-04-18,CUST00212,Industrial Equipment,Services,Midwest,2039.91,1397.74,642.17
SALE0001120,2025-08-01,CUST00162,Industrial Equipment,Manufacturing,West,3396.13,2266.88,1129.25
SALE0001121,2025-12-02,CUST00470,Technology Hardware,Manufacturing,Southeast,3509.8,1928.69,1581.11
SALE0001122,2024-10-14,CUST00174,Office Equipment,Services,West,3685.71,2588.19,1097.52
SALE0001123,2026-05-12,CUST00311,Office Equipment,Manufacturing,West,2652.45,1325.67,1326.78
SALE0001124,2024-04-29,CUST00385,Maintenance Supplies,Services,Midwest,910.68,646.02,264.66
SALE0001125,2025-12-27,CUST00212,Manufacturing Components,Distribution,Southeast,4817.73,2213.69,2604.04
SALE0001126,2025-01-15,CUST00487,Maintenance Supplies,Manufacturing,West,908.86,532.2,376.66
SALE0001127,2024-11-05,CUST00192,Industrial Equipment,Manufacturing,Northeast,2168.05,1089.45,1078.6
SALE0001128,2025-03-30,CUST00410,Professional Services,Services,Southeast,1149.9,692.01,457.89
SALE0001129,2024-07-13,CUST00248,Maintenance Supplies,Distribution,Southeast,1739.79,960.42,779.37
SALE0001130,2026-02-26,CUST00421,Packaging Materials,Manufacturing,Northeast,2202.3,1567.02,635.28
SALE0001131,2025-04-15,CUST00443,Manufacturing Components,Manufacturing,Midwest,2192.54,1241.58,950.96
SALE0001132,2026-08-12,CUST00435,Manufacturing Components,Distribution,Southwest,2328.9,1078.77,1250.13
SALE0001133,2026-06-29,CUST00267,Maintenance Supplies,Manufacturing,West,4761.07,2208.38,2552.69
SALE0001134,2026-02-15,CUST00457,Safety Equipment,Distribution,Southeast,2373.5,1290.34,1083.16
SALE0001135,2024-07-16,CUST00273,Technology Hardware,Distribution,Northeast,1561.66,837.0,724.66
SALE0001136,2024-10-06,CUST00141,Manufacturing Components,Manufacturing,West,3224.24,1595.34,1628.9
SALE0001137,2025-07-27,CUST00106,Technology Hardware,Services,Midwest,3691.11,2230.24,1460.87
SALE0001138,2024-10-04,CUST00361,Maintenance Supplies,Services,Southeast,865.61,426.28,439.33
SALE0001139,2024-06-24,CUST00314,Technology Hardware,Services,Southwest,2587.48,1219.67,1367.81
SALE0001140,2024-02-21,CUST00242,Industrial Equipment,Manufacturing,Southwest,2753.71,1346.63,1407.08
SALE0001141,2024-02-25,CUST00201,Packaging Materials,Services,West,1512.41,719.66,792.75
SALE0001142,2026-07-01,CUST00429,Professional Services,Services,Midwest,4127.49,2591.35,1536.14
SALE0001143,2024-11-15,CUST00102,Manufacturing Components,Distribution,West,1652.37,908.31,744.06
SALE0001144,2024-05-14,CUST00411,Professional Services,Manufacturing,Southwest,1949.53,931.63,1017.9
SALE0001145,2024-11-13,CUST00364,Professional Services,Distribution,Southeast,1629.71,1068.02,561.69
SALE0001146,2026-08-28,CUST00441,Maintenance Supplies,Distribution,Southwest,1825.02,943.79,881.23
SALE0001147,2024-07-06,CUST00341,Technology Hardware,Distribution,Southwest,936.58,618.03,318.55
SALE0001148,2025-05-14,CUST00244,Manufacturing Components,Distribution,Southwest,762.02,349.83,412.19
SALE0001149,2025-04-17,CUST00145,Technology Hardware,Services,West,4706.52,3312.12,1394.4
SALE0001150,2024-05-10,CUST00208,Manufacturing Components,Distribution,West,1087.7,655.21,432.49
SALE0001151,2025-10-27,CUST00155,Professional Services,Distribution,West,997.41,470.06,527.35
SALE0001152,2025-02-27,CUST00125,Packaging Materials,Distribution,Southwest,496.69,259.06,237.63
SALE0001153,2024-03-08,CUST00417,Office Equipment,Distribution,West,1232.28,680.48,551.8
SALE0001154,2026-03-17,CUST00356,Safety Equipment,Manufacturing,Northeast,817.41,451.75,365.66
SALE0001155,2026-01-27,CUST00294,Professional Services,Manufacturing,West,4842.61,3531.52,1311.09
SALE0001156,2025-09-02,CUST00285,Manufacturing Components,Distribution,Southeast,3313.93,1951.48,1362.45
SALE0001157,2024-11-11,CUST00036,Manufacturing Components,Services,West,1196.44,881.5,314.94
SALE0001158,2026-02-28,CUST00168,Professional Services,Services,Northeast,6984.59,4860.99,2123.6
SALE0001159,2024-04-02,CUST00072,Industrial Equipment,Manufacturing,Southeast,3258.62,1679.11,1579.51
SALE0001160,2025-04-08,CUST00200,Professional Services,Manufacturing,Southeast,1487.87,906.67,581.2
SALE0001161,2025-11-28,CUST00154,Maintenance Supplies,Distribution,Midwest,403.57,287.84,115.73
SALE0001162,2024-04-01,CUST00314,Office Equipment,Manufacturing,Midwest,7147.84,4466.1,2681.74
SALE0001163,2024-03-04,CUST00282,Industrial Equipment,Manufacturing,West,785.45,440.45,345.0
SALE0001164,2026-04-20,CUST00057,Maintenance Supplies,Manufacturing,Southeast,673.68,500.95,172.73
SALE0001165,2025-03-18,CUST00202,Technology Hardware,Services,Southwest,3339.39,2206.22,1133.17
SALE0001166,2025-02-19,CUST00280,Safety Equipment,Services,Southeast,7815.4,4411.56,3403.84
SALE0001167,2025-05-01,CUST00285,Office Equipment,Distribution,Southwest,4148.76,2040.03,2108.73
SALE0001168,2024-06-06,CUST00447,Packaging Materials,Manufacturing,Northeast,2536.01,1360.67,1175.34
SALE0001169,2024-03-14,CUST00074,Professional Services,Services,Southwest,2583.38,1665.03,918.35
SALE0001170,2024-05-19,CUST00329,Office Equipment,Distribution,West,3017.09,1434.32,1582.77
SALE0001171,2026-08-10,CUST00093,Professional Services,Services,Southwest,2850.81,1646.95,1203.86
SALE0001172,2025-07-19,CUST00197,Technology Hardware,Manufacturing,Southeast,2140.33,1489.72,650.61
SALE0001173,2025-03-10,CUST00296,Professional Services,Services,Southeast,1924.69,1215.2,709.49
SALE0001174,2025-12-30,CUST00211,Technology Hardware,Manufacturing,Northeast,1741.4,1045.74,695.66
SALE0001175,2025-08-04,CUST00189,Manufacturing Components,Services,Southwest,1150.12,684.3,465.82
SALE0001176,2025-12-08,CUST00374,Maintenance Supplies,Distribution,West,1527.82,724.22,803.6
SALE0001177,2024-03-21,CUST00313,Manufacturing Components,Manufacturing,Southwest,654.73,397.43,257.3
SALE0001178,2025-10-07,CUST00492,Manufacturing Components,Services,West,1704.45,1146.25,558.2
SALE0001179,2026-03-28,CUST00314,Industrial Equipment,Distribution,West,999.09,623.32,375.77
SALE0001180,2026-03-08,CUST00233,Professional Services,Services,Midwest,932.48,422.63,509.85
SALE0001181,2025-03-07,CUST00409,Maintenance Supplies,Distribution,Southeast,2014.12,1119.6,894.52
SALE0001182,2024-02-06,CUST00306,Maintenance Supplies,Services,West,4168.04,2744.72,1423.32
SALE0001183,2024-09-23,CUST00243,Packaging Materials,Services,Northeast,3136.9,1469.4,1667.5
SALE0001184,2025-11-03,CUST00415,Industrial Equipment,Distribution,Southwest,704.65,526.45,178.2
SALE0001185,2024-03-25,CUST00040,Maintenance Supplies,Distribution,Southeast,998.47,487.3,511.17
SALE0001186,2025-09-22,CUST00440,Maintenance Supplies,Manufacturing,Northeast,3179.45,1698.75,1480.7
SALE0001187,2025-09-10,CUST00303,Packaging Materials,Services,Southwest,1002.76,503.77,498.99
SALE0001188,2025-01-13,CUST00134,Safety Equipment,Distribution,Southeast,1580.06,1093.96,486.1
SALE0001189,2026-03-29,CUST00017,Technology Hardware,Manufacturing,Southeast,2515.01,1529.67,985.34
SALE0001190,2025-09-01,CUST00079,Professional Services,Distribution,Southwest,1011.3,738.43,272.87
SALE0001191,2024-08-31,CUST00372,Packaging Materials,Manufacturing,West,1926.05,1248.47,677.58
SALE0001192,2026-01-21,CUST00028,Maintenance Supplies,Manufacturing,Northeast,812.07,570.52,241.55
SALE0001193,2024-06-20,CUST00244,Maintenance Supplies,Distribution,West,1260.39,742.63,517.76
SALE0001194,2024-08-27,CUST00362,Office Equipment,Distribution,Midwest,2190.47,1235.29,955.18
SALE0001195,2024-05-28,CUST00223,Industrial Equipment,Distribution,Southwest,695.2,423.47,271.73
SALE0001196,2025-01-26,CUST00493,Industrial Equipment,Manufacturing,West,2354.97,1539.09,815.88
SALE0001197,2025-10-14,CUST00433,Office Equipment,Services,Midwest,1786.86,993.76,793.1
SALE0001198,2024-12-09,CUST00411,Manufacturing Components,Distribution,West,2518.69,1337.67,1181.02
SALE0001199,2025-02-04,CUST00346,Safety Equipment,Services,West,2068.02,1216.68,851.34
SALE0001200,2026-02-27,CUST00173,Packaging Materials,Distribution,West,4098.94,2084.22,2014.72
SALE0001201,2024-01-11,CUST00426,Manufacturing Components,Manufacturing,Southwest,1949.12,1270.52,678.6
SALE0001202,2024-04-10,CUST00351,Professional Services,Distribution,Southeast,1397.38,849.02,548.36
SALE0001203,2026-01-12,CUST00099,Industrial Equipment,Manufacturing,West,1945.7,1040.93,904.77
SALE0001204,2024-04-04,CUST00305,Safety Equipment,Services,Northeast,2504.84,1169.92,1334.92
SALE0001205,2025-12-26,CUST00045,Packaging Materials,Distribution,West,1861.83,1372.8,489.03
SALE0001206,2026-04-02,CUST00459,Manufacturing Components,Services,Southeast,1852.62,1371.22,481.4
SALE0001207,2024-09-16,CUST00339,Manufacturing Components,Services,Southwest,1186.55,638.8,547.75
SALE0001208,2026-08-02,CUST00394,Office Equipment,Services,Midwest,1214.71,909.3,305.41
SALE0001209,2024-09-20,CUST00038,Maintenance Supplies,Manufacturing,Southwest,779.33,388.57,390.76
SALE0001210,2025-02-01,CUST00031,Maintenance Supplies,Distribution,Southeast,5165.44,2839.94,2325.5
SALE0001211,2025-03-27,CUST00476,Safety Equipment,Services,Southwest,857.21,403.59,453.62
SALE0001212,2024-07-01,CUST00056,Packaging Materials,Services,Southwest,1193.04,767.89,425.15
SALE0001213,2024-08-11,CUST00055,Professional Services,Services,Midwest,1174.92,745.12,429.8
SALE0001214,2024-04-15,CUST00037,Maintenance Supplies,Distribution,Northeast,3093.18,1424.28,1668.9
SALE0001215,2026-07-07,CUST00335,Industrial Equipment,Manufacturing,Southwest,1514.79,907.83,606.96
SALE0001216,2024-09-29,CUST00169,Office Equipment,Services,Northeast,3822.44,1893.95,1928.49
SALE0001217,2025-06-11,CUST00395,Professional Services,Distribution,Southwest,1207.01,799.38,407.63
SALE0001218,2025-02-17,CUST00400,Manufacturing Components,Services,Southeast,2137.51,1503.13,634.38
SALE0001219,2024-01-04,CUST00353,Professional Services,Manufacturing,West,1095.31,619.21,476.1
SALE0001220,2025-07-02,CUST00184,Technology Hardware,Services,Midwest,6549.14,4784.23,1764.91
SALE0001221,2025-02-14,CUST00491,Manufacturing Components,Distribution,West,886.64,413.67,472.97
SALE0001222,2026-05-23,CUST00042,Professional Services,Distribution,Southeast,2177.41,1607.53,569.88
SALE0001223,2024-06-29,CUST00496,Office Equipment,Services,Southeast,2644.58,1629.97,1014.61
SALE0001224,2024-11-02,CUST00459,Manufacturing Components,Services,Midwest,2317.58,1526.74,790.84
SALE0001225,2025-05-13,CUST00324,Professional Services,Services,Southeast,1617.81,769.2,848.61
SALE0001226,2024-05-23,CUST00013,Safety Equipment,Distribution,Southwest,1672.55,770.56,901.99
SALE0001227,2024-03-05,CUST00330,Maintenance Supplies,Distribution,West,1856.2,1276.73,579.47
SALE0001228,2026-05-04,CUST00495,Industrial Equipment,Manufacturing,Midwest,1655.4,1148.08,507.32
SALE0001229,2024-02-27,CUST00370,Industrial Equipment,Distribution,Northeast,3223.84,1777.35,1446.49
SALE0001230,2024-08-04,CUST00342,Professional Services,Services,West,6811.13,4714.19,2096.94
SALE0001231,2024-06-01,CUST00120,Manufacturing Components,Manufacturing,Southeast,1294.01,869.98,424.03
SALE0001232,2025-05-15,CUST00242,Industrial Equipment,Manufacturing,Southeast,794.82,513.57,281.25
SALE0001233,2024-01-15,CUST00026,Maintenance Supplies,Manufacturing,Southwest,1714.76,860.25,854.51
SALE0001234,2025-09-17,CUST00303,Manufacturing Components,Manufacturing,Northeast,8500.04,4260.28,4239.76
SALE0001235,2025-05-24,CUST00316,Safety Equipment,Manufacturing,Southeast,1116.32,701.6,414.72
SALE0001236,2025-03-12,CUST00428,Office Equipment,Distribution,Northeast,4834.2,2664.63,2169.57
SALE0001237,2025-12-01,CUST00071,Technology Hardware,Manufacturing,Northeast,4947.41,3081.2,1866.21
SALE0001238,2025-08-30,CUST00033,Manufacturing Components,Distribution,Southeast,1297.05,651.16,645.89
SALE0001239,2026-02-14,CUST00357,Technology Hardware,Services,Southeast,2543.74,1461.5,1082.24
SALE0001240,2025-03-25,CUST00298,Industrial Equipment,Manufacturing,Northeast,4803.2,2512.52,2290.68
SALE0001241,2026-03-21,CUST00314,Office Equipment,Manufacturing,Northeast,1440.18,1014.19,425.99
SALE0001242,2026-06-19,CUST00004,Industrial Equipment,Manufacturing,Northeast,1600.15,953.83,646.32
SALE0001243,2025-12-24,CUST00455,Maintenance Supplies,Distribution,Southwest,1275.37,823.29,452.08
SALE0001244,2025-12-09,CUST00074,Maintenance Supplies,Services,Southwest,983.53,480.03,503.5
SALE0001245,2025-02-25,CUST00090,Industrial Equipment,Services,Southeast,1224.68,639.01,585.67
SALE0001246,2026-01-04,CUST00487,Manufacturing Components,Services,Midwest,867.52,520.48,347.04
SALE0001247,2024-12-22,CUST00286,Safety Equipment,Manufacturing,Northeast,1845.4,1062.28,783.12
SALE0001248,2025-06-26,CUST00317,Technology Hardware,Services,West,1139.13,846.42,292.71
SALE0001249,2024-08-12,CUST00321,Safety Equipment,Distribution,Northeast,2080.31,1225.85,854.46
SALE0001250,2024-07-17,CUST00077,Professional Services,Distribution,Southeast,710.85,343.91,366.94
SALE0001251,2024-06-12,CUST00023,Industrial Equipment,Services,Midwest,2205.1,1435.61,769.49
SALE0001252,2024-10-18,CUST00129,Technology Hardware,Services,Southwest,2981.31,1529.05,1452.26
SALE0001253,2024-02-14,CUST00027,Packaging Materials,Manufacturing,Northeast,546.62,263.1,283.52
SALE0001254,2025-05-11,CUST00037,Safety Equipment,Services,Southwest,2262.97,1367.9,895.07
SALE0001255,2025-08-29,CUST00215,Safety Equipment,Services,Midwest,3776.68,2356.38,1420.3
SALE0001256,2024-08-23,CUST00167,Safety Equipment,Manufacturing,Southeast,874.99,598.22,276.77
SALE0001257,2026-01-25,CUST00103,Office Equipment,Manufacturing,Northeast,4932.21,2830.0,2102.21
SALE0001258,2025-04-27,CUST00028,Office Equipment,Manufacturing,Southeast,2324.85,1454.26,870.59
SALE0001259,2026-08-08,CUST00092,Office Equipment,Distribution,Southeast,1184.4,749.52,434.88
SALE0001260,2025-04-13,CUST00324,Technology Hardware,Distribution,Southeast,1748.54,1164.43,584.11
SALE0001261,2024-12-09,CUST00355,Industrial Equipment,Distribution,Southeast,2527.53,1233.85,1293.68
SALE0001262,2024-04-23,CUST00235,Office Equipment,Manufacturing,Midwest,1892.4,1335.08,557.32
SALE0001263,2024-08-13,CUST00310,Packaging Materials,Services,West,2498.02,1788.39,709.63
SALE0001264,2026-07-16,CUST00497,Safety Equipment,Manufacturing,Southwest,1040.64,521.34,519.3
SALE0001265,2026-05-27,CUST00442,Safety Equipment,Services,Southwest,2001.43,1213.93,787.5
SALE0001266,2026-05-07,CUST00008,Office Equipment,Services,Southeast,774.15,455.84,318.31
SALE0001267,2024-09-10,CUST00297,Safety Equipment,Services,Southeast,1691.32,927.16,764.16
SALE0001268,2026-07-24,CUST00003,Office Equipment,Manufacturing,Northeast,1051.17,653.94,397.23
SALE0001269,2025-04-26,CUST00259,Industrial Equipment,Distribution,West,1162.91,779.2,383.71
SALE0001270,2025-02-07,CUST00409,Manufacturing Components,Distribution,Southwest,3795.82,2253.89,1541.93
SALE0001271,2024-09-03,CUST00386,Industrial Equipment,Services,Southwest,3479.99,1652.74,1827.25
SALE0001272,2026-08-30,CUST00184,Maintenance Supplies,Manufacturing,Northeast,2605.77,1343.02,1262.75
SALE0001273,2024-01-17,CUST00157,Packaging Materials,Services,Southwest,938.81,557.59,381.22
SALE0001274,2026-05-28,CUST00299,Industrial Equipment,Distribution,Southwest,1495.41,928.82,566.59
SALE0001275,2026-03-01,CUST00361,Office Equipment,Manufacturing,Midwest,3743.81,1840.41,1903.4
SALE0001276,2025-10-03,CUST00325,Industrial Equipment,Services,Northeast,1968.51,1160.02,808.49
SALE0001277,2025-01-29,CUST00171,Industrial Equipment,Distribution,Southwest,7270.63,5220.53,2050.1
SALE0001278,2026-02-09,CUST00485,Safety Equipment,Services,Northeast,2289.28,1215.46,1073.82
SALE0001279,2025-09-27,CUST00377,Industrial Equipment,Services,Midwest,2028.86,1449.12,579.74
SALE0001280,2026-06-28,CUST00197,Technology Hardware,Distribution,West,1501.97,699.12,802.85
SALE0001281,2024-02-11,CUST00090,Manufacturing Components,Services,Southeast,1958.87,1096.32,862.55
SALE0001282,2024-05-21,CUST00123,Manufacturing Components,Services,Southwest,1649.98,1228.2,421.78
SALE0001283,2026-01-25,CUST00298,Safety Equipment,Services,Southeast,2765.19,2023.41,741.78
SALE0001284,2024-11-24,CUST00137,Office Equipment,Distribution,Northeast,3209.98,1784.15,1425.83
SALE0001285,2024-03-05,CUST00232,Professional Services,Services,West,1128.23,633.89,494.34
SALE0001286,2026-04-29,CUST00364,Maintenance Supplies,Distribution,West,813.43,395.99,417.44
SALE0001287,2025-01-11,CUST00485,Manufacturing Components,Manufacturing,Southwest,600.81,414.54,186.27
SALE0001288,2024-03-30,CUST00460,Packaging Materials,Distribution,Northeast,2452.33,1162.53,1289.8
SALE0001289,2024-04-21,CUST00058,Packaging Materials,Distribution,Southeast,932.6,465.77,466.83
SALE0001290,2026-06-14,CUST00488,Industrial Equipment,Distribution,Southwest,496.84,254.02,242.82
SALE0001291,2025-11-29,CUST00068,Professional Services,Distribution,Southwest,2282.78,1398.04,884.74
SALE0001292,2025-03-30,CUST00011,Maintenance Supplies,Manufacturing,Northeast,8069.12,5416.9,2652.22
SALE0001293,2024-01-23,CUST00119,Technology Hardware,Distribution,West,1801.47,1281.81,519.66
SALE0001294,2024-12-17,CUST00403,Technology Hardware,Distribution,West,2990.2,1933.85,1056.35
SALE0001295,2025-11-12,CUST00432,Professional Services,Distribution,Midwest,1899.03,1251.57,647.46
SALE0001296,2025-08-03,CUST00405,Maintenance Supplies,Manufacturing,Midwest,1703.88,834.2,869.68
SALE0001297,2024-08-20,CUST00498,Maintenance Supplies,Manufacturing,Southeast,3138.33,1868.16,1270.17
SALE0001298,2024-12-27,CUST00490,Packaging Materials,Services,Southeast,1519.04,813.16,705.88
SALE0001299,2025-12-29,CUST00094,Packaging Materials,Services,Southeast,2122.68,1296.1,826.58
SALE0001300,2024-06-14,CUST00022,Technology Hardware,Services,Southeast,2192.98,1143.36,1049.62
SALE0001301,2025-03-27,CUST00095,Safety Equipment,Services,Northeast,1210.93,639.52,571.41
SALE0001302,2025-11-12,CUST00177,Packaging Materials,Distribution,Southwest,3278.78,1787.21,1491.57
SALE0001303,2025-07-06,CUST00274,Maintenance Supplies,Manufacturing,Northeast,1627.86,1208.91,418.95
SALE0001304,2025-02-18,CUST00394,Packaging Materials,Distribution,Midwest,1148.89,837.91,310.98
SALE0001305,2024-06-08,CUST00379,Technology Hardware,Services,Midwest,2494.66,1125.81,1368.85
SALE0001306,2025-04-30,CUST00497,Packaging Materials,Services,Southwest,1054.6,758.04,296.56
SALE0001307,2024-12-12,CUST00375,Professional Services,Manufacturing,Southeast,1838.87,1207.67,631.2
SALE0001308,2025-11-25,CUST00158,Industrial Equipment,Distribution,West,1798.18,1106.4,691.78
SALE0001309,2026-05-11,CUST00183,Manufacturing Components,Distribution,Northeast,3468.71,1790.23,1678.48
SALE0001310,2025-09-14,CUST00299,Safety Equipment,Distribution,Southeast,2403.83,1544.21,859.62
SALE0001311,2024-01-24,CUST00435,Professional Services,Services,Northeast,1781.1,846.16,934.94
SALE0001312,2025-06-08,CUST00252,Technology Hardware,Services,West,2953.24,1678.41,1274.83
SALE0001313,2025-06-07,CUST00466,Technology Hardware,Distribution,Southeast,4163.55,3051.97,1111.58
SALE0001314,2026-01-03,CUST00190,Office Equipment,Distribution,Northeast,2526.74,1784.24,742.5
SALE0001315,2024-10-18,CUST00158,Professional Services,Services,Northeast,1819.31,1006.94,812.37
SALE0001316,2024-08-08,CUST00228,Office Equipment,Distribution,Midwest,822.95,550.02,272.93
SALE0001317,2024-06-16,CUST00497,Office Equipment,Services,Southwest,954.26,660.06,294.2
SALE0001318,2024-05-22,CUST00307,Manufacturing Components,Manufacturing,Southeast,1505.48,1054.82,450.66
SALE0001319,2024-11-06,CUST00445,Technology Hardware,Manufacturing,West,1254.25,743.0,511.25
SALE0001320,2026-02-13,CUST00004,Office Equipment,Services,Midwest,1616.17,909.47,706.7
SALE0001321,2025-02-28,CUST00237,Packaging Materials,Manufacturing,Southeast,1870.55,939.89,930.66
SALE0001322,2026-05-02,CUST00284,Professional Services,Manufacturing,Midwest,2484.47,1402.56,1081.91
SALE0001323,2026-05-04,CUST00253,Professional Services,Manufacturing,Northeast,1733.16,1084.2,648.96
SALE0001324,2026-03-21,CUST00135,Maintenance Supplies,Services,Southwest,2420.92,1091.19,1329.73
SALE0001325,2024-05-07,CUST00458,Maintenance Supplies,Distribution,Southeast,1879.36,1214.34,665.02
SALE0001326,2025-05-18,CUST00331,Safety Equipment,Manufacturing,Northeast,552.65,399.03,153.62
SALE0001327,2026-02-22,CUST00497,Manufacturing Components,Services,Midwest,1029.06,548.66,480.4
SALE0001328,2025-08-18,CUST00224,Maintenance Supplies,Services,Southwest,1658.3,985.27,673.03
SALE0001329,2025-12-11,CUST00192,Industrial Equipment,Distribution,Southeast,874.96,608.52,266.44
SALE0001330,2025-08-18,CUST00164,Professional Services,Services,Southeast,2591.41,1211.62,1379.79
SALE0001331,2024-12-31,CUST00140,Technology Hardware,Distribution,Midwest,4529.88,2260.38,2269.5
SALE0001332,2024-02-19,CUST00272,Manufacturing Components,Services,Southeast,3756.55,2017.11,1739.44
SALE0001333,2026-02-23,CUST00392,Manufacturing Components,Services,Southeast,1590.71,1015.52,575.19
SALE0001334,2025-07-10,CUST00162,Maintenance Supplies,Distribution,Midwest,4422.39,2418.08,2004.31
SALE0001335,2024-04-08,CUST00181,Packaging Materials,Manufacturing,Southeast,1976.73,1206.45,770.28
SALE0001336,2025-06-14,CUST00399,Professional Services,Distribution,Midwest,1476.97,789.33,687.64
SALE0001337,2026-08-01,CUST00053,Safety Equipment,Manufacturing,West,1251.33,905.01,346.32
SALE0001338,2024-08-14,CUST00408,Manufacturing Components,Distribution,Southwest,1507.97,1054.78,453.19
SALE0001339,2026-07-27,CUST00420,Packaging Materials,Manufacturing,Southwest,1432.38,677.4,754.98
SALE0001340,2024-12-22,CUST00186,Packaging Materials,Distribution,West,2002.7,1088.41,914.29
SALE0001341,2025-06-19,CUST00176,Packaging Materials,Services,Midwest,1990.9,1351.97,638.93
SALE0001342,2024-01-30,CUST00061,Safety Equipment,Manufacturing,Southeast,1811.35,1219.65,591.7
SALE0001343,2025-12-05,CUST00065,Safety Equipment,Manufacturing,Northeast,2349.98,1217.22,1132.76
SALE0001344,2025-03-11,CUST00402,Manufacturing Components,Manufacturing,Northeast,3693.71,2427.67,1266.04
SALE0001345,2026-03-04,CUST00221,Industrial Equipment,Manufacturing,Northeast,3196.25,1902.65,1293.6
SALE0001346,2024-02-03,CUST00263,Industrial Equipment,Distribution,Northeast,741.79,510.29,231.5
SALE0001347,2026-07-19,CUST00034,Maintenance Supplies,Services,Northeast,390.59,205.41,185.18
SALE0001348,2026-02-11,CUST00064,Safety Equipment,Services,Southeast,3167.16,1516.91,1650.25
SALE0001349,2024-07-08,CUST00015,Manufacturing Components,Manufacturing,Midwest,796.22,518.48,277.74
SALE0001350,2026-08-29,CUST00181,Packaging Materials,Services,West,1579.94,985.76,594.18
SALE0001351,2024-09-04,CUST00035,Manufacturing Components,Services,Northeast,895.99,538.91,357.08
SALE0001352,2025-06-25,CUST00099,Maintenance Supplies,Manufacturing,West,613.27,315.9,297.37
SALE0001353,2024-01-05,CUST00051,Safety Equipment,Services,Southwest,2502.08,1856.73,645.35
SALE0001354,2025-01-10,CUST00095,Professional Services,Services,Northeast,2851.19,1880.19,971.0
SALE0001355,2024-07-04,CUST00195,Office Equipment,Manufacturing,West,1279.33,896.07,383.26
SALE0001356,2024-08-21,CUST00390,Technology Hardware,Manufacturing,Southwest,381.98,218.6,163.38
SALE0001357,2024-04-22,CUST00254,Technology Hardware,Services,Midwest,1302.78,789.38,513.4
SALE0001358,2025-07-24,CUST00043,Technology Hardware,Distribution,Northeast,2287.2,1524.74,762.46
SALE0001359,2025-01-29,CUST00308,Maintenance Supplies,Services,Southwest,744.46,398.35,346.11
SALE0001360,2024-08-19,CUST00149,Office Equipment,Manufacturing,Northeast,2018.31,1243.63,774.68
SALE0001361,2026-07-05,CUST00244,Technology Hardware,Manufacturing,Northeast,1791.51,1258.21,533.3
SALE0001362,2025-11-21,CUST00054,Office Equipment,Distribution,West,2559.52,1529.3,1030.22
SALE0001363,2025-11-05,CUST00062,Packaging Materials,Distribution,Southwest,1942.53,1268.39,674.14
SALE0001364,2025-12-12,CUST00053,Packaging Materials,Manufacturing,Midwest,1008.44,632.46,375.98
SALE0001365,2024-07-22,CUST00305,Office Equipment,Manufacturing,Southeast,3706.87,2044.67,1662.2
SALE0001366,2026-05-08,CUST00256,Maintenance Supplies,Services,West,1643.99,949.26,694.73
SALE0001367,2025-08-30,CUST00405,Office Equipment,Distribution,Southwest,1778.66,946.05,832.61
SALE0001368,2025-11-13,CUST00208,Professional Services,Services,Midwest,1032.81,651.65,381.16
SALE0001369,2024-05-30,CUST00056,Manufacturing Components,Distribution,Southwest,1385.8,942.9,442.9
SALE0001370,2025-05-24,CUST00483,Packaging Materials,Manufacturing,Northeast,1063.28,552.1,511.18
SALE0001371,2026-01-25,CUST00035,Professional Services,Services,Northeast,1629.83,759.27,870.56
SALE0001372,2024-07-02,CUST00348,Technology Hardware,Manufacturing,Midwest,5049.4,2851.85,2197.55
SALE0001373,2025-09-28,CUST00390,Manufacturing Components,Services,West,793.82,505.64,288.18
SALE0001374,2026-02-24,CUST00239,Safety Equipment,Distribution,Southwest,686.68,410.4,276.28
SALE0001375,2025-05-17,CUST00278,Technology Hardware,Services,West,4370.8,2628.77,1742.03
SALE0001376,2024-01-19,CUST00017,Office Equipment,Manufacturing,Southwest,1594.64,1173.29,421.35
SALE0001377,2025-04-05,CUST00193,Professional Services,Distribution,Northeast,1210.22,658.8,551.42
SALE0001378,2024-02-03,CUST00338,Maintenance Supplies,Services,Southeast,3374.3,1697.48,1676.82
SALE0001379,2025-05-18,CUST00160,Office Equipment,Distribution,Northeast,1257.19,728.17,529.02
SALE0001380,2025-08-05,CUST00338,Professional Services,Distribution,West,5407.84,3528.66,1879.18
SALE0001381,2026-05-24,CUST00029,Office Equipment,Distribution,Southwest,2715.57,1349.35,1366.22
SALE0001382,2025-08-28,CUST00316,Technology Hardware,Distribution,Midwest,1349.18,1000.09,349.09
SALE0001383,2024-03-03,CUST00024,Packaging Materials,Distribution,Midwest,6597.1,3024.4,3572.7
SALE0001384,2026-04-08,CUST00014,Technology Hardware,Distribution,Northeast,1257.11,845.55,411.56
SALE0001385,2025-03-14,CUST00183,Office Equipment,Distribution,Northeast,2822.16,1562.19,1259.97
SALE0001386,2025-11-08,CUST00121,Maintenance Supplies,Services,Northeast,2163.7,1132.2,1031.5
SALE0001387,2026-07-21,CUST00445,Maintenance Supplies,Manufacturing,Midwest,3948.32,2591.67,1356.65
SALE0001388,2024-06-22,CUST00167,Industrial Equipment,Distribution,Southwest,4614.26,2103.7,2510.56
SALE0001389,2025-08-04,CUST00216,Maintenance Supplies,Manufacturing,Southwest,1843.1,1114.02,729.08
SALE0001390,2025-08-25,CUST00163,Office Equipment,Services,Southwest,1150.5,525.4,625.1
SALE0001391,2024-11-26,CUST00414,Professional Services,Manufacturing,Southeast,2382.69,1481.47,901.22
SALE0001392,2024-12-10,CUST00416,Technology Hardware,Manufacturing,West,1203.96,721.2,482.76
SALE0001393,2024-11-02,CUST00224,Safety Equipment,Distribution,Northeast,6051.32,3382.69,2668.63
SALE0001394,2026-05-10,CUST00110,Maintenance Supplies,Distribution,Northeast,1962.4,1383.69,578.71
SALE0001395,2024-10-31,CUST00206,Safety Equipment,Services,Northeast,1452.16,1087.48,364.68
SALE0001396,2026-01-04,CUST00049,Technology Hardware,Distribution,Northeast,2019.91,1420.51,599.4
SALE0001397,2025-08-03,CUST00244,Office Equipment,Manufacturing,Midwest,805.71,556.23,249.48
SALE0001398,2026-03-25,CUST00422,Maintenance Supplies,Services,Midwest,1009.32,477.41,531.91
SALE0001399,2025-03-19,CUST00161,Safety Equipment,Distribution,Southwest,3715.42,2411.45,1303.97
SALE0001400,2024-09-14,CUST00233,Packaging Materials,Manufacturing,West,1219.09,777.16,441.93
SALE0001401,2026-06-02,CUST00256,Safety Equipment,Services,Southwest,964.73,488.12,476.61
SALE0001402,2024-10-01,CUST00273,Office Equipment,Services,Northeast,2494.87,1824.12,670.75
SALE0001403,2025-06-18,CUST00237,Packaging Materials,Manufacturing,Southeast,3682.78,1878.93,1803.85
SALE0001404,2026-02-03,CUST00154,Office Equipment,Distribution,Midwest,2783.24,1824.67,958.57
SALE0001405,2026-05-30,CUST00033,Safety Equipment,Distribution,Midwest,3286.66,2297.59,989.07
SALE0001406,2026-04-23,CUST00083,Maintenance Supplies,Services,West,1148.17,615.55,532.62
SALE0001407,2024-08-29,CUST00059,Packaging Materials,Manufacturing,Northeast,770.4,440.48,329.92
SALE0001408,2024-09-08,CUST00159,Professional Services,Distribution,West,4450.63,3066.99,1383.64
SALE0001409,2025-03-22,CUST00464,Industrial Equipment,Manufacturing,Southeast,1489.79,859.02,630.77
SALE0001410,2024-10-06,CUST00133,Maintenance Supplies,Services,West,1555.42,763.6,791.82
SALE0001411,2024-06-29,CUST00022,Professional Services,Manufacturing,Northeast,4011.48,2580.54,1430.94
SALE0001412,2026-05-30,CUST00161,Maintenance Supplies,Manufacturing,Southwest,2524.35,1814.89,709.46
SALE0001413,2026-07-07,CUST00337,Manufacturing Components,Distribution,Southeast,2376.85,1328.73,1048.12
SALE0001414,2024-08-29,CUST00377,Manufacturing Components,Services,West,6627.62,3204.98,3422.64
SALE0001415,2026-08-30,CUST00269,Maintenance Supplies,Distribution,Northeast,1228.92,838.78,390.14
SALE0001416,2024-08-31,CUST00396,Technology Hardware,Distribution,West,3154.87,1987.4,1167.47
SALE0001417,2026-01-24,CUST00384,Safety Equipment,Distribution,Southeast,1870.96,1060.81,810.15
SALE0001418,2024-05-27,CUST00110,Maintenance Supplies,Distribution,Southwest,2124.21,1023.96,1100.25
SALE0001419,2024-09-17,CUST00029,Professional Services,Services,Midwest,4523.68,3206.7,1316.98
SALE0001420,2025-12-17,CUST00163,Office Equipment,Distribution,Southeast,2452.1,1801.35,650.75
SALE0001421,2024-10-11,CUST00480,Packaging Materials,Distribution,Southwest,2497.33,1782.67,714.66
SALE0001422,2026-01-02,CUST00158,Industrial Equipment,Services,West,3440.96,1928.04,1512.92
SALE0001423,2024-02-05,CUST00340,Industrial Equipment,Services,Southeast,1452.48,1020.28,432.2
SALE0001424,2024-09-16,CUST00159,Technology Hardware,Services,Northeast,1092.77,672.95,419.82
SALE0001425,2025-07-01,CUST00440,Professional Services,Distribution,Northeast,965.95,685.91,280.04
SALE0001426,2026-07-20,CUST00475,Maintenance Supplies,Distribution,Northeast,555.68,410.22,145.46
SALE0001427,2026-08-16,CUST00121,Maintenance Supplies,Manufacturing,Southeast,6208.81,4326.38,1882.43
SALE0001428,2026-07-26,CUST00163,Office Equipment,Manufacturing,Midwest,932.69,542.5,390.19
SALE0001429,2026-06-06,CUST00400,Professional Services,Distribution,Southwest,1583.27,750.51,832.76
SALE0001430,2026-08-06,CUST00368,Office Equipment,Manufacturing,Southeast,1531.36,1075.55,455.81
SALE0001431,2025-12-16,CUST00034,Technology Hardware,Distribution,West,2174.26,1148.64,1025.62
SALE0001432,2026-01-16,CUST00378,Technology Hardware,Distribution,Northeast,2949.65,2047.14,902.51
SALE0001433,2026-02-19,CUST00329,Packaging Materials,Services,Southwest,3029.9,1410.81,1619.09
SALE0001434,2026-03-21,CUST00002,Office Equipment,Manufacturing,Midwest,1274.3,818.52,455.78
SALE0001435,2024-11-17,CUST00057,Packaging Materials,Manufacturing,West,1635.54,1018.52,617.02
SALE0001436,2025-12-31,CUST00426,Packaging Materials,Services,Southwest,2142.11,1587.09,555.02
SALE0001437,2026-03-22,CUST00232,Professional Services,Services,Southeast,1557.42,1139.76,417.66
SALE0001438,2024-09-23,CUST00304,Technology Hardware,Distribution,Southeast,4742.92,2381.15,2361.77
SALE0001439,2024-03-27,CUST00094,Office Equipment,Distribution,West,2427.42,1394.19,1033.23
SALE0001440,2024-08-17,CUST00012,Safety Equipment,Manufacturing,Southwest,2809.96,1281.96,1528.0
SALE0001441,2024-07-22,CUST00437,Packaging Materials,Manufacturing,Southwest,2691.16,1422.37,1268.79
SALE0001442,2025-09-24,CUST00134,Packaging Materials,Manufacturing,Midwest,3655.85,2115.53,1540.32
SALE0001443,2024-06-23,CUST00061,Industrial Equipment,Services,West,2015.48,1479.71,535.77
SALE0001444,2025-03-21,CUST00476,Professional Services,Services,Southwest,830.39,566.33,264.06
SALE0001445,2024-05-01,CUST00105,Safety Equipment,Distribution,Midwest,2298.04,1188.88,1109.16
SALE0001446,2026-02-03,CUST00067,Office Equipment,Manufacturing,West,1223.15,731.75,491.4
SALE0001447,2024-08-08,CUST00145,Safety Equipment,Distribution,Southeast,1316.63,985.58,331.05
SALE0001448,2025-02-22,CUST00015,Maintenance Supplies,Distribution,Southeast,2570.4,1767.76,802.64
SALE0001449,2025-09-24,CUST00128,Technology Hardware,Services,Southwest,3800.81,2224.59,1576.22
SALE0001450,2024-03-28,CUST00069,Technology Hardware,Services,Southwest,1831.27,829.74,1001.53
SALE0001451,2025-12-04,CUST00197,Office Equipment,Services,West,2176.12,1117.8,1058.32
SALE0001452,2024-09-19,CUST00286,Industrial Equipment,Manufacturing,Midwest,5020.72,2369.36,2651.36
SALE0001453,2026-08-11,CUST00466,Technology Hardware,Services,West,2089.02,1087.24,1001.78
SALE0001454,2025-12-27,CUST00024,Industrial Equipment,Distribution,West,8612.84,5809.12,2803.72
SALE0001455,2025-09-26,CUST00203,Technology Hardware,Manufacturing,West,2538.44,1432.39,1106.05
SALE0001456,2024-02-12,CUST00134,Packaging Materials,Services,Southwest,628.63,392.36,236.27
SALE0001457,2026-08-10,CUST00240,Packaging Materials,Manufacturing,Midwest,2841.27,1567.68,1273.59
SALE0001458,2025-12-28,CUST00073,Maintenance Supplies,Manufacturing,Midwest,2272.63,1384.32,888.31
SALE0001459,2024-02-15,CUST00256,Maintenance Supplies,Services,Midwest,3920.02,2914.75,1005.27
SALE0001460,2026-08-06,CUST00463,Maintenance Supplies,Services,Midwest,2707.85,1567.92,1139.93
SALE0001461,2025-06-13,CUST00458,Packaging Materials,Distribution,Southwest,1663.91,905.01,758.9
SALE0001462,2026-02-21,CUST00285,Professional Services,Manufacturing,Southeast,867.33,637.5,229.83
SALE0001463,2024-06-01,CUST00094,Industrial Equipment,Distribution,Midwest,1594.93,743.83,851.1
SALE0001464,2024-06-16,CUST00224,Manufacturing Components,Distribution,Northeast,1085.38,718.29,367.09
SALE0001465,2025-03-28,CUST00364,Professional Services,Distribution,Southwest,1276.26,710.82,565.44
SALE0001466,2024-04-25,CUST00444,Packaging Materials,Manufacturing,Midwest,2573.82,1811.33,762.49
SALE0001467,2024-04-05,CUST00146,Packaging Materials,Manufacturing,West,4924.33,2516.92,2407.41
SALE0001468,2026-04-22,CUST00457,Safety Equipment,Services,Northeast,2291.14,1218.51,1072.63
SALE0001469,2025-06-22,CUST00093,Office Equipment,Manufacturing,Southeast,882.25,599.98,282.27
SALE0001470,2026-02-25,CUST00049,Technology Hardware,Manufacturing,Midwest,2360.81,1415.15,945.66
SALE0001471,2025-11-28,CUST00063,Office Equipment,Distribution,West,3707.0,2759.49,947.51
SALE0001472,2026-08-09,CUST00429,Technology Hardware,Manufacturing,Northeast,1254.05,922.19,331.86
SALE0001473,2024-03-24,CUST00363,Professional Services,Distribution,Midwest,1668.35,981.11,687.24
SALE0001474,2025-08-31,CUST00169,Industrial Equipment,Services,West,1824.05,1180.89,643.16
SALE0001475,2026-08-31,CUST00486,Packaging Materials,Manufacturing,Northeast,1128.97,661.5,467.47
SALE0001476,2026-03-31,CUST00166,Industrial Equipment,Services,Northeast,2667.69,1715.57,952.12
SALE0001477,2025-07-14,CUST00196,Manufacturing Components,Distribution,Midwest,1681.48,1236.85,444.63
SALE0001478,2024-07-01,CUST00395,Office Equipment,Manufacturing,Northeast,2325.57,1214.0,1111.57
SALE0001479,2026-05-22,CUST00199,Office Equipment,Distribution,Southeast,1061.57,544.02,517.55
SALE0001480,2024-05-03,CUST00411,Office Equipment,Services,Midwest,1390.65,750.34,640.31
SALE0001481,2026-07-14,CUST00068,Technology Hardware,Services,Northeast,2788.97,1828.14,960.83
SALE0001482,2026-05-02,CUST00103,Professional Services,Distribution,Southwest,1445.63,809.9,635.73
SALE0001483,2025-05-02,CUST00308,Office Equipment,Manufacturing,Southwest,5095.83,2703.56,2392.27
SALE0001484,2026-04-10,CUST00096,Office Equipment,Services,Southwest,1422.57,797.31,625.26
SALE0001485,2024-04-05,CUST00175,Professional Services,Services,Southeast,2068.98,956.14,1112.84
SALE0001486,2025-10-25,CUST00080,Professional Services,Services,West,3163.88,2075.1,1088.78
SALE0001487,2024-03-26,CUST00224,Manufacturing Components,Distribution,Midwest,772.0,414.73,357.27
SALE0001488,2024-06-01,CUST00351,Maintenance Supplies,Manufacturing,West,628.61,468.48,160.13
SALE0001489,2025-03-13,CUST00025,Manufacturing Components,Manufacturing,West,723.87,389.91,333.96
SALE0001490,2024-04-20,CUST00212,Manufacturing Components,Distribution,West,3856.64,2326.31,1530.33
SALE0001491,2026-04-12,CUST00131,Manufacturing Components,Services,Northeast,1298.4,682.98,615.42
SALE0001492,2024-04-26,CUST00237,Packaging Materials,Manufacturing,Southwest,8391.04,5640.08,2750.96
SALE0001493,2024-02-16,CUST00449,Maintenance Supplies,Distribution,West,1288.78,612.15,676.63
SALE0001494,2026-01-11,CUST00344,Professional Services,Services,Midwest,2019.75,1184.58,835.17
SALE0001495,2024-12-15,CUST00447,Packaging Materials,Manufacturing,Southeast,4560.86,3375.11,1185.75
SALE0001496,2024-03-21,CUST00310,Maintenance Supplies,Services,Northeast,6024.9,4061.44,1963.46
SALE0001497,2025-03-20,CUST00003,Office Equipment,Manufacturing,Northeast,6228.57,3801.38,2427.19
SALE0001498,2024-06-24,CUST00236,Office Equipment,Services,West,3733.2,2414.41,1318.79
SALE0001499,2026-01-13,CUST00317,Technology Hardware,Services,Southwest,3342.38,1992.11,1350.27
SALE0001500,2026-04-03,CUST00065,Packaging Materials,Manufacturing,Southeast,2579.93,1395.22,1184.71
SALE0001501,2024-04-24,CUST00357,Safety Equipment,Manufacturing,Southeast,2884.24,2003.94,880.3
SALE0001502,2025-05-07,CUST00333,Safety Equipment,Distribution,West,1298.92,837.27,461.65
SALE0001503,2024-07-14,CUST00395,Professional Services,Manufacturing,Southwest,1106.64,526.57,580.07
SALE0001504,2025-03-08,CUST00086,Packaging Materials,Services,Southwest,1804.39,823.79,980.6
SALE0001505,2025-05-11,CUST00441,Professional Services,Services,Southeast,1632.53,965.55,666.98
SALE0001506,2024-07-25,CUST00425,Office Equipment,Manufacturing,Midwest,1377.55,741.74,635.81
SALE0001507,2024-01-09,CUST00434,Office Equipment,Distribution,Southwest,2745.81,1320.18,1425.63
SALE0001508,2026-01-24,CUST00375,Maintenance Supplies,Manufacturing,Southwest,3207.29,2000.06,1207.23
SALE0001509,2025-02-13,CUST00303,Professional Services,Manufacturing,Northeast,1906.54,1135.97,770.57
SALE0001510,2025-06-24,CUST00296,Technology Hardware,Services,Northeast,4387.51,1999.41,2388.1
SALE0001511,2024-10-01,CUST00214,Professional Services,Manufacturing,Southwest,911.4,654.26,257.14
SALE0001512,2025-09-29,CUST00178,Professional Services,Services,Southwest,1609.7,1177.8,431.9
SALE0001513,2024-01-22,CUST00372,Safety Equipment,Distribution,Midwest,1176.04,586.14,589.9
SALE0001514,2025-03-24,CUST00113,Technology Hardware,Services,Southwest,589.97,306.57,283.4
SALE0001515,2024-05-14,CUST00371,Office Equipment,Distribution,Midwest,1720.54,1230.1,490.44
SALE0001516,2026-03-26,CUST00498,Packaging Materials,Services,Southeast,1680.68,994.45,686.23
SALE0001517,2024-10-16,CUST00045,Professional Services,Manufacturing,Southeast,4483.1,2946.33,1536.77
SALE0001518,2024-07-23,CUST00252,Manufacturing Components,Distribution,Southwest,2639.88,1311.74,1328.14
SALE0001519,2024-11-06,CUST00286,Industrial Equipment,Manufacturing,Midwest,977.98,508.96,469.02
SALE0001520,2026-06-21,CUST00347,Packaging Materials,Manufacturing,West,5499.74,2905.2,2594.54
SALE0001521,2024-02-02,CUST00173,Office Equipment,Manufacturing,West,3761.68,2603.25,1158.43
SALE0001522,2024-08-20,CUST00115,Professional Services,Distribution,Midwest,2563.83,1246.55,1317.28
SALE0001523,2026-03-14,CUST00024,Maintenance Supplies,Manufacturing,West,1578.31,878.44,699.87
SALE0001524,2025-09-10,CUST00362,Industrial Equipment,Distribution,Southwest,1016.72,661.73,354.99
SALE0001525,2026-05-11,CUST00500,Manufacturing Components,Services,West,1446.17,978.67,467.5
SALE0001526,2026-03-11,CUST00053,Industrial Equipment,Services,Northeast,3474.65,2458.37,1016.28
SALE0001527,2024-06-20,CUST00446,Safety Equipment,Distribution,Southeast,5601.29,3579.1,2022.19
SALE0001528,2026-01-15,CUST00227,Professional Services,Services,Northeast,4563.96,2453.75,2110.21
SALE0001529,2024-06-06,CUST00172,Packaging Materials,Manufacturing,Southeast,1348.42,868.55,479.87
SALE0001530,2025-03-25,CUST00394,Industrial Equipment,Manufacturing,Southwest,923.55,684.25,239.3
SALE0001531,2024-12-15,CUST00088,Manufacturing Components,Distribution,Midwest,1967.53,1054.65,912.88
SALE0001532,2026-01-02,CUST00185,Safety Equipment,Manufacturing,West,625.74,423.28,202.46
SALE0001533,2025-03-07,CUST00071,Office Equipment,Distribution,Southwest,2194.92,1506.08,688.84
SALE0001534,2026-07-08,CUST00437,Technology Hardware,Manufacturing,Southwest,1654.8,972.4,682.4
SALE0001535,2024-05-29,CUST00368,Manufacturing Components,Manufacturing,Midwest,1367.01,931.0,436.01
SALE0001536,2024-11-18,CUST00396,Packaging Materials,Distribution,Northeast,694.49,396.2,298.29
SALE0001537,2025-02-06,CUST00339,Packaging Materials,Services,Northeast,2460.6,1667.69,792.91
SALE0001538,2025-10-08,CUST00410,Maintenance Supplies,Distribution,Southwest,1313.41,977.2,336.21
SALE0001539,2026-06-26,CUST00284,Maintenance Supplies,Services,Midwest,896.1,586.28,309.82
SALE0001540,2026-07-20,CUST00424,Maintenance Supplies,Services,West,322.67,178.52,144.15
SALE0001541,2026-07-31,CUST00207,Professional Services,Services,Southeast,1778.44,878.65,899.79
SALE0001542,2026-06-27,CUST00404,Professional Services,Services,Midwest,5236.2,3211.51,2024.69
SALE0001543,2026-06-27,CUST00333,Office Equipment,Manufacturing,Midwest,4898.85,3397.59,1501.26
SALE0001544,2024-03-27,CUST00172,Office Equipment,Services,Southeast,1374.36,633.71,740.65
SALE0001545,2025-06-16,CUST00146,Safety Equipment,Manufacturing,West,1259.76,941.77,317.99
SALE0001546,2025-07-19,CUST00175,Packaging Materials,Manufacturing,Northeast,2395.3,1302.27,1093.03
SALE0001547,2026-06-30,CUST00304,Maintenance Supplies,Manufacturing,Midwest,993.24,684.32,308.92
SALE0001548,2026-01-13,CUST00259,Manufacturing Components,Services,Northeast,2166.95,1249.95,917.0
SALE0001549,2026-05-11,CUST00322,Technology Hardware,Manufacturing,Northeast,2863.07,1608.74,1254.33
SALE0001550,2026-02-13,CUST00064,Professional Services,Distribution,West,3775.02,2435.98,1339.04
SALE0001551,2026-01-24,CUST00174,Safety Equipment,Services,West,1702.59,768.83,933.76
SALE0001552,2025-08-02,CUST00481,Safety Equipment,Distribution,Midwest,1600.06,1063.07,536.99
SALE0001553,2024-10-18,CUST00418,Packaging Materials,Services,Southwest,1067.64,694.05,373.59
SALE0001554,2025-06-16,CUST00054,Technology Hardware,Services,West,1100.89,738.98,361.91
SALE0001555,2024-07-16,CUST00185,Professional Services,Manufacturing,Southeast,1578.31,1099.85,478.46
SALE0001556,2025-12-29,CUST00211,Manufacturing Components,Manufacturing,Northeast,2253.9,1302.1,951.8
SALE0001557,2025-03-11,CUST00244,Safety Equipment,Distribution,Northeast,3128.01,2241.38,886.63
SALE0001558,2025-01-13,CUST00207,Office Equipment,Distribution,West,1116.65,729.22,387.43
SALE0001559,2025-05-25,CUST00226,Professional Services,Services,Southwest,4427.6,2837.82,1589.78
SALE0001560,2026-04-23,CUST00259,Packaging Materials,Distribution,Southwest,1536.6,766.54,770.06
SALE0001561,2024-05-12,CUST00263,Manufacturing Components,Services,Southeast,1785.01,1321.64,463.37
SALE0001562,2025-04-11,CUST00383,Packaging Materials,Services,Midwest,1154.79,683.64,471.15
SALE0001563,2026-08-01,CUST00309,Office Equipment,Manufacturing,Northeast,422.19,310.54,111.65
SALE0001564,2025-01-13,CUST00021,Packaging Materials,Manufacturing,Midwest,3073.05,1909.99,1163.06
SALE0001565,2024-11-08,CUST00156,Maintenance Supplies,Distribution,Northeast,2813.28,2102.38,710.9
SALE0001566,2026-03-21,CUST00402,Office Equipment,Manufacturing,Midwest,1527.22,752.71,774.51
SALE0001567,2026-06-29,CUST00094,Professional Services,Manufacturing,Northeast,1882.2,1007.06,875.14
SALE0001568,2025-07-14,CUST00446,Industrial Equipment,Distribution,Southwest,2464.05,1366.55,1097.5
SALE0001569,2025-08-09,CUST00232,Technology Hardware,Distribution,Southwest,708.02,384.39,323.63
SALE0001570,2026-05-04,CUST00311,Packaging Materials,Manufacturing,West,1316.28,876.66,439.62
SALE0001571,2025-10-13,CUST00231,Professional Services,Manufacturing,Midwest,2911.89,1713.01,1198.88
SALE0001572,2024-04-01,CUST00341,Office Equipment,Distribution,Southeast,851.86,587.74,264.12
SALE0001573,2026-07-10,CUST00277,Industrial Equipment,Services,Southwest,2156.27,1226.1,930.17
SALE0001574,2026-01-23,CUST00046,Packaging Materials,Services,Northeast,801.15,427.18,373.97
SALE0001575,2025-08-08,CUST00396,Maintenance Supplies,Services,Northeast,2391.94,1528.53,863.41
SALE0001576,2025-10-21,CUST00099,Industrial Equipment,Services,West,1769.79,1093.39,676.4
SALE0001577,2024-07-12,CUST00258,Industrial Equipment,Manufacturing,West,686.03,463.19,222.84
SALE0001578,2024-07-03,CUST00141,Safety Equipment,Manufacturing,West,3636.74,2686.51,950.23
SALE0001579,2025-03-30,CUST00274,Technology Hardware,Distribution,West,1163.57,553.15,610.42
SALE0001580,2024-02-16,CUST00479,Industrial Equipment,Distribution,Southwest,1111.93,664.31,447.62
SALE0001581,2024-07-03,CUST00441,Technology Hardware,Distribution,Midwest,2039.26,1171.52,867.74
SALE0001582,2024-04-03,CUST00051,Packaging Materials,Distribution,Southeast,3601.78,1744.68,1857.1
SALE0001583,2024-07-06,CUST00046,Packaging Materials,Distribution,Southwest,982.9,517.66,465.24
SALE0001584,2025-11-25,CUST00315,Technology Hardware,Manufacturing,Northeast,1876.21,939.53,936.68
SALE0001585,2025-12-31,CUST00200,Manufacturing Components,Distribution,Southeast,2338.56,1093.39,1245.17
SALE0001586,2025-02-26,CUST00133,Office Equipment,Manufacturing,Northeast,2740.41,1967.35,773.06
SALE0001587,2024-07-26,CUST00306,Safety Equipment,Distribution,West,2009.95,1048.97,960.98
SALE0001588,2026-02-09,CUST00487,Manufacturing Components,Distribution,Northeast,1450.67,872.33,578.34
SALE0001589,2024-11-21,CUST00209,Manufacturing Components,Distribution,Northeast,1100.42,648.64,451.78
SALE0001590,2025-02-21,CUST00468,Industrial Equipment,Distribution,West,1903.95,1218.65,685.3
SALE0001591,2025-08-23,CUST00127,Packaging Materials,Distribution,West,950.24,620.06,330.18
SALE0001592,2025-02-20,CUST00434,Safety Equipment,Manufacturing,Midwest,313.31,182.91,130.4
SALE0001593,2025-07-07,CUST00401,Safety Equipment,Services,Southwest,2349.45,1751.73,597.72
SALE0001594,2026-07-22,CUST00022,Industrial Equipment,Distribution,West,3109.95,1917.43,1192.52
SALE0001595,2024-10-23,CUST00086,Industrial Equipment,Manufacturing,Southwest,438.01,282.92,155.09
SALE0001596,2024-10-06,CUST00430,Office Equipment,Distribution,Southeast,986.5,620.86,365.64
SALE0001597,2025-08-22,CUST00145,Industrial Equipment,Manufacturing,West,2621.48,1840.82,780.66
SALE0001598,2025-07-30,CUST00046,Office Equipment,Services,Northeast,6213.61,2926.49,3287.12
SALE0001599,2026-04-30,CUST00285,Maintenance Supplies,Distribution,Southeast,1830.74,900.53,930.21
SALE0001600,2025-09-17,CUST00411,Technology Hardware,Services,Midwest,1168.18,702.6,465.58
SALE0001601,2025-10-12,CUST00386,Professional Services,Distribution,Southeast,1620.13,856.09,764.04
SALE0001602,2025-11-09,CUST00175,Safety Equipment,Distribution,West,4125.43,3073.06,1052.37
SALE0001603,2024-12-02,CUST00355,Packaging Materials,Services,Northeast,1227.12,558.05,669.07
SALE0001604,2025-09-15,CUST00462,Industrial Equipment,Services,Southeast,1119.33,663.72,455.61
SALE0001605,2025-02-27,CUST00357,Professional Services,Distribution,West,1353.37,834.67,518.7
SALE0001606,2024-03-24,CUST00333,Manufacturing Components,Services,Northeast,1020.45,700.22,320.23
SALE0001607,2026-07-02,CUST00344,Professional Services,Services,Northeast,1946.14,1361.57,584.57
SALE0001608,2024-12-27,CUST00193,Technology Hardware,Distribution,Southeast,4792.5,3554.17,1238.33
SALE0001609,2026-05-09,CUST00357,Industrial Equipment,Manufacturing,Southwest,2194.8,1493.32,701.48
SALE0001610,2025-01-14,CUST00228,Industrial Equipment,Manufacturing,Northeast,1554.0,1135.78,418.22
SALE0001611,2026-02-15,CUST00472,Technology Hardware,Manufacturing,Northeast,1517.64,810.94,706.7
SALE0001612,2026-04-15,CUST00156,Safety Equipment,Manufacturing,Southwest,707.75,448.74,259.01
SALE0001613,2025-01-06,CUST00253,Safety Equipment,Manufacturing,Southeast,3071.33,1416.0,1655.33
SALE0001614,2026-04-20,CUST00057,Maintenance Supplies,Services,West,1725.54,1106.99,618.55
SALE0001615,2025-05-20,CUST00100,Packaging Materials,Manufacturing,West,1622.48,813.09,809.39
SALE0001616,2024-05-11,CUST00066,Maintenance Supplies,Services,Southeast,12281.69,8275.3,4006.39
SALE0001617,2026-06-21,CUST00401,Maintenance Supplies,Manufacturing,Northeast,2163.0,1312.78,850.22
SALE0001618,2025-12-10,CUST00315,Maintenance Supplies,Services,West,1151.62,752.38,399.24
SALE0001619,2026-06-23,CUST00481,Office Equipment,Services,Northeast,1399.94,820.61,579.33
SALE0001620,2026-05-24,CUST00222,Office Equipment,Distribution,Northeast,3601.36,2634.86,966.5
SALE0001621,2025-11-27,CUST00254,Technology Hardware,Services,Northeast,1935.19,1171.74,763.45
SALE0001622,2026-06-24,CUST00025,Maintenance Supplies,Distribution,West,762.83,508.32,254.51
SALE0001623,2025-04-04,CUST00201,Safety Equipment,Distribution,Northeast,3138.62,1710.15,1428.47
SALE0001624,2026-06-20,CUST00013,Safety Equipment,Services,Southwest,1210.89,752.62,458.27
SALE0001625,2024-03-17,CUST00101,Packaging Materials,Distribution,Midwest,5563.48,4034.07,1529.41
SALE0001626,2024-03-05,CUST00050,Industrial Equipment,Distribution,Southwest,3456.56,2204.59,1251.97
SALE0001627,2026-04-07,CUST00409,Technology Hardware,Distribution,Southeast,1382.44,632.06,750.38
SALE0001628,2024-04-20,CUST00491,Technology Hardware,Manufacturing,Midwest,3899.52,2308.8,1590.72
SALE0001629,2025-06-16,CUST00484,Manufacturing Components,Services,West,1883.17,1296.06,587.11
SALE0001630,2025-03-25,CUST00321,Professional Services,Services,Northeast,3015.93,2048.51,967.42
SALE0001631,2024-03-28,CUST00470,Industrial Equipment,Distribution,Midwest,2418.35,1795.28,623.07
SALE0001632,2026-06-30,CUST00034,Packaging Materials,Manufacturing,Southwest,1088.1,766.36,321.74
SALE0001633,2024-02-26,CUST00321,Office Equipment,Manufacturing,Northeast,1228.89,664.14,564.75
SALE0001634,2025-11-24,CUST00027,Maintenance Supplies,Distribution,Southwest,3354.23,1565.54,1788.69
SALE0001635,2024-04-08,CUST00211,Safety Equipment,Services,West,1479.02,939.46,539.56
SALE0001636,2024-01-11,CUST00238,Office Equipment,Services,West,1419.15,831.66,587.49
SALE0001637,2024-04-13,CUST00481,Industrial Equipment,Distribution,West,1019.36,562.57,456.79
SALE0001638,2024-12-02,CUST00056,Manufacturing Components,Manufacturing,West,2331.25,1460.16,871.09
SALE0001639,2025-12-31,CUST00405,Safety Equipment,Services,Southeast,6232.39,2930.86,3301.53
SALE0001640,2025-10-14,CUST00182,Office Equipment,Distribution,West,952.87,574.27,378.6
SALE0001641,2025-03-31,CUST00071,Industrial Equipment,Manufacturing,Southeast,1834.51,927.85,906.66
SALE0001642,2024-11-15,CUST00263,Technology Hardware,Distribution,West,4218.91,2638.32,1580.59
SALE0001643,2026-06-25,CUST00075,Packaging Materials,Distribution,Midwest,1723.68,1055.48,668.2
SALE0001644,2025-09-09,CUST00189,Industrial Equipment,Services,West,2371.84,1311.32,1060.52
SALE0001645,2025-11-04,CUST00030,Safety Equipment,Services,West,955.81,624.61,331.2
SALE0001646,2026-05-29,CUST00177,Safety Equipment,Manufacturing,Southeast,2337.84,1090.33,1247.51
SALE0001647,2026-03-15,CUST00097,Professional Services,Services,Southwest,1616.01,760.37,855.64
SALE0001648,2025-09-06,CUST00437,Technology Hardware,Services,Midwest,3266.38,2148.38,1118.0
SALE0001649,2025-03-04,CUST00054,Professional Services,Manufacturing,Southwest,3686.5,2022.36,1664.14
SALE0001650,2024-08-12,CUST00328,Safety Equipment,Services,Southeast,8550.44,6207.5,2342.94
SALE0001651,2025-04-22,CUST00123,Professional Services,Services,Midwest,2560.04,1631.2,928.84
SALE0001652,2026-04-06,CUST00106,Office Equipment,Manufacturing,Northeast,2198.38,1477.37,721.01
SALE0001653,2025-01-06,CUST00184,Industrial Equipment,Services,Northeast,2031.7,920.29,1111.41
SALE0001654,2024-05-25,CUST00100,Technology Hardware,Manufacturing,Northeast,1462.79,785.77,677.02
SALE0001655,2024-07-22,CUST00090,Safety Equipment,Distribution,Southeast,2215.18,1128.3,1086.88
SALE0001656,2024-12-13,CUST00126,Packaging Materials,Manufacturing,Northeast,1514.38,1066.52,447.86
SALE0001657,2024-06-29,CUST00467,Manufacturing Components,Manufacturing,Southeast,2000.35,1405.97,594.38
SALE0001658,2025-01-23,CUST00454,Manufacturing Components,Distribution,Southeast,3986.06,2576.83,1409.23
SALE0001659,2024-11-08,CUST00190,Technology Hardware,Services,Southeast,988.39,580.05,408.34
SALE0001660,2026-08-21,CUST00410,Office Equipment,Services,Northeast,3582.9,2178.68,1404.22
SALE0001661,2024-05-01,CUST00474,Packaging Materials,Manufacturing,Southeast,3984.91,1965.87,2019.04
SALE0001662,2025-06-29,CUST00192,Technology Hardware,Services,Southwest,1684.39,949.08,735.31
SALE0001663,2025-10-13,CUST00024,Safety Equipment,Services,Midwest,506.18,264.92,241.26
SALE0001664,2026-03-19,CUST00127,Industrial Equipment,Services,Midwest,1255.52,620.94,634.58
SALE0001665,2026-06-12,CUST00261,Professional Services,Manufacturing,Northeast,3937.09,1921.05,2016.04
SALE0001666,2026-03-14,CUST00340,Manufacturing Components,Manufacturing,West,1783.4,1054.35,729.05
SALE0001667,2025-02-01,CUST00331,Technology Hardware,Distribution,West,992.69,670.46,322.23
SALE0001668,2025-04-20,CUST00365,Technology Hardware,Services,Southwest,1335.6,672.74,662.86
SALE0001669,2026-01-02,CUST00243,Maintenance Supplies,Services,Southwest,2994.02,2205.77,788.25
SALE0001670,2025-10-15,CUST00299,Industrial Equipment,Manufacturing,Southeast,2510.01,1823.16,686.85
SALE0001671,2026-07-05,CUST00442,Safety Equipment,Distribution,Southeast,1566.57,800.36,766.21
SALE0001672,2024-11-09,CUST00194,Packaging Materials,Distribution,Midwest,1450.85,837.88,612.97
SALE0001673,2025-07-17,CUST00385,Manufacturing Components,Distribution,Southwest,1429.31,679.53,749.78
SALE0001674,2025-06-15,CUST00299,Industrial Equipment,Distribution,West,1039.56,577.45,462.11
SALE0001675,2025-09-28,CUST00231,Professional Services,Distribution,Southwest,4765.82,2625.55,2140.27
SALE0001676,2025-01-11,CUST00163,Maintenance Supplies,Distribution,Northeast,1490.11,1030.19,459.92
SALE0001677,2024-07-02,CUST00136,Manufacturing Components,Distribution,Northeast,3752.94,2186.11,1566.83
SALE0001678,2024-10-28,CUST00263,Manufacturing Components,Distribution,Southeast,4504.31,3165.54,1338.77
SALE0001679,2024-04-10,CUST00185,Industrial Equipment,Services,Southeast,3291.13,1598.09,1693.04
SALE0001680,2024-12-07,CUST00169,Maintenance Supplies,Distribution,Midwest,1395.53,710.32,685.21
SALE0001681,2024-07-14,CUST00071,Maintenance Supplies,Manufacturing,Midwest,2303.62,1524.29,779.33
SALE0001682,2024-10-15,CUST00401,Office Equipment,Distribution,West,1781.98,1241.49,540.49
SALE0001683,2026-02-14,CUST00242,Packaging Materials,Distribution,Southeast,1051.3,679.76,371.54
SALE0001684,2024-08-20,CUST00108,Professional Services,Manufacturing,West,2196.49,1465.06,731.43
SALE0001685,2025-08-24,CUST00388,Professional Services,Services,Southwest,891.21,611.19,280.02
SALE0001686,2024-12-14,CUST00161,Safety Equipment,Distribution,Southwest,3687.14,2535.18,1151.96
SALE0001687,2024-08-02,CUST00437,Industrial Equipment,Distribution,Southeast,1368.17,795.73,572.44
SALE0001688,2025-08-14,CUST00157,Industrial Equipment,Distribution,Midwest,2039.98,1452.72,587.26
SALE0001689,2024-12-13,CUST00218,Office Equipment,Services,West,2143.02,1109.33,1033.69
SALE0001690,2024-11-02,CUST00012,Industrial Equipment,Manufacturing,Southeast,1547.9,847.98,699.92
SALE0001691,2024-12-04,CUST00410,Office Equipment,Distribution,Southeast,2570.91,1595.14,975.77
SALE0001692,2026-08-29,CUST00274,Office Equipment,Manufacturing,Southwest,1359.75,771.24,588.51
SALE0001693,2024-04-21,CUST00493,Professional Services,Services,Midwest,3049.64,1673.19,1376.45
SALE0001694,2024-04-05,CUST00346,Packaging Materials,Manufacturing,West,806.26,404.28,401.98
SALE0001695,2025-05-15,CUST00102,Manufacturing Components,Distribution,Midwest,1950.47,893.42,1057.05
SALE0001696,2024-07-29,CUST00338,Manufacturing Components,Distribution,Northeast,5786.93,3008.69,2778.24
SALE0001697,2025-01-12,CUST00088,Technology Hardware,Distribution,Southwest,992.08,600.76,391.32
SALE0001698,2024-06-09,CUST00067,Office Equipment,Distribution,Northeast,1203.94,899.2,304.74
SALE0001699,2025-02-02,CUST00444,Safety Equipment,Manufacturing,Southeast,2461.05,1812.63,648.42
SALE0001700,2024-11-13,CUST00364,Professional Services,Manufacturing,West,2013.74,1167.28,846.46
SALE0001701,2025-08-11,CUST00301,Safety Equipment,Services,Southwest,2231.39,1632.81,598.58
SALE0001702,2024-10-09,CUST00074,Professional Services,Manufacturing,Southwest,2424.82,1237.9,1186.92
SALE0001703,2025-09-11,CUST00270,Technology Hardware,Services,Southwest,2646.08,1831.8,814.28
SALE0001704,2025-04-16,CUST00021,Manufacturing Components,Distribution,Southwest,3518.61,2071.79,1446.82
SALE0001705,2024-12-21,CUST00365,Maintenance Supplies,Distribution,West,2312.05,1526.17,785.88
SALE0001706,2026-04-23,CUST00090,Office Equipment,Manufacturing,Southeast,1564.38,1084.11,480.27
SALE0001707,2026-07-10,CUST00222,Professional Services,Distribution,Southeast,2706.86,1719.72,987.14
SALE0001708,2025-12-16,CUST00202,Industrial Equipment,Manufacturing,Southeast,5652.93,3508.12,2144.81
SALE0001709,2024-10-07,CUST00276,Maintenance Supplies,Services,Northeast,1669.73,1193.47,476.26
SALE0001710,2025-12-15,CUST00462,Safety Equipment,Distribution,Southwest,1007.56,673.01,334.55
SALE0001711,2026-02-19,CUST00189,Manufacturing Components,Manufacturing,West,3513.08,2163.52,1349.56
SALE0001712,2026-02-23,CUST00210,Professional Services,Manufacturing,Midwest,1682.05,1150.28,531.77
SALE0001713,2024-07-31,CUST00237,Industrial Equipment,Manufacturing,Southwest,490.98,295.48,195.5
SALE0001714,2025-01-25,CUST00205,Safety Equipment,Distribution,Northeast,3006.26,1662.75,1343.51
SALE0001715,2024-01-11,CUST00364,Packaging Materials,Distribution,Southwest,1311.34,688.69,622.65
SALE0001716,2025-05-11,CUST00043,Safety Equipment,Services,Southwest,1712.45,1007.62,704.83
SALE0001717,2024-05-23,CUST00143,Packaging Materials,Manufacturing,Northeast,2206.56,1304.6,901.96
SALE0001718,2025-09-13,CUST00151,Manufacturing Components,Services,Southwest,2026.97,973.26,1053.71
SALE0001719,2024-06-21,CUST00391,Industrial Equipment,Services,Midwest,2767.42,1309.75,1457.67
SALE0001720,2024-06-06,CUST00092,Safety Equipment,Services,Northeast,1392.29,810.59,581.7
SALE0001721,2026-07-03,CUST00111,Professional Services,Services,Northeast,2459.87,1605.1,854.77
SALE0001722,2026-05-06,CUST00268,Manufacturing Components,Distribution,Midwest,1547.31,990.95,556.36
SALE0001723,2025-03-30,CUST00003,Industrial Equipment,Distribution,Southeast,2816.6,1311.76,1504.84
SALE0001724,2026-08-09,CUST00466,Safety Equipment,Manufacturing,Northeast,2615.53,1372.92,1242.61
SALE0001725,2024-01-17,CUST00008,Technology Hardware,Manufacturing,Northeast,1031.47,594.65,436.82
SALE0001726,2024-08-13,CUST00050,Packaging Materials,Services,Southeast,3468.89,2558.74,910.15
SALE0001727,2024-02-15,CUST00056,Technology Hardware,Distribution,West,1310.84,753.34,557.5
SALE0001728,2025-10-03,CUST00107,Office Equipment,Distribution,Northeast,2936.09,1488.2,1447.89
SALE0001729,2024-08-25,CUST00183,Technology Hardware,Manufacturing,Northeast,2253.8,1158.76,1095.04
SALE0001730,2025-02-15,CUST00007,Office Equipment,Manufacturing,Southwest,5447.49,3520.16,1927.33
SALE0001731,2024-08-13,CUST00418,Maintenance Supplies,Services,West,1581.17,742.84,838.33
SALE0001732,2025-01-12,CUST00454,Safety Equipment,Distribution,Midwest,1466.17,679.1,787.07
SALE0001733,2026-02-24,CUST00053,Packaging Materials,Distribution,Northeast,1787.1,1125.27,661.83
SALE0001734,2025-09-06,CUST00324,Office Equipment,Services,Southeast,1507.33,824.97,682.36
SALE0001735,2024-12-06,CUST00390,Technology Hardware,Services,Southwest,2921.83,1468.51,1453.32
SALE0001736,2024-03-10,CUST00312,Professional Services,Distribution,West,685.54,377.41,308.13
SALE0001737,2025-10-17,CUST00258,Industrial Equipment,Manufacturing,Northeast,960.82,646.19,314.63
SALE0001738,2025-09-23,CUST00064,Maintenance Supplies,Manufacturing,Southwest,952.72,645.64,307.08
SALE0001739,2026-02-14,CUST00041,Industrial Equipment,Manufacturing,Midwest,3197.69,1672.6,1525.09
SALE0001740,2025-05-25,CUST00078,Office Equipment,Manufacturing,Northeast,5046.09,2719.76,2326.33
SALE0001741,2024-08-31,CUST00307,Professional Services,Services,Midwest,1698.21,1234.64,463.57
SALE0001742,2024-05-17,CUST00330,Industrial Equipment,Services,Southwest,1633.87,871.57,762.3
SALE0001743,2025-10-25,CUST00385,Industrial Equipment,Manufacturing,Midwest,1885.66,1308.3,577.36
SALE0001744,2024-12-16,CUST00277,Industrial Equipment,Services,Southeast,3630.5,1897.57,1732.93
SALE0001745,2026-03-31,CUST00369,Safety Equipment,Services,Southwest,1036.48,680.14,356.34
SALE0001746,2025-06-17,CUST00227,Industrial Equipment,Manufacturing,Southwest,2086.04,1140.0,946.04
SALE0001747,2024-03-12,CUST00027,Packaging Materials,Manufacturing,Southeast,3245.8,2389.23,856.57
SALE0001748,2024-04-03,CUST00282,Safety Equipment,Manufacturing,West,2442.2,1226.24,1215.96
SALE0001749,2024-03-21,CUST00240,Maintenance Supplies,Manufacturing,Southeast,2025.86,1170.69,855.17
SALE0001750,2024-09-07,CUST00311,Safety Equipment,Distribution,Midwest,3296.54,1902.78,1393.76
SALE0001751,2025-08-13,CUST00326,Safety Equipment,Distribution,Southwest,357.12,208.73,148.39
SALE0001752,2024-03-22,CUST00185,Office Equipment,Distribution,Southeast,2715.48,1996.7,718.78
SALE0001753,2025-04-27,CUST00259,Office Equipment,Manufacturing,Southwest,1221.16,711.22,509.94
SALE0001754,2024-01-21,CUST00219,Manufacturing Components,Distribution,West,602.82,409.06,193.76
SALE0001755,2025-07-04,CUST00373,Packaging Materials,Distribution,Southwest,2457.06,1218.31,1238.75
SALE0001756,2025-04-19,CUST00146,Office Equipment,Services,West,4122.42,2233.34,1889.08
SALE0001757,2025-05-07,CUST00070,Professional Services,Manufacturing,Southeast,1664.92,785.15,879.77
SALE0001758,2026-07-27,CUST00007,Technology Hardware,Distribution,Southwest,3202.62,1623.37,1579.25
SALE0001759,2026-08-05,CUST00203,Technology Hardware,Distribution,Southwest,4756.97,2734.05,2022.92
SALE0001760,2024-11-11,CUST00302,Manufacturing Components,Distribution,Northeast,3979.65,2556.19,1423.46
SALE0001761,2026-08-01,CUST00478,Packaging Materials,Manufacturing,Southwest,4836.66,2357.11,2479.55
SALE0001762,2024-09-18,CUST00385,Technology Hardware,Services,Southwest,2822.21,1923.0,899.21
SALE0001763,2025-10-12,CUST00357,Industrial Equipment,Services,Southwest,1891.75,1242.02,649.73
SALE0001764,2026-08-06,CUST00127,Safety Equipment,Distribution,Northeast,691.47,399.12,292.35
SALE0001765,2026-08-01,CUST00324,Industrial Equipment,Services,Southeast,1559.88,1082.46,477.42
SALE0001766,2024-09-24,CUST00484,Packaging Materials,Distribution,Southeast,1090.13,688.56,401.57
SALE0001767,2025-09-08,CUST00340,Packaging Materials,Manufacturing,Northeast,6651.29,4147.1,2504.19
SALE0001768,2026-02-28,CUST00365,Office Equipment,Distribution,West,1626.96,777.19,849.77
SALE0001769,2026-07-11,CUST00466,Safety Equipment,Distribution,Southeast,1946.76,922.97,1023.79
SALE0001770,2026-04-29,CUST00355,Maintenance Supplies,Services,West,2517.17,1455.08,1062.09
SALE0001771,2025-11-05,CUST00301,Maintenance Supplies,Services,Southwest,1855.97,1328.87,527.1
SALE0001772,2026-02-09,CUST00373,Manufacturing Components,Manufacturing,West,4999.19,3564.02,1435.17
SALE0001773,2026-03-06,CUST00417,Packaging Materials,Distribution,Southeast,1244.4,857.72,386.68
SALE0001774,2026-08-10,CUST00358,Maintenance Supplies,Manufacturing,Southeast,2031.98,1370.54,661.44
SALE0001775,2026-04-15,CUST00050,Manufacturing Components,Services,Southwest,1158.08,691.97,466.11
SALE0001776,2025-06-21,CUST00148,Office Equipment,Manufacturing,Southeast,818.92,470.92,348.0
SALE0001777,2025-01-18,CUST00069,Safety Equipment,Distribution,Southeast,1252.55,633.69,618.86
SALE0001778,2025-05-29,CUST00231,Safety Equipment,Manufacturing,Southeast,1768.31,1298.9,469.41
SALE0001779,2024-03-01,CUST00415,Safety Equipment,Distribution,Southwest,1397.47,943.26,454.21
SALE0001780,2025-03-27,CUST00320,Manufacturing Components,Services,Southeast,1193.38,761.44,431.94
SALE0001781,2024-03-22,CUST00194,Manufacturing Components,Distribution,Northeast,777.6,418.3,359.3
SALE0001782,2024-12-16,CUST00121,Professional Services,Distribution,Northeast,1720.1,789.35,930.75
SALE0001783,2024-01-10,CUST00385,Industrial Equipment,Services,West,733.02,343.29,389.73
SALE0001784,2026-03-19,CUST00050,Safety Equipment,Services,Northeast,2852.74,2128.96,723.78
SALE0001785,2025-01-19,CUST00493,Maintenance Supplies,Distribution,Southwest,1899.72,1198.52,701.2
SALE0001786,2026-02-14,CUST00220,Technology Hardware,Distribution,Midwest,754.06,415.57,338.49
SALE0001787,2024-11-18,CUST00482,Technology Hardware,Services,Southwest,1501.88,1043.89,457.99
SALE0001788,2025-01-22,CUST00500,Technology Hardware,Distribution,Northeast,1151.37,729.1,422.27
SALE0001789,2024-01-04,CUST00358,Office Equipment,Services,Southeast,2189.67,1285.5,904.17
SALE0001790,2024-01-27,CUST00445,Maintenance Supplies,Services,Southeast,4041.09,2548.2,1492.89
SALE0001791,2025-01-12,CUST00352,Professional Services,Services,Southwest,586.92,343.69,243.23
SALE0001792,2025-11-07,CUST00327,Technology Hardware,Manufacturing,Midwest,1937.23,980.98,956.25
SALE0001793,2026-06-13,CUST00414,Technology Hardware,Services,Southwest,1642.41,761.63,880.78
SALE0001794,2024-08-27,CUST00205,Manufacturing Components,Distribution,Southwest,2704.86,1709.55,995.31
SALE0001795,2026-08-19,CUST00477,Professional Services,Services,Northeast,2054.77,1498.84,555.93
SALE0001796,2026-01-21,CUST00311,Safety Equipment,Services,Southeast,1151.5,651.12,500.38
SALE0001797,2026-06-09,CUST00293,Industrial Equipment,Manufacturing,Southwest,1493.04,904.81,588.23
SALE0001798,2026-03-26,CUST00427,Professional Services,Manufacturing,Southwest,1121.46,533.96,587.5
SALE0001799,2024-04-28,CUST00277,Safety Equipment,Manufacturing,Southeast,3448.19,2050.47,1397.72
SALE0001800,2024-06-23,CUST00338,Manufacturing Components,Manufacturing,Southwest,1831.31,1237.92,593.39
SALE0001801,2026-01-02,CUST00476,Technology Hardware,Distribution,Midwest,5657.37,2595.41,3061.96
SALE0001802,2024-08-13,CUST00341,Professional Services,Services,Northeast,1743.42,1160.69,582.73
SALE0001803,2025-11-12,CUST00274,Professional Services,Manufacturing,Midwest,1181.99,580.03,601.96
SALE0001804,2026-06-11,CUST00295,Manufacturing Components,Services,Midwest,729.07,377.03,352.04
SALE0001805,2025-01-21,CUST00381,Office Equipment,Services,West,612.85,443.12,169.73
SALE0001806,2026-05-26,CUST00120,Safety Equipment,Distribution,Northeast,698.91,406.13,292.78
SALE0001807,2024-10-24,CUST00046,Technology Hardware,Services,West,2122.34,1010.88,1111.46
SALE0001808,2026-08-17,CUST00483,Manufacturing Components,Services,Midwest,2453.41,1242.52,1210.89
SALE0001809,2024-05-10,CUST00489,Office Equipment,Services,Northeast,700.14,494.3,205.84
SALE0001810,2024-11-14,CUST00275,Safety Equipment,Distribution,Southwest,3093.39,1449.46,1643.93
SALE0001811,2024-11-23,CUST00409,Packaging Materials,Services,West,1353.11,921.99,431.12
SALE0001812,2025-08-27,CUST00203,Industrial Equipment,Services,Southwest,1974.51,1020.12,954.39
SALE0001813,2024-11-19,CUST00483,Maintenance Supplies,Manufacturing,Southwest,4756.81,2347.06,2409.75
SALE0001814,2025-11-27,CUST00308,Maintenance Supplies,Manufacturing,Northeast,3096.73,1816.96,1279.77
SALE0001815,2025-09-05,CUST00258,Manufacturing Components,Distribution,West,1538.99,840.35,698.64
SALE0001816,2025-05-04,CUST00111,Professional Services,Distribution,Southwest,1059.22,677.18,382.04
SALE0001817,2024-03-01,CUST00171,Packaging Materials,Services,Southeast,497.16,370.06,127.1
SALE0001818,2026-05-18,CUST00415,Safety Equipment,Services,Northeast,1174.39,786.6,387.79
SALE0001819,2026-08-03,CUST00092,Professional Services,Services,Southwest,1592.92,1130.38,462.54
SALE0001820,2024-11-02,CUST00338,Packaging Materials,Manufacturing,West,999.94,745.27,254.67
SALE0001821,2025-02-05,CUST00348,Professional Services,Distribution,Southwest,1671.11,921.15,749.96
SALE0001822,2025-02-04,CUST00373,Maintenance Supplies,Distribution,Southeast,1893.37,892.81,1000.56
SALE0001823,2025-12-18,CUST00202,Manufacturing Components,Manufacturing,Midwest,1579.85,1116.76,463.09
SALE0001824,2026-02-09,CUST00444,Industrial Equipment,Services,Midwest,1224.15,841.46,382.69
SALE0001825,2025-04-13,CUST00296,Packaging Materials,Distribution,Southwest,2000.58,1293.16,707.42
SALE0001826,2024-10-25,CUST00108,Safety Equipment,Services,Southeast,2357.05,1695.11,661.94
SALE0001827,2026-01-22,CUST00186,Manufacturing Components,Services,Southeast,939.89,606.58,333.31
SALE0001828,2025-01-20,CUST00219,Packaging Materials,Manufacturing,Northeast,4215.65,3099.01,1116.64
SALE0001829,2024-12-30,CUST00092,Industrial Equipment,Manufacturing,West,1704.19,1264.93,439.26
SALE0001830,2025-10-27,CUST00223,Packaging Materials,Services,Southwest,1828.61,1008.56,820.05
SALE0001831,2024-09-07,CUST00124,Office Equipment,Distribution,Midwest,2765.37,1272.62,1492.75
SALE0001832,2025-12-05,CUST00089,Office Equipment,Services,Northeast,2079.6,1307.75,771.85
SALE0001833,2026-03-07,CUST00419,Office Equipment,Distribution,Southwest,3203.12,1886.96,1316.16
SALE0001834,2025-01-11,CUST00060,Manufacturing Components,Manufacturing,Southwest,2147.96,974.06,1173.9
SALE0001835,2025-10-18,CUST00261,Safety Equipment,Manufacturing,West,1252.05,814.63,437.42
SALE0001836,2025-08-09,CUST00246,Maintenance Supplies,Services,Northeast,2245.99,1675.97,570.02
SALE0001837,2026-03-24,CUST00197,Professional Services,Services,Southwest,910.29,571.54,338.75
SALE0001838,2024-11-01,CUST00051,Technology Hardware,Manufacturing,West,1929.73,1199.19,730.54
SALE0001839,2024-07-08,CUST00359,Industrial Equipment,Distribution,West,1772.35,1013.07,759.28
SALE0001840,2026-04-17,CUST00416,Professional Services,Manufacturing,West,1595.8,974.91,620.89
SALE0001841,2026-05-07,CUST00366,Manufacturing Components,Manufacturing,Northeast,1673.84,1046.85,626.99
SALE0001842,2024-07-04,CUST00356,Packaging Materials,Manufacturing,West,584.58,414.23,170.35
SALE0001843,2025-04-02,CUST00063,Industrial Equipment,Manufacturing,West,1300.84,897.78,403.06
SALE0001844,2024-07-30,CUST00045,Maintenance Supplies,Manufacturing,Northeast,1911.62,1234.51,677.11
SALE0001845,2024-05-07,CUST00187,Packaging Materials,Distribution,Northeast,1990.05,1197.7,792.35
SALE0001846,2024-09-11,CUST00485,Maintenance Supplies,Services,West,975.93,527.18,448.75
SALE0001847,2025-03-31,CUST00252,Technology Hardware,Services,Midwest,3863.87,1900.86,1963.01
SALE0001848,2025-09-12,CUST00108,Manufacturing Components,Services,Northeast,1075.24,657.47,417.77
SALE0001849,2024-08-30,CUST00073,Maintenance Supplies,Manufacturing,Southeast,3234.64,1491.23,1743.41
SALE0001850,2025-09-08,CUST00303,Technology Hardware,Distribution,Southeast,2336.28,1438.26,898.02
SALE0001851,2026-01-16,CUST00039,Maintenance Supplies,Distribution,Southwest,1226.92,781.17,445.75
SALE0001852,2025-10-27,CUST00205,Professional Services,Manufacturing,Midwest,5245.82,3782.75,1463.07
SALE0001853,2025-11-23,CUST00356,Packaging Materials,Services,Southeast,883.44,510.28,373.16
SALE0001854,2024-03-13,CUST00138,Safety Equipment,Services,Midwest,3138.48,2005.08,1133.4
SALE0001855,2025-07-31,CUST00421,Packaging Materials,Distribution,Southeast,3295.62,2132.91,1162.71
SALE0001856,2024-11-19,CUST00223,Office Equipment,Manufacturing,West,1209.1,904.09,305.01
SALE0001857,2024-09-10,CUST00064,Manufacturing Components,Services,West,4169.2,1973.1,2196.1
SALE0001858,2025-02-20,CUST00328,Manufacturing Components,Distribution,Midwest,1556.15,731.06,825.09
SALE0001859,2026-03-07,CUST00445,Safety Equipment,Distribution,Northeast,2149.99,1143.74,1006.25
SALE0001860,2024-04-10,CUST00497,Safety Equipment,Distribution,Northeast,2113.7,1190.32,923.38
SALE0001861,2026-03-12,CUST00090,Maintenance Supplies,Services,Southwest,1668.06,1213.83,454.23
SALE0001862,2024-04-07,CUST00359,Maintenance Supplies,Services,Midwest,2940.94,1790.11,1150.83
SALE0001863,2025-09-14,CUST00025,Packaging Materials,Distribution,Southwest,2910.54,1396.24,1514.3
SALE0001864,2024-07-04,CUST00380,Office Equipment,Distribution,West,633.26,350.54,282.72
SALE0001865,2024-05-10,CUST00352,Packaging Materials,Services,Southeast,3954.48,2086.85,1867.63
SALE0001866,2024-05-26,CUST00377,Maintenance Supplies,Manufacturing,Midwest,666.81,375.84,290.97
SALE0001867,2025-12-25,CUST00348,Office Equipment,Services,Southwest,3359.43,2295.36,1064.07
SALE0001868,2024-07-06,CUST00182,Professional Services,Services,Midwest,3554.69,2067.72,1486.97
SALE0001869,2024-10-09,CUST00267,Safety Equipment,Distribution,Northeast,939.57,691.32,248.25
SALE0001870,2026-08-28,CUST00395,Technology Hardware,Manufacturing,Northeast,1413.06,765.45,647.61
SALE0001871,2024-03-19,CUST00484,Manufacturing Components,Manufacturing,West,931.3,623.03,308.27
SALE0001872,2024-02-28,CUST00147,Professional Services,Manufacturing,Southwest,1589.3,755.51,833.79
SALE0001873,2025-11-24,CUST00375,Packaging Materials,Distribution,Southwest,1502.94,905.68,597.26
SALE0001874,2025-06-11,CUST00347,Manufacturing Components,Distribution,Northeast,2886.49,1892.2,994.29
SALE0001875,2025-09-23,CUST00426,Industrial Equipment,Services,Southwest,3968.67,2012.33,1956.34
SALE0001876,2025-12-20,CUST00177,Safety Equipment,Services,West,4177.26,2549.37,1627.89
SALE0001877,2025-12-01,CUST00311,Professional Services,Manufacturing,West,1290.39,816.5,473.89
SALE0001878,2026-07-14,CUST00039,Technology Hardware,Manufacturing,West,1594.74,825.31,769.43
SALE0001879,2024-12-27,CUST00217,Professional Services,Distribution,Southeast,658.48,484.47,174.01
SALE0001880,2025-01-17,CUST00174,Safety Equipment,Services,Northeast,1114.85,826.01,288.84
SALE0001881,2024-10-24,CUST00151,Maintenance Supplies,Manufacturing,Northeast,3225.72,1741.09,1484.63
SALE0001882,2026-01-25,CUST00202,Safety Equipment,Distribution,West,4766.41,3047.42,1718.99
SALE0001883,2026-04-25,CUST00479,Professional Services,Services,Southwest,862.12,619.02,243.1
SALE0001884,2024-02-28,CUST00316,Professional Services,Distribution,Midwest,1267.14,705.45,561.69
SALE0001885,2024-12-28,CUST00180,Packaging Materials,Distribution,Midwest,1779.62,858.04,921.58
SALE0001886,2024-01-10,CUST00252,Safety Equipment,Manufacturing,West,2139.01,1027.58,1111.43
SALE0001887,2025-06-10,CUST00211,Manufacturing Components,Distribution,Northeast,1112.36,800.4,311.96
SALE0001888,2024-06-08,CUST00129,Safety Equipment,Distribution,Southwest,2331.9,1587.64,744.26
SALE0001889,2025-01-18,CUST00220,Packaging Materials,Services,Midwest,1360.62,734.44,626.18
SALE0001890,2024-04-21,CUST00337,Professional Services,Manufacturing,Southeast,1792.43,1338.61,453.82
SALE0001891,2024-12-28,CUST00003,Technology Hardware,Services,Southeast,2509.33,1691.61,817.72
SALE0001892,2024-04-23,CUST00021,Packaging Materials,Distribution,Southwest,1815.02,919.98,895.04
SALE0001893,2026-01-31,CUST00017,Packaging Materials,Services,Southeast,1391.54,764.46,627.08
SALE0001894,2026-08-29,CUST00341,Maintenance Supplies,Manufacturing,Southwest,1692.96,1005.26,687.7
SALE0001895,2025-05-15,CUST00410,Packaging Materials,Distribution,Southwest,1714.68,1054.59,660.09
SALE0001896,2025-05-28,CUST00380,Office Equipment,Manufacturing,Northeast,1448.08,967.03,481.05
SALE0001897,2024-04-20,CUST00065,Packaging Materials,Distribution,West,1548.01,1064.74,483.27
SALE0001898,2024-01-14,CUST00122,Industrial Equipment,Services,Midwest,4718.23,3209.41,1508.82
SALE0001899,2025-03-15,CUST00378,Industrial Equipment,Distribution,Southwest,2531.46,1880.7,650.76
SALE0001900,2024-10-23,CUST00043,Office Equipment,Manufacturing,West,1514.3,809.65,704.65
SALE0001901,2024-06-05,CUST00096,Safety Equipment,Distribution,Northeast,2746.75,1836.96,909.79
SALE0001902,2026-06-03,CUST00359,Safety Equipment,Services,Southwest,1479.87,782.94,696.93
SALE0001903,2024-07-22,CUST00401,Manufacturing Components,Services,West,3655.09,2164.43,1490.66
SALE0001904,2025-09-17,CUST00438,Packaging Materials,Manufacturing,Northeast,2256.99,1138.33,1118.66
SALE0001905,2024-05-15,CUST00141,Safety Equipment,Manufacturing,Southwest,1695.31,966.98,728.33
SALE0001906,2024-01-19,CUST00047,Industrial Equipment,Distribution,Southwest,2365.23,1501.78,863.45
SALE0001907,2025-06-21,CUST00325,Safety Equipment,Manufacturing,Midwest,704.49,381.79,322.7
SALE0001908,2025-03-12,CUST00262,Office Equipment,Services,Northeast,919.6,546.02,373.58
SALE0001909,2024-11-07,CUST00187,Maintenance Supplies,Distribution,Southwest,883.28,426.64,456.64
SALE0001910,2024-09-09,CUST00025,Packaging Materials,Manufacturing,Northeast,1969.95,1075.5,894.45
SALE0001911,2024-02-23,CUST00165,Safety Equipment,Distribution,Southwest,5112.83,3313.77,1799.06
SALE0001912,2024-10-13,CUST00052,Office Equipment,Manufacturing,Midwest,6896.57,4983.08,1913.49
SALE0001913,2026-08-29,CUST00172,Maintenance Supplies,Manufacturing,Northeast,2651.37,1583.89,1067.48
SALE0001914,2025-11-16,CUST00283,Packaging Materials,Distribution,Midwest,2441.84,1108.84,1333.0
SALE0001915,2026-01-29,CUST00381,Technology Hardware,Manufacturing,Midwest,613.61,425.24,188.37
SALE0001916,2024-08-03,CUST00045,Manufacturing Components,Manufacturing,West,1305.57,816.37,489.2
SALE0001917,2024-05-03,CUST00496,Safety Equipment,Manufacturing,Southwest,1127.02,521.03,605.99
SALE0001918,2026-08-05,CUST00483,Technology Hardware,Distribution,Southwest,1245.75,597.45,648.3
SALE0001919,2026-02-18,CUST00370,Packaging Materials,Manufacturing,Southeast,1634.54,834.6,799.94
SALE0001920,2024-07-15,CUST00365,Maintenance Supplies,Services,Midwest,1362.05,783.81,578.24
SALE0001921,2026-07-05,CUST00323,Manufacturing Components,Distribution,Northeast,551.38,308.66,242.72
SALE0001922,2025-05-09,CUST00477,Industrial Equipment,Manufacturing,West,2832.02,1630.4,1201.62
SALE0001923,2024-10-07,CUST00067,Maintenance Supplies,Manufacturing,West,949.9,626.0,323.9
SALE0001924,2024-03-03,CUST00356,Safety Equipment,Services,Southwest,2087.14,1436.61,650.53
SALE0001925,2025-05-21,CUST00446,Manufacturing Components,Manufacturing,Southwest,6275.76,4113.19,2162.57
SALE0001926,2026-02-07,CUST00288,Office Equipment,Distribution,West,1041.45,627.77,413.68
SALE0001927,2024-10-05,CUST00002,Packaging Materials,Services,Southeast,396.16,202.86,193.3
SALE0001928,2025-08-29,CUST00451,Professional Services,Services,West,1522.94,1003.64,519.3
SALE0001929,2024-09-22,CUST00113,Maintenance Supplies,Services,Midwest,3500.2,1893.69,1606.51
SALE0001930,2025-07-19,CUST00115,Industrial Equipment,Services,Southeast,5854.75,2843.83,3010.92
SALE0001931,2024-10-25,CUST00076,Maintenance Supplies,Manufacturing,Midwest,864.6,399.21,465.39
SALE0001932,2026-06-13,CUST00329,Safety Equipment,Manufacturing,West,2435.77,1673.83,761.94
SALE0001933,2024-04-28,CUST00178,Technology Hardware,Distribution,Northeast,1367.6,615.99,751.61
SALE0001934,2026-08-27,CUST00282,Maintenance Supplies,Services,Southeast,1696.68,1122.59,574.09
SALE0001935,2025-02-22,CUST00151,Technology Hardware,Manufacturing,Northeast,8836.15,6357.62,2478.53
SALE0001936,2026-04-23,CUST00375,Maintenance Supplies,Manufacturing,Midwest,733.79,408.46,325.33
SALE0001937,2024-01-17,CUST00445,Manufacturing Components,Services,Southwest,2105.36,1286.83,818.53
SALE0001938,2026-08-26,CUST00446,Safety Equipment,Distribution,Southeast,2393.75,1546.72,847.03
SALE0001939,2024-11-28,CUST00298,Office Equipment,Manufacturing,Southwest,3468.48,1840.51,1627.97
SALE0001940,2024-08-25,CUST00223,Technology Hardware,Manufacturing,Southwest,1917.52,1282.71,634.81
SALE0001941,2024-04-05,CUST00236,Packaging Materials,Manufacturing,Southeast,2175.1,1302.42,872.68
SALE0001942,2025-08-06,CUST00374,Packaging Materials,Services,Midwest,1429.4,853.57,575.83
SALE0001943,2024-01-22,CUST00454,Packaging Materials,Distribution,West,2124.89,1153.92,970.97
SALE0001944,2024-07-11,CUST00037,Office Equipment,Manufacturing,Southwest,1471.57,692.87,778.7
SALE0001945,2026-07-19,CUST00207,Manufacturing Components,Services,West,2625.28,1689.46,935.82
SALE0001946,2024-05-20,CUST00414,Industrial Equipment,Services,Northeast,1448.43,967.59,480.84
SALE0001947,2025-01-21,CUST00057,Industrial Equipment,Services,Northeast,2267.11,1281.36,985.75
SALE0001948,2024-05-15,CUST00043,Maintenance Supplies,Manufacturing,West,1776.57,931.82,844.75
SALE0001949,2024-01-14,CUST00005,Manufacturing Components,Services,Midwest,3553.29,2443.67,1109.62
SALE0001950,2026-05-23,CUST00104,Packaging Materials,Distribution,West,1753.14,1160.99,592.15
SALE0001951,2026-07-02,CUST00084,Maintenance Supplies,Distribution,Southwest,624.02,363.99,260.03
SALE0001952,2024-06-07,CUST00279,Maintenance Supplies,Services,West,3855.1,2016.77,1838.33
SALE0001953,2024-05-06,CUST00023,Manufacturing Components,Services,Midwest,1050.02,479.19,570.83
SALE0001954,2024-04-15,CUST00429,Office Equipment,Manufacturing,Northeast,1221.38,737.06,484.32
SALE0001955,2026-07-23,CUST00117,Office Equipment,Distribution,Southeast,1264.72,654.23,610.49
SALE0001956,2024-12-27,CUST00116,Office Equipment,Services,Northeast,4124.35,2666.84,1457.51
SALE0001957,2025-05-18,CUST00057,Safety Equipment,Manufacturing,Midwest,502.0,251.44,250.56
SALE0001958,2024-12-31,CUST00171,Manufacturing Components,Distribution,Northeast,11880.45,5618.11,6262.34
SALE0001959,2026-07-06,CUST00078,Packaging Materials,Distribution,West,3407.16,1577.53,1829.63
SALE0001960,2024-12-08,CUST00348,Office Equipment,Manufacturing,Midwest,2067.19,1302.09,765.1
SALE0001961,2025-10-01,CUST00179,Manufacturing Components,Distribution,Southwest,1749.46,1216.34,533.12
SALE0001962,2025-11-08,CUST00136,Manufacturing Components,Manufacturing,Southeast,2145.94,1203.3,942.64
SALE0001963,2026-03-07,CUST00164,Packaging Materials,Distribution,Southwest,2471.73,1598.61,873.12
SALE0001964,2026-01-08,CUST00500,Professional Services,Manufacturing,Northeast,2662.79,1834.81,827.98
SALE0001965,2025-08-14,CUST00373,Maintenance Supplies,Manufacturing,Northeast,2523.4,1459.12,1064.28
SALE0001966,2024-11-26,CUST00094,Office Equipment,Distribution,Midwest,1907.88,1427.92,479.96
SALE0001967,2025-05-21,CUST00356,Office Equipment,Services,Midwest,1606.15,926.99,679.16
SALE0001968,2024-05-21,CUST00335,Safety Equipment,Distribution,Southwest,1651.16,1140.36,510.8
SALE0001969,2025-07-16,CUST00274,Professional Services,Services,West,1608.5,963.7,644.8
SALE0001970,2026-04-21,CUST00043,Office Equipment,Services,West,3569.79,1852.84,1716.95
SALE0001971,2026-03-06,CUST00384,Safety Equipment,Services,Northeast,2581.52,1698.77,882.75
SALE0001972,2024-08-28,CUST00105,Industrial Equipment,Distribution,West,309.75,173.0,136.75
SALE0001973,2025-04-30,CUST00472,Manufacturing Components,Manufacturing,Midwest,2679.92,1975.86,704.06
SALE0001974,2025-01-04,CUST00444,Packaging Materials,Distribution,Southwest,2032.13,1431.89,600.24
SALE0001975,2024-05-27,CUST00283,Office Equipment,Manufacturing,Southeast,1787.86,1252.53,535.33
SALE0001976,2026-04-27,CUST00383,Packaging Materials,Manufacturing,Southeast,1432.09,740.93,691.16
SALE0001977,2025-01-21,CUST00357,Office Equipment,Distribution,Northeast,3549.16,2377.67,1171.49
SALE0001978,2025-12-19,CUST00298,Manufacturing Components,Distribution,West,3192.36,1538.09,1654.27
SALE0001979,2026-06-10,CUST00076,Technology Hardware,Manufacturing,Northeast,1137.14,565.67,571.47
SALE0001980,2024-09-07,CUST00292,Office Equipment,Manufacturing,Southeast,2308.22,1092.06,1216.16
SALE0001981,2025-04-26,CUST00384,Maintenance Supplies,Distribution,Southwest,1009.29,679.32,329.97
SALE0001982,2026-01-09,CUST00401,Industrial Equipment,Distribution,Northeast,790.15,435.53,354.62
SALE0001983,2024-06-08,CUST00329,Industrial Equipment,Services,Southeast,1241.37,580.96,660.41
SALE0001984,2025-05-30,CUST00203,Office Equipment,Services,Southwest,3033.39,1510.95,1522.44
SALE0001985,2025-07-21,CUST00133,Maintenance Supplies,Services,Southeast,3203.1,2125.01,1078.09
SALE0001986,2025-03-09,CUST00140,Manufacturing Components,Services,Southwest,2459.84,1794.29,665.55
SALE0001987,2026-08-31,CUST00109,Office Equipment,Services,Northeast,2793.52,1361.95,1431.57
SALE0001988,2024-08-12,CUST00422,Manufacturing Components,Services,Southwest,2464.41,1399.01,1065.4
SALE0001989,2025-05-03,CUST00329,Office Equipment,Distribution,Southeast,1230.42,669.3,561.12
SALE0001990,2024-02-25,CUST00332,Office Equipment,Manufacturing,Midwest,2342.92,1618.96,723.96
SALE0001991,2024-04-21,CUST00186,Technology Hardware,Manufacturing,Southeast,2922.65,1406.73,1515.92
SALE0001992,2024-10-15,CUST00055,Manufacturing Components,Manufacturing,West,2842.89,1418.11,1424.78
SALE0001993,2024-01-12,CUST00159,Safety Equipment,Services,Southeast,3689.88,2497.89,1191.99
SALE0001994,2025-10-15,CUST00124,Maintenance Supplies,Manufacturing,West,2765.52,2015.4,750.12
SALE0001995,2025-08-01,CUST00405,Professional Services,Manufacturing,Northeast,2232.48,1034.67,1197.81
SALE0001996,2024-11-18,CUST00159,Industrial Equipment,Distribution,Midwest,3436.09,1642.32,1793.77
SALE0001997,2025-02-11,CUST00162,Office Equipment,Services,Midwest,1779.5,1067.82,711.68
SALE0001998,2024-05-12,CUST00050,Technology Hardware,Distribution,West,1065.15,703.85,361.3
SALE0001999,2024-04-13,CUST00397,Packaging Materials,Manufacturing,West,1639.52,984.78,654.74
SALE0002000,2026-03-26,CUST00301,Industrial Equipment,Distribution,Southeast,1156.39,652.94,503.45
SALE0002001,2024-06-04,CUST00041,Manufacturing Components,Services,Southeast,1205.79,789.45,416.34
SALE0002002,2026-06-24,CUST00349,Packaging Materials,Services,Southeast,1657.87,853.3,804.57
SALE0002003,2025-05-28,CUST00374,Technology Hardware,Distribution,Southeast,1123.89,679.83,444.06
SALE0002004,2024-12-13,CUST00320,Office Equipment,Manufacturing,Southwest,1503.01,807.5,695.51
SALE0002005,2024-09-01,CUST00313,Manufacturing Components,Manufacturing,West,580.47,297.58,282.89
SALE0002006,2025-10-04,CUST00050,Industrial Equipment,Manufacturing,Midwest,2054.89,1537.72,517.17
SALE0002007,2025-07-14,CUST00409,Manufacturing Components,Distribution,Northeast,1809.35,1285.11,524.24
SALE0002008,2025-04-10,CUST00479,Maintenance Supplies,Manufacturing,Northeast,1107.37,602.54,504.83
SALE0002009,2024-10-13,CUST00181,Manufacturing Components,Manufacturing,Southeast,2685.3,1672.82,1012.48
SALE0002010,2025-12-28,CUST00133,Professional Services,Distribution,Southwest,3173.35,2162.9,1010.45
SALE0002011,2025-10-27,CUST00482,Manufacturing Components,Services,Southwest,689.15,501.18,187.97
SALE0002012,2024-02-10,CUST00147,Office Equipment,Distribution,West,1144.09,639.59,504.5
SALE0002013,2026-07-28,CUST00226,Technology Hardware,Services,West,1139.69,745.56,394.13
SALE0002014,2026-09-01,CUST00043,Office Equipment,Services,Southwest,1028.71,559.71,469.0
SALE0002015,2024-09-26,CUST00350,Industrial Equipment,Services,Northeast,2974.06,2121.17,852.89
SALE0002016,2026-01-28,CUST00359,Industrial Equipment,Manufacturing,Northeast,1609.54,1106.04,503.5
SALE0002017,2024-10-24,CUST00292,Office Equipment,Manufacturing,Southeast,1542.7,868.15,674.55
SALE0002018,2025-02-01,CUST00343,Manufacturing Components,Distribution,Southwest,543.31,386.97,156.34
SALE0002019,2025-04-24,CUST00461,Professional Services,Manufacturing,Northeast,2647.18,1701.46,945.72
SALE0002020,2024-07-03,CUST00470,Office Equipment,Distribution,Southeast,859.58,575.52,284.06
SALE0002021,2025-02-15,CUST00163,Technology Hardware,Services,Southwest,1874.24,1028.24,846.0
SALE0002022,2024-08-05,CUST00244,Manufacturing Components,Distribution,Southwest,2135.44,1410.86,724.58
SALE0002023,2024-02-09,CUST00486,Professional Services,Manufacturing,Southeast,4090.39,2509.55,1580.84
SALE0002024,2024-11-23,CUST00308,Office Equipment,Manufacturing,Midwest,824.44,511.53,312.91
SALE0002025,2026-03-19,CUST00243,Safety Equipment,Manufacturing,Southeast,295.39,171.04,124.35
SALE0002026,2026-06-07,CUST00389,Office Equipment,Distribution,Midwest,2018.9,922.4,1096.5
SALE0002027,2025-10-12,CUST00073,Manufacturing Components,Distribution,Southwest,5325.74,2677.95,2647.79
SALE0002028,2024-03-24,CUST00365,Professional Services,Distribution,West,3802.32,2051.36,1750.96
SALE0002029,2024-08-07,CUST00133,Packaging Materials,Manufacturing,Northeast,2050.41,1334.6,715.81
SALE0002030,2026-07-05,CUST00176,Maintenance Supplies,Manufacturing,Southeast,1346.17,969.91,376.26
SALE0002031,2024-12-23,CUST00247,Professional Services,Services,Southeast,2934.44,2149.72,784.72
SALE0002032,2025-12-14,CUST00468,Office Equipment,Manufacturing,West,1008.15,585.77,422.38
SALE0002033,2026-03-12,CUST00102,Manufacturing Components,Services,West,2406.23,1728.0,678.23
SALE0002034,2025-09-23,CUST00341,Technology Hardware,Manufacturing,Southeast,2448.63,1208.12,1240.51
SALE0002035,2026-07-07,CUST00076,Professional Services,Distribution,Northeast,3415.66,2007.03,1408.63
SALE0002036,2026-03-22,CUST00209,Maintenance Supplies,Services,Northeast,9469.17,7016.59,2452.58
SALE0002037,2025-04-06,CUST00439,Packaging Materials,Services,Southwest,2288.04,1677.13,610.91
SALE0002038,2025-10-16,CUST00050,Industrial Equipment,Manufacturing,Southeast,1332.25,986.98,345.27
SALE0002039,2025-03-06,CUST00397,Packaging Materials,Services,Southwest,1780.51,1173.24,607.27
SALE0002040,2024-08-09,CUST00488,Safety Equipment,Services,West,625.5,346.79,278.71
SALE0002041,2024-01-15,CUST00187,Industrial Equipment,Distribution,Midwest,1191.74,668.66,523.08
SALE0002042,2025-05-29,CUST00064,Professional Services,Services,Southwest,1414.36,983.99,430.37
SALE0002043,2025-02-27,CUST00181,Office Equipment,Services,Midwest,1320.21,756.63,563.58
SALE0002044,2024-04-26,CUST00235,Office Equipment,Distribution,Southeast,1981.11,1442.06,539.05
SALE0002045,2025-07-20,CUST00278,Office Equipment,Distribution,Midwest,1103.84,693.73,410.11
SALE0002046,2026-05-15,CUST00349,Office Equipment,Services,Midwest,3542.61,2295.19,1247.42
SALE0002047,2025-12-19,CUST00474,Manufacturing Components,Manufacturing,Northeast,1808.27,1150.26,658.01
SALE0002048,2024-04-01,CUST00316,Office Equipment,Manufacturing,Southwest,1797.98,1159.49,638.49
SALE0002049,2026-02-06,CUST00475,Manufacturing Components,Services,Southwest,1485.14,1003.24,481.9
SALE0002050,2025-05-30,CUST00017,Maintenance Supplies,Distribution,Southeast,1984.48,1239.05,745.43
SALE0002051,2024-08-16,CUST00283,Office Equipment,Manufacturing,Southeast,2966.27,2026.15,940.12
SALE0002052,2026-05-26,CUST00064,Technology Hardware,Distribution,Southwest,1074.62,634.96,439.66
SALE0002053,2026-07-18,CUST00361,Office Equipment,Manufacturing,Midwest,1218.2,848.02,370.18
SALE0002054,2026-03-11,CUST00146,Maintenance Supplies,Services,Midwest,1506.83,779.3,727.53
SALE0002055,2024-11-10,CUST00408,Office Equipment,Services,Southeast,806.32,565.67,240.65
SALE0002056,2024-01-05,CUST00213,Industrial Equipment,Manufacturing,Northeast,1105.93,796.33,309.6
SALE0002057,2024-06-06,CUST00431,Technology Hardware,Distribution,Southeast,1358.68,933.62,425.06
SALE0002058,2025-08-08,CUST00124,Office Equipment,Manufacturing,West,3055.3,2284.9,770.4
SALE0002059,2025-10-21,CUST00027,Office Equipment,Manufacturing,Southwest,2116.54,1202.18,914.36
SALE0002060,2026-01-15,CUST00463,Technology Hardware,Services,Southeast,2030.74,1019.67,1011.07
SALE0002061,2025-03-23,CUST00364,Packaging Materials,Services,Northeast,3012.54,1564.38,1448.16
SALE0002062,2025-10-08,CUST00201,Maintenance Supplies,Services,Southeast,1664.99,1037.42,627.57
SALE0002063,2026-08-29,CUST00048,Manufacturing Components,Manufacturing,Southwest,2285.36,1249.46,1035.9
SALE0002064,2024-01-12,CUST00304,Packaging Materials,Manufacturing,West,1699.46,1085.39,614.07
SALE0002065,2025-12-25,CUST00498,Manufacturing Components,Services,Southwest,2120.1,1299.84,820.26
SALE0002066,2024-01-26,CUST00067,Professional Services,Services,Midwest,1274.55,857.39,417.16
SALE0002067,2024-07-10,CUST00460,Safety Equipment,Distribution,Southeast,418.51,218.43,200.08
SALE0002068,2025-07-02,CUST00372,Office Equipment,Distribution,Northeast,1668.09,1171.23,496.86
SALE0002069,2024-10-08,CUST00074,Industrial Equipment,Services,West,4245.64,2016.21,2229.43
SALE0002070,2026-06-06,CUST00236,Manufacturing Components,Manufacturing,Southeast,3151.8,1516.1,1635.7
SALE0002071,2024-10-16,CUST00093,Manufacturing Components,Manufacturing,Southwest,3226.78,1705.67,1521.11
SALE0002072,2026-05-14,CUST00430,Safety Equipment,Distribution,Northeast,3795.91,2119.71,1676.2
SALE0002073,2025-05-17,CUST00212,Manufacturing Components,Distribution,Northeast,1906.82,1313.1,593.72
SALE0002074,2024-08-03,CUST00193,Technology Hardware,Services,Southwest,2035.28,1335.55,699.73
SALE0002075,2026-04-07,CUST00153,Industrial Equipment,Manufacturing,West,1248.14,621.99,626.15
SALE0002076,2025-10-08,CUST00017,Manufacturing Components,Distribution,Midwest,1495.71,945.28,550.43
SALE0002077,2025-05-10,CUST00308,Industrial Equipment,Manufacturing,West,2616.16,1958.13,658.03
SALE0002078,2026-01-29,CUST00063,Safety Equipment,Services,Northeast,3723.17,1959.69,1763.48
SALE0002079,2025-07-02,CUST00263,Packaging Materials,Manufacturing,Midwest,1662.92,759.81,903.11
SALE0002080,2024-04-27,CUST00016,Technology Hardware,Manufacturing,Southeast,1380.07,993.06,387.01
SALE0002081,2024-03-26,CUST00482,Packaging Materials,Distribution,Midwest,1808.62,1208.74,599.88
SALE0002082,2025-05-08,CUST00048,Technology Hardware,Services,West,2593.4,1322.04,1271.36
SALE0002083,2025-10-29,CUST00382,Professional Services,Distribution,West,760.28,409.26,351.02
SALE0002084,2026-08-27,CUST00099,Maintenance Supplies,Manufacturing,Southeast,455.91,259.86,196.05
SALE0002085,2025-12-04,CUST00368,Maintenance Supplies,Distribution,Northeast,1299.43,914.55,384.88
SALE0002086,2025-08-20,CUST00301,Maintenance Supplies,Manufacturing,Southeast,869.2,597.96,271.24
SALE0002087,2026-01-09,CUST00453,Professional Services,Distribution,West,1332.9,794.87,538.03
SALE0002088,2026-02-04,CUST00164,Manufacturing Components,Services,Southwest,1654.63,879.44,775.19
SALE0002089,2025-03-15,CUST00181,Technology Hardware,Services,Northeast,1377.54,702.43,675.11
SALE0002090,2025-04-05,CUST00018,Maintenance Supplies,Services,Southwest,4322.03,2161.77,2160.26
SALE0002091,2024-10-27,CUST00450,Technology Hardware,Distribution,Northeast,2199.64,1388.33,811.31
SALE0002092,2024-04-27,CUST00166,Office Equipment,Manufacturing,Midwest,2165.24,1091.22,1074.02
SALE0002093,2024-09-08,CUST00337,Technology Hardware,Distribution,Southeast,2626.28,1239.06,1387.22
SALE0002094,2026-03-09,CUST00005,Technology Hardware,Services,Northeast,912.97,496.96,416.01
SALE0002095,2026-01-04,CUST00239,Technology Hardware,Manufacturing,West,3372.69,1850.46,1522.23
SALE0002096,2024-03-08,CUST00309,Safety Equipment,Services,Southeast,1727.69,977.31,750.38
SALE0002097,2024-04-15,CUST00367,Manufacturing Components,Services,Southwest,2703.46,1671.52,1031.94
SALE0002098,2025-11-29,CUST00163,Technology Hardware,Manufacturing,Southeast,950.4,643.29,307.11
SALE0002099,2024-02-20,CUST00256,Industrial Equipment,Distribution,Southwest,711.76,491.7,220.06
SALE0002100,2024-05-02,CUST00088,Technology Hardware,Services,Southwest,2953.46,1439.01,1514.45
SALE0002101,2024-08-30,CUST00146,Industrial Equipment,Services,West,2266.17,1411.65,854.52
SALE0002102,2024-01-05,CUST00146,Packaging Materials,Distribution,Northeast,1052.34,761.36,290.98
SALE0002103,2026-07-06,CUST00271,Industrial Equipment,Distribution,Northeast,1072.99,654.57,418.42
SALE0002104,2024-03-12,CUST00425,Office Equipment,Services,Midwest,3551.98,2099.11,1452.87
SALE0002105,2024-10-08,CUST00178,Office Equipment,Manufacturing,West,885.68,482.83,402.85
SALE0002106,2026-03-04,CUST00314,Industrial Equipment,Distribution,Midwest,4844.52,2635.19,2209.33
SALE0002107,2025-12-14,CUST00253,Manufacturing Components,Distribution,West,1053.24,784.86,268.38
SALE0002108,2024-04-15,CUST00025,Industrial Equipment,Manufacturing,Northeast,2651.91,1216.66,1435.25
SALE0002109,2024-11-26,CUST00371,Office Equipment,Manufacturing,Southeast,1484.49,1051.64,432.85
SALE0002110,2024-03-31,CUST00462,Technology Hardware,Services,Northeast,2596.48,1317.32,1279.16
SALE0002111,2026-08-14,CUST00027,Maintenance Supplies,Manufacturing,Northeast,1304.44,856.33,448.11
SALE0002112,2024-02-19,CUST00039,Maintenance Supplies,Distribution,West,1639.79,1203.84,435.95
SALE0002113,2026-03-21,CUST00139,Packaging Materials,Manufacturing,West,1852.98,1285.5,567.48
SALE0002114,2025-04-16,CUST00164,Packaging Materials,Services,Southwest,990.97,481.58,509.39
SALE0002115,2025-10-14,CUST00063,Safety Equipment,Services,Southwest,2820.01,1646.98,1173.03
SALE0002116,2025-11-08,CUST00144,Technology Hardware,Services,Southwest,1328.85,793.36,535.49
SALE0002117,2024-08-19,CUST00393,Maintenance Supplies,Services,Northeast,1576.31,752.75,823.56
SALE0002118,2024-12-27,CUST00447,Safety Equipment,Services,Southeast,995.64,614.86,380.78
SALE0002119,2025-12-12,CUST00498,Professional Services,Manufacturing,Southeast,388.62,183.97,204.65
SALE0002120,2024-01-14,CUST00240,Office Equipment,Manufacturing,Southwest,1612.25,1049.82,562.43
SALE0002121,2024-04-17,CUST00417,Technology Hardware,Distribution,Southwest,7689.18,4245.47,3443.71
SALE0002122,2025-11-02,CUST00259,Manufacturing Components,Manufacturing,Southeast,2895.06,1436.53,1458.53
SALE0002123,2026-07-27,CUST00500,Professional Services,Services,West,1787.27,999.25,788.02
SALE0002124,2024-07-26,CUST00097,Manufacturing Components,Distribution,Southwest,1544.21,1056.25,487.96
SALE0002125,2024-06-17,CUST00488,Manufacturing Components,Manufacturing,Southwest,1832.58,1201.95,630.63
SALE0002126,2026-06-16,CUST00057,Safety Equipment,Manufacturing,Southwest,2510.59,1210.49,1300.1
SALE0002127,2024-07-10,CUST00244,Professional Services,Distribution,Midwest,890.26,471.86,418.4
SALE0002128,2024-05-01,CUST00044,Technology Hardware,Distribution,Southeast,3528.38,2568.94,959.44
SALE0002129,2024-06-03,CUST00221,Technology Hardware,Manufacturing,Southwest,2777.28,1580.49,1196.79
SALE0002130,2024-10-06,CUST00026,Office Equipment,Services,Southwest,2781.96,1560.5,1221.46
SALE0002131,2024-07-17,CUST00207,Packaging Materials,Services,Midwest,2352.15,1265.93,1086.22
SALE0002132,2025-06-26,CUST00266,Office Equipment,Manufacturing,Northeast,1829.45,1156.64,672.81
SALE0002133,2025-10-23,CUST00057,Safety Equipment,Manufacturing,Northeast,2707.33,1420.49,1286.84
SALE0002134,2026-07-05,CUST00137,Safety Equipment,Manufacturing,West,2578.82,1188.08,1390.74
SALE0002135,2024-04-13,CUST00452,Office Equipment,Distribution,Southwest,1462.02,778.73,683.29
SALE0002136,2024-04-13,CUST00422,Maintenance Supplies,Distribution,Southeast,1281.57,661.25,620.32
SALE0002137,2024-06-24,CUST00178,Maintenance Supplies,Services,West,1921.98,1317.94,604.04
SALE0002138,2024-10-21,CUST00049,Packaging Materials,Services,West,4579.81,3069.23,1510.58
SALE0002139,2025-05-03,CUST00437,Safety Equipment,Manufacturing,Midwest,859.66,577.46,282.2
SALE0002140,2025-11-28,CUST00096,Technology Hardware,Distribution,Southeast,749.56,352.92,396.64
SALE0002141,2024-01-14,CUST00220,Technology Hardware,Manufacturing,Southeast,1995.91,1296.96,698.95
SALE0002142,2024-09-27,CUST00088,Industrial Equipment,Services,Midwest,1864.1,1331.67,532.43
SALE0002143,2025-04-30,CUST00251,Safety Equipment,Distribution,Northeast,2006.21,1253.78,752.43
SALE0002144,2024-02-16,CUST00291,Maintenance Supplies,Manufacturing,West,2093.04,1456.08,636.96
SALE0002145,2025-05-30,CUST00076,Manufacturing Components,Manufacturing,Midwest,1581.42,791.01,790.41
SALE0002146,2026-04-03,CUST00232,Professional Services,Services,Midwest,4420.1,2965.25,1454.85
SALE0002147,2025-07-12,CUST00250,Maintenance Supplies,Distribution,Southwest,691.91,364.78,327.13
SALE0002148,2024-01-14,CUST00155,Technology Hardware,Services,West,1099.82,768.03,331.79
SALE0002149,2025-05-10,CUST00352,Industrial Equipment,Manufacturing,Southwest,1699.43,822.23,877.2
SALE0002150,2026-05-26,CUST00073,Technology Hardware,Distribution,Northeast,674.58,348.14,326.44
SALE0002151,2024-09-07,CUST00357,Office Equipment,Distribution,Southeast,1626.99,1014.06,612.93
SALE0002152,2026-02-01,CUST00472,Office Equipment,Services,Northeast,4899.47,2335.98,2563.49
SALE0002153,2024-10-07,CUST00348,Professional Services,Services,Southeast,1830.84,1305.65,525.19
SALE0002154,2024-09-28,CUST00179,Technology Hardware,Distribution,West,2076.46,1501.48,574.98
SALE0002155,2025-03-03,CUST00142,Maintenance Supplies,Manufacturing,Northeast,848.87,622.71,226.16
SALE0002156,2025-08-16,CUST00176,Manufacturing Components,Distribution,Southwest,1249.11,756.99,492.12
SALE0002157,2025-08-03,CUST00406,Technology Hardware,Distribution,Northeast,1443.58,1068.89,374.69
SALE0002158,2024-01-09,CUST00351,Packaging Materials,Distribution,Southeast,1494.24,896.06,598.18
SALE0002159,2025-06-19,CUST00320,Packaging Materials,Distribution,Southwest,3900.99,2886.74,1014.25
SALE0002160,2024-10-22,CUST00151,Industrial Equipment,Distribution,Northeast,2526.56,1185.93,1340.63
SALE0002161,2024-08-10,CUST00304,Manufacturing Components,Manufacturing,Southwest,928.09,496.44,431.65
SALE0002162,2024-11-09,CUST00181,Industrial Equipment,Manufacturing,Midwest,2096.24,946.51,1149.73
SALE0002163,2024-05-21,CUST00146,Packaging Materials,Manufacturing,Midwest,2438.0,1353.25,1084.75
SALE0002164,2024-05-26,CUST00101,Office Equipment,Services,Northeast,3583.48,2683.22,900.26
SALE0002165,2024-10-24,CUST00243,Technology Hardware,Manufacturing,Southwest,4667.25,2406.7,2260.55
SALE0002166,2025-03-08,CUST00463,Manufacturing Components,Distribution,Midwest,983.33,560.24,423.09
SALE0002167,2025-09-03,CUST00289,Office Equipment,Services,Midwest,1111.52,603.8,507.72
SALE0002168,2026-04-03,CUST00350,Safety Equipment,Distribution,Southeast,850.18,530.04,320.14
SALE0002169,2025-03-02,CUST00155,Maintenance Supplies,Manufacturing,Midwest,1571.19,968.3,602.89
SALE0002170,2025-08-03,CUST00237,Packaging Materials,Distribution,Southwest,2391.83,1741.58,650.25
SALE0002171,2024-04-08,CUST00227,Technology Hardware,Services,Midwest,3269.53,1607.25,1662.28
SALE0002172,2025-04-24,CUST00239,Office Equipment,Distribution,Southwest,1727.5,960.94,766.56
SALE0002173,2024-01-29,CUST00014,Office Equipment,Manufacturing,Southeast,1492.33,1080.1,412.23
SALE0002174,2025-09-21,CUST00403,Safety Equipment,Services,West,1980.4,1429.96,550.44
SALE0002175,2025-01-17,CUST00279,Maintenance Supplies,Manufacturing,Southwest,1095.44,534.77,560.67
SALE0002176,2024-05-08,CUST00004,Professional Services,Services,Southwest,6334.23,3616.1,2718.13
SALE0002177,2026-05-09,CUST00029,Maintenance Supplies,Services,Northeast,689.11,321.33,367.78
SALE0002178,2024-12-07,CUST00421,Maintenance Supplies,Services,Southwest,2019.98,1269.16,750.82
SALE0002179,2025-12-08,CUST00032,Manufacturing Components,Services,West,6088.54,3345.0,2743.54
SALE0002180,2025-11-21,CUST00368,Industrial Equipment,Services,Southeast,1815.43,1095.15,720.28
SALE0002181,2025-06-12,CUST00380,Professional Services,Manufacturing,Southeast,1613.2,795.7,817.5
SALE0002182,2026-07-05,CUST00437,Packaging Materials,Distribution,Midwest,1459.04,952.32,506.72
SALE0002183,2026-01-06,CUST00004,Professional Services,Services,Southeast,1622.57,1211.65,410.92
SALE0002184,2024-04-27,CUST00079,Manufacturing Components,Services,Northeast,4120.41,1937.18,2183.23
SALE0002185,2024-09-10,CUST00243,Industrial Equipment,Services,Southwest,479.57,245.2,234.37
SALE0002186,2025-02-04,CUST00063,Maintenance Supplies,Distribution,Southwest,4537.18,2117.48,2419.7
SALE0002187,2024-07-07,CUST00431,Maintenance Supplies,Services,Southwest,769.41,535.57,233.84
SALE0002188,2026-05-29,CUST00064,Office Equipment,Manufacturing,Northeast,1540.73,997.54,543.19
SALE0002189,2024-07-08,CUST00382,Safety Equipment,Manufacturing,West,1397.52,688.29,709.23
SALE0002190,2026-01-29,CUST00103,Professional Services,Distribution,Midwest,2573.78,1698.41,875.37
SALE0002191,2024-10-23,CUST00492,Professional Services,Distribution,Midwest,693.07,450.68,242.39
SALE0002192,2025-02-04,CUST00410,Manufacturing Components,Distribution,Southwest,2385.83,1349.77,1036.06
SALE0002193,2026-04-13,CUST00015,Maintenance Supplies,Distribution,Northeast,6091.11,3517.31,2573.8
SALE0002194,2025-07-31,CUST00298,Maintenance Supplies,Manufacturing,West,797.99,452.32,345.67
SALE0002195,2025-03-31,CUST00465,Technology Hardware,Manufacturing,Southwest,2026.01,937.62,1088.39
SALE0002196,2026-06-22,CUST00142,Industrial Equipment,Manufacturing,Midwest,1215.38,810.56,404.82
SALE0002197,2025-05-27,CUST00258,Safety Equipment,Distribution,West,2334.45,1649.88,684.57
SALE0002198,2025-02-03,CUST00090,Packaging Materials,Distribution,West,1828.93,1104.52,724.41
SALE0002199,2024-12-13,CUST00440,Packaging Materials,Distribution,Midwest,1230.42,723.3,507.12
SALE0002200,2026-08-03,CUST00470,Professional Services,Distribution,Southwest,2422.91,1376.65,1046.26
SALE0002201,2025-09-12,CUST00295,Maintenance Supplies,Manufacturing,Midwest,5338.01,3457.38,1880.63
SALE0002202,2025-08-25,CUST00179,Office Equipment,Manufacturing,Northeast,1612.37,1187.6,424.77
SALE0002203,2024-01-31,CUST00082,Safety Equipment,Manufacturing,Northeast,2784.59,1964.83,819.76
SALE0002204,2025-05-26,CUST00244,Technology Hardware,Manufacturing,Southeast,832.17,607.71,224.46
SALE0002205,2024-04-17,CUST00090,Office Equipment,Distribution,Northeast,1018.55,733.29,285.26
SALE0002206,2024-03-04,CUST00059,Industrial Equipment,Services,Northeast,2400.53,1520.91,879.62
SALE0002207,2025-03-28,CUST00311,Industrial Equipment,Manufacturing,Midwest,4404.89,2990.94,1413.95
SALE0002208,2024-04-20,CUST00194,Packaging Materials,Services,West,2238.07,1476.27,761.8
SALE0002209,2025-07-23,CUST00130,Professional Services,Distribution,Midwest,1498.42,764.07,734.35
SALE0002210,2024-08-18,CUST00083,Office Equipment,Services,Southeast,1807.27,922.35,884.92
SALE0002211,2024-03-29,CUST00323,Manufacturing Components,Manufacturing,Northeast,853.85,533.34,320.51
SALE0002212,2026-04-09,CUST00003,Technology Hardware,Distribution,West,2598.55,1278.93,1319.62
SALE0002213,2025-07-13,CUST00175,Packaging Materials,Services,West,3069.9,2177.63,892.27
SALE0002214,2025-05-23,CUST00107,Professional Services,Services,Midwest,1378.49,698.95,679.54
SALE0002215,2024-12-31,CUST00287,Packaging Materials,Manufacturing,Southwest,1363.72,866.7,497.02
SALE0002216,2025-03-13,CUST00448,Manufacturing Components,Services,Northeast,2120.75,1352.28,768.47
SALE0002217,2024-05-10,CUST00153,Manufacturing Components,Manufacturing,Southwest,1391.26,952.62,438.64
SALE0002218,2024-08-24,CUST00277,Technology Hardware,Manufacturing,Southeast,1737.7,808.8,928.9
SALE0002219,2026-04-21,CUST00473,Maintenance Supplies,Distribution,Midwest,6373.05,4666.25,1706.8
SALE0002220,2024-03-10,CUST00081,Maintenance Supplies,Manufacturing,West,1558.98,1109.58,449.4
SALE0002221,2025-08-12,CUST00266,Maintenance Supplies,Distribution,West,1458.26,761.82,696.44
SALE0002222,2024-02-28,CUST00457,Manufacturing Components,Services,Southwest,1225.95,752.47,473.48
SALE0002223,2026-08-17,CUST00135,Industrial Equipment,Manufacturing,Midwest,2825.71,2049.25,776.46
SALE0002224,2025-03-07,CUST00172,Industrial Equipment,Manufacturing,Southeast,1621.76,856.72,765.04
SALE0002225,2025-07-14,CUST00169,Industrial Equipment,Manufacturing,Southwest,1224.61,851.14,373.47
SALE0002226,2024-03-15,CUST00289,Industrial Equipment,Distribution,Northeast,3994.93,2763.29,1231.64
SALE0002227,2026-08-30,CUST00379,Manufacturing Components,Services,Southwest,4237.64,2436.1,1801.54
SALE0002228,2026-08-27,CUST00371,Industrial Equipment,Manufacturing,Northeast,1261.11,616.48,644.63
SALE0002229,2025-05-23,CUST00333,Technology Hardware,Distribution,Southwest,589.97,355.33,234.64
SALE0002230,2024-11-06,CUST00449,Safety Equipment,Manufacturing,Northeast,3309.35,2265.13,1044.22
SALE0002231,2024-01-27,CUST00416,Safety Equipment,Services,West,1198.97,817.8,381.17
SALE0002232,2026-05-30,CUST00351,Industrial Equipment,Services,Southwest,2905.54,1638.19,1267.35
SALE0002233,2024-02-23,CUST00194,Packaging Materials,Distribution,Southwest,554.43,313.88,240.55
SALE0002234,2025-07-16,CUST00225,Manufacturing Components,Services,Midwest,3088.86,1517.65,1571.21
SALE0002235,2024-12-26,CUST00224,Industrial Equipment,Manufacturing,Southeast,874.19,444.17,430.02
SALE0002236,2024-04-04,CUST00117,Office Equipment,Services,West,2803.04,1756.34,1046.7
SALE0002237,2025-08-04,CUST00411,Industrial Equipment,Services,Southeast,1823.59,845.66,977.93
SALE0002238,2026-04-12,CUST00030,Packaging Materials,Distribution,Southeast,1020.08,476.44,543.64
SALE0002239,2024-10-16,CUST00180,Safety Equipment,Distribution,Southeast,1416.26,655.89,760.37
SALE0002240,2025-09-12,CUST00337,Manufacturing Components,Services,Northeast,2729.27,1553.9,1175.37
SALE0002241,2024-03-19,CUST00279,Safety Equipment,Distribution,Midwest,1926.65,1011.61,915.04
SALE0002242,2026-07-08,CUST00113,Professional Services,Services,Midwest,2567.4,1860.16,707.24
SALE0002243,2026-08-22,CUST00283,Maintenance Supplies,Services,Southeast,5918.65,3314.92,2603.73
SALE0002244,2025-06-23,CUST00164,Manufacturing Components,Manufacturing,Midwest,707.3,507.77,199.53
SALE0002245,2026-07-11,CUST00487,Professional Services,Distribution,Northeast,4771.08,2735.02,2036.06
SALE0002246,2024-07-27,CUST00431,Safety Equipment,Distribution,West,1924.87,1392.86,532.01
SALE0002247,2024-08-03,CUST00372,Packaging Materials,Manufacturing,Southeast,1054.4,513.31,541.09
SALE0002248,2025-12-16,CUST00392,Professional Services,Manufacturing,Northeast,813.88,473.75,340.13
SALE0002249,2025-05-25,CUST00139,Maintenance Supplies,Services,Southwest,1614.09,1131.31,482.78
SALE0002250,2024-11-03,CUST00044,Industrial Equipment,Distribution,West,3143.18,2194.42,948.76
SALE0002251,2025-01-28,CUST00442,Office Equipment,Distribution,Southwest,1674.84,1002.57,672.27
SALE0002252,2024-02-15,CUST00195,Packaging Materials,Services,Southwest,4476.93,2316.07,2160.86
SALE0002253,2025-06-29,CUST00157,Industrial Equipment,Services,Midwest,756.95,352.49,404.46
SALE0002254,2026-08-17,CUST00312,Technology Hardware,Distribution,West,1794.98,821.74,973.24
SALE0002255,2024-08-09,CUST00175,Office Equipment,Distribution,Northeast,852.83,577.52,275.31
SALE0002256,2026-04-06,CUST00199,Maintenance Supplies,Services,Southwest,2248.86,1085.67,1163.19
SALE0002257,2025-03-10,CUST00291,Maintenance Supplies,Manufacturing,Southwest,3078.3,1914.03,1164.27
SALE0002258,2025-04-23,CUST00474,Safety Equipment,Manufacturing,Northeast,1404.65,946.3,458.35
SALE0002259,2024-10-14,CUST00487,Maintenance Supplies,Manufacturing,Southeast,378.98,261.45,117.53
SALE0002260,2026-02-28,CUST00173,Office Equipment,Manufacturing,West,2037.28,1248.53,788.75
SALE0002261,2024-10-07,CUST00338,Maintenance Supplies,Services,West,2349.7,1312.33,1037.37
SALE0002262,2024-01-13,CUST00292,Technology Hardware,Distribution,Southeast,2304.4,1122.92,1181.48
SALE0002263,2025-03-30,CUST00226,Industrial Equipment,Distribution,Northeast,3795.11,2234.63,1560.48
SALE0002264,2025-01-02,CUST00433,Safety Equipment,Distribution,Northeast,950.86,564.87,385.99
SALE0002265,2025-08-16,CUST00142,Technology Hardware,Manufacturing,Southwest,2719.3,1989.58,729.72
SALE0002266,2024-07-03,CUST00403,Maintenance Supplies,Distribution,Southwest,3697.84,1950.25,1747.59
SALE0002267,2024-05-10,CUST00090,Packaging Materials,Services,Northeast,621.94,322.31,299.63
SALE0002268,2024-08-26,CUST00020,Packaging Materials,Services,West,2190.29,1060.83,1129.46
SALE0002269,2026-05-31,CUST00163,Industrial Equipment,Services,Southeast,1336.08,777.72,558.36
SALE0002270,2024-03-03,CUST00133,Maintenance Supplies,Manufacturing,Midwest,1721.73,1266.35,455.38
SALE0002271,2025-07-07,CUST00308,Safety Equipment,Distribution,Northeast,2227.43,1482.35,745.08
SALE0002272,2024-03-20,CUST00058,Manufacturing Components,Manufacturing,Southeast,1349.73,812.65,537.08
SALE0002273,2024-11-29,CUST00425,Office Equipment,Manufacturing,Southwest,1205.41,748.69,456.72
SALE0002274,2026-06-15,CUST00013,Technology Hardware,Services,Midwest,1845.47,987.19,858.28
SALE0002275,2024-12-09,CUST00460,Technology Hardware,Distribution,Midwest,941.67,699.22,242.45
SALE0002276,2025-09-28,CUST00189,Industrial Equipment,Distribution,Southeast,942.47,432.92,509.55
SALE0002277,2026-07-22,CUST00055,Safety Equipment,Distribution,West,2717.92,1705.14,1012.78
SALE0002278,2026-01-02,CUST00261,Technology Hardware,Manufacturing,Southwest,907.53,620.99,286.54
SALE0002279,2026-04-30,CUST00337,Packaging Materials,Distribution,Northeast,2696.71,1684.92,1011.79
SALE0002280,2024-03-20,CUST00115,Office Equipment,Services,Northeast,2386.43,1760.2,626.23
SALE0002281,2026-05-17,CUST00409,Industrial Equipment,Services,Southwest,641.95,458.06,183.89
SALE0002282,2025-11-06,CUST00226,Technology Hardware,Distribution,Southeast,1204.07,731.27,472.8
SALE0002283,2026-05-06,CUST00467,Safety Equipment,Distribution,Southeast,3701.4,2304.39,1397.01
SALE0002284,2026-03-29,CUST00186,Safety Equipment,Distribution,Midwest,1003.55,682.71,320.84
SALE0002285,2026-02-05,CUST00355,Safety Equipment,Distribution,Southwest,1368.35,1014.93,353.42
SALE0002286,2025-01-05,CUST00287,Manufacturing Components,Distribution,Southwest,2385.67,1130.59,1255.08
SALE0002287,2025-09-11,CUST00403,Office Equipment,Manufacturing,West,2892.96,1501.75,1391.21
SALE0002288,2026-04-27,CUST00065,Safety Equipment,Distribution,West,1554.76,1085.28,469.48
SALE0002289,2025-11-12,CUST00134,Maintenance Supplies,Distribution,Midwest,1263.31,620.84,642.47
SALE0002290,2024-04-30,CUST00216,Packaging Materials,Services,Southwest,4244.68,2013.9,2230.78
SALE0002291,2025-10-09,CUST00102,Packaging Materials,Distribution,Northeast,5132.46,3666.8,1465.66
SALE0002292,2024-06-19,CUST00135,Professional Services,Services,Northeast,3252.94,1581.7,1671.24
SALE0002293,2024-05-09,CUST00427,Office Equipment,Manufacturing,Southeast,1903.01,1352.73,550.28
SALE0002294,2024-03-15,CUST00444,Office Equipment,Distribution,Midwest,1113.25,545.17,568.08
SALE0002295,2024-05-10,CUST00286,Safety Equipment,Services,Midwest,1098.54,626.93,471.61
SALE0002296,2024-05-01,CUST00423,Technology Hardware,Services,West,2473.79,1363.16,1110.63
SALE0002297,2025-09-23,CUST00370,Industrial Equipment,Manufacturing,Midwest,2323.99,1120.93,1203.06
SALE0002298,2026-08-30,CUST00210,Professional Services,Services,Southwest,4192.11,2451.0,1741.11
SALE0002299,2024-10-23,CUST00359,Packaging Materials,Services,Southeast,2671.17,1809.18,861.99
SALE0002300,2026-01-11,CUST00470,Manufacturing Components,Manufacturing,Northeast,733.74,498.79,234.95
SALE0002301,2025-08-30,CUST00346,Professional Services,Distribution,Midwest,3398.77,2134.14,1264.63
SALE0002302,2025-03-25,CUST00370,Maintenance Supplies,Manufacturing,Southeast,993.43,499.71,493.72
SALE0002303,2024-10-31,CUST00025,Office Equipment,Distribution,Midwest,1436.0,858.71,577.29
SALE0002304,2025-01-28,CUST00092,Packaging Materials,Manufacturing,Southeast,2100.9,1146.2,954.7
SALE0002305,2025-03-16,CUST00295,Technology Hardware,Manufacturing,Midwest,5987.33,3626.77,2360.56
SALE0002306,2024-10-18,CUST00148,Maintenance Supplies,Distribution,Southwest,11683.71,5838.09,5845.62
SALE0002307,2024-08-17,CUST00148,Maintenance Supplies,Services,Northeast,2602.0,1862.0,740.0
SALE0002308,2026-08-04,CUST00143,Packaging Materials,Manufacturing,Southeast,1619.84,841.51,778.33
SALE0002309,2025-07-19,CUST00387,Packaging Materials,Manufacturing,West,2491.66,1748.24,743.42
SALE0002310,2026-07-13,CUST00457,Safety Equipment,Manufacturing,Southwest,3079.72,1422.6,1657.12
SALE0002311,2026-05-02,CUST00190,Safety Equipment,Distribution,West,1491.59,1039.22,452.37
SALE0002312,2025-03-12,CUST00267,Packaging Materials,Distribution,Midwest,5308.83,3554.93,1753.9
SALE0002313,2026-07-29,CUST00362,Manufacturing Components,Distribution,Southwest,2075.68,1002.31,1073.37
SALE0002314,2025-05-20,CUST00443,Packaging Materials,Distribution,Northeast,2437.3,1289.13,1148.17
SALE0002315,2024-12-28,CUST00382,Safety Equipment,Services,Northeast,2696.08,1863.24,832.84
SALE0002316,2024-11-30,CUST00172,Maintenance Supplies,Distribution,West,2328.44,1157.28,1171.16
SALE0002317,2025-11-19,CUST00362,Technology Hardware,Manufacturing,Southwest,2991.0,2043.19,947.81
SALE0002318,2024-04-12,CUST00407,Technology Hardware,Manufacturing,West,1248.44,911.0,337.44
SALE0002319,2025-11-07,CUST00321,Industrial Equipment,Services,Northeast,1293.39,907.04,386.35
SALE0002320,2024-09-08,CUST00193,Safety Equipment,Services,Southeast,934.4,458.85,475.55
SALE0002321,2024-09-28,CUST00249,Packaging Materials,Services,Southwest,2353.6,1391.06,962.54
SALE0002322,2024-10-16,CUST00326,Manufacturing Components,Services,Southeast,2885.24,1412.43,1472.81
SALE0002323,2024-01-04,CUST00252,Safety Equipment,Services,Southeast,2379.54,1380.84,998.7
SALE0002324,2024-02-09,CUST00135,Office Equipment,Services,West,4937.9,2841.5,2096.4
SALE0002325,2024-08-28,CUST00248,Packaging Materials,Distribution,Southeast,1801.98,1155.64,646.34
SALE0002326,2026-06-15,CUST00249,Professional Services,Services,Southwest,2700.64,1451.96,1248.68
SALE0002327,2025-09-04,CUST00247,Maintenance Supplies,Manufacturing,Southeast,939.15,523.24,415.91
SALE0002328,2024-04-25,CUST00460,Maintenance Supplies,Distribution,Southwest,1433.31,1059.04,374.27
SALE0002329,2024-11-29,CUST00218,Manufacturing Components,Manufacturing,Southwest,2744.41,1438.67,1305.74
SALE0002330,2024-11-22,CUST00178,Office Equipment,Services,Southeast,3009.3,1950.58,1058.72
SALE0002331,2026-03-03,CUST00431,Professional Services,Services,Southwest,1515.68,1083.18,432.5
SALE0002332,2025-12-04,CUST00149,Maintenance Supplies,Services,Southeast,1732.01,901.44,830.57
SALE0002333,2026-06-30,CUST00210,Industrial Equipment,Services,Midwest,727.25,512.93,214.32
SALE0002334,2024-09-24,CUST00211,Office Equipment,Distribution,Southwest,1459.4,952.25,507.15
SALE0002335,2025-02-12,CUST00028,Maintenance Supplies,Distribution,Southeast,3084.76,1629.4,1455.36
SALE0002336,2024-12-13,CUST00024,Maintenance Supplies,Distribution,Southwest,2553.25,1636.33,916.92
SALE0002337,2024-08-14,CUST00086,Safety Equipment,Services,Northeast,2441.58,1518.06,923.52
SALE0002338,2026-08-28,CUST00313,Technology Hardware,Manufacturing,West,1862.85,1379.4,483.45
SALE0002339,2025-07-06,CUST00370,Industrial Equipment,Distribution,Northeast,1815.72,827.92,987.8
SALE0002340,2026-03-10,CUST00468,Technology Hardware,Services,Northeast,1216.59,804.68,411.91
SALE0002341,2025-11-01,CUST00108,Technology Hardware,Services,Southeast,2749.84,1278.03,1471.81
SALE0002342,2024-06-09,CUST00203,Safety Equipment,Distribution,Southeast,2327.58,1632.67,694.91
SALE0002343,2026-07-21,CUST00212,Safety Equipment,Services,Southeast,2428.94,1365.46,1063.48
SALE0002344,2026-08-20,CUST00433,Industrial Equipment,Services,Northeast,1318.67,598.8,719.87
SALE0002345,2025-05-28,CUST00249,Industrial Equipment,Manufacturing,Midwest,496.7,282.81,213.89
SALE0002346,2024-11-04,CUST00324,Safety Equipment,Manufacturing,Midwest,3492.22,1596.9,1895.32
SALE0002347,2026-02-06,CUST00402,Office Equipment,Services,Southwest,1356.55,660.77,695.78
SALE0002348,2024-05-14,CUST00449,Maintenance Supplies,Manufacturing,Northeast,1077.43,749.34,328.09
SALE0002349,2024-03-16,CUST00361,Office Equipment,Manufacturing,Northeast,2741.03,1648.33,1092.7
SALE0002350,2026-01-30,CUST00310,Packaging Materials,Manufacturing,West,1429.09,999.04,430.05
SALE0002351,2026-03-22,CUST00426,Maintenance Supplies,Distribution,Southwest,3415.1,1937.51,1477.59
SALE0002352,2025-06-08,CUST00155,Maintenance Supplies,Distribution,Southeast,2618.1,1762.1,856.0
SALE0002353,2024-04-12,CUST00336,Professional Services,Distribution,Midwest,2724.78,1442.17,1282.61
SALE0002354,2025-03-15,CUST00496,Office Equipment,Services,Midwest,796.66,380.74,415.92
SALE0002355,2025-05-09,CUST00360,Safety Equipment,Distribution,Northeast,3741.22,2002.78,1738.44
SALE0002356,2025-05-23,CUST00488,Technology Hardware,Services,Northeast,2114.87,1413.3,701.57
SALE0002357,2025-04-08,CUST00500,Industrial Equipment,Distribution,Southeast,1448.72,749.3,699.42
SALE0002358,2025-04-02,CUST00289,Manufacturing Components,Services,Midwest,1970.48,1105.33,865.15
SALE0002359,2024-12-06,CUST00323,Manufacturing Components,Manufacturing,West,622.82,307.13,315.69
SALE0002360,2024-06-22,CUST00483,Professional Services,Services,Southeast,2310.44,1183.65,1126.79
SALE0002361,2024-03-26,CUST00316,Professional Services,Services,West,974.94,480.06,494.88
SALE0002362,2026-02-17,CUST00393,Professional Services,Distribution,Southwest,803.03,417.36,385.67
SALE0002363,2024-11-14,CUST00428,Packaging Materials,Manufacturing,Midwest,725.3,487.51,237.79
SALE0002364,2025-12-06,CUST00209,Industrial Equipment,Distribution,Southeast,3524.92,2184.02,1340.9
SALE0002365,2026-02-12,CUST00251,Professional Services,Distribution,Southeast,1239.47,766.89,472.58
SALE0002366,2024-11-25,CUST00248,Manufacturing Components,Manufacturing,Southwest,4537.98,2670.2,1867.78
SALE0002367,2025-12-17,CUST00066,Industrial Equipment,Manufacturing,West,1310.97,620.42,690.55
SALE0002368,2026-02-05,CUST00102,Professional Services,Manufacturing,Northeast,649.1,315.75,333.35
SALE0002369,2026-06-25,CUST00088,Professional Services,Manufacturing,West,925.27,534.12,391.15
SALE0002370,2025-03-04,CUST00152,Manufacturing Components,Distribution,Midwest,3795.18,2162.58,1632.6
SALE0002371,2026-01-07,CUST00347,Maintenance Supplies,Services,Midwest,1646.59,1196.4,450.19
SALE0002372,2025-09-21,CUST00289,Packaging Materials,Manufacturing,Midwest,1301.18,932.77,368.41
SALE0002373,2025-06-19,CUST00412,Technology Hardware,Services,West,1990.24,1304.62,685.62
SALE0002374,2024-09-14,CUST00108,Technology Hardware,Services,Southeast,2443.21,1445.48,997.73
SALE0002375,2024-06-17,CUST00425,Professional Services,Manufacturing,Midwest,3534.9,2146.79,1388.11
SALE0002376,2025-03-02,CUST00241,Manufacturing Components,Manufacturing,Midwest,4311.75,2172.12,2139.63
SALE0002377,2025-12-19,CUST00356,Manufacturing Components,Services,Southwest,1457.01,737.69,719.32
SALE0002378,2024-12-04,CUST00320,Professional Services,Services,Southeast,815.96,390.37,425.59
SALE0002379,2024-03-09,CUST00287,Safety Equipment,Distribution,Northeast,1410.81,783.19,627.62
SALE0002380,2026-08-08,CUST00146,Office Equipment,Services,Midwest,2113.64,1073.29,1040.35
SALE0002381,2025-01-11,CUST00207,Maintenance Supplies,Services,West,1014.09,646.33,367.76
SALE0002382,2025-10-18,CUST00040,Packaging Materials,Manufacturing,Southeast,1018.12,659.55,358.57
SALE0002383,2024-10-13,CUST00289,Manufacturing Components,Manufacturing,West,2222.24,1118.89,1103.35
SALE0002384,2025-08-24,CUST00197,Technology Hardware,Services,West,1756.03,1129.92,626.11
SALE0002385,2025-09-11,CUST00414,Professional Services,Manufacturing,Southeast,1843.97,983.15,860.82
SALE0002386,2024-01-03,CUST00111,Manufacturing Components,Services,Southeast,1147.0,785.71,361.29
SALE0002387,2024-05-26,CUST00448,Industrial Equipment,Distribution,Northeast,1574.6,786.43,788.17
SALE0002388,2026-07-06,CUST00071,Professional Services,Distribution,Southwest,1038.42,769.42,269.0
SALE0002389,2024-11-30,CUST00390,Manufacturing Components,Manufacturing,West,3084.42,1667.95,1416.47
SALE0002390,2025-02-06,CUST00198,Professional Services,Distribution,Midwest,3364.89,1895.08,1469.81
SALE0002391,2026-05-08,CUST00272,Manufacturing Components,Services,Southeast,597.22,362.27,234.95
SALE0002392,2024-06-19,CUST00427,Maintenance Supplies,Services,Southeast,1035.14,759.43,275.71
SALE0002393,2026-05-10,CUST00227,Professional Services,Services,Midwest,736.63,428.11,308.52
SALE0002394,2025-12-02,CUST00461,Office Equipment,Services,Midwest,1224.13,595.02,629.11
SALE0002395,2024-07-01,CUST00188,Professional Services,Services,Midwest,1719.76,786.94,932.82
SALE0002396,2026-01-15,CUST00316,Safety Equipment,Distribution,Midwest,757.64,437.33,320.31
SALE0002397,2024-07-02,CUST00006,Safety Equipment,Distribution,Midwest,1039.9,759.08,280.82
SALE0002398,2025-06-22,CUST00301,Maintenance Supplies,Distribution,Northeast,989.92,503.34,486.58
SALE0002399,2026-07-21,CUST00130,Industrial Equipment,Services,Midwest,2047.47,1147.93,899.54
SALE0002400,2024-02-04,CUST00329,Professional Services,Distribution,Northeast,1884.86,1214.16,670.7
SALE0002401,2025-12-13,CUST00141,Industrial Equipment,Services,Northeast,1172.58,775.4,397.18
SALE0002402,2026-06-02,CUST00242,Professional Services,Distribution,Southeast,2010.41,1337.74,672.67
SALE0002403,2025-04-29,CUST00332,Manufacturing Components,Manufacturing,Midwest,1302.44,879.12,423.32
SALE0002404,2024-01-30,CUST00366,Packaging Materials,Services,Southeast,1536.11,973.7,562.41
SALE0002405,2026-06-10,CUST00043,Office Equipment,Manufacturing,Northeast,4934.82,3480.44,1454.38
SALE0002406,2025-03-30,CUST00032,Technology Hardware,Manufacturing,West,4041.12,2591.34,1449.78
SALE0002407,2024-10-11,CUST00100,Industrial Equipment,Distribution,Midwest,829.03,617.64,211.39
SALE0002408,2026-07-08,CUST00464,Technology Hardware,Services,Northeast,2974.52,1971.49,1003.03
SALE0002409,2026-08-21,CUST00214,Industrial Equipment,Manufacturing,Southeast,2941.98,1910.37,1031.61
SALE0002410,2026-04-24,CUST00076,Maintenance Supplies,Manufacturing,Southeast,907.82,615.85,291.97
SALE0002411,2025-03-30,CUST00312,Safety Equipment,Services,West,2955.04,1369.23,1585.81
SALE0002412,2025-02-23,CUST00383,Industrial Equipment,Distribution,Midwest,4549.44,2283.32,2266.12
SALE0002413,2025-07-28,CUST00175,Professional Services,Services,Northeast,921.93,511.86,410.07
SALE0002414,2025-08-02,CUST00046,Manufacturing Components,Manufacturing,Southeast,1042.63,760.16,282.47
SALE0002415,2026-01-17,CUST00163,Industrial Equipment,Manufacturing,Northeast,3329.56,1584.62,1744.94
SALE0002416,2024-08-10,CUST00236,Manufacturing Components,Services,Southeast,2127.91,1364.81,763.1
SALE0002417,2024-11-11,CUST00329,Safety Equipment,Services,Southeast,2517.16,1765.01,752.15
SALE0002418,2024-11-13,CUST00362,Maintenance Supplies,Manufacturing,Midwest,2217.98,1033.58,1184.4
SALE0002419,2024-05-23,CUST00212,Safety Equipment,Manufacturing,Midwest,2285.68,1416.01,869.67
SALE0002420,2026-06-23,CUST00152,Maintenance Supplies,Services,Southwest,815.76,415.85,399.91
SALE0002421,2024-09-27,CUST00182,Technology Hardware,Distribution,West,3389.34,1619.17,1770.17
SALE0002422,2025-04-05,CUST00352,Packaging Materials,Manufacturing,West,3647.34,2548.94,1098.4
SALE0002423,2025-01-29,CUST00292,Safety Equipment,Services,Southwest,1575.56,782.6,792.96
SALE0002424,2024-12-21,CUST00350,Maintenance Supplies,Manufacturing,Midwest,1761.49,1134.05,627.44
SALE0002425,2025-12-17,CUST00283,Maintenance Supplies,Manufacturing,West,721.5,534.3,187.2
SALE0002426,2026-03-02,CUST00112,Professional Services,Distribution,Northeast,2461.57,1263.32,1198.25
SALE0002427,2026-08-02,CUST00338,Packaging Materials,Distribution,Southeast,2548.43,1234.94,1313.49
SALE0002428,2025-04-23,CUST00191,Office Equipment,Services,West,1741.82,1090.46,651.36
SALE0002429,2026-07-11,CUST00360,Manufacturing Components,Services,Midwest,3549.68,1633.4,1916.28
SALE0002430,2026-06-09,CUST00082,Office Equipment,Distribution,Midwest,1479.64,1065.8,413.84
SALE0002431,2024-12-10,CUST00052,Packaging Materials,Distribution,Midwest,2537.07,1634.8,902.27
SALE0002432,2024-06-15,CUST00096,Industrial Equipment,Distribution,West,980.64,578.63,402.01
SALE0002433,2025-04-12,CUST00356,Office Equipment,Services,Southwest,1782.67,1119.65,663.02
SALE0002434,2025-04-29,CUST00130,Technology Hardware,Services,Midwest,1628.46,1140.29,488.17
SALE0002435,2025-05-09,CUST00154,Industrial Equipment,Manufacturing,West,2069.75,1352.72,717.03
SALE0002436,2024-04-20,CUST00397,Maintenance Supplies,Services,Southwest,1448.5,834.76,613.74
SALE0002437,2025-08-30,CUST00263,Packaging Materials,Distribution,West,1670.9,766.22,904.68
SALE0002438,2025-12-15,CUST00102,Packaging Materials,Manufacturing,Midwest,2967.95,2175.07,792.88
SALE0002439,2026-03-18,CUST00497,Manufacturing Components,Distribution,Southeast,1391.23,1026.69,364.54
SALE0002440,2026-03-31,CUST00203,Packaging Materials,Distribution,Northeast,689.56,381.9,307.66
SALE0002441,2025-11-05,CUST00453,Packaging Materials,Distribution,Midwest,5165.46,2553.01,2612.45
SALE0002442,2024-03-23,CUST00440,Safety Equipment,Distribution,Northeast,4141.74,2093.14,2048.6
SALE0002443,2026-01-11,CUST00351,Technology Hardware,Manufacturing,Southwest,832.67,435.84,396.83
SALE0002444,2024-06-12,CUST00242,Office Equipment,Services,Southeast,2734.83,1513.49,1221.34
SALE0002445,2026-07-23,CUST00193,Professional Services,Services,Southeast,1337.04,791.12,545.92
SALE0002446,2026-02-20,CUST00199,Packaging Materials,Distribution,Southeast,2117.71,1535.52,582.19
SALE0002447,2025-02-13,CUST00460,Maintenance Supplies,Services,Southwest,2157.13,1471.12,686.01
SALE0002448,2025-09-03,CUST00037,Technology Hardware,Distribution,West,1570.82,892.47,678.35
SALE0002449,2024-01-28,CUST00312,Packaging Materials,Manufacturing,Midwest,1129.74,583.52,546.22
SALE0002450,2025-01-05,CUST00422,Industrial Equipment,Services,West,1194.73,659.44,535.29
SALE0002451,2026-02-08,CUST00040,Safety Equipment,Manufacturing,Southwest,1043.45,594.2,449.25
SALE0002452,2024-07-11,CUST00155,Office Equipment,Manufacturing,Midwest,1097.63,508.5,589.13
SALE0002453,2025-01-28,CUST00218,Packaging Materials,Distribution,Midwest,1736.61,1122.22,614.39
SALE0002454,2025-01-31,CUST00247,Industrial Equipment,Distribution,Southwest,1176.79,767.95,408.84
SALE0002455,2024-07-02,CUST00350,Manufacturing Components,Distribution,Northeast,2722.3,1358.6,1363.7
SALE0002456,2024-12-20,CUST00052,Office Equipment,Manufacturing,Southeast,4413.17,2894.24,1518.93
SALE0002457,2024-11-22,CUST00260,Office Equipment,Services,Southwest,1276.62,623.78,652.84
SALE0002458,2024-01-12,CUST00492,Office Equipment,Distribution,Northeast,2087.33,1243.72,843.61
SALE0002459,2024-11-06,CUST00380,Manufacturing Components,Services,Southwest,2440.14,1409.17,1030.97
SALE0002460,2025-05-29,CUST00243,Technology Hardware,Services,Midwest,2399.95,1348.41,1051.54
SALE0002461,2024-04-24,CUST00218,Office Equipment,Services,Northeast,1892.35,1297.49,594.86
SALE0002462,2024-06-02,CUST00486,Maintenance Supplies,Manufacturing,West,2823.15,1276.31,1546.84
SALE0002463,2026-04-12,CUST00447,Professional Services,Distribution,Northeast,2414.75,1531.81,882.94
SALE0002464,2025-04-20,CUST00063,Professional Services,Distribution,Midwest,860.4,459.9,400.5
SALE0002465,2024-02-21,CUST00352,Technology Hardware,Distribution,Southwest,3045.72,2183.02,862.7
SALE0002466,2024-12-11,CUST00393,Industrial Equipment,Services,Midwest,3079.04,2009.07,1069.97
SALE0002467,2024-07-02,CUST00214,Industrial Equipment,Distribution,Midwest,1143.71,615.28,528.43
SALE0002468,2024-10-31,CUST00306,Manufacturing Components,Distribution,Northeast,1849.67,1185.26,664.41
SALE0002469,2025-06-28,CUST00128,Packaging Materials,Manufacturing,West,2724.38,1829.7,894.68
SALE0002470,2024-04-06,CUST00075,Professional Services,Distribution,Midwest,1594.65,777.9,816.75
SALE0002471,2024-12-19,CUST00353,Safety Equipment,Services,West,3441.93,2552.38,889.55
SALE0002472,2025-08-05,CUST00040,Technology Hardware,Distribution,Northeast,7467.56,4387.38,3080.18
SALE0002473,2024-05-30,CUST00371,Manufacturing Components,Distribution,West,1128.23,713.95,414.28
SALE0002474,2026-01-12,CUST00475,Maintenance Supplies,Distribution,Southwest,789.48,373.92,415.56
SALE0002475,2024-01-23,CUST00383,Maintenance Supplies,Services,Northeast,2169.58,1096.03,1073.55
SALE0002476,2026-05-06,CUST00495,Manufacturing Components,Manufacturing,West,2787.6,2017.4,770.2
SALE0002477,2024-09-24,CUST00316,Safety Equipment,Services,Northeast,1574.16,1178.22,395.94
SALE0002478,2025-01-18,CUST00111,Office Equipment,Distribution,Southeast,4324.09,2689.59,1634.5
SALE0002479,2024-10-10,CUST00024,Office Equipment,Manufacturing,Midwest,809.84,486.28,323.56
SALE0002480,2024-10-06,CUST00107,Industrial Equipment,Distribution,Southeast,2740.1,1237.2,1502.9
SALE0002481,2024-10-08,CUST00307,Technology Hardware,Manufacturing,Southeast,1257.0,666.36,590.64
SALE0002482,2024-08-18,CUST00167,Safety Equipment,Manufacturing,West,5072.69,2310.21,2762.48
SALE0002483,2024-10-21,CUST00312,Professional Services,Services,Southwest,5976.01,3994.66,1981.35
SALE0002484,2025-10-12,CUST00278,Office Equipment,Distribution,West,1141.39,717.44,423.95
SALE0002485,2024-01-13,CUST00164,Technology Hardware,Distribution,Southeast,1300.19,718.86,581.33
SALE0002486,2025-04-18,CUST00256,Safety Equipment,Services,Southeast,3028.29,2138.9,889.39
SALE0002487,2025-11-20,CUST00207,Industrial Equipment,Services,West,1433.28,812.7,620.58
SALE0002488,2024-03-21,CUST00288,Technology Hardware,Manufacturing,Southeast,1759.44,1125.01,634.43
SALE0002489,2026-02-04,CUST00190,Maintenance Supplies,Distribution,Midwest,1835.8,1368.52,467.28
SALE0002490,2025-04-07,CUST00016,Packaging Materials,Services,West,571.46,372.79,198.67
SALE0002491,2024-06-19,CUST00290,Office Equipment,Distribution,Northeast,1793.09,1142.7,650.39
SALE0002492,2026-02-08,CUST00285,Professional Services,Manufacturing,Southwest,1195.31,886.93,308.38
SALE0002493,2026-08-01,CUST00194,Manufacturing Components,Manufacturing,Southwest,1344.97,822.15,522.82
SALE0002494,2024-08-11,CUST00057,Maintenance Supplies,Manufacturing,Southeast,4299.18,2207.16,2092.02
SALE0002495,2026-02-24,CUST00377,Office Equipment,Services,Southwest,850.73,581.27,269.46
SALE0002496,2024-12-26,CUST00215,Maintenance Supplies,Distribution,Midwest,2945.17,1989.12,956.05
SALE0002497,2025-10-07,CUST00453,Technology Hardware,Services,West,1529.39,736.69,792.7
SALE0002498,2025-06-29,CUST00440,Office Equipment,Distribution,Southwest,1528.66,867.75,660.91
SALE0002499,2024-10-20,CUST00231,Packaging Materials,Manufacturing,Southwest,2905.1,2027.3,877.8
SALE0002500,2024-10-22,CUST00425,Technology Hardware,Distribution,Southeast,2217.27,999.99,1217.28
SALE0002501,2025-11-30,CUST00197,Office Equipment,Distribution,Southwest,2546.23,1838.85,707.38
SALE0002502,2024-07-12,CUST00317,Safety Equipment,Manufacturing,West,3232.18,2071.59,1160.59
SALE0002503,2025-09-26,CUST00042,Office Equipment,Manufacturing,Midwest,1482.1,890.75,591.35
SALE0002504,2025-09-16,CUST00292,Professional Services,Services,Northeast,1252.2,657.38,594.82
SALE0002505,2026-09-01,CUST00381,Office Equipment,Services,West,942.85,529.02,413.83
SALE0002506,2026-06-03,CUST00468,Packaging Materials,Distribution,Midwest,1101.86,559.65,542.21
SALE0002507,2026-01-10,CUST00090,Professional Services,Services,Southeast,10608.99,7557.79,3051.2
SALE0002508,2024-11-26,CUST00034,Industrial Equipment,Manufacturing,West,3815.43,1868.78,1946.65
SALE0002509,2025-04-17,CUST00351,Professional Services,Manufacturing,Southeast,803.8,472.44,331.36
SALE0002510,2025-04-17,CUST00057,Technology Hardware,Manufacturing,Southeast,817.72,490.68,327.04
SALE0002511,2025-04-18,CUST00036,Industrial Equipment,Services,Northeast,2414.19,1609.33,804.86
SALE0002512,2025-11-29,CUST00444,Professional Services,Distribution,Northeast,2510.81,1639.71,871.1
SALE0002513,2026-03-12,CUST00134,Manufacturing Components,Services,West,2513.25,1445.44,1067.81
SALE0002514,2025-10-24,CUST00366,Industrial Equipment,Distribution,Southwest,1551.58,1158.66,392.92
SALE0002515,2026-04-27,CUST00150,Office Equipment,Services,Northeast,1676.94,1119.88,557.06
SALE0002516,2025-01-07,CUST00475,Professional Services,Distribution,Northeast,2201.13,1254.27,946.86
SALE0002517,2024-04-16,CUST00135,Manufacturing Components,Services,Southeast,1903.66,940.02,963.64
SALE0002518,2025-01-10,CUST00174,Packaging Materials,Manufacturing,Southwest,477.43,273.98,203.45
SALE0002519,2024-08-03,CUST00169,Manufacturing Components,Distribution,Southwest,1575.17,833.82,741.35
SALE0002520,2026-02-09,CUST00134,Technology Hardware,Distribution,Southwest,1084.81,567.81,517.0
SALE0002521,2024-12-04,CUST00359,Maintenance Supplies,Services,Midwest,2008.47,1378.24,630.23
SALE0002522,2025-08-31,CUST00072,Packaging Materials,Services,Midwest,10841.7,4995.02,5846.68
SALE0002523,2024-01-27,CUST00190,Technology Hardware,Services,Midwest,2254.06,1163.79,1090.27
SALE0002524,2024-11-10,CUST00082,Maintenance Supplies,Distribution,Southwest,1497.99,1098.68,399.31
SALE0002525,2025-11-20,CUST00381,Packaging Materials,Manufacturing,West,3143.46,1692.64,1450.82
SALE0002526,2024-10-26,CUST00132,Safety Equipment,Manufacturing,Southeast,2415.38,1709.47,705.91
SALE0002527,2025-08-20,CUST00300,Industrial Equipment,Distribution,Midwest,2326.35,1258.29,1068.06
SALE0002528,2026-01-08,CUST00446,Office Equipment,Distribution,West,2602.19,1568.02,1034.17
SALE0002529,2026-07-10,CUST00177,Packaging Materials,Services,West,6210.06,3112.0,3098.06
SALE0002530,2024-11-17,CUST00194,Professional Services,Services,Southeast,917.33,556.82,360.51
SALE0002531,2026-06-10,CUST00090,Professional Services,Distribution,Northeast,2402.29,1459.56,942.73
SALE0002532,2025-11-15,CUST00176,Safety Equipment,Distribution,Southeast,1037.09,761.31,275.78
SALE0002533,2024-08-17,CUST00312,Manufacturing Components,Services,Southeast,2523.26,1249.08,1274.18
SALE0002534,2024-12-31,CUST00292,Industrial Equipment,Services,West,1041.89,624.76,417.13
SALE0002535,2026-07-08,CUST00104,Technology Hardware,Services,Northeast,1407.51,729.81,677.7
SALE0002536,2025-02-12,CUST00488,Technology Hardware,Services,Northeast,1514.66,966.23,548.43
SALE0002537,2024-10-04,CUST00274,Manufacturing Components,Manufacturing,Southwest,3247.01,2000.11,1246.9
SALE0002538,2025-08-03,CUST00126,Maintenance Supplies,Services,Southeast,3137.16,1903.89,1233.27
SALE0002539,2025-12-07,CUST00440,Safety Equipment,Manufacturing,Southwest,856.26,625.84,230.42
SALE0002540,2024-06-30,CUST00312,Maintenance Supplies,Services,Midwest,1868.63,863.44,1005.19
SALE0002541,2024-04-03,CUST00376,Manufacturing Components,Manufacturing,West,1181.16,794.84,386.32
SALE0002542,2024-11-06,CUST00117,Safety Equipment,Services,West,849.71,397.88,451.83
SALE0002543,2025-05-03,CUST00275,Industrial Equipment,Distribution,Northeast,1587.3,935.37,651.93
SALE0002544,2024-07-20,CUST00227,Manufacturing Components,Distribution,Southeast,1502.54,891.74,610.8
SALE0002545,2024-04-12,CUST00111,Professional Services,Distribution,West,7754.51,4751.27,3003.24
SALE0002546,2024-01-10,CUST00441,Manufacturing Components,Services,Southwest,2344.38,1464.1,880.28
SALE0002547,2026-03-07,CUST00302,Professional Services,Manufacturing,Midwest,791.1,508.51,282.59
SALE0002548,2026-02-11,CUST00139,Professional Services,Services,Southeast,1288.37,737.14,551.23
SALE0002549,2024-12-02,CUST00264,Maintenance Supplies,Services,Midwest,3337.01,2009.51,1327.5
SALE0002550,2024-09-27,CUST00128,Technology Hardware,Distribution,West,6330.06,4495.47,1834.59
SALE0002551,2025-05-30,CUST00226,Manufacturing Components,Manufacturing,Southwest,698.13,378.83,319.3
SALE0002552,2024-01-07,CUST00499,Professional Services,Distribution,Southeast,585.25,319.41,265.84
SALE0002553,2024-07-02,CUST00222,Maintenance Supplies,Manufacturing,Southwest,5555.7,2609.33,2946.37
SALE0002554,2024-12-16,CUST00276,Packaging Materials,Manufacturing,Northeast,2284.19,1465.0,819.19
SALE0002555,2026-02-20,CUST00158,Maintenance Supplies,Distribution,West,1073.87,557.92,515.95
SALE0002556,2025-04-28,CUST00154,Safety Equipment,Services,Southeast,2491.84,1198.26,1293.58
SALE0002557,2024-11-27,CUST00393,Office Equipment,Manufacturing,Southeast,371.87,184.79,187.08
SALE0002558,2025-09-16,CUST00167,Professional Services,Services,West,1811.71,1175.4,636.31
SALE0002559,2026-03-18,CUST00372,Maintenance Supplies,Manufacturing,Midwest,2201.06,1265.77,935.29
SALE0002560,2025-04-28,CUST00428,Maintenance Supplies,Distribution,Southeast,3148.12,2299.07,849.05
SALE0002561,2024-11-09,CUST00182,Technology Hardware,Distribution,Midwest,984.04,541.34,442.7
SALE0002562,2025-03-11,CUST00391,Office Equipment,Manufacturing,Southwest,1903.43,1178.2,725.23
SALE0002563,2024-02-26,CUST00182,Packaging Materials,Distribution,Midwest,1037.68,768.51,269.17
SALE0002564,2024-01-20,CUST00104,Safety Equipment,Services,Midwest,2107.44,1465.85,641.59
SALE0002565,2024-10-28,CUST00013,Technology Hardware,Distribution,Southwest,1056.58,739.36,317.22
SALE0002566,2024-11-29,CUST00379,Safety Equipment,Manufacturing,West,1415.36,873.87,541.49
SALE0002567,2025-05-30,CUST00141,Manufacturing Components,Manufacturing,Southeast,994.77,578.99,415.78
SALE0002568,2024-06-13,CUST00246,Professional Services,Manufacturing,Southwest,2672.27,1463.46,1208.81
SALE0002569,2025-12-05,CUST00362,Professional Services,Manufacturing,Midwest,3026.22,2233.11,793.11
SALE0002570,2025-09-13,CUST00031,Manufacturing Components,Manufacturing,Midwest,1570.62,982.95,587.67
SALE0002571,2024-10-09,CUST00225,Maintenance Supplies,Manufacturing,Southwest,1850.0,1131.03,718.97
SALE0002572,2024-05-17,CUST00038,Technology Hardware,Services,Southwest,758.12,541.49,216.63
SALE0002573,2026-04-24,CUST00078,Maintenance Supplies,Services,Southeast,1510.5,748.5,762.0
SALE0002574,2025-07-29,CUST00126,Technology Hardware,Services,West,1754.39,835.79,918.6
SALE0002575,2026-02-20,CUST00286,Maintenance Supplies,Services,Northeast,8712.17,5647.29,3064.88
SALE0002576,2024-05-23,CUST00035,Technology Hardware,Distribution,Southwest,927.8,632.42,295.38
SALE0002577,2026-02-04,CUST00095,Technology Hardware,Distribution,Southeast,4352.5,3113.67,1238.83
SALE0002578,2025-04-16,CUST00102,Maintenance Supplies,Distribution,West,3288.26,1837.02,1451.24
SALE0002579,2026-02-04,CUST00072,Manufacturing Components,Services,Southwest,2139.62,1561.5,578.12
SALE0002580,2025-03-13,CUST00250,Industrial Equipment,Services,Northeast,5193.55,2954.57,2238.98
SALE0002581,2026-07-23,CUST00192,Industrial Equipment,Services,Southwest,2260.32,1688.22,572.1
SALE0002582,2024-02-02,CUST00448,Technology Hardware,Services,Southwest,2283.57,1685.13,598.44
SALE0002583,2024-10-16,CUST00325,Manufacturing Components,Services,Northeast,1751.32,1090.1,661.22
SALE0002584,2025-08-01,CUST00286,Manufacturing Components,Services,Southeast,3767.4,1799.47,1967.93
SALE0002585,2026-03-28,CUST00436,Manufacturing Components,Services,Southwest,3490.78,2108.61,1382.17
SALE0002586,2025-09-16,CUST00098,Manufacturing Components,Services,Southwest,1242.14,801.25,440.89
SALE0002587,2026-04-17,CUST00232,Packaging Materials,Services,Midwest,819.3,436.74,382.56
SALE0002588,2024-03-15,CUST00295,Technology Hardware,Distribution,West,1600.72,807.57,793.15
SALE0002589,2026-03-10,CUST00420,Office Equipment,Manufacturing,Southwest,1118.76,735.89,382.87
SALE0002590,2025-08-11,CUST00320,Office Equipment,Manufacturing,Northeast,1740.43,936.6,803.83
SALE0002591,2024-08-18,CUST00078,Maintenance Supplies,Manufacturing,West,3798.88,2076.91,1721.97
SALE0002592,2025-11-21,CUST00273,Professional Services,Services,Southeast,1374.19,934.91,439.28
SALE0002593,2026-02-27,CUST00474,Technology Hardware,Services,West,1762.18,1227.28,534.9
SALE0002594,2024-06-05,CUST00076,Safety Equipment,Distribution,Southeast,1872.1,948.51,923.59
SALE0002595,2024-04-13,CUST00309,Industrial Equipment,Manufacturing,West,3008.08,1377.3,1630.78
SALE0002596,2024-12-22,CUST00168,Technology Hardware,Manufacturing,Southeast,469.59,345.81,123.78
SALE0002597,2024-07-25,CUST00218,Maintenance Supplies,Manufacturing,Southeast,1256.37,679.54,576.83
SALE0002598,2026-03-01,CUST00071,Professional Services,Manufacturing,Southwest,2052.41,1142.38,910.03
SALE0002599,2024-01-27,CUST00381,Safety Equipment,Distribution,Northeast,3714.68,2166.35,1548.33
SALE0002600,2025-04-02,CUST00102,Safety Equipment,Distribution,West,1345.95,782.76,563.19
SALE0002601,2026-04-14,CUST00497,Packaging Materials,Services,West,586.44,285.83,300.61
SALE0002602,2026-01-11,CUST00084,Safety Equipment,Manufacturing,Southwest,2622.35,1586.39,1035.96
SALE0002603,2026-01-28,CUST00384,Technology Hardware,Distribution,Southeast,1234.95,779.81,455.14
SALE0002604,2024-08-03,CUST00410,Technology Hardware,Distribution,Midwest,885.54,660.21,225.33
SALE0002605,2025-06-04,CUST00234,Industrial Equipment,Manufacturing,Southwest,1243.14,601.18,641.96
SALE0002606,2026-04-02,CUST00493,Manufacturing Components,Distribution,Midwest,1618.55,932.29,686.26
SALE0002607,2026-08-26,CUST00034,Office Equipment,Services,Midwest,1257.84,683.0,574.84
SALE0002608,2024-08-22,CUST00044,Office Equipment,Distribution,Northeast,481.38,360.99,120.39
SALE0002609,2026-09-01,CUST00374,Technology Hardware,Manufacturing,Southeast,3097.16,2289.64,807.52
SALE0002610,2026-05-17,CUST00290,Industrial Equipment,Manufacturing,West,3885.18,2038.55,1846.63
SALE0002611,2024-06-08,CUST00241,Industrial Equipment,Manufacturing,West,2672.88,1315.23,1357.65
SALE0002612,2026-04-01,CUST00379,Maintenance Supplies,Distribution,West,913.6,468.63,444.97
SALE0002613,2025-02-28,CUST00215,Packaging Materials,Manufacturing,West,1602.16,1116.67,485.49
SALE0002614,2024-06-04,CUST00415,Packaging Materials,Distribution,Northeast,1800.98,1211.32,589.66
SALE0002615,2026-03-16,CUST00255,Safety Equipment,Distribution,Southwest,2589.65,1291.49,1298.16
SALE0002616,2025-10-02,CUST00431,Maintenance Supplies,Services,Midwest,2699.99,1517.27,1182.72
SALE0002617,2024-01-30,CUST00170,Industrial Equipment,Distribution,Northeast,1163.86,797.22,366.64
SALE0002618,2026-01-22,CUST00468,Office Equipment,Manufacturing,West,1899.22,1351.5,547.72
SALE0002619,2025-01-21,CUST00370,Packaging Materials,Manufacturing,Northeast,2378.84,1614.64,764.2
SALE0002620,2024-01-16,CUST00115,Manufacturing Components,Distribution,Northeast,4330.74,2401.83,1928.91
SALE0002621,2024-04-25,CUST00238,Office Equipment,Services,Southwest,2759.22,2043.53,715.69
SALE0002622,2024-05-17,CUST00415,Industrial Equipment,Distribution,Southwest,2902.81,2052.5,850.31
SALE0002623,2025-04-25,CUST00132,Packaging Materials,Distribution,West,1901.31,1368.69,532.62
SALE0002624,2025-01-09,CUST00343,Manufacturing Components,Distribution,Southwest,4214.45,3106.35,1108.1
SALE0002625,2026-02-05,CUST00293,Safety Equipment,Manufacturing,Southeast,2311.98,1616.83,695.15
SALE0002626,2025-06-11,CUST00483,Packaging Materials,Manufacturing,Northeast,1078.52,527.33,551.19
SALE0002627,2026-01-31,CUST00207,Maintenance Supplies,Services,Northeast,4196.57,2007.79,2188.78
SALE0002628,2024-09-12,CUST00095,Maintenance Supplies,Distribution,Southwest,2748.31,1423.26,1325.05
SALE0002629,2025-11-15,CUST00265,Maintenance Supplies,Manufacturing,Midwest,1386.0,869.35,516.65
SALE0002630,2025-03-08,CUST00075,Industrial Equipment,Services,Southwest,1356.01,762.66,593.35
SALE0002631,2025-10-09,CUST00102,Packaging Materials,Manufacturing,Southeast,2160.18,1003.2,1156.98
SALE0002632,2025-10-11,CUST00407,Safety Equipment,Manufacturing,Southwest,2387.28,1098.71,1288.57
SALE0002633,2024-11-26,CUST00247,Professional Services,Distribution,Southeast,2035.25,923.01,1112.24
SALE0002634,2025-10-05,CUST00498,Office Equipment,Distribution,Southeast,2179.36,1549.21,630.15
SALE0002635,2025-04-09,CUST00280,Professional Services,Manufacturing,Midwest,5013.93,3190.83,1823.1
SALE0002636,2025-11-02,CUST00474,Technology Hardware,Distribution,Southeast,3438.97,2340.4,1098.57
SALE0002637,2024-09-18,CUST00447,Professional Services,Services,Southwest,2027.14,1119.58,907.56
SALE0002638,2025-11-10,CUST00439,Technology Hardware,Services,Midwest,3180.48,1523.29,1657.19
SALE0002639,2024-03-05,CUST00219,Industrial Equipment,Services,Southeast,973.1,666.17,306.93
SALE0002640,2024-04-06,CUST00235,Manufacturing Components,Manufacturing,West,2295.62,1189.45,1106.17
SALE0002641,2025-12-30,CUST00448,Technology Hardware,Distribution,Southwest,5353.92,2884.23,2469.69
SALE0002642,2025-03-22,CUST00482,Manufacturing Components,Services,Southeast,1586.32,977.16,609.16
SALE0002643,2025-02-11,CUST00454,Safety Equipment,Manufacturing,Southeast,1087.26,756.74,330.52
SALE0002644,2026-03-05,CUST00376,Technology Hardware,Services,West,1222.61,556.31,666.3
SALE0002645,2026-03-09,CUST00441,Industrial Equipment,Services,Midwest,940.32,465.96,474.36
SALE0002646,2025-07-06,CUST00485,Packaging Materials,Distribution,Southeast,1129.06,586.13,542.93
SALE0002647,2024-04-12,CUST00326,Safety Equipment,Services,Southeast,1447.65,946.94,500.71
SALE0002648,2025-07-07,CUST00313,Office Equipment,Manufacturing,Midwest,777.95,569.97,207.98
SALE0002649,2024-02-20,CUST00486,Office Equipment,Distribution,Southwest,1825.07,1346.39,478.68
SALE0002650,2026-07-11,CUST00216,Professional Services,Distribution,Midwest,3106.86,1884.39,1222.47
SALE0002651,2024-05-19,CUST00154,Industrial Equipment,Manufacturing,Midwest,1048.74,698.95,349.79
SALE0002652,2025-12-26,CUST00160,Safety Equipment,Services,West,4498.82,2774.54,1724.28
SALE0002653,2025-08-31,CUST00031,Office Equipment,Manufacturing,Southeast,2456.46,1812.33,644.13
SALE0002654,2025-05-07,CUST00392,Safety Equipment,Distribution,Southeast,3355.47,2337.86,1017.61
SALE0002655,2025-10-23,CUST00303,Safety Equipment,Manufacturing,Midwest,1218.41,701.44,516.97
SALE0002656,2024-03-13,CUST00486,Maintenance Supplies,Manufacturing,Southwest,3019.1,1563.57,1455.53
SALE0002657,2024-05-06,CUST00300,Packaging Materials,Manufacturing,Southwest,939.02,627.07,311.95
SALE0002658,2024-05-25,CUST00390,Technology Hardware,Manufacturing,Northeast,3084.51,2010.09,1074.42
SALE0002659,2025-06-17,CUST00053,Professional Services,Manufacturing,Southwest,2004.41,1089.09,915.32
SALE0002660,2024-11-01,CUST00278,Professional Services,Manufacturing,Northeast,2519.84,1755.5,764.34
SALE0002661,2026-06-20,CUST00467,Technology Hardware,Distribution,Northeast,893.05,664.16,228.89
SALE0002662,2025-01-25,CUST00131,Manufacturing Components,Services,Southwest,1056.75,741.2,315.55
SALE0002663,2025-03-12,CUST00449,Professional Services,Distribution,Southeast,2587.21,1618.28,968.93
SALE0002664,2025-06-19,CUST00375,Technology Hardware,Manufacturing,Southwest,1023.51,492.22,531.29
SALE0002665,2026-05-06,CUST00222,Office Equipment,Manufacturing,Northeast,2387.31,1576.77,810.54
SALE0002666,2026-06-04,CUST00432,Maintenance Supplies,Distribution,West,796.09,542.12,253.97
SALE0002667,2024-12-02,CUST00429,Maintenance Supplies,Distribution,Northeast,3007.62,1732.07,1275.55
SALE0002668,2024-01-14,CUST00413,Professional Services,Manufacturing,West,863.06,414.56,448.5
SALE0002669,2025-05-21,CUST00223,Maintenance Supplies,Manufacturing,Southwest,2518.4,1300.54,1217.86
SALE0002670,2025-07-28,CUST00290,Office Equipment,Services,West,2631.68,1663.2,968.48
SALE0002671,2026-06-10,CUST00196,Industrial Equipment,Services,Northeast,1190.27,866.01,324.26
SALE0002672,2025-08-27,CUST00330,Manufacturing Components,Services,Northeast,2563.72,1798.35,765.37
SALE0002673,2024-04-30,CUST00123,Technology Hardware,Services,West,2113.85,1564.29,549.56
SALE0002674,2025-03-07,CUST00368,Industrial Equipment,Distribution,Southwest,1308.58,908.92,399.66
SALE0002675,2026-05-22,CUST00443,Industrial Equipment,Distribution,Southwest,987.19,580.69,406.5
SALE0002676,2025-11-16,CUST00111,Packaging Materials,Manufacturing,Midwest,556.92,402.33,154.59
SALE0002677,2024-04-11,CUST00212,Industrial Equipment,Services,Southwest,2230.07,1199.07,1031.0
SALE0002678,2026-05-19,CUST00184,Technology Hardware,Distribution,Southeast,707.06,507.16,199.9
SALE0002679,2024-10-10,CUST00025,Technology Hardware,Distribution,Midwest,1914.49,1117.68,796.81
SALE0002680,2026-02-26,CUST00108,Technology Hardware,Services,Southwest,1543.69,1062.2,481.49
SALE0002681,2026-02-10,CUST00418,Packaging Materials,Distribution,Northeast,2717.55,1507.05,1210.5
SALE0002682,2024-12-07,CUST00276,Safety Equipment,Distribution,Midwest,1508.35,837.95,670.4
SALE0002683,2024-04-13,CUST00047,Office Equipment,Distribution,West,1483.76,1074.62,409.14
SALE0002684,2025-05-24,CUST00388,Office Equipment,Manufacturing,Midwest,2804.9,1800.3,1004.6
SALE0002685,2026-05-26,CUST00180,Technology Hardware,Distribution,Midwest,2210.63,1463.92,746.71
SALE0002686,2026-02-11,CUST00087,Technology Hardware,Manufacturing,Northeast,2185.7,1087.97,1097.73
SALE0002687,2024-07-13,CUST00466,Maintenance Supplies,Services,West,2396.01,1496.44,899.57
SALE0002688,2024-07-01,CUST00357,Manufacturing Components,Manufacturing,Northeast,719.57,409.72,309.85
SALE0002689,2024-04-02,CUST00469,Office Equipment,Distribution,Southeast,2847.15,1889.08,958.07
SALE0002690,2026-01-03,CUST00182,Office Equipment,Manufacturing,Southwest,2610.98,1441.39,1169.59
SALE0002691,2024-04-16,CUST00377,Maintenance Supplies,Services,West,982.39,691.11,291.28
SALE0002692,2024-03-25,CUST00116,Professional Services,Manufacturing,Southeast,1561.73,854.5,707.23
SALE0002693,2025-07-15,CUST00141,Industrial Equipment,Distribution,Southeast,1765.9,876.78,889.12
SALE0002694,2026-05-03,CUST00113,Safety Equipment,Manufacturing,Southwest,1667.87,1098.33,569.54
SALE0002695,2025-10-25,CUST00075,Industrial Equipment,Distribution,Southeast,2209.05,1531.88,677.17
SALE0002696,2024-01-22,CUST00248,Professional Services,Distribution,West,4267.66,3018.34,1249.32
SALE0002697,2025-07-18,CUST00099,Office Equipment,Manufacturing,West,3460.13,2593.41,866.72
SALE0002698,2025-08-17,CUST00295,Office Equipment,Services,Midwest,822.76,468.88,353.88
SALE0002699,2025-12-24,CUST00187,Maintenance Supplies,Distribution,Midwest,2626.07,1809.47,816.6
SALE0002700,2025-01-08,CUST00480,Safety Equipment,Distribution,West,4013.26,2889.61,1123.65
SALE0002701,2024-12-31,CUST00355,Packaging Materials,Distribution,Southeast,2280.35,1078.86,1201.49
SALE0002702,2026-03-25,CUST00066,Manufacturing Components,Services,Southwest,3479.31,2127.54,1351.77
SALE0002703,2025-07-02,CUST00414,Safety Equipment,Services,Midwest,6047.27,3289.99,2757.28
SALE0002704,2026-01-04,CUST00500,Safety Equipment,Distribution,Midwest,3341.67,2207.65,1134.02
SALE0002705,2025-08-11,CUST00236,Professional Services,Distribution,West,2099.77,1471.91,627.86
SALE0002706,2025-03-22,CUST00088,Industrial Equipment,Services,Southwest,3384.81,1588.82,1795.99
SALE0002707,2025-07-26,CUST00459,Technology Hardware,Distribution,Southeast,1972.25,1272.27,699.98
SALE0002708,2024-03-06,CUST00034,Maintenance Supplies,Services,Midwest,1834.16,1200.64,633.52
SALE0002709,2026-08-28,CUST00015,Professional Services,Distribution,Southeast,1464.33,1052.79,411.54
SALE0002710,2025-02-09,CUST00232,Maintenance Supplies,Services,Midwest,4619.53,2377.03,2242.5
SALE0002711,2024-12-04,CUST00409,Office Equipment,Manufacturing,West,1106.48,575.11,531.37
SALE0002712,2025-11-28,CUST00442,Industrial Equipment,Services,Northeast,4534.28,2838.74,1695.54
SALE0002713,2025-12-30,CUST00301,Manufacturing Components,Manufacturing,West,2440.4,1650.54,789.86
SALE0002714,2024-03-06,CUST00374,Packaging Materials,Services,Southeast,780.88,475.5,305.38
SALE0002715,2024-09-11,CUST00397,Packaging Materials,Manufacturing,Northeast,2254.29,1677.04,577.25
SALE0002716,2025-10-26,CUST00374,Manufacturing Components,Distribution,Northeast,512.85,373.69,139.16
SALE0002717,2024-04-06,CUST00294,Office Equipment,Distribution,Southwest,2631.49,1931.1,700.39
SALE0002718,2025-12-14,CUST00434,Technology Hardware,Manufacturing,Northeast,3075.24,1821.53,1253.71
SALE0002719,2024-11-14,CUST00363,Office Equipment,Distribution,Southwest,1267.23,705.27,561.96
SALE0002720,2024-04-02,CUST00206,Safety Equipment,Manufacturing,Midwest,1947.16,984.04,963.12
SALE0002721,2025-10-24,CUST00174,Professional Services,Manufacturing,West,5840.05,3737.06,2102.99
SALE0002722,2024-09-20,CUST00311,Industrial Equipment,Services,Northeast,1334.82,608.84,725.98
SALE0002723,2025-11-30,CUST00087,Industrial Equipment,Services,Northeast,957.82,538.24,419.58
SALE0002724,2024-01-05,CUST00157,Industrial Equipment,Services,West,4398.41,2410.58,1987.83
SALE0002725,2025-01-18,CUST00490,Packaging Materials,Manufacturing,West,5869.66,4154.59,1715.07
SALE0002726,2025-05-25,CUST00112,Technology Hardware,Manufacturing,Southeast,1812.06,914.25,897.81
SALE0002727,2025-09-06,CUST00091,Professional Services,Services,Southeast,3317.2,1865.1,1452.1
SALE0002728,2025-06-03,CUST00420,Professional Services,Manufacturing,West,4043.58,2000.18,2043.4
SALE0002729,2024-02-09,CUST00455,Manufacturing Components,Distribution,Midwest,1158.07,846.07,312.0
SALE0002730,2024-04-20,CUST00093,Packaging Materials,Manufacturing,Southwest,1351.29,749.58,601.71
SALE0002731,2024-07-16,CUST00314,Technology Hardware,Distribution,West,3783.95,2387.87,1396.08
SALE0002732,2026-05-01,CUST00230,Manufacturing Components,Services,West,4969.17,2815.8,2153.37
SALE0002733,2024-03-08,CUST00188,Packaging Materials,Manufacturing,Southwest,2534.44,1397.75,1136.69
SALE0002734,2024-07-11,CUST00022,Technology Hardware,Manufacturing,Southwest,1066.47,733.96,332.51
SALE0002735,2026-04-10,CUST00338,Manufacturing Components,Services,Northeast,5956.49,4187.89,1768.6
SALE0002736,2025-11-10,CUST00467,Office Equipment,Services,Southeast,1314.77,849.92,464.85
SALE0002737,2024-10-16,CUST00230,Safety Equipment,Distribution,Southwest,1478.7,807.51,671.19
SALE0002738,2025-02-17,CUST00043,Professional Services,Manufacturing,Southwest,2220.31,1288.98,931.33
SALE0002739,2024-04-16,CUST00248,Office Equipment,Distribution,Southwest,4593.95,2510.38,2083.57
SALE0002740,2026-03-16,CUST00395,Industrial Equipment,Services,Northeast,3018.11,2056.0,962.11
SALE0002741,2024-07-11,CUST00158,Packaging Materials,Services,Midwest,2319.06,1702.27,616.79
SALE0002742,2026-01-26,CUST00015,Industrial Equipment,Distribution,Southwest,2387.43,1108.69,1278.74
SALE0002743,2024-07-11,CUST00276,Industrial Equipment,Services,Southwest,1855.87,1030.99,824.88
SALE0002744,2026-01-26,CUST00435,Packaging Materials,Services,Midwest,2527.24,1522.69,1004.55
SALE0002745,2025-11-28,CUST00467,Safety Equipment,Manufacturing,Southwest,396.34,261.49,134.85
SALE0002746,2026-08-30,CUST00114,Technology Hardware,Manufacturing,Southeast,1513.28,765.28,748.0
SALE0002747,2025-05-22,CUST00328,Industrial Equipment,Manufacturing,Southwest,2089.74,1069.99,1019.75
SALE0002748,2024-07-29,CUST00060,Maintenance Supplies,Manufacturing,Southeast,906.32,652.64,253.68
SALE0002749,2025-11-06,CUST00426,Technology Hardware,Manufacturing,Southwest,2279.69,1582.31,697.38
SALE0002750,2026-04-26,CUST00470,Office Equipment,Manufacturing,Southeast,1599.29,829.25,770.04
SALE0002751,2024-05-25,CUST00319,Maintenance Supplies,Distribution,West,5183.76,3263.83,1919.93
SALE0002752,2025-12-28,CUST00321,Maintenance Supplies,Manufacturing,Midwest,4646.23,3294.75,1351.48
SALE0002753,2025-02-23,CUST00213,Office Equipment,Distribution,Midwest,1367.2,898.37,468.83
SALE0002754,2026-05-12,CUST00419,Professional Services,Distribution,West,1651.6,1189.69,461.91
SALE0002755,2024-01-11,CUST00203,Industrial Equipment,Services,Southwest,1729.58,1103.4,626.18
SALE0002756,2024-05-11,CUST00115,Manufacturing Components,Services,Northeast,1378.85,894.72,484.13
SALE0002757,2024-04-28,CUST00406,Professional Services,Manufacturing,Southeast,2032.49,1011.52,1020.97
SALE0002758,2025-07-03,CUST00484,Maintenance Supplies,Services,Southwest,1147.14,628.88,518.26
SALE0002759,2024-10-18,CUST00146,Maintenance Supplies,Manufacturing,Northeast,917.48,560.47,357.01
SALE0002760,2025-02-08,CUST00453,Safety Equipment,Manufacturing,West,2627.08,1830.72,796.36
SALE0002761,2026-05-16,CUST00066,Industrial Equipment,Distribution,Southwest,2637.85,1581.1,1056.75
SALE0002762,2024-04-21,CUST00020,Office Equipment,Manufacturing,Northeast,1115.89,539.45,576.44
SALE0002763,2026-02-19,CUST00035,Safety Equipment,Distribution,West,3093.98,2036.1,1057.88
SALE0002764,2025-01-14,CUST00074,Professional Services,Services,Northeast,1237.75,719.67,518.08
SALE0002765,2025-11-09,CUST00393,Safety Equipment,Manufacturing,Midwest,2104.64,1536.57,568.07
SALE0002766,2024-02-14,CUST00486,Packaging Materials,Distribution,Midwest,2957.82,1835.74,1122.08
SALE0002767,2026-08-01,CUST00237,Safety Equipment,Services,Northeast,1771.94,890.68,881.26
SALE0002768,2025-02-04,CUST00485,Maintenance Supplies,Services,Northeast,2375.22,1339.65,1035.57
SALE0002769,2024-08-18,CUST00100,Technology Hardware,Services,Southwest,1326.29,670.03,656.26
SALE0002770,2024-01-26,CUST00036,Safety Equipment,Services,West,1606.99,1143.21,463.78
SALE0002771,2024-10-21,CUST00074,Technology Hardware,Manufacturing,Northeast,1597.96,986.03,611.93
SALE0002772,2025-12-02,CUST00266,Industrial Equipment,Services,Southeast,1155.23,542.43,612.8
SALE0002773,2026-01-11,CUST00190,Industrial Equipment,Manufacturing,Northeast,1626.09,1186.79,439.3
SALE0002774,2025-12-01,CUST00196,Industrial Equipment,Services,Northeast,713.96,371.33,342.63
SALE0002775,2026-04-13,CUST00291,Manufacturing Components,Manufacturing,Northeast,1346.56,762.5,584.06
SALE0002776,2025-07-31,CUST00011,Professional Services,Services,Southwest,1523.97,935.22,588.75
SALE0002777,2024-10-16,CUST00199,Professional Services,Services,Southeast,1550.44,1016.6,533.84
SALE0002778,2025-11-30,CUST00129,Technology Hardware,Services,Southwest,1564.16,934.07,630.09
SALE0002779,2025-05-05,CUST00079,Professional Services,Services,Midwest,1742.27,1264.59,477.68
SALE0002780,2024-08-17,CUST00327,Packaging Materials,Distribution,Midwest,2410.68,1189.24,1221.44
SALE0002781,2026-06-22,CUST00379,Industrial Equipment,Distribution,Midwest,3055.54,1521.95,1533.59
SALE0002782,2024-05-27,CUST00211,Safety Equipment,Distribution,Southeast,1224.32,566.57,657.75
SALE0002783,2026-05-10,CUST00107,Office Equipment,Distribution,Southwest,878.38,560.36,318.02
SALE0002784,2025-04-16,CUST00228,Office Equipment,Distribution,Midwest,967.56,648.3,319.26
SALE0002785,2024-12-11,CUST00205,Packaging Materials,Services,West,1349.75,739.4,610.35
SALE0002786,2024-07-29,CUST00365,Safety Equipment,Services,Southeast,1463.88,766.78,697.1
SALE0002787,2026-08-28,CUST00338,Technology Hardware,Distribution,West,1139.11,811.14,327.97
SALE0002788,2026-06-02,CUST00210,Technology Hardware,Services,Midwest,830.75,564.24,266.51
SALE0002789,2024-08-06,CUST00241,Manufacturing Components,Services,Southwest,1375.16,780.88,594.28
SALE0002790,2024-11-03,CUST00490,Office Equipment,Manufacturing,Southeast,2015.97,1454.33,561.64
SALE0002791,2024-08-10,CUST00456,Packaging Materials,Services,Southwest,2583.8,1424.46,1159.34
SALE0002792,2026-08-17,CUST00093,Professional Services,Manufacturing,Southeast,1294.07,783.24,510.83
SALE0002793,2025-01-30,CUST00089,Maintenance Supplies,Services,West,1411.21,875.26,535.95
SALE0002794,2026-02-26,CUST00206,Safety Equipment,Manufacturing,Southwest,1036.89,515.08,521.81
SALE0002795,2024-11-20,CUST00445,Packaging Materials,Distribution,Midwest,1774.26,1047.83,726.43
SALE0002796,2025-09-17,CUST00314,Industrial Equipment,Services,Northeast,1086.75,793.23,293.52
SALE0002797,2026-03-16,CUST00011,Industrial Equipment,Manufacturing,Midwest,2550.07,1197.53,1352.54
SALE0002798,2026-05-23,CUST00477,Technology Hardware,Manufacturing,Southeast,619.23,295.36,323.87
SALE0002799,2024-08-06,CUST00034,Technology Hardware,Services,Midwest,1457.13,790.16,666.97
SALE0002800,2025-08-20,CUST00229,Professional Services,Distribution,Southeast,2166.06,1562.5,603.56
SALE0002801,2024-10-23,CUST00411,Packaging Materials,Manufacturing,Southeast,2018.89,1092.16,926.73
SALE0002802,2025-03-01,CUST00467,Office Equipment,Manufacturing,West,9098.09,4417.42,4680.67
SALE0002803,2025-07-19,CUST00359,Maintenance Supplies,Services,Southeast,2230.27,1424.26,806.01
SALE0002804,2024-04-26,CUST00076,Professional Services,Manufacturing,Northeast,989.86,642.58,347.28
SALE0002805,2024-05-18,CUST00243,Office Equipment,Distribution,Southeast,1707.39,1219.2,488.19
SALE0002806,2026-02-24,CUST00353,Technology Hardware,Distribution,West,622.82,284.0,338.82
SALE0002807,2025-08-08,CUST00458,Industrial Equipment,Distribution,West,1722.69,869.18,853.51
SALE0002808,2024-12-18,CUST00044,Technology Hardware,Manufacturing,Southeast,1096.82,784.97,311.85
SALE0002809,2024-05-18,CUST00347,Office Equipment,Manufacturing,Northeast,3131.4,1995.36,1136.04
SALE0002810,2026-08-15,CUST00343,Safety Equipment,Services,Midwest,1300.2,893.61,406.59
SALE0002811,2024-10-26,CUST00486,Manufacturing Components,Distribution,West,1685.71,1118.34,567.37
SALE0002812,2026-03-29,CUST00319,Office Equipment,Manufacturing,Midwest,1234.8,738.94,495.86
SALE0002813,2026-05-21,CUST00263,Maintenance Supplies,Services,Northeast,5132.31,2698.64,2433.67
SALE0002814,2025-05-16,CUST00086,Industrial Equipment,Services,Southeast,1491.08,813.49,677.59
SALE0002815,2025-12-18,CUST00230,Office Equipment,Distribution,Northeast,5429.13,2942.54,2486.59
SALE0002816,2024-10-06,CUST00389,Professional Services,Services,Northeast,2946.85,1989.12,957.73
SALE0002817,2024-12-06,CUST00067,Industrial Equipment,Services,West,2414.48,1485.83,928.65
SALE0002818,2024-01-20,CUST00103,Professional Services,Distribution,Southwest,2255.75,1219.94,1035.81
SALE0002819,2024-02-06,CUST00139,Office Equipment,Distribution,Midwest,2289.93,1508.12,781.81
SALE0002820,2026-04-02,CUST00402,Office Equipment,Distribution,Midwest,568.72,343.38,225.34
SALE0002821,2024-05-15,CUST00369,Maintenance Supplies,Services,Southeast,1529.46,1120.9,408.56
SALE0002822,2025-05-15,CUST00043,Professional Services,Services,Northeast,3002.18,1604.64,1397.54
SALE0002823,2026-04-04,CUST00164,Manufacturing Components,Manufacturing,Southeast,1755.77,1141.02,614.75
SALE0002824,2026-04-05,CUST00125,Manufacturing Components,Manufacturing,Midwest,778.12,528.05,250.07
SALE0002825,2024-03-07,CUST00411,Safety Equipment,Manufacturing,Northeast,1752.08,869.39,882.69
SALE0002826,2024-01-10,CUST00378,Technology Hardware,Services,Northeast,5026.42,3352.28,1674.14
SALE0002827,2024-06-08,CUST00495,Professional Services,Services,Midwest,3820.49,2387.14,1433.35
SALE0002828,2026-03-15,CUST00314,Manufacturing Components,Manufacturing,Southeast,1742.01,1131.4,610.61
SALE0002829,2024-07-23,CUST00475,Manufacturing Components,Manufacturing,Northeast,3199.88,2321.2,878.68
SALE0002830,2026-01-05,CUST00002,Office Equipment,Services,Southeast,1451.13,1067.19,383.94
SALE0002831,2024-08-03,CUST00041,Office Equipment,Distribution,West,650.46,302.46,348.0
SALE0002832,2024-07-16,CUST00102,Professional Services,Services,Southeast,1038.28,615.51,422.77
SALE0002833,2025-04-25,CUST00347,Industrial Equipment,Distribution,Southeast,4618.08,2477.23,2140.85
SALE0002834,2025-06-03,CUST00091,Safety Equipment,Distribution,Southeast,1533.95,693.18,840.77
SALE0002835,2026-06-18,CUST00499,Safety Equipment,Services,Northeast,1562.39,957.12,605.27
SALE0002836,2025-12-20,CUST00097,Packaging Materials,Distribution,Southeast,1510.35,1024.77,485.58
SALE0002837,2024-06-15,CUST00429,Maintenance Supplies,Services,Southwest,5667.38,3221.34,2446.04
SALE0002838,2025-06-02,CUST00112,Office Equipment,Distribution,Midwest,4796.18,3080.0,1716.18
SALE0002839,2026-01-23,CUST00004,Maintenance Supplies,Distribution,Southeast,6844.96,3574.65,3270.31
SALE0002840,2024-03-07,CUST00253,Technology Hardware,Services,Northeast,1643.48,769.95,873.53
SALE0002841,2025-09-26,CUST00221,Manufacturing Components,Services,Southwest,2158.94,1460.94,698.0
SALE0002842,2024-01-13,CUST00346,Manufacturing Components,Distribution,West,727.79,540.86,186.93
SALE0002843,2026-02-28,CUST00186,Manufacturing Components,Services,Midwest,4385.95,3179.38,1206.57
SALE0002844,2026-01-14,CUST00231,Technology Hardware,Services,Southwest,897.25,629.8,267.45
SALE0002845,2025-01-14,CUST00391,Professional Services,Distribution,West,2059.18,1235.32,823.86
SALE0002846,2026-02-01,CUST00301,Packaging Materials,Manufacturing,Midwest,936.0,474.63,461.37
SALE0002847,2025-02-23,CUST00237,Technology Hardware,Distribution,Southwest,1269.88,748.57,521.31
SALE0002848,2026-06-08,CUST00232,Packaging Materials,Manufacturing,Southwest,1094.05,787.42,306.63
SALE0002849,2025-03-05,CUST00448,Packaging Materials,Distribution,Southwest,1255.48,922.64,332.84
SALE0002850,2026-06-10,CUST00205,Technology Hardware,Manufacturing,Southwest,1308.36,836.9,471.46
SALE0002851,2026-03-21,CUST00464,Packaging Materials,Manufacturing,West,1301.2,904.62,396.58
SALE0002852,2026-08-26,CUST00049,Industrial Equipment,Distribution,Southwest,2980.96,1505.9,1475.06
SALE0002853,2024-06-02,CUST00102,Industrial Equipment,Distribution,Southwest,931.77,495.02,436.75
SALE0002854,2024-06-11,CUST00490,Maintenance Supplies,Manufacturing,Southeast,2063.84,1116.65,947.19
SALE0002855,2025-05-13,CUST00256,Office Equipment,Distribution,Southeast,3754.74,2373.17,1381.57
SALE0002856,2025-05-14,CUST00031,Technology Hardware,Manufacturing,Northeast,1328.87,984.33,344.54
SALE0002857,2024-11-27,CUST00312,Maintenance Supplies,Manufacturing,Southeast,1175.26,777.8,397.46
SALE0002858,2025-06-15,CUST00412,Safety Equipment,Distribution,Southwest,1574.49,1154.1,420.39
SALE0002859,2024-01-14,CUST00324,Packaging Materials,Distribution,Midwest,3669.59,2704.7,964.89
SALE0002860,2025-12-01,CUST00314,Manufacturing Components,Services,Southeast,2031.37,1291.03,740.34
SALE0002861,2025-06-26,CUST00372,Technology Hardware,Services,Southeast,1314.58,702.73,611.85
SALE0002862,2025-01-13,CUST00243,Manufacturing Components,Manufacturing,Southwest,2417.11,1497.64,919.47
SALE0002863,2025-01-13,CUST00108,Technology Hardware,Services,Southeast,933.2,536.68,396.52
SALE0002864,2026-07-20,CUST00161,Professional Services,Distribution,West,2721.17,1936.28,784.89
SALE0002865,2024-12-14,CUST00170,Safety Equipment,Manufacturing,Midwest,2310.37,1439.74,870.63
SALE0002866,2026-03-11,CUST00498,Safety Equipment,Services,West,1503.15,961.72,541.43
SALE0002867,2025-09-16,CUST00420,Safety Equipment,Distribution,West,1093.18,569.66,523.52
SALE0002868,2025-04-26,CUST00161,Manufacturing Components,Distribution,Southeast,1062.09,761.7,300.39
SALE0002869,2025-09-30,CUST00271,Professional Services,Distribution,West,2492.12,1361.93,1130.19
SALE0002870,2026-07-11,CUST00491,Maintenance Supplies,Manufacturing,Southwest,3779.66,2711.05,1068.61
SALE0002871,2025-02-02,CUST00406,Maintenance Supplies,Services,Southeast,1233.51,842.77,390.74
SALE0002872,2025-01-07,CUST00031,Professional Services,Manufacturing,Southeast,2380.42,1676.61,703.81
SALE0002873,2025-10-10,CUST00183,Professional Services,Services,Southeast,516.87,233.06,283.81
SALE0002874,2026-03-13,CUST00164,Professional Services,Distribution,West,1273.12,677.08,596.04
SALE0002875,2026-06-23,CUST00422,Safety Equipment,Services,West,1774.66,1084.13,690.53
SALE0002876,2024-05-03,CUST00032,Safety Equipment,Services,West,1047.53,564.29,483.24
SALE0002877,2024-10-16,CUST00193,Office Equipment,Services,Northeast,1030.81,540.63,490.18
SALE0002878,2024-11-01,CUST00074,Maintenance Supplies,Manufacturing,Northeast,1211.16,639.85,571.31
SALE0002879,2025-10-29,CUST00216,Manufacturing Components,Distribution,Southwest,2154.5,1385.77,768.73
SALE0002880,2026-03-05,CUST00076,Professional Services,Services,Southwest,1615.83,1168.15,447.68
SALE0002881,2025-07-22,CUST00228,Technology Hardware,Manufacturing,Midwest,472.04,234.65,237.39
SALE0002882,2025-04-11,CUST00362,Professional Services,Distribution,Southeast,506.53,269.87,236.66
SALE0002883,2025-08-23,CUST00490,Industrial Equipment,Manufacturing,Northeast,1256.24,613.75,642.49
SALE0002884,2026-06-07,CUST00245,Technology Hardware,Manufacturing,Midwest,2379.42,1303.83,1075.59
SALE0002885,2026-05-01,CUST00282,Industrial Equipment,Services,Southwest,347.75,231.65,116.1
SALE0002886,2025-10-23,CUST00092,Technology Hardware,Services,Northeast,1339.65,733.01,606.64
SALE0002887,2025-10-21,CUST00290,Industrial Equipment,Services,Northeast,1318.5,705.23,613.27
SALE0002888,2026-01-10,CUST00068,Professional Services,Manufacturing,Northeast,4158.89,2766.41,1392.48
SALE0002889,2024-05-23,CUST00268,Packaging Materials,Services,Southeast,1435.1,711.05,724.05
SALE0002890,2024-04-04,CUST00498,Technology Hardware,Distribution,Northeast,2275.13,1538.89,736.24
SALE0002891,2025-02-26,CUST00036,Professional Services,Distribution,West,1967.96,1088.42,879.54
SALE0002892,2024-03-04,CUST00329,Office Equipment,Services,Southeast,503.54,305.85,197.69
SALE0002893,2025-07-15,CUST00417,Safety Equipment,Distribution,Southeast,2866.72,1997.68,869.04
SALE0002894,2024-04-28,CUST00445,Maintenance Supplies,Manufacturing,Southeast,2057.48,1396.68,660.8
SALE0002895,2024-02-27,CUST00286,Industrial Equipment,Manufacturing,Southeast,2452.74,1578.16,874.58
SALE0002896,2025-05-05,CUST00113,Safety Equipment,Manufacturing,Southeast,19067.54,8822.9,10244.64
SALE0002897,2025-05-27,CUST00199,Office Equipment,Manufacturing,West,517.77,282.62,235.15
SALE0002898,2026-02-22,CUST00013,Office Equipment,Services,Northeast,5088.91,2732.19,2356.72
SALE0002899,2024-02-11,CUST00019,Safety Equipment,Manufacturing,West,1521.62,776.08,745.54
SALE0002900,2025-05-18,CUST00360,Manufacturing Components,Services,Midwest,2148.23,971.31,1176.92
SALE0002901,2025-06-05,CUST00085,Office Equipment,Manufacturing,Southeast,1759.34,1265.97,493.37
SALE0002902,2025-07-03,CUST00322,Maintenance Supplies,Distribution,West,1401.72,633.86,767.86
SALE0002903,2025-01-18,CUST00082,Safety Equipment,Services,Midwest,1284.47,774.87,509.6
SALE0002904,2024-12-08,CUST00460,Maintenance Supplies,Distribution,Northeast,2203.29,1120.88,1082.41
SALE0002905,2025-10-28,CUST00015,Professional Services,Services,West,727.56,389.69,337.87
SALE0002906,2026-02-27,CUST00095,Manufacturing Components,Manufacturing,Southwest,2836.56,1621.68,1214.88
SALE0002907,2026-04-03,CUST00478,Safety Equipment,Manufacturing,West,1408.5,678.92,729.58
SALE0002908,2026-01-23,CUST00427,Safety Equipment,Services,Midwest,917.78,618.75,299.03
SALE0002909,2025-01-04,CUST00332,Safety Equipment,Services,Midwest,1380.21,813.13,567.08
SALE0002910,2024-08-10,CUST00159,Industrial Equipment,Manufacturing,Southeast,3844.08,2319.25,1524.83
SALE0002911,2026-05-31,CUST00256,Office Equipment,Services,Midwest,1311.33,721.47,589.86
SALE0002912,2025-04-13,CUST00309,Packaging Materials,Distribution,Southwest,2241.88,1670.8,571.08
SALE0002913,2025-07-28,CUST00408,Safety Equipment,Manufacturing,West,1166.11,733.51,432.6
SALE0002914,2024-04-19,CUST00437,Industrial Equipment,Services,Northeast,2849.08,2038.01,811.07
SALE0002915,2026-05-27,CUST00141,Industrial Equipment,Distribution,Southwest,2727.95,1236.75,1491.2
SALE0002916,2025-01-25,CUST00493,Packaging Materials,Manufacturing,Northeast,5481.67,3665.18,1816.49
SALE0002917,2025-01-11,CUST00098,Office Equipment,Services,Midwest,1627.27,837.38,789.89
SALE0002918,2024-03-18,CUST00335,Industrial Equipment,Distribution,Northeast,2700.5,1442.05,1258.45
SALE0002919,2026-07-09,CUST00073,Maintenance Supplies,Distribution,Southeast,1917.62,932.01,985.61
SALE0002920,2024-05-03,CUST00382,Industrial Equipment,Distribution,Southeast,3934.44,2855.7,1078.74
SALE0002921,2024-01-15,CUST00372,Safety Equipment,Distribution,West,1174.62,568.25,606.37
SALE0002922,2025-12-12,CUST00139,Industrial Equipment,Services,West,2827.09,1744.97,1082.12
SALE0002923,2025-05-06,CUST00355,Packaging Materials,Manufacturing,Northeast,1608.7,754.46,854.24
SALE0002924,2025-02-11,CUST00016,Industrial Equipment,Distribution,Southwest,1739.73,1136.75,602.98
SALE0002925,2026-04-30,CUST00090,Industrial Equipment,Services,Northeast,1910.37,1126.57,783.8
SALE0002926,2025-11-03,CUST00395,Maintenance Supplies,Services,Midwest,2103.47,986.32,1117.15
SALE0002927,2026-01-06,CUST00411,Maintenance Supplies,Manufacturing,Midwest,1686.25,1001.21,685.04
SALE0002928,2026-06-11,CUST00354,Professional Services,Manufacturing,Northeast,2056.64,1041.53,1015.11
SALE0002929,2026-06-13,CUST00439,Office Equipment,Services,Southwest,4660.47,2884.66,1775.81
SALE0002930,2026-03-21,CUST00435,Industrial Equipment,Distribution,Midwest,3265.83,1696.46,1569.37
SALE0002931,2024-03-31,CUST00234,Professional Services,Services,Southeast,3045.72,1917.02,1128.7
SALE0002932,2025-01-17,CUST00191,Packaging Materials,Distribution,Midwest,1375.64,890.84,484.8
SALE0002933,2025-02-20,CUST00206,Technology Hardware,Distribution,Midwest,1060.46,532.55,527.91
SALE0002934,2026-02-24,CUST00417,Professional Services,Services,West,3207.29,1724.67,1482.62
SALE0002935,2025-02-21,CUST00222,Manufacturing Components,Services,Midwest,3058.34,1706.86,1351.48
SALE0002936,2026-06-25,CUST00474,Technology Hardware,Services,Southwest,4374.74,2149.28,2225.46
SALE0002937,2025-04-06,CUST00442,Packaging Materials,Manufacturing,Midwest,1258.42,850.83,407.59
SALE0002938,2025-06-02,CUST00321,Packaging Materials,Services,Midwest,1575.41,1142.94,432.47
SALE0002939,2025-07-07,CUST00382,Packaging Materials,Services,Southeast,676.08,432.56,243.52
SALE0002940,2026-04-15,CUST00423,Office Equipment,Manufacturing,Southwest,1428.7,982.49,446.21
SALE0002941,2026-06-20,CUST00257,Industrial Equipment,Services,Northeast,3287.7,1589.81,1697.89
SALE0002942,2025-08-12,CUST00479,Packaging Materials,Services,Southeast,1366.63,616.64,749.99
SALE0002943,2025-12-01,CUST00172,Professional Services,Manufacturing,Midwest,2655.23,1760.22,895.01
SALE0002944,2026-01-19,CUST00192,Office Equipment,Services,Southwest,1612.75,1130.44,482.31
SALE0002945,2024-08-12,CUST00384,Office Equipment,Services,Northeast,2196.09,1368.4,827.69
SALE0002946,2024-08-19,CUST00233,Packaging Materials,Services,Southeast,908.13,583.15,324.98
SALE0002947,2026-01-03,CUST00407,Manufacturing Components,Distribution,Southeast,1902.88,856.64,1046.24
SALE0002948,2026-07-26,CUST00487,Maintenance Supplies,Manufacturing,Southwest,300.46,141.72,158.74
SALE0002949,2024-11-06,CUST00278,Manufacturing Components,Manufacturing,Northeast,1616.25,1127.45,488.8
SALE0002950,2024-01-17,CUST00062,Safety Equipment,Manufacturing,Northeast,679.74,312.22,367.52
SALE0002951,2024-03-09,CUST00487,Manufacturing Components,Distribution,Midwest,3727.89,1960.98,1766.91
SALE0002952,2025-11-08,CUST00358,Maintenance Supplies,Distribution,Southwest,2882.59,1645.67,1236.92
SALE0002953,2025-01-18,CUST00220,Professional Services,Services,West,2392.28,1226.13,1166.15
SALE0002954,2025-08-30,CUST00252,Industrial Equipment,Distribution,Midwest,4503.47,2083.14,2420.33
SALE0002955,2024-12-25,CUST00359,Professional Services,Distribution,West,1023.16,469.95,553.21
SALE0002956,2026-02-27,CUST00353,Technology Hardware,Services,Southwest,5158.59,2473.04,2685.55
SALE0002957,2024-01-28,CUST00493,Professional Services,Manufacturing,Southwest,3163.12,1783.97,1379.15
SALE0002958,2024-09-15,CUST00043,Safety Equipment,Services,Northeast,1568.8,961.86,606.94
SALE0002959,2025-04-10,CUST00173,Safety Equipment,Services,Southwest,3573.75,2015.44,1558.31
SALE0002960,2024-02-05,CUST00283,Professional Services,Manufacturing,West,930.97,509.11,421.86
SALE0002961,2025-02-24,CUST00351,Packaging Materials,Services,Northeast,1102.45,527.51,574.94
SALE0002962,2026-08-15,CUST00036,Packaging Materials,Distribution,Midwest,1254.94,755.33,499.61
SALE0002963,2025-12-14,CUST00411,Industrial Equipment,Distribution,West,1316.34,815.49,500.85
SALE0002964,2024-04-30,CUST00252,Packaging Materials,Distribution,Midwest,959.17,632.54,326.63
SALE0002965,2026-05-24,CUST00149,Technology Hardware,Distribution,Northeast,3766.31,1878.73,1887.58
SALE0002966,2025-12-04,CUST00429,Manufacturing Components,Manufacturing,Southwest,1547.95,768.46,779.49
SALE0002967,2025-05-12,CUST00199,Packaging Materials,Distribution,Northeast,2233.9,1172.16,1061.74
SALE0002968,2024-11-05,CUST00175,Professional Services,Manufacturing,Southwest,1284.07,648.2,635.87
SALE0002969,2026-04-07,CUST00467,Manufacturing Components,Manufacturing,Southeast,606.46,400.41,206.05
SALE0002970,2024-05-22,CUST00485,Industrial Equipment,Distribution,Southwest,2126.08,1040.93,1085.15
SALE0002971,2025-01-10,CUST00221,Industrial Equipment,Services,West,574.01,395.09,178.92
SALE0002972,2026-07-08,CUST00326,Manufacturing Components,Distribution,Southwest,1735.1,1141.95,593.15
SALE0002973,2024-02-04,CUST00286,Office Equipment,Manufacturing,Northeast,795.53,424.55,370.98
SALE0002974,2024-03-30,CUST00486,Technology Hardware,Distribution,Southwest,5957.26,3150.39,2806.87
SALE0002975,2025-06-03,CUST00465,Packaging Materials,Manufacturing,Northeast,3123.84,2267.23,856.61
SALE0002976,2024-06-14,CUST00096,Safety Equipment,Distribution,West,1926.48,916.84,1009.64
SALE0002977,2025-01-17,CUST00245,Manufacturing Components,Services,Southeast,3859.23,2381.96,1477.27
SALE0002978,2025-08-19,CUST00287,Industrial Equipment,Manufacturing,Southeast,1088.12,624.56,463.56
SALE0002979,2024-05-30,CUST00383,Office Equipment,Manufacturing,Midwest,2505.11,1353.02,1152.09
SALE0002980,2024-03-02,CUST00007,Manufacturing Components,Services,Midwest,2038.33,1229.23,809.1
SALE0002981,2025-08-22,CUST00156,Packaging Materials,Distribution,Southeast,2118.39,1290.43,827.96
SALE0002982,2026-05-31,CUST00110,Safety Equipment,Services,Southwest,3879.31,2304.76,1574.55
SALE0002983,2025-05-04,CUST00051,Packaging Materials,Distribution,West,2805.94,1665.66,1140.28
SALE0002984,2025-10-10,CUST00440,Manufacturing Components,Manufacturing,Southeast,2150.02,1371.95,778.07
SALE0002985,2026-05-28,CUST00441,Manufacturing Components,Distribution,West,669.86,403.9,265.96
SALE0002986,2024-03-15,CUST00127,Office Equipment,Services,Midwest,1016.35,629.98,386.37
SALE0002987,2026-08-18,CUST00135,Office Equipment,Manufacturing,Southwest,1679.71,869.42,810.29
SALE0002988,2024-02-13,CUST00400,Office Equipment,Manufacturing,Southeast,1912.23,1359.98,552.25
SALE0002989,2025-11-18,CUST00192,Office Equipment,Distribution,West,917.71,612.98,304.73
SALE0002990,2026-05-06,CUST00384,Packaging Materials,Distribution,West,7684.85,5456.86,2227.99
SALE0002991,2026-08-30,CUST00456,Office Equipment,Services,Southeast,4491.03,3085.97,1405.06
SALE0002992,2024-09-04,CUST00148,Professional Services,Manufacturing,Southwest,2594.82,1633.94,960.88
SALE0002993,2025-09-06,CUST00034,Manufacturing Components,Services,Southeast,1887.9,867.06,1020.84
SALE0002994,2026-03-02,CUST00190,Maintenance Supplies,Distribution,Midwest,1591.89,1022.66,569.23
SALE0002995,2025-04-20,CUST00470,Technology Hardware,Distribution,West,1021.32,658.8,362.52
SALE0002996,2025-09-11,CUST00158,Professional Services,Services,Southwest,1894.08,1038.2,855.88
SALE0002997,2025-01-30,CUST00430,Packaging Materials,Distribution,Midwest,2110.44,1429.24,681.2
SALE0002998,2024-04-03,CUST00500,Technology Hardware,Services,West,858.29,564.26,294.03
SALE0002999,2025-09-23,CUST00129,Maintenance Supplies,Distribution,Midwest,2209.47,1412.76,796.71
SALE0003000,2025-08-31,CUST00161,Technology Hardware,Manufacturing,West,1647.22,995.01,652.21
SALE0003001,2024-07-14,CUST00157,Safety Equipment,Distribution,West,575.54,319.17,256.37
SALE0003002,2025-11-23,CUST00136,Office Equipment,Services,Southeast,1078.98,618.75,460.23
SALE0003003,2026-02-25,CUST00403,Packaging Materials,Services,Midwest,1410.69,894.26,516.43
SALE0003004,2024-07-13,CUST00186,Technology Hardware,Manufacturing,Southwest,5611.72,3682.02,1929.7
SALE0003005,2025-08-18,CUST00061,Maintenance Supplies,Services,Southeast,2524.84,1530.14,994.7
SALE0003006,2024-07-29,CUST00325,Technology Hardware,Manufacturing,Southwest,811.36,510.7,300.66
SALE0003007,2025-01-18,CUST00248,Maintenance Supplies,Services,Southwest,2420.24,1267.46,1152.78
SALE0003008,2025-07-04,CUST00131,Manufacturing Components,Distribution,Northeast,714.52,394.72,319.8
SALE0003009,2025-01-20,CUST00202,Industrial Equipment,Manufacturing,Southeast,3462.04,2402.43,1059.61
SALE0003010,2026-04-11,CUST00476,Professional Services,Distribution,West,1362.84,995.2,367.64
SALE0003011,2025-08-20,CUST00262,Office Equipment,Manufacturing,Midwest,1709.26,1190.24,519.02
SALE0003012,2024-02-22,CUST00322,Professional Services,Services,Northeast,4005.72,2982.15,1023.57
SALE0003013,2025-05-02,CUST00161,Manufacturing Components,Manufacturing,Southeast,835.23,485.4,349.83
SALE0003014,2024-05-05,CUST00411,Industrial Equipment,Manufacturing,Northeast,781.9,436.61,345.29
SALE0003015,2024-10-11,CUST00275,Maintenance Supplies,Manufacturing,Northeast,1273.9,614.32,659.58
SALE0003016,2026-08-05,CUST00217,Safety Equipment,Manufacturing,West,3371.21,2268.51,1102.7
SALE0003017,2024-03-02,CUST00173,Maintenance Supplies,Distribution,Southwest,726.61,329.12,397.49
SALE0003018,2024-09-03,CUST00317,Maintenance Supplies,Services,Midwest,330.53,171.59,158.94
SALE0003019,2026-05-10,CUST00012,Technology Hardware,Manufacturing,Southeast,1379.26,718.47,660.79
SALE0003020,2026-04-05,CUST00197,Safety Equipment,Services,West,2517.56,1862.79,654.77
SALE0003021,2024-01-18,CUST00047,Maintenance Supplies,Distribution,Northeast,3715.09,2735.58,979.51
SALE0003022,2024-04-07,CUST00209,Safety Equipment,Manufacturing,Southwest,1369.37,717.36,652.01
SALE0003023,2025-09-16,CUST00089,Safety Equipment,Distribution,Northeast,1412.54,705.84,706.7
SALE0003024,2024-01-04,CUST00158,Office Equipment,Services,West,3613.17,1884.74,1728.43
SALE0003025,2026-05-19,CUST00110,Safety Equipment,Manufacturing,Northeast,588.84,333.29,255.55
SALE0003026,2025-02-22,CUST00227,Packaging Materials,Services,Southwest,1432.09,950.52,481.57
SALE0003027,2026-05-21,CUST00195,Industrial Equipment,Services,Midwest,2026.88,1286.09,740.79
SALE0003028,2024-07-29,CUST00252,Office Equipment,Services,Midwest,2367.36,1691.58,675.78
SALE0003029,2024-11-25,CUST00260,Office Equipment,Distribution,West,1331.57,607.48,724.09
SALE0003030,2024-07-29,CUST00361,Manufacturing Components,Services,Southwest,1845.79,1037.13,808.66
SALE0003031,2024-06-21,CUST00107,Safety Equipment,Distribution,Midwest,406.26,278.87,127.39
SALE0003032,2025-02-18,CUST00367,Maintenance Supplies,Manufacturing,Southwest,1218.1,648.32,569.78
SALE0003033,2025-09-06,CUST00492,Industrial Equipment,Services,West,2373.46,1693.03,680.43
SALE0003034,2024-09-06,CUST00034,Professional Services,Services,Northeast,1002.87,645.49,357.38
SALE0003035,2025-02-02,CUST00185,Office Equipment,Manufacturing,Southwest,1873.18,1164.18,709.0
SALE0003036,2025-03-22,CUST00466,Office Equipment,Manufacturing,Southwest,2364.03,1577.41,786.62
SALE0003037,2024-09-18,CUST00138,Technology Hardware,Distribution,Southwest,1472.14,816.26,655.88
SALE0003038,2024-06-10,CUST00438,Safety Equipment,Manufacturing,Southwest,2002.75,1002.5,1000.25
SALE0003039,2025-01-08,CUST00118,Manufacturing Components,Services,Southeast,1014.71,471.22,543.49
SALE0003040,2024-04-04,CUST00284,Industrial Equipment,Distribution,Northeast,1597.24,1013.66,583.58
SALE0003041,2025-06-21,CUST00232,Packaging Materials,Distribution,Southeast,2607.45,1902.4,705.05
SALE0003042,2026-05-29,CUST00446,Packaging Materials,Manufacturing,Southwest,1986.61,1153.76,832.85
SALE0003043,2024-11-15,CUST00035,Safety Equipment,Manufacturing,West,1271.66,635.82,635.84
SALE0003044,2024-02-23,CUST00401,Packaging Materials,Distribution,West,2068.4,1286.1,782.3
SALE0003045,2025-04-26,CUST00459,Packaging Materials,Manufacturing,Northeast,2776.0,2033.71,742.29
SALE0003046,2026-04-07,CUST00309,Manufacturing Components,Manufacturing,Northeast,528.5,390.25,138.25
SALE0003047,2024-10-02,CUST00092,Manufacturing Components,Distribution,West,3624.4,2519.64,1104.76
SALE0003048,2026-02-18,CUST00092,Packaging Materials,Services,Southeast,1477.71,828.52,649.19
SALE0003049,2024-09-08,CUST00167,Packaging Materials,Distribution,West,2333.9,1601.22,732.68
SALE0003050,2026-04-12,CUST00259,Industrial Equipment,Distribution,Southeast,3708.37,1691.82,2016.55
SALE0003051,2024-06-20,CUST00080,Packaging Materials,Manufacturing,West,793.93,368.78,425.15
SALE0003052,2026-05-04,CUST00401,Maintenance Supplies,Distribution,Southeast,1181.26,661.69,519.57
SALE0003053,2025-04-10,CUST00057,Safety Equipment,Manufacturing,West,1520.62,764.18,756.44
SALE0003054,2026-02-11,CUST00194,Packaging Materials,Manufacturing,Midwest,1129.75,522.72,607.03
SALE0003055,2025-04-16,CUST00251,Office Equipment,Services,West,5120.27,3116.54,2003.73
SALE0003056,2026-01-13,CUST00269,Professional Services,Services,West,1081.32,617.62,463.7
SALE0003057,2024-12-28,CUST00296,Office Equipment,Distribution,West,1295.53,888.62,406.91
SALE0003058,2026-08-17,CUST00258,Professional Services,Manufacturing,Northeast,2043.94,1169.75,874.19
SALE0003059,2024-07-30,CUST00189,Maintenance Supplies,Manufacturing,West,878.93,414.88,464.05
SALE0003060,2026-07-14,CUST00193,Maintenance Supplies,Distribution,Northeast,1425.95,818.1,607.85
SALE0003061,2024-11-18,CUST00385,Industrial Equipment,Manufacturing,Southwest,2187.41,1304.06,883.35
SALE0003062,2026-03-04,CUST00076,Professional Services,Services,Southeast,1480.72,949.94,530.78
SALE0003063,2025-10-26,CUST00203,Safety Equipment,Manufacturing,Northeast,1709.52,1176.37,533.15
SALE0003064,2026-07-11,CUST00225,Maintenance Supplies,Distribution,Southwest,1316.06,681.88,634.18
SALE0003065,2025-04-22,CUST00191,Safety Equipment,Distribution,Southeast,728.74,483.79,244.95
SALE0003066,2025-03-01,CUST00126,Packaging Materials,Services,Northeast,2192.85,1618.07,574.78
SALE0003067,2024-10-29,CUST00180,Professional Services,Distribution,Southwest,5182.07,2913.42,2268.65
SALE0003068,2024-03-20,CUST00182,Professional Services,Manufacturing,Southwest,1828.12,1150.75,677.37
SALE0003069,2024-03-10,CUST00100,Maintenance Supplies,Services,Southeast,2069.7,1150.22,919.48
SALE0003070,2024-01-12,CUST00075,Maintenance Supplies,Manufacturing,Northeast,2739.78,2048.34,691.44
SALE0003071,2025-06-05,CUST00267,Technology Hardware,Manufacturing,Southwest,844.21,435.28,408.93
SALE0003072,2025-02-17,CUST00314,Professional Services,Distribution,West,5021.62,2762.96,2258.66
SALE0003073,2024-11-30,CUST00027,Manufacturing Components,Distribution,Southwest,2041.41,1093.13,948.28
SALE0003074,2025-03-19,CUST00019,Manufacturing Components,Manufacturing,Southwest,4813.18,3268.59,1544.59
SALE0003075,2024-12-04,CUST00226,Maintenance Supplies,Manufacturing,Southeast,1164.66,754.92,409.74
SALE0003076,2026-02-19,CUST00048,Office Equipment,Distribution,Southwest,5382.12,3899.34,1482.78
SALE0003077,2024-08-13,CUST00156,Industrial Equipment,Manufacturing,Southeast,2878.7,1331.59,1547.11
SALE0003078,2025-03-04,CUST00214,Packaging Materials,Distribution,West,2519.52,1564.09,955.43
SALE0003079,2025-08-04,CUST00470,Safety Equipment,Manufacturing,Northeast,2080.61,1095.53,985.08
SALE0003080,2024-06-16,CUST00136,Professional Services,Manufacturing,Southeast,1557.57,1102.22,455.35
SALE0003081,2025-04-24,CUST00085,Professional Services,Manufacturing,Northeast,3715.69,2692.17,1023.52
SALE0003082,2025-11-16,CUST00461,Technology Hardware,Services,Midwest,1966.9,1156.3,810.6
SALE0003083,2026-05-21,CUST00490,Maintenance Supplies,Services,West,555.44,328.09,227.35
SALE0003084,2025-07-15,CUST00417,Technology Hardware,Services,Midwest,924.9,662.92,261.98
SALE0003085,2025-06-23,CUST00350,Maintenance Supplies,Services,Southeast,1617.27,803.26,814.01
SALE0003086,2024-08-19,CUST00223,Professional Services,Distribution,Midwest,2177.65,1512.33,665.32
SALE0003087,2026-08-20,CUST00256,Office Equipment,Manufacturing,West,1747.68,1053.24,694.44
SALE0003088,2024-11-03,CUST00132,Manufacturing Components,Manufacturing,West,3757.02,2594.23,1162.79
SALE0003089,2024-08-16,CUST00113,Safety Equipment,Distribution,Southeast,560.79,394.43,166.36
SALE0003090,2026-08-06,CUST00278,Technology Hardware,Distribution,Southwest,1970.72,945.12,1025.6
SALE0003091,2025-03-05,CUST00154,Manufacturing Components,Manufacturing,Southeast,607.42,376.58,230.84
SALE0003092,2025-09-30,CUST00476,Manufacturing Components,Distribution,Northeast,2852.15,1695.18,1156.97
SALE0003093,2025-03-22,CUST00222,Packaging Materials,Distribution,Southwest,1708.42,976.84,731.58
SALE0003094,2024-02-01,CUST00190,Manufacturing Components,Distribution,Southeast,2325.68,1279.44,1046.24
SALE0003095,2025-05-13,CUST00252,Office Equipment,Services,Southeast,1076.72,768.49,308.23
SALE0003096,2025-02-19,CUST00121,Maintenance Supplies,Manufacturing,West,3895.9,2255.85,1640.05
SALE0003097,2026-04-03,CUST00082,Technology Hardware,Services,Southwest,3377.99,1687.2,1690.79
SALE0003098,2026-05-23,CUST00043,Manufacturing Components,Services,Northeast,2566.06,1218.53,1347.53
SALE0003099,2024-06-02,CUST00253,Manufacturing Components,Services,Southeast,1672.86,1023.98,648.88
SALE0003100,2024-02-22,CUST00091,Industrial Equipment,Manufacturing,Midwest,2560.39,1153.78,1406.61
SALE0003101,2026-05-13,CUST00352,Technology Hardware,Services,West,1183.07,662.55,520.52
SALE0003102,2024-03-30,CUST00458,Maintenance Supplies,Distribution,Northeast,3020.97,1396.08,1624.89
SALE0003103,2024-02-09,CUST00043,Industrial Equipment,Services,Northeast,4864.35,3642.89,1221.46
SALE0003104,2026-04-21,CUST00405,Packaging Materials,Distribution,Southwest,3437.04,2497.92,939.12
SALE0003105,2024-04-20,CUST00150,Manufacturing Components,Services,Midwest,1167.05,618.77,548.28
SALE0003106,2024-05-21,CUST00311,Maintenance Supplies,Manufacturing,West,2245.87,1054.4,1191.47
SALE0003107,2024-04-08,CUST00115,Maintenance Supplies,Manufacturing,Southwest,832.24,498.45,333.79
SALE0003108,2026-05-22,CUST00084,Professional Services,Distribution,Midwest,2548.94,1405.99,1142.95
SALE0003109,2026-09-01,CUST00151,Office Equipment,Distribution,Southeast,2369.33,1427.91,941.42
SALE0003110,2026-03-24,CUST00159,Technology Hardware,Manufacturing,Southeast,588.81,438.89,149.92
SALE0003111,2025-04-17,CUST00080,Industrial Equipment,Manufacturing,Northeast,900.48,445.39,455.09
SALE0003112,2025-08-24,CUST00076,Manufacturing Components,Distribution,Southeast,1525.56,1087.03,438.53
SALE0003113,2024-06-01,CUST00145,Technology Hardware,Services,Midwest,1509.43,1006.53,502.9
SALE0003114,2025-08-16,CUST00247,Office Equipment,Distribution,Northeast,875.08,456.6,418.48
SALE0003115,2026-08-10,CUST00483,Maintenance Supplies,Services,Southeast,2283.32,1468.84,814.48
SALE0003116,2026-07-06,CUST00018,Technology Hardware,Manufacturing,Southwest,2102.5,1244.61,857.89
SALE0003117,2024-07-15,CUST00026,Industrial Equipment,Distribution,Southwest,1609.11,890.68,718.43
SALE0003118,2024-07-10,CUST00238,Office Equipment,Services,Midwest,1148.86,797.03,351.83
SALE0003119,2025-04-05,CUST00168,Office Equipment,Services,Midwest,3392.17,1661.73,1730.44
SALE0003120,2026-07-26,CUST00445,Packaging Materials,Manufacturing,Southeast,4881.68,3297.35,1584.33
SALE0003121,2024-09-13,CUST00250,Technology Hardware,Manufacturing,Northeast,1352.71,777.46,575.25
SALE0003122,2026-06-24,CUST00263,Professional Services,Distribution,Southeast,1252.25,616.24,636.01
SALE0003123,2026-01-08,CUST00020,Industrial Equipment,Services,Midwest,2427.76,1223.96,1203.8
SALE0003124,2025-12-29,CUST00315,Technology Hardware,Distribution,Northeast,1458.53,806.41,652.12
SALE0003125,2024-04-17,CUST00423,Safety Equipment,Manufacturing,Southeast,1662.97,989.2,673.77
SALE0003126,2024-12-06,CUST00440,Maintenance Supplies,Services,Southwest,2818.03,1843.29,974.74
SALE0003127,2026-06-29,CUST00303,Safety Equipment,Distribution,Northeast,575.01,349.96,225.05
SALE0003128,2025-04-10,CUST00303,Maintenance Supplies,Services,Southwest,3987.75,2947.92,1039.83
SALE0003129,2024-02-15,CUST00010,Office Equipment,Services,Northeast,1888.63,1011.07,877.56
SALE0003130,2025-04-30,CUST00214,Professional Services,Services,West,1412.48,987.13,425.35
SALE0003131,2024-08-24,CUST00428,Safety Equipment,Distribution,Midwest,1713.78,1245.79,467.99
SALE0003132,2024-11-03,CUST00437,Industrial Equipment,Manufacturing,West,1767.74,1268.27,499.47
SALE0003133,2024-09-17,CUST00003,Safety Equipment,Manufacturing,Southeast,639.88,363.74,276.14
SALE0003134,2026-09-01,CUST00123,Office Equipment,Manufacturing,Southwest,4433.58,3087.78,1345.8
SALE0003135,2024-02-18,CUST00411,Maintenance Supplies,Services,West,1853.43,1367.07,486.36
SALE0003136,2026-08-20,CUST00257,Maintenance Supplies,Services,Northeast,2358.55,1356.23,1002.32
SALE0003137,2025-05-23,CUST00110,Maintenance Supplies,Manufacturing,Southeast,3200.08,2389.37,810.71
SALE0003138,2026-08-05,CUST00288,Technology Hardware,Manufacturing,West,979.75,731.66,248.09
SALE0003139,2025-11-02,CUST00351,Office Equipment,Manufacturing,Midwest,2402.06,1225.24,1176.82
SALE0003140,2025-10-24,CUST00246,Industrial Equipment,Manufacturing,Southeast,1539.81,806.37,733.44
SALE0003141,2026-08-11,CUST00133,Packaging Materials,Services,Midwest,3005.09,2027.9,977.19
SALE0003142,2025-11-18,CUST00083,Office Equipment,Manufacturing,Southeast,504.55,265.96,238.59
SALE0003143,2025-01-05,CUST00478,Maintenance Supplies,Distribution,West,1703.68,816.54,887.14
SALE0003144,2025-12-09,CUST00036,Manufacturing Components,Manufacturing,Northeast,1259.3,773.97,485.33
SALE0003145,2026-05-23,CUST00489,Safety Equipment,Manufacturing,Midwest,2343.4,1713.33,630.07
SALE0003146,2024-07-02,CUST00232,Technology Hardware,Manufacturing,West,2397.13,1160.24,1236.89
SALE0003147,2026-02-23,CUST00274,Professional Services,Services,Northeast,1182.55,828.44,354.11
SALE0003148,2025-05-07,CUST00143,Manufacturing Components,Distribution,Northeast,1179.32,767.03,412.29
SALE0003149,2024-12-27,CUST00413,Safety Equipment,Services,Midwest,1691.89,850.88,841.01
SALE0003150,2026-01-12,CUST00468,Manufacturing Components,Manufacturing,Southeast,1055.76,480.87,574.89
SALE0003151,2024-05-29,CUST00268,Safety Equipment,Distribution,Midwest,2996.47,1655.94,1340.53
SALE0003152,2024-01-31,CUST00200,Office Equipment,Manufacturing,West,1448.78,799.81,648.97
SALE0003153,2026-03-05,CUST00109,Packaging Materials,Manufacturing,West,316.02,219.17,96.85
SALE0003154,2025-10-14,CUST00301,Manufacturing Components,Services,Southeast,1443.91,859.17,584.74
SALE0003155,2026-05-04,CUST00468,Professional Services,Services,Southwest,969.59,627.43,342.16
SALE0003156,2025-01-31,CUST00189,Safety Equipment,Manufacturing,Northeast,679.42,371.41,308.01
SALE0003157,2025-04-08,CUST00293,Technology Hardware,Manufacturing,Midwest,860.53,435.79,424.74
SALE0003158,2025-10-26,CUST00384,Industrial Equipment,Distribution,Southwest,1930.71,1065.01,865.7
SALE0003159,2024-03-28,CUST00050,Manufacturing Components,Services,Southeast,4012.56,1967.05,2045.51
SALE0003160,2025-04-29,CUST00283,Technology Hardware,Manufacturing,West,2181.81,1305.38,876.43
SALE0003161,2026-04-10,CUST00428,Technology Hardware,Manufacturing,Midwest,1256.52,577.68,678.84
SALE0003162,2025-07-03,CUST00151,Industrial Equipment,Manufacturing,Northeast,2376.88,1655.85,721.03
SALE0003163,2026-08-19,CUST00494,Packaging Materials,Services,Midwest,1372.72,741.35,631.37
SALE0003164,2026-04-15,CUST00079,Maintenance Supplies,Distribution,Southwest,1191.82,672.04,519.78
SALE0003165,2024-03-17,CUST00187,Manufacturing Components,Distribution,Midwest,904.5,671.63,232.87
SALE0003166,2026-01-26,CUST00012,Industrial Equipment,Distribution,Midwest,632.01,341.25,290.76
SALE0003167,2024-07-08,CUST00446,Packaging Materials,Services,West,1430.88,949.45,481.43
SALE0003168,2025-09-05,CUST00186,Manufacturing Components,Manufacturing,Midwest,1987.9,1402.41,585.49
SALE0003169,2026-02-25,CUST00455,Manufacturing Components,Manufacturing,West,1706.2,938.64,767.56
SALE0003170,2024-08-05,CUST00041,Safety Equipment,Manufacturing,Midwest,1408.7,879.97,528.73
SALE0003171,2024-11-14,CUST00282,Manufacturing Components,Services,West,1025.11,720.08,305.03
SALE0003172,2026-08-15,CUST00354,Maintenance Supplies,Services,Midwest,2604.37,1623.07,981.3
SALE0003173,2024-04-12,CUST00386,Industrial Equipment,Distribution,Southwest,820.34,589.49,230.85
SALE0003174,2024-04-05,CUST00138,Industrial Equipment,Manufacturing,Northeast,2880.2,1864.55,1015.65
SALE0003175,2024-04-06,CUST00302,Industrial Equipment,Manufacturing,Southwest,990.96,728.05,262.91
SALE0003176,2024-02-13,CUST00185,Office Equipment,Services,Northeast,1151.18,680.08,471.1
SALE0003177,2024-09-27,CUST00482,Safety Equipment,Manufacturing,Midwest,749.89,373.18,376.71
SALE0003178,2024-06-21,CUST00471,Manufacturing Components,Services,Northeast,1338.3,676.56,661.74
SALE0003179,2025-04-26,CUST00363,Packaging Materials,Manufacturing,West,3246.03,1673.41,1572.62
SALE0003180,2024-09-01,CUST00003,Maintenance Supplies,Services,Southeast,2463.59,1840.04,623.55
SALE0003181,2025-05-19,CUST00031,Office Equipment,Manufacturing,West,3252.09,1997.66,1254.43
SALE0003182,2025-11-13,CUST00423,Maintenance Supplies,Distribution,Southeast,2473.24,1401.17,1072.07
SALE0003183,2025-02-18,CUST00211,Maintenance Supplies,Distribution,Southeast,932.43,691.97,240.46
SALE0003184,2025-09-23,CUST00064,Office Equipment,Distribution,West,1482.56,1047.94,434.62
SALE0003185,2025-05-24,CUST00059,Office Equipment,Services,Southeast,1132.16,509.97,622.19
SALE0003186,2026-02-03,CUST00066,Packaging Materials,Services,West,4017.22,2112.58,1904.64
SALE0003187,2024-05-02,CUST00128,Packaging Materials,Services,Northeast,881.77,652.64,229.13
SALE0003188,2024-08-24,CUST00382,Industrial Equipment,Services,Northeast,3090.9,2316.45,774.45
SALE0003189,2025-12-01,CUST00495,Safety Equipment,Distribution,Northeast,3089.52,1756.13,1333.39
SALE0003190,2025-08-11,CUST00108,Manufacturing Components,Services,Northeast,5419.57,2443.39,2976.18
SALE0003191,2025-02-27,CUST00106,Professional Services,Manufacturing,Southeast,1414.01,681.67,732.34
SALE0003192,2026-01-11,CUST00064,Technology Hardware,Distribution,Southwest,2772.19,1786.37,985.82
SALE0003193,2025-01-22,CUST00349,Maintenance Supplies,Distribution,Southeast,7108.11,4605.03,2503.08
SALE0003194,2026-05-28,CUST00106,Office Equipment,Distribution,Southeast,1248.15,799.46,448.69
SALE0003195,2026-06-09,CUST00485,Safety Equipment,Distribution,Southwest,719.8,467.7,252.1
SALE0003196,2026-08-29,CUST00026,Maintenance Supplies,Manufacturing,Southwest,585.22,311.44,273.78
SALE0003197,2025-04-19,CUST00401,Industrial Equipment,Services,Southwest,2772.84,1379.71,1393.13
SALE0003198,2025-06-20,CUST00212,Manufacturing Components,Distribution,Southeast,584.12,313.51,270.61
SALE0003199,2024-10-17,CUST00219,Industrial Equipment,Distribution,West,1446.08,771.92,674.16
SALE0003200,2024-03-07,CUST00179,Maintenance Supplies,Services,Southeast,2350.51,1471.29,879.22
SALE0003201,2025-04-05,CUST00443,Maintenance Supplies,Distribution,Southwest,2020.51,1031.02,989.49
SALE0003202,2024-10-03,CUST00113,Professional Services,Manufacturing,Northeast,2333.83,1162.57,1171.26
SALE0003203,2026-03-10,CUST00249,Office Equipment,Manufacturing,West,2066.01,1075.0,991.01
SALE0003204,2025-06-05,CUST00075,Manufacturing Components,Distribution,Midwest,3894.5,2502.48,1392.02
SALE0003205,2025-06-18,CUST00051,Maintenance Supplies,Services,West,1021.07,537.54,483.53
SALE0003206,2026-03-29,CUST00207,Industrial Equipment,Manufacturing,West,1204.48,654.11,550.37
SALE0003207,2026-06-25,CUST00461,Maintenance Supplies,Distribution,Southeast,1137.29,548.33,588.96
SALE0003208,2026-02-14,CUST00477,Packaging Materials,Services,Southwest,2975.34,2193.73,781.61
SALE0003209,2025-06-25,CUST00491,Industrial Equipment,Distribution,West,3103.36,1399.65,1703.71
SALE0003210,2025-03-05,CUST00001,Professional Services,Manufacturing,Southeast,2370.21,1470.44,899.77
SALE0003211,2024-04-21,CUST00370,Office Equipment,Distribution,Midwest,3677.9,2463.4,1214.5
SALE0003212,2025-08-23,CUST00206,Technology Hardware,Manufacturing,Southwest,891.74,454.64,437.1
SALE0003213,2025-04-28,CUST00456,Safety Equipment,Distribution,Northeast,4916.41,3133.65,1782.76
SALE0003214,2026-05-28,CUST00242,Safety Equipment,Services,Midwest,4509.51,2484.04,2025.47
SALE0003215,2025-05-19,CUST00491,Industrial Equipment,Services,Northeast,2811.22,1456.98,1354.24
SALE0003216,2024-04-15,CUST00071,Safety Equipment,Distribution,Northeast,5266.28,3262.71,2003.57
SALE0003217,2024-07-28,CUST00274,Manufacturing Components,Manufacturing,West,669.16,394.89,274.27
SALE0003218,2025-03-27,CUST00114,Safety Equipment,Manufacturing,Midwest,1319.93,878.45,441.48
SALE0003219,2024-04-09,CUST00006,Office Equipment,Manufacturing,Midwest,1163.07,536.16,626.91
SALE0003220,2025-10-20,CUST00231,Safety Equipment,Manufacturing,Midwest,2787.46,1746.59,1040.87
SALE0003221,2026-08-03,CUST00061,Manufacturing Components,Distribution,West,962.87,501.67,461.2
SALE0003222,2025-07-03,CUST00481,Safety Equipment,Manufacturing,Southwest,2848.36,1919.58,928.78
SALE0003223,2025-12-06,CUST00086,Industrial Equipment,Distribution,Southeast,4114.7,2193.65,1921.05
SALE0003224,2026-03-25,CUST00170,Manufacturing Components,Manufacturing,West,2743.86,1573.72,1170.14
SALE0003225,2025-08-19,CUST00295,Maintenance Supplies,Manufacturing,Southwest,2143.62,1112.11,1031.51
SALE0003226,2025-12-14,CUST00183,Professional Services,Services,Southeast,999.52,554.42,445.1
SALE0003227,2024-01-28,CUST00322,Industrial Equipment,Services,Midwest,1087.77,730.62,357.15
SALE0003228,2024-07-16,CUST00081,Safety Equipment,Services,Northeast,3826.75,1919.58,1907.17
SALE0003229,2026-01-20,CUST00424,Safety Equipment,Manufacturing,Southeast,2885.95,1453.99,1431.96
SALE0003230,2024-10-29,CUST00339,Professional Services,Manufacturing,West,1766.2,1038.98,727.22
SALE0003231,2024-05-17,CUST00372,Safety Equipment,Distribution,Midwest,1407.06,646.47,760.59
SALE0003232,2026-05-04,CUST00079,Manufacturing Components,Manufacturing,Southwest,536.2,351.76,184.44
SALE0003233,2025-01-22,CUST00192,Industrial Equipment,Services,Southeast,950.98,430.12,520.86
SALE0003234,2025-12-01,CUST00216,Manufacturing Components,Manufacturing,Southeast,5692.2,4000.89,1691.31
SALE0003235,2024-08-04,CUST00213,Manufacturing Components,Distribution,Southeast,838.59,395.78,442.81
SALE0003236,2025-12-17,CUST00137,Technology Hardware,Distribution,Southeast,2025.74,1405.42,620.32
SALE0003237,2026-04-28,CUST00273,Safety Equipment,Distribution,Southwest,3309.22,2479.15,830.07
SALE0003238,2024-06-25,CUST00407,Professional Services,Distribution,Midwest,851.54,539.27,312.27
SALE0003239,2024-09-23,CUST00475,Industrial Equipment,Manufacturing,Southwest,2019.95,1276.37,743.58
SALE0003240,2024-10-29,CUST00275,Professional Services,Manufacturing,West,3174.0,1785.88,1388.12
SALE0003241,2024-04-28,CUST00065,Industrial Equipment,Manufacturing,West,1821.65,1255.08,566.57
SALE0003242,2026-08-30,CUST00287,Professional Services,Distribution,West,10107.59,7147.61,2959.98
SALE0003243,2025-12-30,CUST00070,Industrial Equipment,Services,Southeast,664.37,445.98,218.39
SALE0003244,2025-07-05,CUST00410,Packaging Materials,Manufacturing,Northeast,3412.63,2432.32,980.31
SALE0003245,2025-06-04,CUST00279,Manufacturing Components,Manufacturing,West,1629.97,1153.19,476.78
SALE0003246,2025-07-19,CUST00269,Manufacturing Components,Distribution,Midwest,2873.12,1364.93,1508.19
SALE0003247,2024-12-06,CUST00424,Packaging Materials,Manufacturing,Southwest,2356.15,1448.26,907.89
SALE0003248,2025-05-17,CUST00106,Packaging Materials,Manufacturing,Northeast,1164.57,821.11,343.46
SALE0003249,2025-06-14,CUST00227,Manufacturing Components,Distribution,West,2074.34,1025.44,1048.9
SALE0003250,2024-03-23,CUST00165,Professional Services,Manufacturing,Midwest,593.04,398.12,194.92
SALE0003251,2026-05-17,CUST00017,Industrial Equipment,Manufacturing,Northeast,2596.57,1431.5,1165.07
SALE0003252,2026-06-02,CUST00016,Manufacturing Components,Distribution,Southeast,2162.23,1498.16,664.07
SALE0003253,2026-02-14,CUST00327,Manufacturing Components,Manufacturing,Southeast,2652.34,1784.12,868.22
SALE0003254,2025-05-07,CUST00051,Professional Services,Services,Midwest,3411.38,2510.53,900.85
SALE0003255,2024-02-28,CUST00384,Industrial Equipment,Services,Southeast,2254.25,1546.96,707.29
SALE0003256,2024-12-27,CUST00345,Manufacturing Components,Services,Midwest,1976.05,1074.68,901.37
SALE0003257,2026-02-09,CUST00082,Manufacturing Components,Services,Southeast,1065.67,572.95,492.72
SALE0003258,2025-09-06,CUST00277,Professional Services,Distribution,Southwest,1179.29,767.06,412.23
SALE0003259,2025-06-18,CUST00040,Packaging Materials,Manufacturing,Midwest,3685.06,2664.58,1020.48
SALE0003260,2025-05-28,CUST00022,Technology Hardware,Distribution,Southwest,4280.4,2724.46,1555.94
SALE0003261,2024-02-11,CUST00240,Industrial Equipment,Manufacturing,West,1567.34,943.76,623.58
SALE0003262,2024-02-20,CUST00134,Safety Equipment,Distribution,Midwest,1858.64,837.95,1020.69
SALE0003263,2025-10-13,CUST00186,Maintenance Supplies,Services,Southeast,1050.72,580.47,470.25
SALE0003264,2025-02-18,CUST00063,Safety Equipment,Distribution,Southeast,3654.28,2058.52,1595.76
SALE0003265,2026-03-27,CUST00117,Technology Hardware,Distribution,Northeast,2695.26,1430.71,1264.55
SALE0003266,2025-01-09,CUST00088,Office Equipment,Services,Northeast,5794.88,3146.84,2648.04
SALE0003267,2025-07-19,CUST00321,Professional Services,Manufacturing,Southwest,1067.43,709.08,358.35
SALE0003268,2024-07-31,CUST00309,Professional Services,Services,Midwest,1441.15,752.45,688.7
SALE0003269,2026-03-16,CUST00396,Packaging Materials,Manufacturing,Northeast,2077.39,1557.26,520.13
SALE0003270,2024-03-03,CUST00025,Manufacturing Components,Distribution,Midwest,2664.83,1413.27,1251.56
SALE0003271,2026-05-04,CUST00456,Industrial Equipment,Distribution,Midwest,1588.59,966.77,621.82
SALE0003272,2026-05-27,CUST00281,Professional Services,Distribution,Southeast,1070.87,688.71,382.16
SALE0003273,2025-06-12,CUST00368,Safety Equipment,Services,Northeast,3068.19,1559.12,1509.07
SALE0003274,2025-02-13,CUST00080,Manufacturing Components,Manufacturing,Southwest,2786.89,1478.0,1308.89
SALE0003275,2025-09-25,CUST00372,Packaging Materials,Services,West,1043.4,681.73,361.67
SALE0003276,2025-10-22,CUST00375,Maintenance Supplies,Distribution,Midwest,4077.61,2653.91,1423.7
SALE0003277,2024-06-11,CUST00451,Office Equipment,Services,Southeast,3648.67,1664.57,1984.1
SALE0003278,2025-01-12,CUST00433,Office Equipment,Manufacturing,Northeast,1959.76,1306.52,653.24
SALE0003279,2024-11-13,CUST00129,Manufacturing Components,Distribution,Northeast,1896.49,1400.05,496.44
SALE0003280,2026-04-21,CUST00485,Office Equipment,Manufacturing,Midwest,2521.06,1429.58,1091.48
SALE0003281,2026-08-26,CUST00388,Maintenance Supplies,Manufacturing,Southeast,1078.12,727.83,350.29
SALE0003282,2025-02-16,CUST00370,Technology Hardware,Distribution,West,1840.92,1263.97,576.95
SALE0003283,2025-11-30,CUST00099,Industrial Equipment,Services,Northeast,496.99,251.52,245.47
SALE0003284,2025-04-26,CUST00211,Maintenance Supplies,Distribution,West,3059.09,1722.82,1336.27
SALE0003285,2025-08-12,CUST00272,Industrial Equipment,Manufacturing,Northeast,708.47,522.84,185.63
SALE0003286,2025-01-12,CUST00358,Packaging Materials,Distribution,Midwest,4456.2,2328.07,2128.13
SALE0003287,2026-01-12,CUST00239,Industrial Equipment,Services,Midwest,1483.16,1100.12,383.04
SALE0003288,2024-02-08,CUST00328,Industrial Equipment,Distribution,Southeast,1592.4,854.97,737.43
SALE0003289,2024-07-28,CUST00107,Technology Hardware,Manufacturing,West,1240.61,899.37,341.24
SALE0003290,2024-09-20,CUST00453,Manufacturing Components,Distribution,Southeast,1521.08,952.4,568.68
SALE0003291,2026-04-06,CUST00053,Manufacturing Components,Manufacturing,West,4234.92,2085.38,2149.54
SALE0003292,2025-04-10,CUST00370,Manufacturing Components,Services,Northeast,406.39,247.03,159.36
SALE0003293,2025-09-13,CUST00124,Manufacturing Components,Services,Southeast,3890.06,2889.06,1001.0
SALE0003294,2025-05-19,CUST00208,Technology Hardware,Manufacturing,Northeast,2214.57,1140.58,1073.99
SALE0003295,2026-06-22,CUST00018,Manufacturing Components,Manufacturing,West,876.37,501.28,375.09
SALE0003296,2026-02-18,CUST00389,Technology Hardware,Distribution,Northeast,948.43,570.45,377.98
SALE0003297,2025-04-17,CUST00440,Office Equipment,Services,West,4943.53,3649.42,1294.11
SALE0003298,2026-07-02,CUST00467,Packaging Materials,Manufacturing,Northeast,1025.25,463.94,561.31
SALE0003299,2026-04-10,CUST00055,Technology Hardware,Distribution,Northeast,905.05,415.25,489.8
SALE0003300,2025-07-16,CUST00306,Industrial Equipment,Manufacturing,Southwest,3577.39,1747.1,1830.29
SALE0003301,2024-12-07,CUST00360,Professional Services,Distribution,Midwest,2215.27,1310.74,904.53
SALE0003302,2026-04-22,CUST00062,Office Equipment,Manufacturing,West,1029.93,765.96,263.97
SALE0003303,2025-11-27,CUST00189,Technology Hardware,Manufacturing,Northeast,2059.0,1058.55,1000.45
SALE0003304,2024-03-19,CUST00037,Manufacturing Components,Services,West,977.06,530.9,446.16
SALE0003305,2024-10-20,CUST00150,Safety Equipment,Manufacturing,Southwest,3499.91,1689.26,1810.65
SALE0003306,2025-06-26,CUST00430,Industrial Equipment,Services,Southeast,3418.04,2027.6,1390.44
SALE0003307,2026-02-13,CUST00100,Packaging Materials,Services,Southeast,2487.92,1863.65,624.27
SALE0003308,2026-08-22,CUST00309,Packaging Materials,Manufacturing,Southeast,2246.2,1156.06,1090.14
SALE0003309,2025-04-07,CUST00173,Office Equipment,Manufacturing,Northeast,5201.55,2769.86,2431.69
SALE0003310,2024-09-18,CUST00357,Maintenance Supplies,Manufacturing,West,1807.7,1319.86,487.84
SALE0003311,2025-07-02,CUST00383,Industrial Equipment,Distribution,Northeast,889.69,509.06,380.63
SALE0003312,2026-03-07,CUST00122,Professional Services,Distribution,Southwest,2367.72,1628.07,739.65
SALE0003313,2025-03-21,CUST00381,Industrial Equipment,Services,Northeast,6320.97,4676.8,1644.17
SALE0003314,2024-04-29,CUST00219,Industrial Equipment,Manufacturing,Southeast,983.53,662.8,320.73
SALE0003315,2026-06-14,CUST00267,Safety Equipment,Distribution,Southwest,1455.53,1087.39,368.14
SALE0003316,2025-02-11,CUST00046,Industrial Equipment,Distribution,Southeast,2321.27,1660.55,660.72
SALE0003317,2025-12-02,CUST00165,Safety Equipment,Manufacturing,Southeast,1750.5,1027.0,723.5
SALE0003318,2026-02-25,CUST00460,Technology Hardware,Distribution,Northeast,1002.87,517.06,485.81
SALE0003319,2026-04-17,CUST00282,Packaging Materials,Distribution,West,3544.37,2051.97,1492.4
SALE0003320,2024-04-21,CUST00434,Professional Services,Distribution,West,7273.73,4332.35,2941.38
SALE0003321,2025-10-21,CUST00319,Safety Equipment,Services,Midwest,2033.84,1465.84,568.0
SALE0003322,2024-10-24,CUST00021,Manufacturing Components,Manufacturing,Midwest,1051.06,709.36,341.7
SALE0003323,2026-07-06,CUST00407,Professional Services,Manufacturing,Midwest,713.81,439.96,273.85
SALE0003324,2024-11-01,CUST00442,Packaging Materials,Distribution,Northeast,2110.72,1100.17,1010.55
SALE0003325,2024-08-05,CUST00192,Manufacturing Components,Manufacturing,Northeast,3506.33,1823.73,1682.6
SALE0003326,2025-11-14,CUST00354,Industrial Equipment,Services,Northeast,2404.51,1349.34,1055.17
SALE0003327,2025-06-03,CUST00290,Manufacturing Components,Distribution,Midwest,1805.44,1011.9,793.54
SALE0003328,2025-08-10,CUST00009,Professional Services,Distribution,West,1269.57,640.54,629.03
SALE0003329,2026-04-06,CUST00388,Office Equipment,Services,West,938.89,469.14,469.75
SALE0003330,2026-04-07,CUST00400,Maintenance Supplies,Services,West,2983.5,1679.0,1304.5
SALE0003331,2026-02-16,CUST00374,Professional Services,Manufacturing,West,3128.36,1971.16,1157.2
SALE0003332,2024-10-29,CUST00402,Technology Hardware,Services,Southwest,715.2,352.99,362.21
SALE0003333,2025-10-14,CUST00128,Packaging Materials,Distribution,West,4693.36,3452.34,1241.02
SALE0003334,2024-04-15,CUST00396,Maintenance Supplies,Services,West,2551.52,1373.54,1177.98
SALE0003335,2026-03-22,CUST00100,Packaging Materials,Manufacturing,Northeast,4187.07,3108.72,1078.35
SALE0003336,2024-07-08,CUST00414,Safety Equipment,Distribution,Southeast,808.13,567.11,241.02
SALE0003337,2026-03-05,CUST00207,Industrial Equipment,Distribution,West,796.72,590.16,206.56
SALE0003338,2025-12-17,CUST00286,Professional Services,Manufacturing,Southwest,1653.45,755.44,898.01
SALE0003339,2025-10-17,CUST00392,Office Equipment,Manufacturing,Southwest,2444.68,1186.44,1258.24
SALE0003340,2024-06-27,CUST00159,Safety Equipment,Services,West,5312.49,3584.78,1727.71
SALE0003341,2024-08-13,CUST00340,Technology Hardware,Services,Southeast,2761.83,1512.75,1249.08
SALE0003342,2026-07-09,CUST00071,Industrial Equipment,Distribution,Northeast,1563.05,1148.87,414.18
SALE0003343,2026-07-07,CUST00209,Manufacturing Components,Manufacturing,West,976.7,540.51,436.19
SALE0003344,2025-09-16,CUST00016,Packaging Materials,Distribution,West,3781.97,2194.47,1587.5
SALE0003345,2026-02-20,CUST00347,Packaging Materials,Distribution,Midwest,1013.51,565.15,448.36
SALE0003346,2024-04-05,CUST00196,Office Equipment,Distribution,Southwest,4803.41,3290.72,1512.69
SALE0003347,2025-10-07,CUST00425,Safety Equipment,Manufacturing,West,1524.42,719.28,805.14
SALE0003348,2025-05-08,CUST00051,Packaging Materials,Manufacturing,West,4695.45,3252.17,1443.28
SALE0003349,2024-11-17,CUST00473,Manufacturing Components,Distribution,Southeast,2717.2,1688.61,1028.59
SALE0003350,2026-03-06,CUST00278,Packaging Materials,Manufacturing,West,1665.37,882.84,782.53
SALE0003351,2026-03-26,CUST00436,Maintenance Supplies,Services,Northeast,1323.93,902.85,421.08
SALE0003352,2026-05-25,CUST00492,Packaging Materials,Distribution,Southeast,1473.59,676.14,797.45
SALE0003353,2024-01-02,CUST00437,Office Equipment,Services,Southwest,2337.86,1056.61,1281.25
SALE0003354,2026-07-18,CUST00033,Industrial Equipment,Manufacturing,Southwest,1893.71,1355.08,538.63
SALE0003355,2025-05-30,CUST00042,Safety Equipment,Services,Midwest,1266.12,646.5,619.62
SALE0003356,2026-04-23,CUST00438,Industrial Equipment,Manufacturing,Northeast,1637.0,1212.77,424.23
SALE0003357,2025-01-19,CUST00314,Maintenance Supplies,Manufacturing,Midwest,1895.33,1153.01,742.32
SALE0003358,2025-10-06,CUST00440,Technology Hardware,Manufacturing,Southwest,504.09,318.56,185.53
SALE0003359,2025-02-21,CUST00442,Safety Equipment,Services,Southwest,2380.11,1623.46,756.65
SALE0003360,2025-10-19,CUST00074,Industrial Equipment,Services,Midwest,1004.42,575.87,428.55
SALE0003361,2024-08-13,CUST00139,Industrial Equipment,Distribution,Southwest,905.06,580.37,324.69
SALE0003362,2025-03-29,CUST00201,Packaging Materials,Manufacturing,Southwest,656.94,413.64,243.3
SALE0003363,2026-06-25,CUST00207,Office Equipment,Services,Southeast,616.26,303.15,313.11
SALE0003364,2025-09-02,CUST00010,Manufacturing Components,Services,Southwest,801.7,393.76,407.94
SALE0003365,2026-01-12,CUST00243,Office Equipment,Manufacturing,Southeast,1181.56,753.38,428.18
SALE0003366,2025-08-01,CUST00309,Manufacturing Components,Distribution,Northeast,5836.9,3851.09,1985.81
SALE0003367,2025-02-10,CUST00346,Maintenance Supplies,Manufacturing,Southeast,1318.79,964.0,354.79
SALE0003368,2024-07-22,CUST00119,Manufacturing Components,Manufacturing,Midwest,2011.53,1027.49,984.04
SALE0003369,2025-01-01,CUST00088,Safety Equipment,Distribution,Southwest,2299.14,1527.72,771.42
SALE0003370,2024-04-21,CUST00475,Manufacturing Components,Distribution,Northeast,1955.97,1154.33,801.64
SALE0003371,2024-07-28,CUST00461,Packaging Materials,Services,Northeast,1725.95,1216.56,509.39
SALE0003372,2024-03-21,CUST00001,Office Equipment,Manufacturing,Southeast,882.56,556.79,325.77
SALE0003373,2026-02-07,CUST00423,Technology Hardware,Manufacturing,Southwest,4318.04,2489.65,1828.39
SALE0003374,2025-05-22,CUST00500,Technology Hardware,Distribution,Northeast,5347.14,3282.26,2064.88
SALE0003375,2024-07-13,CUST00039,Maintenance Supplies,Distribution,Midwest,658.79,339.59,319.2
SALE0003376,2025-08-29,CUST00493,Packaging Materials,Services,Midwest,978.07,454.56,523.51
SALE0003377,2024-02-18,CUST00203,Maintenance Supplies,Services,Northeast,1528.61,752.47,776.14
SALE0003378,2026-04-17,CUST00142,Maintenance Supplies,Manufacturing,Southeast,1013.61,484.87,528.74
SALE0003379,2025-04-07,CUST00129,Manufacturing Components,Distribution,Southwest,2449.35,1252.76,1196.59
SALE0003380,2025-07-01,CUST00073,Professional Services,Services,Southwest,1167.99,563.54,604.45
SALE0003381,2025-11-14,CUST00469,Packaging Materials,Manufacturing,Northeast,6627.84,4003.33,2624.51
SALE0003382,2026-05-03,CUST00048,Professional Services,Services,West,3693.5,1841.0,1852.5
SALE0003383,2026-04-27,CUST00322,Safety Equipment,Distribution,West,2054.0,1036.69,1017.31
SALE0003384,2026-08-10,CUST00088,Technology Hardware,Services,Southwest,3348.25,2484.75,863.5
SALE0003385,2026-03-14,CUST00311,Professional Services,Manufacturing,Southwest,3510.59,2349.88,1160.71
SALE0003386,2026-06-06,CUST00448,Safety Equipment,Manufacturing,West,1289.01,899.6,389.41
SALE0003387,2024-06-30,CUST00164,Office Equipment,Manufacturing,Midwest,1107.95,679.23,428.72
SALE0003388,2024-08-22,CUST00231,Industrial Equipment,Distribution,West,1894.83,1178.07,716.76
SALE0003389,2025-07-11,CUST00220,Office Equipment,Services,Northeast,3032.01,2018.58,1013.43
SALE0003390,2025-04-09,CUST00032,Office Equipment,Distribution,Southeast,1965.37,1166.44,798.93
SALE0003391,2026-07-10,CUST00400,Packaging Materials,Manufacturing,Midwest,701.91,401.16,300.75
SALE0003392,2026-02-21,CUST00277,Packaging Materials,Manufacturing,Southeast,1116.89,503.35,613.54
SALE0003393,2024-07-03,CUST00179,Technology Hardware,Services,Southeast,1729.55,894.48,835.07
SALE0003394,2024-03-29,CUST00348,Technology Hardware,Manufacturing,Midwest,1727.79,1291.77,436.02
SALE0003395,2025-07-06,CUST00480,Manufacturing Components,Services,Midwest,5904.83,4408.91,1495.92
SALE0003396,2025-02-18,CUST00376,Manufacturing Components,Services,Southeast,787.14,488.68,298.46
SALE0003397,2024-03-15,CUST00072,Technology Hardware,Services,Southwest,2448.8,1823.16,625.64
SALE0003398,2025-04-12,CUST00489,Industrial Equipment,Services,West,4418.11,2988.8,1429.31
SALE0003399,2025-07-01,CUST00138,Safety Equipment,Distribution,West,7064.73,4816.53,2248.2
SALE0003400,2025-09-15,CUST00402,Industrial Equipment,Manufacturing,Southeast,1418.51,868.92,549.59
SALE0003401,2026-07-02,CUST00436,Technology Hardware,Manufacturing,West,2428.08,1761.76,666.32
SALE0003402,2025-12-09,CUST00340,Office Equipment,Services,West,2544.92,1702.27,842.65
SALE0003403,2026-01-03,CUST00260,Maintenance Supplies,Services,Southeast,2033.04,1336.57,696.47
SALE0003404,2024-11-01,CUST00173,Manufacturing Components,Services,Northeast,1703.93,1217.88,486.05
SALE0003405,2024-10-17,CUST00321,Professional Services,Manufacturing,Southwest,2348.62,1301.21,1047.41
SALE0003406,2024-04-03,CUST00092,Safety Equipment,Services,Southwest,395.7,220.44,175.26
SALE0003407,2025-04-03,CUST00101,Packaging Materials,Manufacturing,West,2722.33,1543.97,1178.36
SALE0003408,2025-04-07,CUST00400,Manufacturing Components,Services,Northeast,1950.24,1038.44,911.8
SALE0003409,2026-01-06,CUST00499,Professional Services,Distribution,West,1582.11,1009.93,572.18
SALE0003410,2025-06-28,CUST00278,Packaging Materials,Services,West,6174.09,3690.51,2483.58
SALE0003411,2026-07-26,CUST00255,Packaging Materials,Manufacturing,Midwest,1205.97,700.6,505.37
SALE0003412,2025-06-12,CUST00253,Industrial Equipment,Services,West,1419.63,884.49,535.14
SALE0003413,2024-11-21,CUST00001,Office Equipment,Services,Southeast,5972.57,3908.86,2063.71
SALE0003414,2025-11-29,CUST00122,Technology Hardware,Manufacturing,Midwest,1097.47,699.7,397.77
SALE0003415,2026-06-23,CUST00459,Technology Hardware,Distribution,Southwest,1299.75,596.55,703.2
SALE0003416,2026-01-15,CUST00352,Professional Services,Services,Northeast,1655.38,1052.59,602.79
SALE0003417,2024-02-01,CUST00086,Maintenance Supplies,Services,Southeast,2994.22,1951.94,1042.28
SALE0003418,2026-03-08,CUST00437,Technology Hardware,Distribution,Midwest,2048.13,1380.32,667.81
SALE0003419,2024-07-05,CUST00202,Professional Services,Services,Southwest,832.49,607.94,224.55
SALE0003420,2024-07-19,CUST00424,Maintenance Supplies,Manufacturing,Southeast,1313.83,646.54,667.29
SALE0003421,2025-10-11,CUST00350,Maintenance Supplies,Distribution,Southeast,1255.87,923.68,332.19
SALE0003422,2026-06-06,CUST00280,Manufacturing Components,Distribution,Southwest,1726.18,1263.88,462.3
SALE0003423,2024-06-17,CUST00351,Technology Hardware,Manufacturing,West,2334.39,1233.07,1101.32
SALE0003424,2026-02-18,CUST00478,Professional Services,Manufacturing,Midwest,2323.72,1281.22,1042.5
SALE0003425,2025-02-02,CUST00295,Packaging Materials,Distribution,West,622.9,311.64,311.26
SALE0003426,2024-08-14,CUST00114,Technology Hardware,Services,West,3423.31,2432.26,991.05
SALE0003427,2026-03-11,CUST00053,Safety Equipment,Services,Northeast,2103.89,1380.01,723.88
SALE0003428,2025-07-27,CUST00190,Technology Hardware,Manufacturing,Southwest,4149.4,2751.82,1397.58
SALE0003429,2025-06-15,CUST00198,Technology Hardware,Manufacturing,West,2360.24,1248.22,1112.02
SALE0003430,2024-11-24,CUST00396,Maintenance Supplies,Distribution,Southeast,3500.96,2369.44,1131.52
SALE0003431,2024-01-08,CUST00322,Manufacturing Components,Services,West,2392.1,1215.78,1176.32
SALE0003432,2026-04-24,CUST00475,Manufacturing Components,Distribution,West,4055.12,2526.7,1528.42
SALE0003433,2025-05-10,CUST00102,Technology Hardware,Services,Southeast,2473.4,1235.33,1238.07
SALE0003434,2024-10-02,CUST00045,Technology Hardware,Manufacturing,Southwest,1704.88,1173.02,531.86
SALE0003435,2024-11-10,CUST00151,Professional Services,Manufacturing,Midwest,7068.9,3368.06,3700.84
SALE0003436,2026-04-27,CUST00055,Safety Equipment,Services,Southeast,3082.27,1690.1,1392.17
SALE0003437,2025-01-09,CUST00110,Office Equipment,Distribution,West,2551.02,1621.97,929.05
SALE0003438,2024-04-09,CUST00219,Professional Services,Distribution,Northeast,840.69,438.37,402.32
SALE0003439,2024-01-17,CUST00137,Packaging Materials,Services,Northeast,834.65,615.92,218.73
SALE0003440,2024-10-17,CUST00406,Manufacturing Components,Manufacturing,Midwest,2155.18,1584.31,570.87
SALE0003441,2024-06-30,CUST00316,Manufacturing Components,Services,West,1973.0,1158.13,814.87
SALE0003442,2025-06-20,CUST00031,Packaging Materials,Distribution,Northeast,1250.78,740.29,510.49
SALE0003443,2024-10-05,CUST00121,Technology Hardware,Distribution,Southeast,1967.64,1098.53,869.11
SALE0003444,2026-06-30,CUST00170,Office Equipment,Distribution,Northeast,4689.95,2303.02,2386.93
SALE0003445,2024-11-28,CUST00299,Office Equipment,Distribution,West,2744.19,1946.21,797.98
SALE0003446,2025-03-28,CUST00442,Packaging Materials,Manufacturing,Southwest,911.78,486.76,425.02
SALE0003447,2025-12-24,CUST00173,Maintenance Supplies,Services,Midwest,1691.03,932.38,758.65
SALE0003448,2026-01-20,CUST00494,Technology Hardware,Distribution,West,1115.46,698.83,416.63
SALE0003449,2024-10-21,CUST00066,Maintenance Supplies,Services,Northeast,1432.79,721.17,711.62
SALE0003450,2024-03-25,CUST00220,Technology Hardware,Manufacturing,Southeast,1410.68,978.62,432.06
SALE0003451,2026-08-12,CUST00452,Industrial Equipment,Manufacturing,Southeast,1357.52,957.46,400.06
SALE0003452,2026-03-31,CUST00328,Safety Equipment,Services,Southeast,851.43,461.52,389.91
SALE0003453,2024-03-15,CUST00068,Manufacturing Components,Distribution,Midwest,1674.73,1235.18,439.55
SALE0003454,2024-03-11,CUST00166,Technology Hardware,Distribution,Northeast,1291.6,661.95,629.65
SALE0003455,2025-06-18,CUST00325,Office Equipment,Services,Southeast,311.79,159.4,152.39
SALE0003456,2025-11-29,CUST00156,Maintenance Supplies,Services,West,6196.77,2975.14,3221.63
SALE0003457,2025-09-23,CUST00301,Professional Services,Manufacturing,Southwest,3474.69,1962.92,1511.77
SALE0003458,2026-05-20,CUST00480,Safety Equipment,Distribution,Southwest,1442.62,947.96,494.66
SALE0003459,2026-07-09,CUST00226,Maintenance Supplies,Services,Southwest,1828.57,1172.47,656.1
SALE0003460,2024-06-02,CUST00067,Technology Hardware,Services,Southeast,895.16,603.4,291.76
SALE0003461,2026-07-30,CUST00108,Manufacturing Components,Services,Southeast,5001.2,2803.92,2197.28
SALE0003462,2026-04-04,CUST00363,Manufacturing Components,Services,Southeast,5644.14,3917.43,1726.71
SALE0003463,2024-07-13,CUST00065,Safety Equipment,Services,Southeast,1986.27,1392.18,594.09
SALE0003464,2026-06-18,CUST00004,Maintenance Supplies,Services,Northeast,3341.31,2346.77,994.54
SALE0003465,2024-03-01,CUST00005,Manufacturing Components,Services,Southeast,2008.56,1131.11,877.45
SALE0003466,2025-03-01,CUST00082,Safety Equipment,Services,West,810.75,428.66,382.09
SALE0003467,2025-04-19,CUST00273,Packaging Materials,Distribution,Southwest,1412.2,781.66,630.54
SALE0003468,2025-06-15,CUST00341,Professional Services,Manufacturing,Southeast,1956.98,1295.23,661.75
SALE0003469,2026-07-10,CUST00238,Technology Hardware,Distribution,Midwest,1376.46,763.97,612.49
SALE0003470,2025-07-29,CUST00248,Packaging Materials,Distribution,Southeast,1585.74,1012.21,573.53
SALE0003471,2026-06-02,CUST00017,Technology Hardware,Manufacturing,West,1711.56,1063.5,648.06
SALE0003472,2024-04-02,CUST00398,Professional Services,Distribution,West,1722.4,1039.09,683.31
SALE0003473,2024-09-03,CUST00201,Industrial Equipment,Services,Southeast,1865.63,1247.86,617.77
SALE0003474,2026-01-05,CUST00062,Professional Services,Manufacturing,Northeast,956.84,556.75,400.09
SALE0003475,2025-04-13,CUST00102,Professional Services,Services,Southeast,1175.9,771.68,404.22
SALE0003476,2026-08-06,CUST00299,Packaging Materials,Manufacturing,Midwest,836.52,518.09,318.43
SALE0003477,2024-07-05,CUST00296,Safety Equipment,Services,Southwest,3250.91,1631.19,1619.72
SALE0003478,2026-06-21,CUST00052,Office Equipment,Distribution,West,511.12,256.25,254.87
SALE0003479,2024-03-18,CUST00121,Packaging Materials,Manufacturing,Southeast,3612.5,2319.61,1292.89
SALE0003480,2024-11-28,CUST00360,Safety Equipment,Services,West,4153.93,2683.42,1470.51
SALE0003481,2024-07-27,CUST00482,Maintenance Supplies,Distribution,Southwest,1508.23,823.59,684.64
SALE0003482,2024-05-05,CUST00331,Professional Services,Services,Southwest,379.22,226.29,152.93
SALE0003483,2024-08-12,CUST00202,Maintenance Supplies,Manufacturing,Northeast,1455.66,725.6,730.06
SALE0003484,2025-08-07,CUST00444,Maintenance Supplies,Services,Southwest,1739.74,956.49,783.25
SALE0003485,2025-09-17,CUST00060,Packaging Materials,Distribution,West,985.98,655.33,330.65
SALE0003486,2026-04-24,CUST00299,Professional Services,Manufacturing,Southeast,1327.26,934.9,392.36
SALE0003487,2025-08-07,CUST00036,Packaging Materials,Manufacturing,Midwest,4528.37,2274.6,2253.77
SALE0003488,2024-09-09,CUST00306,Professional Services,Services,Southwest,2694.47,1751.45,943.02
SALE0003489,2026-01-06,CUST00252,Technology Hardware,Manufacturing,West,1038.22,502.24,535.98
SALE0003490,2026-09-01,CUST00469,Safety Equipment,Manufacturing,Southeast,693.28,428.1,265.18
SALE0003491,2024-01-29,CUST00386,Manufacturing Components,Manufacturing,Midwest,1485.92,1030.78,455.14
SALE0003492,2025-02-10,CUST00372,Industrial Equipment,Services,Southeast,1590.69,1063.79,526.9
SALE0003493,2024-06-26,CUST00023,Maintenance Supplies,Services,Southwest,2435.04,1123.28,1311.76
SALE0003494,2025-09-13,CUST00352,Professional Services,Services,West,1311.35,909.09,402.26
SALE0003495,2025-06-02,CUST00225,Technology Hardware,Services,Southeast,2457.5,1742.58,714.92
SALE0003496,2025-12-10,CUST00361,Technology Hardware,Services,West,5773.84,3879.99,1893.85
SALE0003497,2024-12-31,CUST00327,Office Equipment,Manufacturing,Northeast,2949.23,1490.53,1458.7
SALE0003498,2024-07-25,CUST00155,Safety Equipment,Distribution,Northeast,1756.62,799.62,957.0
SALE0003499,2026-04-14,CUST00407,Technology Hardware,Manufacturing,Southwest,1619.88,1007.24,612.64
SALE0003500,2024-03-09,CUST00447,Packaging Materials,Manufacturing,West,1459.71,808.78,650.93
SALE0003501,2026-07-09,CUST00048,Industrial Equipment,Manufacturing,West,3671.61,2674.99,996.62
SALE0003502,2024-06-20,CUST00374,Technology Hardware,Services,Northeast,1240.92,848.5,392.42
SALE0003503,2024-04-04,CUST00245,Maintenance Supplies,Services,West,1857.77,1004.75,853.02
SALE0003504,2024-07-16,CUST00422,Safety Equipment,Manufacturing,West,1864.45,870.71,993.74
SALE0003505,2025-03-01,CUST00043,Safety Equipment,Services,West,1338.0,1000.36,337.64
SALE0003506,2025-05-26,CUST00496,Manufacturing Components,Manufacturing,Southwest,793.55,379.22,414.33
SALE0003507,2024-02-19,CUST00375,Packaging Materials,Manufacturing,Southeast,2194.67,1404.56,790.11
SALE0003508,2024-06-10,CUST00352,Professional Services,Distribution,Southwest,1743.06,846.12,896.94
SALE0003509,2026-02-09,CUST00028,Manufacturing Components,Services,Northeast,2440.95,1581.87,859.08
SALE0003510,2024-04-28,CUST00207,Manufacturing Components,Manufacturing,Southeast,1312.7,635.1,677.6
SALE0003511,2024-02-12,CUST00370,Industrial Equipment,Distribution,Southeast,3761.2,1829.02,1932.18
SALE0003512,2026-01-10,CUST00381,Professional Services,Manufacturing,Southeast,1068.42,590.71,477.71
SALE0003513,2026-08-05,CUST00374,Safety Equipment,Manufacturing,Midwest,5050.41,3216.57,1833.84
SALE0003514,2025-08-08,CUST00195,Technology Hardware,Manufacturing,West,633.6,321.7,311.9
SALE0003515,2024-01-14,CUST00234,Maintenance Supplies,Services,Northeast,2346.93,1521.05,825.88
SALE0003516,2024-06-02,CUST00145,Packaging Materials,Manufacturing,Northeast,2404.89,1633.66,771.23
SALE0003517,2024-10-18,CUST00286,Office Equipment,Services,West,1121.77,512.44,609.33
SALE0003518,2024-05-23,CUST00441,Industrial Equipment,Services,Midwest,2332.36,1694.64,637.72
SALE0003519,2024-05-17,CUST00147,Office Equipment,Manufacturing,Northeast,3896.02,1928.68,1967.34
SALE0003520,2026-05-10,CUST00100,Technology Hardware,Distribution,Southwest,478.14,333.25,144.89
SALE0003521,2026-05-09,CUST00415,Industrial Equipment,Manufacturing,West,2444.62,1680.17,764.45
SALE0003522,2025-09-02,CUST00399,Professional Services,Manufacturing,Northeast,405.06,224.23,180.83
SALE0003523,2024-08-22,CUST00061,Packaging Materials,Distribution,Southeast,1012.93,750.24,262.69
SALE0003524,2025-03-10,CUST00282,Technology Hardware,Services,Midwest,4805.42,3510.6,1294.82
SALE0003525,2025-01-31,CUST00474,Packaging Materials,Manufacturing,Northeast,1275.29,691.31,583.98
SALE0003526,2024-09-22,CUST00455,Packaging Materials,Manufacturing,Southeast,893.97,654.79,239.18
SALE0003527,2025-05-08,CUST00217,Manufacturing Components,Distribution,West,1605.58,1170.56,435.02
SALE0003528,2024-06-14,CUST00286,Professional Services,Distribution,Northeast,6252.54,3712.72,2539.82
SALE0003529,2024-06-19,CUST00032,Professional Services,Services,Northeast,602.44,379.37,223.07
SALE0003530,2025-03-17,CUST00303,Industrial Equipment,Distribution,Southeast,962.19,556.01,406.18
SALE0003531,2024-05-13,CUST00145,Manufacturing Components,Distribution,Midwest,4440.22,2166.58,2273.64
SALE0003532,2024-09-24,CUST00082,Industrial Equipment,Manufacturing,Midwest,5511.66,4055.89,1455.77
SALE0003533,2024-02-03,CUST00064,Industrial Equipment,Services,Midwest,1699.25,891.95,807.3
SALE0003534,2026-07-18,CUST00490,Professional Services,Services,Southwest,859.69,620.29,239.4
SALE0003535,2025-01-12,CUST00403,Maintenance Supplies,Services,Northeast,6358.23,3668.42,2689.81
SALE0003536,2025-01-14,CUST00347,Technology Hardware,Distribution,Midwest,4706.34,2743.06,1963.28
SALE0003537,2025-03-11,CUST00485,Safety Equipment,Distribution,Southwest,2717.23,1910.35,806.88
SALE0003538,2026-05-11,CUST00429,Maintenance Supplies,Distribution,Southwest,1110.49,535.18,575.31
SALE0003539,2024-01-03,CUST00285,Industrial Equipment,Manufacturing,West,1755.63,848.26,907.37
SALE0003540,2024-05-05,CUST00014,Office Equipment,Services,Southeast,1642.19,758.07,884.12
SALE0003541,2024-04-12,CUST00142,Manufacturing Components,Distribution,Southeast,2205.06,1289.51,915.55
SALE0003542,2025-03-09,CUST00279,Industrial Equipment,Services,Northeast,4318.23,2612.03,1706.2
SALE0003543,2026-04-11,CUST00188,Professional Services,Manufacturing,Southeast,3064.53,2047.19,1017.34
SALE0003544,2025-08-29,CUST00369,Manufacturing Components,Distribution,Northeast,947.26,434.93,512.33
SALE0003545,2025-04-19,CUST00261,Industrial Equipment,Distribution,Southwest,4129.44,1962.85,2166.59
SALE0003546,2024-04-14,CUST00237,Safety Equipment,Distribution,Northeast,2181.74,1143.12,1038.62
SALE0003547,2024-02-18,CUST00148,Technology Hardware,Services,Midwest,2730.5,1894.69,835.81
SALE0003548,2025-05-18,CUST00411,Office Equipment,Manufacturing,Northeast,4358.68,2354.0,2004.68
SALE0003549,2025-12-21,CUST00009,Office Equipment,Manufacturing,Midwest,928.02,472.33,455.69
SALE0003550,2025-06-28,CUST00347,Technology Hardware,Distribution,Southwest,1769.59,1252.55,517.04
SALE0003551,2025-12-21,CUST00130,Professional Services,Manufacturing,Southeast,1314.39,760.83,553.56
SALE0003552,2024-05-03,CUST00171,Safety Equipment,Services,Southeast,705.77,436.43,269.34
SALE0003553,2025-09-13,CUST00422,Professional Services,Distribution,Southwest,2226.14,1270.62,955.52
SALE0003554,2026-06-29,CUST00422,Packaging Materials,Manufacturing,Midwest,8159.47,4635.29,3524.18
SALE0003555,2025-08-22,CUST00124,Packaging Materials,Services,Southwest,599.41,281.26,318.15
SALE0003556,2024-01-20,CUST00137,Office Equipment,Distribution,Southwest,1773.36,815.08,958.28
SALE0003557,2024-04-12,CUST00170,Industrial Equipment,Manufacturing,Northeast,2655.33,1442.32,1213.01
SALE0003558,2024-02-21,CUST00249,Professional Services,Manufacturing,Midwest,1946.61,1136.97,809.64
SALE0003559,2024-02-08,CUST00336,Maintenance Supplies,Services,Southeast,1689.39,770.18,919.21
SALE0003560,2025-07-10,CUST00283,Manufacturing Components,Services,West,829.21,564.26,264.95
SALE0003561,2026-02-14,CUST00363,Maintenance Supplies,Services,Northeast,2079.06,1372.14,706.92
SALE0003562,2024-11-18,CUST00363,Manufacturing Components,Distribution,Southeast,1148.19,602.56,545.63
SALE0003563,2024-02-13,CUST00312,Industrial Equipment,Services,Midwest,485.92,255.91,230.01
SALE0003564,2025-10-24,CUST00421,Professional Services,Distribution,West,3702.47,2588.17,1114.3
SALE0003565,2025-06-25,CUST00328,Safety Equipment,Services,Northeast,3213.23,2399.99,813.24
SALE0003566,2024-07-22,CUST00225,Manufacturing Components,Distribution,Southwest,1864.96,1098.41,766.55
SALE0003567,2025-09-09,CUST00150,Manufacturing Components,Distribution,Southwest,2074.44,1279.85,794.59
SALE0003568,2024-04-11,CUST00249,Maintenance Supplies,Manufacturing,Southwest,3444.7,1703.51,1741.19
SALE0003569,2025-05-06,CUST00128,Safety Equipment,Manufacturing,Midwest,2068.55,1285.2,783.35
SALE0003570,2025-03-23,CUST00378,Maintenance Supplies,Services,West,3110.1,1570.3,1539.8
SALE0003571,2026-07-22,CUST00313,Professional Services,Manufacturing,Northeast,1512.49,732.32,780.17
SALE0003572,2025-12-29,CUST00136,Packaging Materials,Distribution,Southeast,3972.66,2768.01,1204.65
SALE0003573,2024-01-27,CUST00027,Professional Services,Services,Southeast,2191.78,1127.24,1064.54
SALE0003574,2024-04-18,CUST00029,Packaging Materials,Services,Northeast,2031.3,968.33,1062.97
SALE0003575,2025-10-07,CUST00322,Maintenance Supplies,Manufacturing,West,843.84,583.07,260.77
SALE0003576,2026-08-24,CUST00043,Safety Equipment,Distribution,West,2147.74,1593.56,554.18
SALE0003577,2025-08-08,CUST00259,Professional Services,Manufacturing,Northeast,1097.54,662.79,434.75
SALE0003578,2024-03-26,CUST00493,Industrial Equipment,Services,West,1232.78,915.71,317.07
SALE0003579,2025-05-30,CUST00494,Maintenance Supplies,Services,West,1108.51,706.99,401.52
SALE0003580,2024-02-01,CUST00436,Manufacturing Components,Services,Southwest,953.61,662.37,291.24
SALE0003581,2026-07-04,CUST00274,Packaging Materials,Manufacturing,Northeast,6469.56,3416.0,3053.56
SALE0003582,2025-04-07,CUST00453,Technology Hardware,Services,West,4019.06,2950.15,1068.91
SALE0003583,2026-01-25,CUST00293,Professional Services,Services,Midwest,5722.84,4166.98,1555.86
SALE0003584,2025-03-24,CUST00277,Packaging Materials,Manufacturing,Northeast,868.06,633.47,234.59
SALE0003585,2024-09-22,CUST00215,Professional Services,Distribution,Southwest,1887.02,1154.91,732.11
SALE0003586,2025-11-13,CUST00432,Packaging Materials,Manufacturing,Southwest,832.05,397.81,434.24
SALE0003587,2025-07-30,CUST00305,Office Equipment,Manufacturing,Northeast,1191.04,566.39,624.65
SALE0003588,2026-08-14,CUST00457,Professional Services,Services,West,1042.24,518.36,523.88
SALE0003589,2024-10-03,CUST00308,Office Equipment,Services,West,3803.78,2614.87,1188.91
SALE0003590,2024-06-03,CUST00386,Office Equipment,Services,Southwest,1425.48,839.62,585.86
SALE0003591,2025-11-11,CUST00137,Industrial Equipment,Services,Midwest,3432.44,2198.88,1233.56
SALE0003592,2024-08-22,CUST00133,Manufacturing Components,Services,Southwest,2597.94,1725.07,872.87
SALE0003593,2024-04-25,CUST00023,Professional Services,Services,Southeast,7202.5,4007.35,3195.15
SALE0003594,2024-06-30,CUST00346,Safety Equipment,Distribution,Southwest,744.22,443.74,300.48
SALE0003595,2024-12-28,CUST00477,Professional Services,Services,Southwest,3848.89,1855.56,1993.33
SALE0003596,2024-07-05,CUST00024,Office Equipment,Services,Midwest,3597.03,1934.68,1662.35
SALE0003597,2026-05-05,CUST00197,Safety Equipment,Services,Midwest,1008.25,638.17,370.08
SALE0003598,2026-08-16,CUST00014,Maintenance Supplies,Distribution,West,3308.6,2096.13,1212.47
SALE0003599,2024-11-15,CUST00228,Industrial Equipment,Manufacturing,West,2212.08,1096.1,1115.98
SALE0003600,2024-12-12,CUST00073,Packaging Materials,Distribution,West,1577.37,758.18,819.19
SALE0003601,2026-02-17,CUST00323,Office Equipment,Distribution,West,1102.83,576.72,526.11
SALE0003602,2025-07-13,CUST00258,Safety Equipment,Distribution,West,1174.43,572.55,601.88
SALE0003603,2025-02-13,CUST00257,Safety Equipment,Services,Northeast,6185.03,3771.7,2413.33
SALE0003604,2026-06-20,CUST00133,Office Equipment,Distribution,Southeast,1808.78,1050.49,758.29
SALE0003605,2026-02-09,CUST00309,Manufacturing Components,Distribution,Northeast,2890.77,1758.06,1132.71
SALE0003606,2025-09-30,CUST00046,Maintenance Supplies,Manufacturing,Southeast,1124.91,787.33,337.58
SALE0003607,2026-04-29,CUST00459,Safety Equipment,Distribution,West,1132.39,547.95,584.44
SALE0003608,2025-10-17,CUST00421,Safety Equipment,Services,Southwest,3460.58,2403.23,1057.35
SALE0003609,2024-04-20,CUST00244,Office Equipment,Manufacturing,Midwest,804.53,418.19,386.34
SALE0003610,2024-07-10,CUST00023,Maintenance Supplies,Distribution,West,1409.33,1048.97,360.36
SALE0003611,2025-06-07,CUST00171,Industrial Equipment,Manufacturing,Midwest,1845.34,882.66,962.68
SALE0003612,2026-07-17,CUST00385,Maintenance Supplies,Distribution,Southeast,1932.99,1424.31,508.68
SALE0003613,2024-09-25,CUST00050,Office Equipment,Distribution,Northeast,1623.83,791.41,832.42
SALE0003614,2026-06-12,CUST00149,Maintenance Supplies,Manufacturing,West,2292.71,1164.64,1128.07
SALE0003615,2025-03-02,CUST00033,Professional Services,Services,Southwest,2740.0,1563.5,1176.5
SALE0003616,2026-07-07,CUST00383,Manufacturing Components,Services,Southeast,2809.56,2032.62,776.94
SALE0003617,2025-12-17,CUST00276,Industrial Equipment,Services,West,1000.76,528.01,472.75
SALE0003618,2026-07-18,CUST00444,Office Equipment,Distribution,West,1524.63,1019.74,504.89
SALE0003619,2024-05-28,CUST00041,Professional Services,Distribution,Southwest,3702.85,1773.92,1928.93
SALE0003620,2025-06-13,CUST00054,Safety Equipment,Distribution,West,3092.66,2178.28,914.38
SALE0003621,2024-07-08,CUST00321,Office Equipment,Distribution,West,793.37,575.78,217.59
SALE0003622,2025-03-08,CUST00276,Safety Equipment,Services,West,2232.52,1417.52,815.0
SALE0003623,2025-02-09,CUST00282,Professional Services,Distribution,West,551.73,363.56,188.17
SALE0003624,2025-01-25,CUST00353,Manufacturing Components,Distribution,Midwest,1859.68,1153.31,706.37
SALE0003625,2025-08-25,CUST00161,Industrial Equipment,Manufacturing,Northeast,5645.76,2983.03,2662.73
SALE0003626,2025-09-20,CUST00307,Packaging Materials,Manufacturing,Southwest,1023.79,502.1,521.69
SALE0003627,2025-01-04,CUST00476,Office Equipment,Services,Northeast,1095.98,574.2,521.78
SALE0003628,2024-12-25,CUST00243,Manufacturing Components,Distribution,Northeast,2859.55,1384.07,1475.48
SALE0003629,2024-08-20,CUST00276,Office Equipment,Manufacturing,Southwest,716.46,501.35,215.11
SALE0003630,2024-11-17,CUST00500,Packaging Materials,Manufacturing,West,1236.88,648.83,588.05
SALE0003631,2025-08-16,CUST00191,Industrial Equipment,Distribution,Southwest,2585.99,1365.33,1220.66
SALE0003632,2024-01-08,CUST00305,Maintenance Supplies,Manufacturing,Midwest,1235.74,574.3,661.44
SALE0003633,2025-06-27,CUST00129,Packaging Materials,Manufacturing,Midwest,1569.35,1163.49,405.86
SALE0003634,2026-07-31,CUST00193,Maintenance Supplies,Services,West,2825.7,1590.59,1235.11
SALE0003635,2025-09-20,CUST00255,Office Equipment,Manufacturing,Midwest,2328.38,1351.56,976.82
SALE0003636,2026-03-19,CUST00083,Industrial Equipment,Distribution,Midwest,2121.95,1232.3,889.65
SALE0003637,2025-03-09,CUST00251,Professional Services,Distribution,West,1475.17,1046.71,428.46
SALE0003638,2026-07-02,CUST00231,Maintenance Supplies,Distribution,Southeast,2257.55,1035.66,1221.89
SALE0003639,2024-07-15,CUST00413,Industrial Equipment,Distribution,Southeast,1678.68,1148.85,529.83
SALE0003640,2024-09-05,CUST00190,Maintenance Supplies,Distribution,Southwest,2379.59,1682.63,696.96
SALE0003641,2026-03-13,CUST00325,Packaging Materials,Distribution,Midwest,1341.9,656.51,685.39
SALE0003642,2025-12-18,CUST00056,Office Equipment,Services,Midwest,1620.45,869.79,750.66
SALE0003643,2025-09-10,CUST00118,Industrial Equipment,Manufacturing,Southwest,998.27,631.38,366.89
SALE0003644,2024-06-13,CUST00061,Packaging Materials,Manufacturing,Midwest,1770.46,1251.14,519.32
SALE0003645,2024-07-04,CUST00409,Professional Services,Distribution,Southwest,1111.43,821.33,290.1
SALE0003646,2025-12-11,CUST00160,Office Equipment,Manufacturing,Midwest,926.65,599.54,327.11
SALE0003647,2025-09-19,CUST00015,Manufacturing Components,Manufacturing,Southeast,2111.59,992.87,1118.72
SALE0003648,2024-10-14,CUST00052,Manufacturing Components,Distribution,West,2054.2,1361.41,692.79
SALE0003649,2026-04-14,CUST00274,Office Equipment,Manufacturing,Northeast,2892.06,2131.34,760.72
SALE0003650,2026-02-17,CUST00275,Industrial Equipment,Manufacturing,Southwest,1395.94,1006.94,389.0
SALE0003651,2025-08-25,CUST00203,Professional Services,Services,Southwest,2309.6,1397.03,912.57
SALE0003652,2025-07-26,CUST00448,Manufacturing Components,Manufacturing,West,2516.13,1228.77,1287.36
SALE0003653,2025-09-01,CUST00184,Professional Services,Manufacturing,Midwest,2361.06,1687.55,673.51
SALE0003654,2025-04-01,CUST00368,Office Equipment,Distribution,Southeast,1101.7,540.35,561.35
SALE0003655,2025-10-15,CUST00039,Packaging Materials,Services,Northeast,1977.56,1371.63,605.93
SALE0003656,2026-07-30,CUST00105,Maintenance Supplies,Manufacturing,Southwest,2249.55,1123.4,1126.15
SALE0003657,2024-12-16,CUST00178,Office Equipment,Services,Northeast,1815.85,941.32,874.53
SALE0003658,2025-04-17,CUST00499,Packaging Materials,Distribution,Midwest,517.04,318.62,198.42
SALE0003659,2026-08-28,CUST00159,Packaging Materials,Manufacturing,West,1990.8,1202.87,787.93
SALE0003660,2025-12-12,CUST00258,Technology Hardware,Distribution,Midwest,6819.34,4605.47,2213.87
SALE0003661,2026-03-27,CUST00487,Maintenance Supplies,Manufacturing,Northeast,1456.77,984.38,472.39
SALE0003662,2025-11-23,CUST00131,Maintenance Supplies,Services,Midwest,1168.12,856.67,311.45
SALE0003663,2024-10-19,CUST00174,Packaging Materials,Manufacturing,Northeast,2262.01,1460.49,801.52
SALE0003664,2024-04-24,CUST00100,Packaging Materials,Services,Southwest,2180.76,1072.9,1107.86
SALE0003665,2024-10-19,CUST00315,Professional Services,Services,West,3698.35,2518.3,1180.05
SALE0003666,2026-01-21,CUST00044,Professional Services,Distribution,Southwest,850.04,590.51,259.53
SALE0003667,2026-02-21,CUST00341,Maintenance Supplies,Services,Southeast,2804.07,1435.36,1368.71
SALE0003668,2025-05-16,CUST00099,Office Equipment,Services,Southeast,2576.67,1290.7,1285.97
SALE0003669,2026-04-19,CUST00244,Technology Hardware,Services,Northeast,1660.23,783.35,876.88
SALE0003670,2025-11-01,CUST00411,Manufacturing Components,Services,Southwest,2215.45,1357.78,857.67
SALE0003671,2024-09-09,CUST00131,Technology Hardware,Services,Southeast,3353.21,2340.58,1012.63
SALE0003672,2024-02-03,CUST00406,Safety Equipment,Distribution,West,3051.5,1727.1,1324.4
SALE0003673,2025-05-30,CUST00137,Safety Equipment,Distribution,Southeast,910.68,636.5,274.18
SALE0003674,2026-06-21,CUST00019,Manufacturing Components,Services,Northeast,2957.49,1602.0,1355.49
SALE0003675,2026-01-02,CUST00226,Professional Services,Services,Midwest,1739.21,1237.93,501.28
SALE0003676,2025-06-10,CUST00432,Office Equipment,Distribution,Southeast,1888.85,1362.81,526.04
SALE0003677,2024-10-12,CUST00470,Technology Hardware,Distribution,Midwest,1889.22,994.17,895.05
SALE0003678,2025-03-13,CUST00273,Safety Equipment,Services,Midwest,1652.19,770.0,882.19
SALE0003679,2025-12-05,CUST00309,Safety Equipment,Distribution,West,3696.07,1736.37,1959.7
SALE0003680,2024-04-19,CUST00352,Technology Hardware,Manufacturing,West,1719.47,781.79,937.68
SALE0003681,2024-05-06,CUST00234,Maintenance Supplies,Services,Southwest,923.59,456.37,467.22
SALE0003682,2026-04-03,CUST00297,Office Equipment,Services,West,1427.79,908.97,518.82
SALE0003683,2025-06-10,CUST00454,Industrial Equipment,Distribution,Midwest,2012.67,1374.5,638.17
SALE0003684,2025-05-07,CUST00069,Professional Services,Manufacturing,Midwest,3780.19,2357.45,1422.74
SALE0003685,2026-05-09,CUST00071,Maintenance Supplies,Distribution,Southeast,2596.34,1518.4,1077.94
SALE0003686,2024-02-07,CUST00442,Office Equipment,Services,Midwest,1085.37,752.23,333.14
SALE0003687,2024-06-28,CUST00464,Safety Equipment,Services,Southeast,8031.4,4259.37,3772.03
SALE0003688,2025-08-29,CUST00267,Safety Equipment,Manufacturing,West,2119.35,1239.52,879.83
SALE0003689,2026-03-22,CUST00500,Manufacturing Components,Services,West,3886.38,1869.2,2017.18
SALE0003690,2025-05-26,CUST00472,Packaging Materials,Services,Southeast,1650.73,757.73,893.0
SALE0003691,2024-06-25,CUST00264,Industrial Equipment,Services,West,2489.94,1506.72,983.22
SALE0003692,2025-07-24,CUST00086,Packaging Materials,Manufacturing,Northeast,2991.95,2175.86,816.09
SALE0003693,2026-04-15,CUST00095,Safety Equipment,Manufacturing,Northeast,3755.28,1821.66,1933.62
SALE0003694,2024-01-17,CUST00268,Office Equipment,Distribution,Southwest,3409.84,1598.91,1810.93
SALE0003695,2025-01-23,CUST00466,Industrial Equipment,Services,West,3051.29,1478.0,1573.29
SALE0003696,2025-11-18,CUST00471,Professional Services,Services,Southwest,1496.6,1063.11,433.49
SALE0003697,2024-05-04,CUST00043,Maintenance Supplies,Manufacturing,Midwest,1282.99,581.66,701.33
SALE0003698,2025-01-27,CUST00148,Industrial Equipment,Services,Southeast,2207.39,1521.02,686.37
SALE0003699,2026-07-08,CUST00476,Technology Hardware,Services,Southeast,3164.9,1949.29,1215.61
SALE0003700,2025-10-18,CUST00302,Industrial Equipment,Distribution,Midwest,1581.88,1159.55,422.33
SALE0003701,2025-03-07,CUST00393,Packaging Materials,Manufacturing,Midwest,3425.84,2346.4,1079.44
SALE0003702,2024-11-12,CUST00302,Technology Hardware,Services,Northeast,4322.42,2475.02,1847.4
SALE0003703,2024-02-05,CUST00376,Industrial Equipment,Distribution,Southwest,1043.37,470.66,572.71
SALE0003704,2026-07-26,CUST00190,Maintenance Supplies,Distribution,West,1094.28,552.3,541.98
SALE0003705,2025-01-23,CUST00039,Technology Hardware,Manufacturing,Northeast,1662.0,966.05,695.95
SALE0003706,2025-03-22,CUST00460,Office Equipment,Distribution,Midwest,2174.53,1260.91,913.62
SALE0003707,2024-04-04,CUST00464,Office Equipment,Distribution,Midwest,1319.83,623.15,696.68
SALE0003708,2026-06-07,CUST00047,Safety Equipment,Distribution,Northeast,4069.69,1937.02,2132.67
SALE0003709,2026-04-07,CUST00166,Manufacturing Components,Distribution,West,2331.9,1362.08,969.82
SALE0003710,2026-04-17,CUST00303,Maintenance Supplies,Services,Southwest,1851.35,1345.41,505.94
SALE0003711,2024-02-12,CUST00008,Technology Hardware,Services,Southeast,763.91,463.57,300.34
SALE0003712,2025-03-16,CUST00104,Maintenance Supplies,Services,Southeast,820.99,472.81,348.18
SALE0003713,2025-01-21,CUST00291,Office Equipment,Manufacturing,Southwest,2140.1,1306.08,834.02
SALE0003714,2025-09-13,CUST00008,Safety Equipment,Services,Southwest,502.93,295.59,207.34
SALE0003715,2025-07-25,CUST00460,Manufacturing Components,Distribution,West,3319.54,2046.92,1272.62
SALE0003716,2025-11-29,CUST00249,Manufacturing Components,Distribution,Northeast,1644.36,1065.75,578.61
SALE0003717,2025-01-14,CUST00220,Packaging Materials,Distribution,Southwest,12655.61,8743.19,3912.42
SALE0003718,2026-05-14,CUST00233,Office Equipment,Manufacturing,West,7221.01,3417.42,3803.59
SALE0003719,2024-08-30,CUST00483,Manufacturing Components,Manufacturing,Southwest,1621.54,791.23,830.31
SALE0003720,2026-06-21,CUST00184,Professional Services,Services,West,1696.29,1120.34,575.95
SALE0003721,2025-08-14,CUST00447,Packaging Materials,Distribution,Northeast,3285.75,2029.67,1256.08
SALE0003722,2024-11-05,CUST00284,Industrial Equipment,Services,Midwest,5023.61,3734.22,1289.39
SALE0003723,2026-08-14,CUST00038,Professional Services,Distribution,Midwest,676.67,332.76,343.91
SALE0003724,2025-06-06,CUST00491,Manufacturing Components,Distribution,Southwest,619.04,336.95,282.09
SALE0003725,2025-04-12,CUST00047,Packaging Materials,Distribution,Midwest,1244.86,668.78,576.08
SALE0003726,2025-01-29,CUST00402,Manufacturing Components,Manufacturing,West,2564.82,1617.47,947.35
SALE0003727,2025-11-20,CUST00331,Packaging Materials,Distribution,Northeast,2436.03,1678.84,757.19
SALE0003728,2025-09-15,CUST00207,Packaging Materials,Distribution,Midwest,3435.31,2280.47,1154.84
SALE0003729,2024-06-30,CUST00309,Professional Services,Distribution,West,880.23,439.07,441.16
SALE0003730,2025-08-24,CUST00028,Maintenance Supplies,Services,Midwest,450.48,212.78,237.7
SALE0003731,2024-09-29,CUST00054,Technology Hardware,Services,Midwest,3025.43,2193.06,832.37
SALE0003732,2025-01-16,CUST00428,Industrial Equipment,Distribution,Southwest,1100.02,655.43,444.59
SALE0003733,2026-03-09,CUST00002,Packaging Materials,Manufacturing,Midwest,538.56,324.07,214.49
SALE0003734,2025-05-23,CUST00364,Industrial Equipment,Services,Northeast,1972.46,1379.05,593.41
SALE0003735,2024-03-05,CUST00113,Technology Hardware,Distribution,Midwest,2909.99,1861.33,1048.66
SALE0003736,2026-08-31,CUST00088,Safety Equipment,Manufacturing,Midwest,1680.36,782.8,897.56
SALE0003737,2026-05-17,CUST00091,Packaging Materials,Services,West,1373.74,974.47,399.27
SALE0003738,2024-12-01,CUST00454,Maintenance Supplies,Manufacturing,Northeast,1643.17,1176.88,466.29
SALE0003739,2024-04-01,CUST00334,Packaging Materials,Manufacturing,Midwest,1447.58,862.24,585.34
SALE0003740,2026-01-04,CUST00047,Packaging Materials,Distribution,Northeast,805.27,471.72,333.55
SALE0003741,2025-02-02,CUST00278,Technology Hardware,Manufacturing,Southwest,1177.55,862.53,315.02
SALE0003742,2024-03-08,CUST00180,Industrial Equipment,Manufacturing,Northeast,2471.96,1156.07,1315.89
SALE0003743,2025-08-11,CUST00001,Packaging Materials,Distribution,Northeast,2192.96,1231.44,961.52
SALE0003744,2026-04-15,CUST00162,Packaging Materials,Distribution,Northeast,1999.87,1294.08,705.79
SALE0003745,2026-02-04,CUST00381,Technology Hardware,Manufacturing,Southwest,995.17,710.58,284.59
SALE0003746,2024-02-24,CUST00070,Safety Equipment,Manufacturing,Northeast,1621.49,1128.95,492.54
SALE0003747,2025-04-18,CUST00221,Technology Hardware,Services,Northeast,489.68,230.77,258.91
SALE0003748,2024-01-05,CUST00132,Manufacturing Components,Services,West,2012.41,1483.34,529.07
SALE0003749,2026-03-15,CUST00365,Technology Hardware,Services,Midwest,4261.24,2316.74,1944.5
SALE0003750,2024-08-20,CUST00073,Professional Services,Distribution,West,746.59,517.55,229.04
SALE0003751,2025-07-22,CUST00443,Office Equipment,Distribution,Southeast,1272.12,791.16,480.96
SALE0003752,2025-09-01,CUST00490,Professional Services,Manufacturing,Southwest,2202.75,1161.13,1041.62
SALE0003753,2026-05-06,CUST00492,Packaging Materials,Distribution,Southeast,3834.16,2568.16,1266.0
SALE0003754,2026-04-04,CUST00276,Manufacturing Components,Manufacturing,Northeast,1381.69,750.61,631.08
SALE0003755,2024-02-06,CUST00024,Packaging Materials,Distribution,West,1193.51,629.39,564.12
SALE0003756,2025-11-10,CUST00114,Packaging Materials,Manufacturing,Southwest,554.82,351.33,203.49
SALE0003757,2026-07-02,CUST00498,Technology Hardware,Distribution,Midwest,1923.81,1036.99,886.82
SALE0003758,2025-06-20,CUST00422,Safety Equipment,Distribution,Southeast,6156.39,4181.31,1975.08
SALE0003759,2025-03-06,CUST00208,Maintenance Supplies,Services,Southwest,2135.41,1300.43,834.98
SALE0003760,2024-02-09,CUST00230,Safety Equipment,Services,West,1784.03,1201.72,582.31
SALE0003761,2024-08-12,CUST00129,Maintenance Supplies,Services,West,2193.49,1638.36,555.13
SALE0003762,2024-07-18,CUST00496,Packaging Materials,Distribution,Southeast,1796.05,1103.04,693.01
SALE0003763,2025-01-26,CUST00409,Maintenance Supplies,Distribution,Southeast,1110.08,806.3,303.78
SALE0003764,2025-07-07,CUST00172,Industrial Equipment,Distribution,Southwest,2963.03,1375.53,1587.5
SALE0003765,2026-08-07,CUST00026,Office Equipment,Distribution,Southwest,2070.32,1103.5,966.82
SALE0003766,2025-09-26,CUST00041,Technology Hardware,Distribution,Southeast,1827.25,1006.21,821.04
SALE0003767,2024-07-29,CUST00374,Industrial Equipment,Services,Northeast,1007.05,623.74,383.31
SALE0003768,2025-07-07,CUST00462,Technology Hardware,Manufacturing,Northeast,3952.5,2889.57,1062.93
SALE0003769,2025-05-20,CUST00159,Industrial Equipment,Services,West,2694.11,1720.68,973.43
SALE0003770,2024-04-14,CUST00052,Manufacturing Components,Manufacturing,Southwest,1297.57,930.16,367.41
SALE0003771,2026-03-08,CUST00199,Manufacturing Components,Services,Northeast,3298.08,1986.28,1311.8
SALE0003772,2024-05-25,CUST00152,Professional Services,Services,Southwest,1341.38,735.83,605.55
SALE0003773,2024-02-25,CUST00091,Packaging Materials,Services,Northeast,1130.93,741.91,389.02
SALE0003774,2025-02-19,CUST00190,Safety Equipment,Distribution,Midwest,1146.17,762.35,383.82
SALE0003775,2025-12-16,CUST00350,Packaging Materials,Manufacturing,Northeast,624.75,457.41,167.34
SALE0003776,2025-11-13,CUST00225,Technology Hardware,Services,Midwest,2399.28,1177.01,1222.27
SALE0003777,2026-06-11,CUST00006,Packaging Materials,Distribution,Northeast,602.64,445.11,157.53
SALE0003778,2024-03-21,CUST00173,Safety Equipment,Services,Southeast,865.18,472.26,392.92
SALE0003779,2026-07-17,CUST00495,Maintenance Supplies,Distribution,West,520.43,371.35,149.08
SALE0003780,2024-12-13,CUST00145,Industrial Equipment,Distribution,Northeast,1717.04,789.15,927.89
SALE0003781,2026-02-22,CUST00098,Packaging Materials,Distribution,West,1652.11,962.99,689.12
SALE0003782,2025-07-17,CUST00182,Technology Hardware,Services,Northeast,1486.21,690.87,795.34
SALE0003783,2026-07-24,CUST00385,Manufacturing Components,Manufacturing,Northeast,967.25,502.18,465.07
SALE0003784,2025-02-06,CUST00347,Safety Equipment,Distribution,Northeast,894.85,479.96,414.89
SALE0003785,2024-07-27,CUST00297,Manufacturing Components,Manufacturing,Midwest,2388.98,1569.58,819.4
SALE0003786,2024-12-22,CUST00017,Safety Equipment,Distribution,Northeast,1299.41,633.87,665.54
SALE0003787,2025-06-02,CUST00498,Maintenance Supplies,Manufacturing,Northeast,2185.97,1384.75,801.22
SALE0003788,2025-07-09,CUST00315,Manufacturing Components,Manufacturing,Midwest,1063.0,573.99,489.01
SALE0003789,2026-06-20,CUST00457,Packaging Materials,Services,Midwest,2015.53,1279.08,736.45
SALE0003790,2024-12-20,CUST00125,Technology Hardware,Services,West,3951.96,2679.39,1272.57
SALE0003791,2024-12-14,CUST00186,Office Equipment,Manufacturing,Northeast,2570.1,1269.51,1300.59
SALE0003792,2024-03-01,CUST00250,Industrial Equipment,Services,Northeast,1411.7,807.87,603.83
SALE0003793,2025-02-11,CUST00483,Industrial Equipment,Manufacturing,West,2109.74,1310.9,798.84
SALE0003794,2025-01-31,CUST00245,Maintenance Supplies,Manufacturing,Southeast,1564.94,1040.9,524.04
SALE0003795,2025-05-05,CUST00356,Packaging Materials,Services,Southeast,1816.61,1090.49,726.12
SALE0003796,2025-11-09,CUST00435,Maintenance Supplies,Distribution,West,1487.17,755.71,731.46
SALE0003797,2025-12-16,CUST00192,Safety Equipment,Manufacturing,Northeast,1638.27,1210.61,427.66
SALE0003798,2025-02-06,CUST00194,Packaging Materials,Distribution,Midwest,2053.41,1226.36,827.05
SALE0003799,2024-01-09,CUST00325,Technology Hardware,Manufacturing,Northeast,996.24,513.45,482.79
SALE0003800,2025-05-20,CUST00195,Technology Hardware,Distribution,Southeast,982.87,504.95,477.92
SALE0003801,2026-07-09,CUST00147,Manufacturing Components,Distribution,West,785.94,445.9,340.04
SALE0003802,2024-09-17,CUST00032,Packaging Materials,Services,West,692.17,349.64,342.53
SALE0003803,2025-12-20,CUST00113,Safety Equipment,Distribution,Midwest,870.99,595.52,275.47
SALE0003804,2026-05-26,CUST00008,Industrial Equipment,Services,Northeast,1989.58,952.16,1037.42
SALE0003805,2025-10-20,CUST00216,Industrial Equipment,Distribution,Southeast,1058.2,760.33,297.87
SALE0003806,2024-01-06,CUST00492,Office Equipment,Services,Midwest,2460.62,1577.66,882.96
SALE0003807,2024-09-05,CUST00454,Manufacturing Components,Manufacturing,Southwest,1846.1,838.47,1007.63
SALE0003808,2025-02-06,CUST00407,Packaging Materials,Services,Northeast,554.96,323.66,231.3
SALE0003809,2024-10-15,CUST00172,Professional Services,Distribution,West,2678.43,1925.56,752.87
SALE0003810,2025-07-23,CUST00279,Professional Services,Distribution,West,2940.92,2020.37,920.55
SALE0003811,2026-05-31,CUST00088,Office Equipment,Distribution,Southeast,995.94,503.77,492.17
SALE0003812,2025-02-08,CUST00489,Safety Equipment,Distribution,Southeast,2326.49,1079.32,1247.17
SALE0003813,2026-03-27,CUST00356,Packaging Materials,Distribution,Midwest,1081.5,489.42,592.08
SALE0003814,2024-12-28,CUST00040,Maintenance Supplies,Distribution,Southwest,1917.16,1162.18,754.98
SALE0003815,2026-06-30,CUST00306,Packaging Materials,Manufacturing,Southwest,846.66,387.26,459.4
SALE0003816,2024-04-27,CUST00177,Packaging Materials,Manufacturing,West,616.55,294.25,322.3
SALE0003817,2024-01-07,CUST00221,Packaging Materials,Manufacturing,West,1437.0,724.65,712.35
SALE0003818,2026-01-12,CUST00035,Technology Hardware,Services,Northeast,1678.68,1087.91,590.77
SALE0003819,2025-06-18,CUST00251,Industrial Equipment,Services,Midwest,1424.24,885.67,538.57
SALE0003820,2025-08-02,CUST00055,Manufacturing Components,Services,Southwest,888.54,425.02,463.52
SALE0003821,2024-08-04,CUST00171,Manufacturing Components,Services,West,1422.34,868.56,553.78
SALE0003822,2026-06-20,CUST00384,Professional Services,Services,Southwest,2125.11,1155.81,969.3
SALE0003823,2024-06-20,CUST00049,Office Equipment,Services,West,1759.99,1163.69,596.3
SALE0003824,2024-02-15,CUST00385,Technology Hardware,Manufacturing,Southwest,2017.27,1336.74,680.53
SALE0003825,2025-07-01,CUST00359,Safety Equipment,Manufacturing,West,1209.46,822.04,387.42
SALE0003826,2025-01-19,CUST00080,Professional Services,Manufacturing,West,3652.0,2310.24,1341.76
SALE0003827,2024-10-09,CUST00452,Maintenance Supplies,Manufacturing,Northeast,892.74,490.57,402.17
SALE0003828,2025-06-10,CUST00370,Professional Services,Manufacturing,Northeast,2422.45,1190.47,1231.98
SALE0003829,2024-02-25,CUST00110,Maintenance Supplies,Services,Southeast,3674.36,1849.27,1825.09
SALE0003830,2025-10-02,CUST00118,Packaging Materials,Services,Southeast,2412.8,1756.49,656.31
SALE0003831,2024-03-01,CUST00143,Maintenance Supplies,Distribution,Midwest,1601.16,841.55,759.61
SALE0003832,2025-11-01,CUST00068,Manufacturing Components,Manufacturing,Southwest,1316.88,676.12,640.76
SALE0003833,2025-01-03,CUST00364,Safety Equipment,Services,Northeast,3366.58,2097.99,1268.59
SALE0003834,2025-11-20,CUST00322,Industrial Equipment,Manufacturing,Northeast,769.86,375.66,394.2
SALE0003835,2025-10-11,CUST00026,Maintenance Supplies,Services,Southeast,1010.22,517.59,492.63
SALE0003836,2024-08-12,CUST00067,Professional Services,Distribution,Midwest,1424.34,1005.17,419.17
SALE0003837,2026-05-20,CUST00357,Manufacturing Components,Manufacturing,Midwest,3799.38,2770.17,1029.21
SALE0003838,2026-01-05,CUST00461,Packaging Materials,Services,Northeast,2270.74,1153.97,1116.77
SALE0003839,2025-03-03,CUST00025,Office Equipment,Distribution,Southwest,1011.48,556.96,454.52
SALE0003840,2024-07-20,CUST00423,Industrial Equipment,Distribution,West,1500.89,676.7,824.19
SALE0003841,2024-08-24,CUST00226,Professional Services,Distribution,Midwest,1250.63,913.55,337.08
SALE0003842,2025-02-11,CUST00050,Safety Equipment,Manufacturing,Northeast,1181.01,851.42,329.59
SALE0003843,2025-12-01,CUST00083,Manufacturing Components,Distribution,Northeast,3253.0,1486.22,1766.78
SALE0003844,2025-04-25,CUST00443,Industrial Equipment,Manufacturing,West,793.9,428.36,365.54
SALE0003845,2026-02-06,CUST00112,Manufacturing Components,Manufacturing,Midwest,4747.0,3497.29,1249.71
SALE0003846,2024-09-10,CUST00380,Maintenance Supplies,Manufacturing,West,2971.84,2088.15,883.69
SALE0003847,2025-01-31,CUST00078,Manufacturing Components,Manufacturing,Northeast,3479.06,1974.59,1504.47
SALE0003848,2025-03-05,CUST00257,Industrial Equipment,Distribution,Southwest,1369.55,816.33,553.22
SALE0003849,2025-07-24,CUST00497,Office Equipment,Distribution,Southwest,1652.49,1182.26,470.23
SALE0003850,2026-02-10,CUST00021,Office Equipment,Manufacturing,Southwest,765.18,545.65,219.53
SALE0003851,2026-08-10,CUST00293,Office Equipment,Distribution,Midwest,1319.76,654.46,665.3
SALE0003852,2024-03-02,CUST00147,Maintenance Supplies,Distribution,Northeast,2431.33,1315.25,1116.08
SALE0003853,2025-03-27,CUST00201,Safety Equipment,Services,Midwest,3934.89,2910.22,1024.67
SALE0003854,2025-09-11,CUST00368,Safety Equipment,Services,Southwest,930.48,633.72,296.76
SALE0003855,2024-12-18,CUST00332,Office Equipment,Manufacturing,Southwest,1452.0,657.12,794.88
SALE0003856,2024-07-13,CUST00087,Office Equipment,Manufacturing,Southwest,1651.14,807.15,843.99
SALE0003857,2026-06-22,CUST00046,Maintenance Supplies,Manufacturing,Midwest,782.53,547.93,234.6
SALE0003858,2024-08-09,CUST00341,Packaging Materials,Services,Midwest,2578.1,1767.93,810.17
SALE0003859,2026-08-21,CUST00357,Technology Hardware,Distribution,Southeast,1170.99,756.89,414.1
SALE0003860,2024-04-13,CUST00436,Industrial Equipment,Services,Southwest,1608.03,1051.25,556.78
SALE0003861,2026-08-29,CUST00487,Manufacturing Components,Services,West,1378.61,1028.3,350.31
SALE0003862,2026-08-10,CUST00328,Safety Equipment,Services,Midwest,1125.97,644.36,481.61
SALE0003863,2026-07-18,CUST00044,Office Equipment,Distribution,Southeast,1800.42,1253.45,546.97
SALE0003864,2024-07-24,CUST00413,Safety Equipment,Manufacturing,Midwest,1588.64,981.64,607.0
SALE0003865,2026-08-27,CUST00491,Packaging Materials,Distribution,Northeast,1446.48,850.94,595.54
SALE0003866,2025-01-08,CUST00116,Safety Equipment,Distribution,Southeast,1167.85,711.79,456.06
SALE0003867,2026-08-30,CUST00415,Safety Equipment,Manufacturing,Northeast,2190.13,1521.2,668.93
SALE0003868,2025-12-24,CUST00435,Professional Services,Distribution,Northeast,4876.44,3415.15,1461.29
SALE0003869,2025-01-17,CUST00137,Technology Hardware,Distribution,Southwest,1966.35,1463.05,503.3
SALE0003870,2026-07-27,CUST00346,Maintenance Supplies,Distribution,Midwest,3286.8,2159.26,1127.54
SALE0003871,2026-03-26,CUST00301,Maintenance Supplies,Services,Midwest,785.14,460.14,325.0
SALE0003872,2026-08-27,CUST00496,Safety Equipment,Distribution,Midwest,1987.55,1013.27,974.28
SALE0003873,2025-07-31,CUST00439,Maintenance Supplies,Distribution,Southwest,935.97,553.77,382.2
SALE0003874,2026-08-11,CUST00398,Office Equipment,Manufacturing,Southwest,745.34,498.22,247.12
SALE0003875,2024-08-01,CUST00065,Manufacturing Components,Manufacturing,Midwest,1160.23,837.43,322.8
SALE0003876,2024-10-19,CUST00275,Industrial Equipment,Services,Midwest,3696.49,2073.66,1622.83
SALE0003877,2026-08-05,CUST00317,Maintenance Supplies,Services,Northeast,3197.13,2243.21,953.92
SALE0003878,2026-04-14,CUST00390,Office Equipment,Services,Southeast,2091.85,1155.76,936.09
SALE0003879,2024-11-26,CUST00191,Office Equipment,Distribution,Midwest,720.81,494.45,226.36
SALE0003880,2026-05-14,CUST00058,Safety Equipment,Manufacturing,Southwest,1607.17,938.6,668.57
SALE0003881,2026-06-09,CUST00070,Safety Equipment,Distribution,West,2166.83,1612.67,554.16
SALE0003882,2024-05-01,CUST00198,Manufacturing Components,Distribution,Northeast,2008.86,1064.11,944.75
SALE0003883,2025-11-14,CUST00334,Safety Equipment,Manufacturing,Southeast,598.08,440.24,157.84
SALE0003884,2026-08-21,CUST00060,Maintenance Supplies,Distribution,Midwest,1059.77,608.98,450.79
SALE0003885,2024-08-06,CUST00029,Professional Services,Services,Southwest,1739.85,1157.9,581.95
SALE0003886,2024-08-13,CUST00235,Safety Equipment,Manufacturing,Northeast,2494.33,1614.67,879.66
SALE0003887,2024-01-31,CUST00352,Manufacturing Components,Distribution,West,484.12,295.43,188.69
SALE0003888,2026-04-21,CUST00086,Packaging Materials,Manufacturing,Northeast,1640.45,913.53,726.92
SALE0003889,2025-01-12,CUST00229,Manufacturing Components,Services,Midwest,1970.08,1317.92,652.16
SALE0003890,2024-11-21,CUST00186,Maintenance Supplies,Services,Southeast,3010.22,1495.86,1514.36
SALE0003891,2025-03-19,CUST00259,Professional Services,Distribution,Midwest,2740.0,1963.91,776.09
SALE0003892,2026-05-14,CUST00456,Professional Services,Manufacturing,Northeast,2564.56,1677.43,887.13
SALE0003893,2025-05-24,CUST00495,Packaging Materials,Services,Northeast,1118.83,568.59,550.24
SALE0003894,2025-12-09,CUST00408,Technology Hardware,Services,Southeast,575.48,350.3,225.18
SALE0003895,2024-08-15,CUST00237,Professional Services,Manufacturing,West,1428.2,1030.42,397.78
SALE0003896,2025-03-16,CUST00166,Office Equipment,Manufacturing,Southeast,3297.7,1879.99,1417.71
SALE0003897,2025-04-24,CUST00143,Industrial Equipment,Services,Northeast,4171.67,1881.51,2290.16
SALE0003898,2026-08-05,CUST00359,Technology Hardware,Manufacturing,Southwest,2769.24,1880.2,889.04
SALE0003899,2026-08-12,CUST00013,Technology Hardware,Distribution,West,2339.29,1429.55,909.74
SALE0003900,2025-11-05,CUST00019,Industrial Equipment,Manufacturing,Southwest,2270.56,1692.08,578.48
SALE0003901,2026-05-26,CUST00374,Packaging Materials,Manufacturing,Midwest,1295.08,847.92,447.16
SALE0003902,2024-07-09,CUST00340,Safety Equipment,Manufacturing,Southwest,1672.31,912.98,759.33
SALE0003903,2024-01-28,CUST00117,Manufacturing Components,Manufacturing,Southwest,4921.86,3107.0,1814.86
SALE0003904,2025-06-25,CUST00356,Manufacturing Components,Distribution,Southeast,1027.07,710.56,316.51
SALE0003905,2026-07-19,CUST00063,Safety Equipment,Distribution,West,4764.12,2193.99,2570.13
SALE0003906,2024-12-20,CUST00079,Office Equipment,Manufacturing,Northeast,1490.38,827.64,662.74
SALE0003907,2025-09-07,CUST00295,Professional Services,Manufacturing,Midwest,4004.84,2576.96,1427.88
SALE0003908,2024-05-10,CUST00495,Technology Hardware,Services,Southeast,777.37,517.53,259.84
SALE0003909,2026-07-20,CUST00087,Packaging Materials,Services,Southwest,2569.7,1337.24,1232.46
SALE0003910,2024-08-20,CUST00098,Packaging Materials,Manufacturing,Midwest,1162.05,766.71,395.34
SALE0003911,2025-01-07,CUST00354,Safety Equipment,Distribution,Southeast,773.43,545.93,227.5
SALE0003912,2024-05-12,CUST00219,Manufacturing Components,Services,Midwest,2061.36,1067.77,993.59
SALE0003913,2024-02-05,CUST00047,Industrial Equipment,Services,Southwest,3313.24,1957.67,1355.57
SALE0003914,2024-02-16,CUST00200,Professional Services,Manufacturing,West,1089.02,657.15,431.87
SALE0003915,2026-04-06,CUST00438,Safety Equipment,Distribution,Northeast,735.53,365.94,369.59
SALE0003916,2024-04-11,CUST00064,Packaging Materials,Distribution,Northeast,1711.1,777.26,933.84
SALE0003917,2024-12-28,CUST00488,Safety Equipment,Services,West,1715.64,1103.91,611.73
SALE0003918,2025-10-09,CUST00362,Manufacturing Components,Distribution,Southwest,2512.4,1855.59,656.81
SALE0003919,2026-08-03,CUST00135,Maintenance Supplies,Distribution,Southwest,3196.32,2116.72,1079.6
SALE0003920,2024-07-24,CUST00386,Maintenance Supplies,Manufacturing,Southeast,1744.72,954.87,789.85
SALE0003921,2024-08-02,CUST00494,Safety Equipment,Services,Southeast,5504.39,4094.73,1409.66
SALE0003922,2024-05-25,CUST00471,Industrial Equipment,Services,Northeast,2068.42,1521.71,546.71
SALE0003923,2026-02-11,CUST00130,Packaging Materials,Distribution,West,1468.72,928.57,540.15
SALE0003924,2025-11-17,CUST00290,Packaging Materials,Services,Southeast,687.5,486.35,201.15
SALE0003925,2024-07-01,CUST00182,Office Equipment,Manufacturing,Southwest,1544.42,1035.19,509.23
SALE0003926,2024-07-06,CUST00317,Technology Hardware,Manufacturing,Midwest,1477.59,1028.87,448.72
SALE0003927,2025-11-02,CUST00200,Safety Equipment,Services,Southwest,3216.93,1495.21,1721.72
SALE0003928,2026-06-04,CUST00035,Manufacturing Components,Services,Northeast,2386.28,1645.63,740.65
SALE0003929,2024-10-05,CUST00407,Professional Services,Distribution,Northeast,891.03,507.04,383.99
SALE0003930,2026-04-27,CUST00249,Technology Hardware,Manufacturing,West,2004.91,1044.35,960.56
SALE0003931,2026-08-30,CUST00063,Technology Hardware,Manufacturing,Northeast,2705.17,1464.76,1240.41
SALE0003932,2026-06-28,CUST00113,Office Equipment,Manufacturing,Southwest,4522.49,2930.56,1591.93
SALE0003933,2025-11-07,CUST00402,Maintenance Supplies,Services,Southwest,3079.44,1438.71,1640.73
SALE0003934,2024-08-22,CUST00369,Professional Services,Services,Midwest,2854.09,1773.17,1080.92
SALE0003935,2025-01-30,CUST00375,Maintenance Supplies,Distribution,Northeast,1874.41,879.06,995.35
SALE0003936,2025-01-05,CUST00292,Manufacturing Components,Manufacturing,Northeast,2282.41,1245.11,1037.3
SALE0003937,2025-01-12,CUST00369,Maintenance Supplies,Manufacturing,Northeast,3826.49,1821.19,2005.3
SALE0003938,2025-08-02,CUST00345,Technology Hardware,Distribution,Southwest,812.68,552.56,260.12
SALE0003939,2024-10-05,CUST00478,Manufacturing Components,Services,Southwest,1466.06,667.16,798.9
SALE0003940,2025-08-29,CUST00303,Technology Hardware,Distribution,West,1137.35,847.81,289.54
SALE0003941,2025-05-23,CUST00095,Industrial Equipment,Distribution,Northeast,2269.9,1265.07,1004.83
SALE0003942,2026-04-10,CUST00130,Packaging Materials,Distribution,Southeast,3782.47,1857.67,1924.8
SALE0003943,2025-11-13,CUST00319,Professional Services,Manufacturing,Southeast,1263.72,574.33,689.39
SALE0003944,2026-01-16,CUST00077,Maintenance Supplies,Manufacturing,Southeast,430.87,279.41,151.46
SALE0003945,2025-08-08,CUST00367,Office Equipment,Services,Southwest,1411.87,738.54,673.33
SALE0003946,2025-04-18,CUST00332,Professional Services,Distribution,Northeast,3127.8,1906.69,1221.11
SALE0003947,2025-08-02,CUST00243,Safety Equipment,Manufacturing,Southeast,2496.33,1838.47,657.86
SALE0003948,2025-03-12,CUST00248,Safety Equipment,Manufacturing,West,2337.67,1395.97,941.7
SALE0003949,2026-02-27,CUST00225,Office Equipment,Services,Northeast,1528.44,772.8,755.64
SALE0003950,2025-04-16,CUST00357,Professional Services,Services,West,839.31,619.2,220.11
SALE0003951,2025-03-06,CUST00431,Safety Equipment,Services,West,2463.1,1368.81,1094.29
SALE0003952,2026-07-10,CUST00355,Maintenance Supplies,Manufacturing,Northeast,1096.01,794.34,301.67
SALE0003953,2025-09-09,CUST00395,Office Equipment,Distribution,Midwest,6703.99,3201.21,3502.78
SALE0003954,2024-07-11,CUST00263,Technology Hardware,Manufacturing,Southeast,2546.07,1169.32,1376.75
SALE0003955,2024-05-07,CUST00082,Manufacturing Components,Services,Northeast,1276.16,629.68,646.48
SALE0003956,2024-12-26,CUST00397,Technology Hardware,Distribution,Southwest,1252.84,880.31,372.53
SALE0003957,2024-10-05,CUST00289,Professional Services,Distribution,Southwest,1709.97,1278.98,430.99
SALE0003958,2024-01-08,CUST00001,Packaging Materials,Distribution,West,1566.03,1038.73,527.3
SALE0003959,2025-04-20,CUST00159,Office Equipment,Distribution,Southwest,3533.7,2009.59,1524.11
SALE0003960,2024-10-31,CUST00304,Professional Services,Distribution,Northeast,2022.01,1257.12,764.89
SALE0003961,2025-03-05,CUST00198,Technology Hardware,Distribution,Northeast,1165.63,809.96,355.67
SALE0003962,2024-09-20,CUST00017,Industrial Equipment,Distribution,Southeast,5621.0,3976.13,1644.87
SALE0003963,2024-12-27,CUST00113,Professional Services,Manufacturing,Northeast,1862.33,1013.89,848.44
SALE0003964,2025-08-25,CUST00500,Maintenance Supplies,Services,Southwest,2867.81,1926.41,941.4
SALE0003965,2025-09-23,CUST00238,Professional Services,Manufacturing,Northeast,1255.22,635.07,620.15
SALE0003966,2026-06-22,CUST00333,Technology Hardware,Manufacturing,West,2248.16,1439.94,808.22
SALE0003967,2025-12-13,CUST00165,Safety Equipment,Manufacturing,Midwest,2179.1,1229.11,949.99
SALE0003968,2025-08-30,CUST00005,Packaging Materials,Distribution,Midwest,581.85,343.17,238.68
SALE0003969,2024-04-22,CUST00083,Professional Services,Distribution,Southeast,6058.18,3019.72,3038.46
SALE0003970,2025-03-12,CUST00041,Technology Hardware,Services,Midwest,3922.12,2117.6,1804.52
SALE0003971,2026-07-27,CUST00436,Technology Hardware,Services,Southwest,1424.65,865.27,559.38
SALE0003972,2024-12-23,CUST00212,Office Equipment,Manufacturing,Midwest,933.22,678.25,254.97
SALE0003973,2024-12-04,CUST00448,Maintenance Supplies,Services,Southeast,2227.28,1505.9,721.38
SALE0003974,2024-11-10,CUST00403,Manufacturing Components,Distribution,West,1904.58,1262.19,642.39
SALE0003975,2024-05-04,CUST00476,Safety Equipment,Services,Southeast,2238.14,1272.73,965.41
SALE0003976,2026-05-03,CUST00440,Maintenance Supplies,Distribution,West,2028.29,1342.13,686.16
SALE0003977,2025-04-06,CUST00295,Maintenance Supplies,Distribution,Midwest,2449.76,1311.91,1137.85
SALE0003978,2024-01-18,CUST00347,Packaging Materials,Manufacturing,Southeast,4308.67,2618.58,1690.09
SALE0003979,2024-02-18,CUST00257,Office Equipment,Manufacturing,West,2542.4,1596.62,945.78
SALE0003980,2026-01-10,CUST00479,Safety Equipment,Services,West,963.15,571.25,391.9
SALE0003981,2025-10-19,CUST00268,Maintenance Supplies,Manufacturing,Southeast,4095.06,2789.4,1305.66
SALE0003982,2024-06-10,CUST00005,Professional Services,Manufacturing,Northeast,4838.54,2327.74,2510.8
SALE0003983,2025-12-08,CUST00441,Professional Services,Manufacturing,Southwest,11982.88,6015.42,5967.46
SALE0003984,2024-11-30,CUST00437,Technology Hardware,Manufacturing,Midwest,921.41,497.94,423.47
SALE0003985,2025-10-07,CUST00212,Technology Hardware,Distribution,Southwest,2091.69,1386.64,705.05
SALE0003986,2026-03-30,CUST00440,Packaging Materials,Manufacturing,Southeast,518.4,324.35,194.05
SALE0003987,2024-01-11,CUST00143,Office Equipment,Distribution,Southwest,2519.69,1166.3,1353.39
SALE0003988,2026-08-09,CUST00371,Safety Equipment,Services,Northeast,1301.25,610.58,690.67
SALE0003989,2026-04-22,CUST00460,Technology Hardware,Manufacturing,Southeast,5733.42,2627.14,3106.28
SALE0003990,2026-03-08,CUST00376,Professional Services,Distribution,Southwest,1135.96,550.3,585.66
SALE0003991,2026-06-04,CUST00362,Office Equipment,Manufacturing,Midwest,656.22,365.43,290.79
SALE0003992,2025-08-19,CUST00347,Professional Services,Manufacturing,West,1362.73,751.16,611.57
SALE0003993,2026-08-20,CUST00413,Manufacturing Components,Services,West,552.64,320.02,232.62
SALE0003994,2024-08-11,CUST00134,Technology Hardware,Services,Midwest,2837.45,2080.74,756.71
SALE0003995,2024-07-12,CUST00168,Office Equipment,Distribution,Southeast,523.72,276.43,247.29
SALE0003996,2024-03-27,CUST00479,Technology Hardware,Manufacturing,Southeast,1839.18,867.62,971.56
SALE0003997,2024-10-30,CUST00098,Office Equipment,Manufacturing,Southeast,519.73,372.69,147.04
SALE0003998,2024-02-04,CUST00100,Maintenance Supplies,Distribution,Midwest,1491.92,1055.37,436.55
SALE0003999,2024-07-06,CUST00107,Manufacturing Components,Manufacturing,Midwest,4846.57,2566.44,2280.13
SALE0004000,2024-08-25,CUST00366,Office Equipment,Services,Southwest,2244.84,1456.87,787.97
SALE0004001,2026-03-11,CUST00426,Industrial Equipment,Manufacturing,West,1076.97,750.07,326.9
SALE0004002,2026-03-21,CUST00487,Technology Hardware,Services,Southeast,1774.51,1278.5,496.01
SALE0004003,2025-08-05,CUST00196,Industrial Equipment,Manufacturing,Northeast,1827.69,1294.2,533.49
SALE0004004,2025-10-24,CUST00250,Professional Services,Distribution,Northeast,2400.85,1557.67,843.18
SALE0004005,2025-04-21,CUST00020,Maintenance Supplies,Manufacturing,Midwest,796.23,421.24,374.99
SALE0004006,2024-02-29,CUST00275,Technology Hardware,Manufacturing,Southeast,2579.99,1281.09,1298.9
SALE0004007,2024-06-14,CUST00313,Maintenance Supplies,Distribution,Southwest,356.87,247.85,109.02
SALE0004008,2024-12-12,CUST00385,Technology Hardware,Services,Southeast,1239.01,624.9,614.11
SALE0004009,2024-07-22,CUST00267,Packaging Materials,Services,Southeast,1348.89,688.36,660.53
SALE0004010,2024-01-10,CUST00069,Technology Hardware,Distribution,West,2643.86,1297.84,1346.02
SALE0004011,2024-04-20,CUST00450,Industrial Equipment,Manufacturing,Northeast,1832.76,943.24,889.52
SALE0004012,2024-08-12,CUST00210,Professional Services,Distribution,Northeast,777.95,396.12,381.83
SALE0004013,2026-01-21,CUST00344,Office Equipment,Distribution,Midwest,1001.25,658.5,342.75
SALE0004014,2026-08-13,CUST00225,Office Equipment,Manufacturing,Southwest,2036.95,1415.14,621.81
SALE0004015,2025-09-16,CUST00385,Technology Hardware,Manufacturing,Northeast,1724.27,1091.44,632.83
SALE0004016,2024-06-26,CUST00190,Safety Equipment,Manufacturing,Northeast,1277.33,681.33,596.0
SALE0004017,2026-08-22,CUST00467,Safety Equipment,Services,West,1354.92,976.97,377.95
SALE0004018,2025-07-23,CUST00418,Professional Services,Manufacturing,Southeast,2745.45,1869.31,876.14
SALE0004019,2024-01-30,CUST00367,Packaging Materials,Manufacturing,Southeast,1325.29,682.57,642.72
SALE0004020,2025-07-07,CUST00035,Industrial Equipment,Manufacturing,Southwest,1714.96,924.02,790.94
SALE0004021,2026-01-04,CUST00084,Packaging Materials,Distribution,Northeast,6647.27,3316.41,3330.86
SALE0004022,2026-06-21,CUST00225,Office Equipment,Distribution,West,769.54,432.47,337.07
SALE0004023,2025-04-18,CUST00491,Manufacturing Components,Distribution,Southwest,595.2,398.13,197.07
SALE0004024,2024-11-24,CUST00212,Manufacturing Components,Services,West,2893.3,2017.94,875.36
SALE0004025,2026-08-16,CUST00474,Maintenance Supplies,Manufacturing,Southwest,1203.29,852.75,350.54
SALE0004026,2025-01-03,CUST00117,Professional Services,Manufacturing,Southwest,1493.77,958.92,534.85
SALE0004027,2025-10-06,CUST00259,Manufacturing Components,Manufacturing,Southeast,1131.51,559.53,571.98
SALE0004028,2024-11-20,CUST00411,Technology Hardware,Distribution,Southwest,1547.07,974.1,572.97
SALE0004029,2026-02-15,CUST00365,Maintenance Supplies,Services,Southeast,4717.92,2878.56,1839.36
SALE0004030,2026-08-27,CUST00128,Safety Equipment,Distribution,West,2925.66,1533.69,1391.97
SALE0004031,2026-02-26,CUST00407,Packaging Materials,Manufacturing,Southeast,3033.08,2220.66,812.42
SALE0004032,2024-03-27,CUST00025,Manufacturing Components,Services,Southwest,772.99,367.78,405.21
SALE0004033,2025-06-09,CUST00357,Technology Hardware,Services,West,906.24,419.22,487.02
SALE0004034,2025-03-01,CUST00381,Industrial Equipment,Services,Northeast,329.16,227.85,101.31
SALE0004035,2025-04-10,CUST00442,Professional Services,Distribution,Northeast,1112.51,786.01,326.5
SALE0004036,2026-03-28,CUST00116,Packaging Materials,Distribution,Northeast,3209.99,2050.49,1159.5
SALE0004037,2025-08-24,CUST00317,Maintenance Supplies,Services,Midwest,2465.54,1828.17,637.37
SALE0004038,2024-07-01,CUST00377,Manufacturing Components,Distribution,Northeast,1583.02,996.44,586.58
SALE0004039,2024-06-25,CUST00464,Professional Services,Distribution,Midwest,1784.01,896.73,887.28
SALE0004040,2024-09-12,CUST00233,Packaging Materials,Manufacturing,Northeast,1195.92,617.21,578.71
SALE0004041,2025-01-04,CUST00077,Packaging Materials,Manufacturing,Southwest,2044.39,1445.68,598.71
SALE0004042,2024-06-29,CUST00165,Maintenance Supplies,Services,Southwest,2862.72,1611.9,1250.82
SALE0004043,2026-05-20,CUST00466,Safety Equipment,Services,Northeast,685.72,505.67,180.05
SALE0004044,2025-12-09,CUST00101,Safety Equipment,Distribution,Midwest,2164.16,1324.19,839.97
SALE0004045,2024-11-05,CUST00464,Industrial Equipment,Distribution,West,3163.58,1843.88,1319.7
SALE0004046,2026-05-10,CUST00261,Technology Hardware,Manufacturing,Midwest,1409.43,853.51,555.92
SALE0004047,2025-04-20,CUST00086,Industrial Equipment,Distribution,West,2752.93,1256.0,1496.93
SALE0004048,2025-11-30,CUST00260,Technology Hardware,Manufacturing,West,9786.83,5512.5,4274.33
SALE0004049,2026-02-23,CUST00098,Professional Services,Distribution,Midwest,1698.32,1210.03,488.29
SALE0004050,2025-09-30,CUST00094,Office Equipment,Distribution,Southeast,2289.26,1512.28,776.98
SALE0004051,2024-06-12,CUST00307,Technology Hardware,Distribution,Southeast,1161.15,852.62,308.53
SALE0004052,2024-10-01,CUST00472,Professional Services,Distribution,Midwest,2015.76,1018.96,996.8
SALE0004053,2026-03-24,CUST00467,Technology Hardware,Services,Southeast,2383.11,1194.29,1188.82
SALE0004054,2024-01-18,CUST00454,Office Equipment,Distribution,West,2032.26,1169.58,862.68
SALE0004055,2024-03-26,CUST00310,Packaging Materials,Manufacturing,Midwest,980.62,482.98,497.64
SALE0004056,2025-08-09,CUST00081,Packaging Materials,Services,Midwest,2046.36,1366.02,680.34
SALE0004057,2024-04-29,CUST00474,Office Equipment,Manufacturing,Northeast,4347.33,2049.33,2298.0
SALE0004058,2024-06-04,CUST00162,Office Equipment,Manufacturing,Southwest,2366.53,1484.82,881.71
SALE0004059,2024-09-07,CUST00369,Packaging Materials,Services,Southwest,3220.18,1896.63,1323.55
SALE0004060,2024-06-25,CUST00371,Maintenance Supplies,Services,Southeast,1568.37,1094.72,473.65
SALE0004061,2024-02-13,CUST00039,Technology Hardware,Services,Midwest,2835.41,1642.95,1192.46
SALE0004062,2025-09-30,CUST00331,Technology Hardware,Manufacturing,Southeast,2137.86,1291.93,845.93
SALE0004063,2024-07-28,CUST00115,Industrial Equipment,Manufacturing,Midwest,1021.94,681.79,340.15
SALE0004064,2025-08-10,CUST00436,Safety Equipment,Services,Southeast,2188.81,1335.9,852.91
SALE0004065,2024-03-06,CUST00043,Packaging Materials,Manufacturing,Northeast,997.23,693.75,303.48
SALE0004066,2026-08-30,CUST00401,Manufacturing Components,Distribution,Midwest,1236.79,864.08,372.71
SALE0004067,2025-06-07,CUST00453,Manufacturing Components,Services,Midwest,2025.55,1314.23,711.32
SALE0004068,2025-07-05,CUST00223,Office Equipment,Services,Southwest,2161.04,1072.08,1088.96
SALE0004069,2025-02-15,CUST00005,Manufacturing Components,Services,Northeast,885.77,477.77,408.0
SALE0004070,2025-06-27,CUST00285,Industrial Equipment,Distribution,Midwest,3402.93,1864.86,1538.07
SALE0004071,2024-11-08,CUST00429,Industrial Equipment,Manufacturing,Southwest,2548.36,1720.2,828.16
SALE0004072,2024-06-30,CUST00258,Professional Services,Distribution,West,1184.6,735.64,448.96
SALE0004073,2025-05-06,CUST00161,Technology Hardware,Services,Southwest,718.7,376.14,342.56
SALE0004074,2025-10-15,CUST00485,Office Equipment,Services,Midwest,1657.49,945.63,711.86
SALE0004075,2026-03-04,CUST00306,Office Equipment,Services,Southeast,1383.59,932.0,451.59
SALE0004076,2024-08-10,CUST00093,Manufacturing Components,Services,Southeast,1935.04,1042.71,892.33
SALE0004077,2026-01-02,CUST00415,Packaging Materials,Manufacturing,Northeast,1454.08,1060.09,393.99
SALE0004078,2024-07-16,CUST00157,Manufacturing Components,Manufacturing,Midwest,542.14,273.73,268.41
SALE0004079,2024-06-16,CUST00273,Safety Equipment,Manufacturing,Midwest,1432.24,907.35,524.89
SALE0004080,2026-01-20,CUST00262,Manufacturing Components,Manufacturing,Southwest,1505.12,896.57,608.55
SALE0004081,2026-06-02,CUST00079,Office Equipment,Services,West,2644.39,1677.86,966.53
SALE0004082,2025-08-31,CUST00143,Manufacturing Components,Services,Southeast,1189.25,883.65,305.6
SALE0004083,2025-06-10,CUST00057,Industrial Equipment,Manufacturing,Southeast,4950.31,3264.69,1685.62
SALE0004084,2026-06-15,CUST00210,Industrial Equipment,Services,Southeast,574.22,332.82,241.4
SALE0004085,2025-12-24,CUST00003,Technology Hardware,Manufacturing,Southeast,3970.71,1789.36,2181.35
SALE0004086,2025-07-06,CUST00279,Office Equipment,Manufacturing,Northeast,1580.36,870.78,709.58
SALE0004087,2024-01-04,CUST00024,Technology Hardware,Manufacturing,Midwest,3028.28,1655.04,1373.24
SALE0004088,2024-09-07,CUST00461,Safety Equipment,Services,Northeast,1896.72,1357.84,538.88
SALE0004089,2026-08-15,CUST00353,Packaging Materials,Distribution,West,3582.2,1993.79,1588.41
SALE0004090,2024-06-24,CUST00290,Industrial Equipment,Manufacturing,Southwest,1433.08,928.63,504.45
SALE0004091,2025-02-11,CUST00222,Packaging Materials,Distribution,Southwest,935.26,570.69,364.57
SALE0004092,2026-08-13,CUST00117,Packaging Materials,Services,Southeast,4239.93,2218.41,2021.52
SALE0004093,2026-06-22,CUST00313,Office Equipment,Services,Southeast,1689.03,1201.95,487.08
SALE0004094,2024-08-07,CUST00209,Manufacturing Components,Services,Midwest,2065.1,1433.94,631.16
SALE0004095,2025-10-12,CUST00324,Office Equipment,Manufacturing,Southwest,3792.77,1836.51,1956.26
SALE0004096,2025-04-10,CUST00223,Maintenance Supplies,Manufacturing,Northeast,973.43,468.63,504.8
SALE0004097,2024-03-17,CUST00340,Packaging Materials,Manufacturing,Southeast,2584.52,1310.25,1274.27
SALE0004098,2026-01-04,CUST00051,Safety Equipment,Distribution,Southeast,1269.1,802.87,466.23
SALE0004099,2025-04-17,CUST00373,Manufacturing Components,Services,Southwest,1670.2,1120.96,549.24
SALE0004100,2024-11-29,CUST00392,Industrial Equipment,Distribution,Southwest,1888.18,1250.87,637.31
SALE0004101,2025-05-19,CUST00334,Industrial Equipment,Distribution,Midwest,735.0,415.78,319.22
SALE0004102,2026-04-25,CUST00004,Manufacturing Components,Services,Midwest,1133.08,707.72,425.36
SALE0004103,2024-09-10,CUST00319,Packaging Materials,Distribution,West,4066.93,2769.98,1296.95
SALE0004104,2025-03-31,CUST00060,Professional Services,Services,Northeast,3077.01,2267.62,809.39
SALE0004105,2024-12-26,CUST00215,Safety Equipment,Services,Midwest,1741.35,1290.31,451.04
SALE0004106,2024-12-24,CUST00092,Industrial Equipment,Services,Southeast,2092.0,1356.08,735.92
SALE0004107,2025-12-19,CUST00189,Office Equipment,Services,Southwest,1515.43,859.61,655.82
SALE0004108,2026-02-21,CUST00446,Technology Hardware,Services,Northeast,4080.4,2045.28,2035.12
SALE0004109,2024-05-21,CUST00105,Maintenance Supplies,Services,West,1603.25,877.14,726.11
SALE0004110,2025-08-30,CUST00488,Packaging Materials,Distribution,Midwest,2077.88,1287.56,790.32
SALE0004111,2024-08-16,CUST00344,Office Equipment,Services,Northeast,3596.15,2268.1,1328.05
SALE0004112,2026-02-21,CUST00153,Packaging Materials,Services,West,1134.08,661.51,472.57
SALE0004113,2024-01-24,CUST00322,Professional Services,Manufacturing,West,4606.73,2688.1,1918.63
SALE0004114,2025-02-25,CUST00156,Manufacturing Components,Distribution,West,721.78,416.41,305.37
SALE0004115,2025-09-25,CUST00012,Industrial Equipment,Services,West,4806.79,2734.62,2072.17
SALE0004116,2025-04-13,CUST00349,Professional Services,Distribution,West,1445.77,783.75,662.02
SALE0004117,2024-12-26,CUST00436,Maintenance Supplies,Distribution,Midwest,1563.03,1024.84,538.19
SALE0004118,2024-03-18,CUST00100,Maintenance Supplies,Manufacturing,Southwest,581.72,428.19,153.53
SALE0004119,2025-04-18,CUST00430,Professional Services,Services,Midwest,1376.26,719.45,656.81
SALE0004120,2024-07-30,CUST00298,Manufacturing Components,Distribution,Midwest,968.86,551.86,417.0
SALE0004121,2026-03-06,CUST00015,Maintenance Supplies,Distribution,Midwest,1255.65,785.14,470.51
SALE0004122,2024-01-11,CUST00086,Office Equipment,Manufacturing,Midwest,1665.05,1145.06,519.99
SALE0004123,2024-06-24,CUST00455,Industrial Equipment,Manufacturing,Southwest,3212.08,1559.4,1652.68
SALE0004124,2024-05-22,CUST00021,Office Equipment,Distribution,Midwest,2047.88,1512.06,535.82
SALE0004125,2025-07-20,CUST00032,Industrial Equipment,Services,Southeast,2174.61,1371.2,803.41
SALE0004126,2024-10-04,CUST00130,Technology Hardware,Services,Northeast,937.0,571.94,365.06
SALE0004127,2026-02-27,CUST00285,Safety Equipment,Services,Northeast,1065.87,550.45,515.42
SALE0004128,2024-12-03,CUST00342,Safety Equipment,Services,West,5320.03,3164.04,2155.99
SALE0004129,2026-01-24,CUST00427,Manufacturing Components,Services,Midwest,1163.14,688.72,474.42
SALE0004130,2025-03-01,CUST00122,Industrial Equipment,Manufacturing,Southwest,4884.02,3639.94,1244.08
SALE0004131,2026-03-18,CUST00007,Industrial Equipment,Manufacturing,Southeast,1562.69,876.93,685.76
SALE0004132,2024-02-17,CUST00369,Office Equipment,Services,Southwest,1810.53,1183.9,626.63
SALE0004133,2024-04-14,CUST00446,Technology Hardware,Services,Southeast,3436.54,2156.95,1279.59
SALE0004134,2024-01-18,CUST00487,Technology Hardware,Distribution,Midwest,3878.24,2805.32,1072.92
SALE0004135,2024-04-09,CUST00393,Safety Equipment,Distribution,West,1691.74,1044.46,647.28
SALE0004136,2025-11-11,CUST00151,Office Equipment,Distribution,West,1432.32,1007.5,424.82
SALE0004137,2024-02-23,CUST00246,Industrial Equipment,Services,Northeast,1748.38,1050.42,697.96
SALE0004138,2025-06-27,CUST00213,Industrial Equipment,Manufacturing,Northeast,2214.48,1310.16,904.32
SALE0004139,2025-10-08,CUST00219,Technology Hardware,Services,Northeast,3086.47,2083.48,1002.99
SALE0004140,2024-02-18,CUST00471,Maintenance Supplies,Distribution,Midwest,1812.64,941.26,871.38
SALE0004141,2024-05-14,CUST00481,Industrial Equipment,Distribution,Southwest,2621.05,1652.4,968.65
SALE0004142,2024-10-07,CUST00489,Office Equipment,Services,Southwest,4832.0,3138.77,1693.23
SALE0004143,2026-04-18,CUST00085,Maintenance Supplies,Manufacturing,Southwest,2272.84,1647.73,625.11
SALE0004144,2024-05-25,CUST00065,Manufacturing Components,Distribution,Midwest,2179.81,1495.83,683.98
SALE0004145,2025-09-17,CUST00447,Professional Services,Manufacturing,Midwest,726.8,457.31,269.49
SALE0004146,2026-08-12,CUST00092,Packaging Materials,Manufacturing,Northeast,372.99,215.45,157.54
SALE0004147,2025-09-15,CUST00121,Safety Equipment,Services,Midwest,2282.5,1032.54,1249.96
SALE0004148,2025-03-26,CUST00133,Professional Services,Distribution,Southwest,1708.05,1175.03,533.02
SALE0004149,2026-07-11,CUST00278,Maintenance Supplies,Services,Midwest,1327.6,752.27,575.33
SALE0004150,2025-01-16,CUST00308,Office Equipment,Distribution,Southeast,2092.51,1316.58,775.93
SALE0004151,2024-04-08,CUST00419,Safety Equipment,Services,Southeast,1743.69,1228.31,515.38
SALE0004152,2024-11-16,CUST00426,Manufacturing Components,Manufacturing,Midwest,3556.98,1607.16,1949.82
SALE0004153,2024-12-07,CUST00112,Manufacturing Components,Manufacturing,West,1903.91,1272.95,630.96
SALE0004154,2024-02-27,CUST00128,Office Equipment,Manufacturing,Southeast,1154.99,520.9,634.09
SALE0004155,2026-08-27,CUST00445,Manufacturing Components,Services,Southwest,3275.09,1563.6,1711.49
SALE0004156,2024-08-30,CUST00328,Packaging Materials,Services,Southwest,1587.19,1153.79,433.4
SALE0004157,2025-05-21,CUST00396,Maintenance Supplies,Services,West,2479.77,1232.73,1247.04
SALE0004158,2026-01-19,CUST00178,Technology Hardware,Services,Midwest,1357.71,711.32,646.39
SALE0004159,2025-07-21,CUST00093,Maintenance Supplies,Manufacturing,Midwest,1224.27,670.19,554.08
SALE0004160,2024-05-23,CUST00161,Manufacturing Components,Distribution,Northeast,1901.7,1262.43,639.27
SALE0004161,2025-05-29,CUST00189,Manufacturing Components,Distribution,Northeast,1822.01,999.02,822.99
SALE0004162,2024-02-26,CUST00027,Industrial Equipment,Distribution,Midwest,2411.24,1328.1,1083.14
SALE0004163,2025-09-05,CUST00230,Professional Services,Distribution,Midwest,1538.88,735.31,803.57
SALE0004164,2025-04-27,CUST00188,Safety Equipment,Distribution,Southeast,600.75,311.85,288.9
SALE0004165,2024-10-31,CUST00271,Maintenance Supplies,Manufacturing,Southwest,1394.56,810.95,583.61
SALE0004166,2024-05-01,CUST00154,Professional Services,Manufacturing,Midwest,2911.11,1621.26,1289.85
SALE0004167,2024-10-23,CUST00309,Safety Equipment,Manufacturing,Midwest,1512.58,1065.19,447.39
SALE0004168,2024-08-24,CUST00274,Industrial Equipment,Manufacturing,Southeast,1559.58,930.29,629.29
SALE0004169,2024-05-07,CUST00216,Manufacturing Components,Manufacturing,Southeast,3267.65,1989.85,1277.8
SALE0004170,2024-09-02,CUST00267,Packaging Materials,Distribution,Northeast,1179.46,822.85,356.61
SALE0004171,2025-06-09,CUST00274,Packaging Materials,Services,Northeast,716.46,424.38,292.08
SALE0004172,2024-12-27,CUST00246,Professional Services,Manufacturing,Northeast,1641.92,1130.17,511.75
SALE0004173,2024-10-19,CUST00223,Packaging Materials,Distribution,Northeast,1352.21,944.06,408.15
SALE0004174,2024-11-16,CUST00228,Maintenance Supplies,Distribution,Midwest,1012.58,510.81,501.77
SALE0004175,2026-05-01,CUST00475,Technology Hardware,Services,Southeast,1627.46,1055.03,572.43
SALE0004176,2025-05-09,CUST00402,Industrial Equipment,Manufacturing,West,2428.19,1684.31,743.88
SALE0004177,2025-08-01,CUST00183,Office Equipment,Services,Southwest,1797.99,1274.85,523.14
SALE0004178,2024-07-11,CUST00446,Office Equipment,Distribution,Northeast,2173.71,1168.94,1004.77
SALE0004179,2026-01-22,CUST00381,Office Equipment,Manufacturing,West,5367.11,3186.76,2180.35
SALE0004180,2026-04-08,CUST00478,Manufacturing Components,Distribution,Southeast,1471.85,837.85,634.0
SALE0004181,2024-08-02,CUST00070,Maintenance Supplies,Distribution,Southwest,2136.68,1483.05,653.63
SALE0004182,2024-09-25,CUST00175,Industrial Equipment,Services,West,1332.05,987.72,344.33
SALE0004183,2025-08-11,CUST00015,Industrial Equipment,Manufacturing,Northeast,1088.1,680.88,407.22
SALE0004184,2025-06-29,CUST00175,Professional Services,Manufacturing,West,1272.9,800.24,472.66
SALE0004185,2024-01-18,CUST00120,Technology Hardware,Manufacturing,Northeast,1356.61,826.7,529.91
SALE0004186,2025-12-22,CUST00305,Office Equipment,Services,West,2243.26,1066.66,1176.6
SALE0004187,2024-10-24,CUST00088,Maintenance Supplies,Distribution,Midwest,7401.56,5339.34,2062.22
SALE0004188,2026-01-23,CUST00398,Maintenance Supplies,Services,West,1176.59,860.52,316.07
SALE0004189,2026-01-11,CUST00190,Professional Services,Manufacturing,West,1408.14,827.07,581.07
SALE0004190,2026-07-21,CUST00422,Professional Services,Distribution,West,1740.85,1241.32,499.53
SALE0004191,2024-12-22,CUST00065,Manufacturing Components,Services,Northeast,2292.69,1550.48,742.21
SALE0004192,2024-07-02,CUST00226,Professional Services,Services,West,2117.79,1044.15,1073.64
SALE0004193,2025-09-15,CUST00340,Manufacturing Components,Manufacturing,Midwest,3906.74,2531.96,1374.78
SALE0004194,2025-06-25,CUST00328,Professional Services,Manufacturing,Southwest,421.65,258.11,163.54
SALE0004195,2024-01-15,CUST00385,Maintenance Supplies,Distribution,Midwest,431.75,314.26,117.49
SALE0004196,2026-04-10,CUST00137,Safety Equipment,Distribution,Southwest,1342.75,644.07,698.68
SALE0004197,2026-02-17,CUST00268,Office Equipment,Services,Northeast,3492.52,2487.21,1005.31
SALE0004198,2024-03-25,CUST00112,Industrial Equipment,Manufacturing,West,706.7,356.65,350.05
SALE0004199,2025-05-29,CUST00223,Manufacturing Components,Manufacturing,West,297.5,164.37,133.13
SALE0004200,2024-09-08,CUST00252,Manufacturing Components,Distribution,Midwest,2547.09,1612.12,934.97
SALE0004201,2025-08-13,CUST00421,Industrial Equipment,Services,West,2092.67,948.83,1143.84
SALE0004202,2025-11-03,CUST00495,Packaging Materials,Manufacturing,Southwest,940.0,681.57,258.43
SALE0004203,2025-04-24,CUST00190,Technology Hardware,Manufacturing,West,1000.92,623.7,377.22
SALE0004204,2026-06-01,CUST00217,Safety Equipment,Manufacturing,Midwest,1010.45,583.6,426.85
SALE0004205,2024-04-01,CUST00337,Technology Hardware,Services,West,1932.02,1233.4,698.62
SALE0004206,2025-07-05,CUST00387,Professional Services,Services,Northeast,1241.67,838.45,403.22
SALE0004207,2026-02-26,CUST00164,Safety Equipment,Manufacturing,Southwest,2431.92,1704.39,727.53
SALE0004208,2024-01-21,CUST00063,Manufacturing Components,Services,Southeast,326.11,219.75,106.36
SALE0004209,2026-03-17,CUST00006,Safety Equipment,Services,Southeast,1081.27,676.17,405.1
SALE0004210,2026-05-23,CUST00243,Maintenance Supplies,Manufacturing,Midwest,919.99,572.28,347.71
SALE0004211,2024-12-23,CUST00371,Office Equipment,Manufacturing,West,1550.29,754.03,796.26
SALE0004212,2024-03-01,CUST00168,Manufacturing Components,Services,Northeast,1309.2,860.18,449.02
SALE0004213,2024-02-13,CUST00032,Packaging Materials,Distribution,Southeast,2918.15,1561.27,1356.88
SALE0004214,2026-01-01,CUST00206,Manufacturing Components,Distribution,West,592.53,348.59,243.94
SALE0004215,2025-05-23,CUST00388,Office Equipment,Manufacturing,Southwest,1858.07,950.76,907.31
SALE0004216,2024-03-21,CUST00179,Office Equipment,Services,Southeast,2527.54,1301.96,1225.58
SALE0004217,2024-08-02,CUST00409,Industrial Equipment,Services,Northeast,5508.17,3062.37,2445.8
SALE0004218,2025-10-03,CUST00165,Office Equipment,Manufacturing,Midwest,1354.17,745.01,609.16
SALE0004219,2025-10-10,CUST00231,Safety Equipment,Manufacturing,Midwest,2196.62,1618.22,578.4
SALE0004220,2026-05-31,CUST00193,Safety Equipment,Services,Southwest,612.58,346.57,266.01
SALE0004221,2025-08-04,CUST00178,Manufacturing Components,Manufacturing,Southwest,430.45,217.71,212.74
SALE0004222,2024-10-24,CUST00490,Industrial Equipment,Services,Southeast,3001.49,1572.27,1429.22
SALE0004223,2026-05-08,CUST00123,Professional Services,Distribution,Southeast,1802.02,1085.57,716.45
SALE0004224,2025-04-12,CUST00082,Office Equipment,Services,Southwest,3666.92,1681.11,1985.81
SALE0004225,2025-02-23,CUST00469,Safety Equipment,Distribution,Southeast,793.11,358.01,435.1
SALE0004226,2025-06-17,CUST00414,Maintenance Supplies,Distribution,Northeast,2469.92,1172.38,1297.54
SALE0004227,2026-04-16,CUST00212,Manufacturing Components,Manufacturing,Northeast,5548.54,3670.02,1878.52
SALE0004228,2025-09-30,CUST00237,Technology Hardware,Services,Southeast,2325.81,1743.78,582.03
SALE0004229,2024-12-08,CUST00419,Maintenance Supplies,Distribution,Midwest,2134.42,1303.33,831.09
SALE0004230,2024-02-13,CUST00494,Manufacturing Components,Manufacturing,Southeast,1817.35,1349.55,467.8
SALE0004231,2025-11-16,CUST00001,Packaging Materials,Distribution,Southeast,704.49,435.42,269.07
SALE0004232,2024-01-09,CUST00250,Office Equipment,Manufacturing,Southwest,4077.93,2158.11,1919.82
SALE0004233,2024-05-17,CUST00261,Manufacturing Components,Distribution,Midwest,1253.24,914.98,338.26
SALE0004234,2025-11-23,CUST00060,Safety Equipment,Services,Midwest,2447.18,1299.88,1147.3
SALE0004235,2026-03-24,CUST00012,Office Equipment,Services,Northeast,707.81,363.41,344.4
SALE0004236,2025-03-04,CUST00134,Industrial Equipment,Services,Southeast,890.98,533.33,357.65
SALE0004237,2024-06-26,CUST00391,Maintenance Supplies,Services,West,4277.19,2573.57,1703.62
SALE0004238,2025-04-10,CUST00447,Technology Hardware,Distribution,Northeast,1467.94,997.58,470.36
SALE0004239,2026-05-26,CUST00426,Technology Hardware,Services,Southwest,4324.13,2862.89,1461.24
SALE0004240,2024-05-19,CUST00064,Professional Services,Distribution,Southeast,1725.14,1214.08,511.06
SALE0004241,2024-01-22,CUST00218,Manufacturing Components,Manufacturing,Southwest,598.76,384.73,214.03
SALE0004242,2026-05-09,CUST00139,Industrial Equipment,Manufacturing,Midwest,3087.88,2160.37,927.51
SALE0004243,2026-08-27,CUST00258,Manufacturing Components,Services,Southwest,1269.1,650.39,618.71
SALE0004244,2024-07-29,CUST00227,Technology Hardware,Services,Southeast,2749.61,1689.67,1059.94
SALE0004245,2026-01-19,CUST00208,Maintenance Supplies,Distribution,Southwest,1835.6,954.9,880.7
SALE0004246,2024-01-15,CUST00049,Safety Equipment,Services,Northeast,716.32,500.58,215.74
SALE0004247,2025-09-11,CUST00468,Manufacturing Components,Distribution,Southeast,1995.35,905.36,1089.99
SALE0004248,2025-06-08,CUST00448,Office Equipment,Manufacturing,Southeast,6752.94,4712.01,2040.93
SALE0004249,2025-07-12,CUST00069,Technology Hardware,Distribution,Southeast,2430.35,1186.78,1243.57
SALE0004250,2024-02-10,CUST00035,Packaging Materials,Manufacturing,Northeast,1746.71,1270.12,476.59
SALE0004251,2025-09-17,CUST00335,Technology Hardware,Distribution,Southwest,3446.82,1587.11,1859.71
SALE0004252,2024-05-17,CUST00389,Maintenance Supplies,Manufacturing,Northeast,2051.65,927.75,1123.9
SALE0004253,2024-02-27,CUST00254,Maintenance Supplies,Manufacturing,West,2050.26,1357.65,692.61
SALE0004254,2024-08-08,CUST00191,Safety Equipment,Services,Northeast,939.2,467.6,471.6
SALE0004255,2024-03-01,CUST00366,Maintenance Supplies,Manufacturing,Southeast,2080.39,1323.99,756.4
SALE0004256,2024-05-27,CUST00279,Professional Services,Manufacturing,West,3365.28,2272.22,1093.06
SALE0004257,2026-01-17,CUST00244,Packaging Materials,Services,Southwest,1094.84,734.21,360.63
SALE0004258,2024-09-18,CUST00295,Office Equipment,Manufacturing,Southeast,4250.1,3016.15,1233.95
SALE0004259,2024-06-30,CUST00254,Maintenance Supplies,Manufacturing,Southeast,1711.24,961.65,749.59
SALE0004260,2024-10-23,CUST00427,Safety Equipment,Manufacturing,Southwest,1061.39,482.08,579.31
SALE0004261,2024-04-12,CUST00425,Industrial Equipment,Manufacturing,Southeast,3289.79,1586.88,1702.91
SALE0004262,2024-11-08,CUST00221,Manufacturing Components,Services,Southwest,1522.22,859.71,662.51
SALE0004263,2024-08-08,CUST00007,Packaging Materials,Services,Southwest,2851.81,1326.31,1525.5
SALE0004264,2025-04-04,CUST00087,Industrial Equipment,Manufacturing,Northeast,1517.69,999.15,518.54
SALE0004265,2024-02-02,CUST00400,Safety Equipment,Distribution,Southwest,1744.29,1096.05,648.24
SALE0004266,2026-01-08,CUST00293,Technology Hardware,Manufacturing,Southwest,2431.19,1192.89,1238.3
SALE0004267,2025-07-10,CUST00006,Technology Hardware,Distribution,Southwest,2152.83,1345.56,807.27
SALE0004268,2025-09-11,CUST00031,Manufacturing Components,Distribution,Southeast,546.03,296.98,249.05
SALE0004269,2024-05-19,CUST00409,Industrial Equipment,Manufacturing,Southwest,922.65,507.51,415.14
SALE0004270,2024-08-09,CUST00046,Safety Equipment,Manufacturing,Southwest,3157.85,2003.97,1153.88
SALE0004271,2024-06-24,CUST00056,Safety Equipment,Services,Southwest,1670.23,831.9,838.33
SALE0004272,2025-08-02,CUST00261,Professional Services,Manufacturing,Southwest,1320.49,610.56,709.93
SALE0004273,2025-05-22,CUST00062,Industrial Equipment,Distribution,Midwest,800.2,394.31,405.89
SALE0004274,2026-06-10,CUST00397,Maintenance Supplies,Services,Southwest,945.92,687.32,258.6
SALE0004275,2026-03-22,CUST00254,Manufacturing Components,Services,Southeast,537.5,259.91,277.59
SALE0004276,2025-07-14,CUST00494,Manufacturing Components,Distribution,Northeast,1701.44,1177.95,523.49
SALE0004277,2025-04-10,CUST00126,Office Equipment,Manufacturing,Southeast,1262.61,665.46,597.15
SALE0004278,2026-04-24,CUST00155,Maintenance Supplies,Manufacturing,Southeast,1012.37,524.08,488.29
SALE0004279,2025-01-04,CUST00332,Office Equipment,Manufacturing,Southeast,1735.63,856.13,879.5
SALE0004280,2024-12-16,CUST00467,Maintenance Supplies,Manufacturing,Southeast,2249.32,1134.39,1114.93
SALE0004281,2026-01-20,CUST00341,Industrial Equipment,Services,Midwest,6348.15,4597.07,1751.08
SALE0004282,2024-11-08,CUST00229,Professional Services,Manufacturing,Southwest,729.87,490.89,238.98
SALE0004283,2025-09-23,CUST00346,Packaging Materials,Distribution,Midwest,3625.07,1655.86,1969.21
SALE0004284,2024-11-19,CUST00473,Packaging Materials,Distribution,Southwest,3241.73,1550.56,1691.17
SALE0004285,2024-03-21,CUST00309,Maintenance Supplies,Services,West,1132.91,731.25,401.66
SALE0004286,2024-01-25,CUST00347,Packaging Materials,Distribution,Midwest,2042.52,1513.82,528.7
SALE0004287,2026-04-27,CUST00300,Technology Hardware,Manufacturing,Southwest,1373.92,903.51,470.41
SALE0004288,2024-02-07,CUST00055,Manufacturing Components,Distribution,West,2021.13,989.19,1031.94
SALE0004289,2025-08-18,CUST00047,Packaging Materials,Distribution,West,4471.5,3249.24,1222.26
SALE0004290,2026-06-20,CUST00388,Maintenance Supplies,Services,West,2600.25,1485.73,1114.52
SALE0004291,2026-04-01,CUST00212,Maintenance Supplies,Distribution,West,2453.24,1498.34,954.9
SALE0004292,2025-03-14,CUST00466,Office Equipment,Manufacturing,Southeast,1396.63,959.97,436.66
SALE0004293,2025-04-19,CUST00031,Industrial Equipment,Services,West,742.16,418.44,323.72
SALE0004294,2024-10-02,CUST00133,Industrial Equipment,Services,Southeast,1595.46,867.27,728.19
SALE0004295,2025-03-24,CUST00286,Manufacturing Components,Services,Northeast,3729.26,2596.53,1132.73
SALE0004296,2025-08-08,CUST00150,Packaging Materials,Manufacturing,Southwest,723.21,332.5,390.71
SALE0004297,2024-11-03,CUST00207,Safety Equipment,Distribution,West,960.01,444.56,515.45
SALE0004298,2026-01-17,CUST00427,Safety Equipment,Distribution,Southeast,1950.34,1243.53,706.81
SALE0004299,2024-10-12,CUST00262,Office Equipment,Distribution,Southwest,1001.45,612.99,388.46
SALE0004300,2026-08-25,CUST00259,Packaging Materials,Manufacturing,Southeast,1123.82,826.2,297.62
SALE0004301,2025-08-10,CUST00211,Technology Hardware,Distribution,Southwest,1402.26,1037.17,365.09
SALE0004302,2024-07-10,CUST00439,Industrial Equipment,Manufacturing,Northeast,796.82,393.96,402.86
SALE0004303,2024-06-19,CUST00373,Professional Services,Services,Southeast,1007.8,513.77,494.03
SALE0004304,2026-06-06,CUST00463,Technology Hardware,Manufacturing,Southeast,2757.44,1252.88,1504.56
SALE0004305,2026-02-18,CUST00032,Industrial Equipment,Manufacturing,West,825.16,425.24,399.92
SALE0004306,2025-06-15,CUST00407,Maintenance Supplies,Services,Southwest,693.17,390.3,302.87
SALE0004307,2025-04-09,CUST00057,Industrial Equipment,Manufacturing,West,1238.91,646.44,592.47
SALE0004308,2025-06-17,CUST00399,Manufacturing Components,Manufacturing,Midwest,2805.04,1743.39,1061.65
SALE0004309,2024-05-01,CUST00002,Industrial Equipment,Services,Northeast,1606.55,918.72,687.83
SALE0004310,2025-01-28,CUST00380,Packaging Materials,Manufacturing,Southeast,1368.2,848.72,519.48
SALE0004311,2025-12-02,CUST00479,Professional Services,Services,West,1856.81,1111.01,745.8
SALE0004312,2025-11-20,CUST00396,Professional Services,Services,West,634.33,386.67,247.66
SALE0004313,2024-02-15,CUST00278,Technology Hardware,Distribution,West,2432.86,1378.12,1054.74
SALE0004314,2026-05-12,CUST00483,Office Equipment,Distribution,Midwest,2275.74,1673.32,602.42
SALE0004315,2025-02-01,CUST00026,Industrial Equipment,Services,West,1414.34,740.38,673.96
SALE0004316,2025-06-11,CUST00113,Safety Equipment,Distribution,Northeast,3306.2,1762.86,1543.34
SALE0004317,2026-06-30,CUST00428,Safety Equipment,Distribution,Northeast,919.2,440.33,478.87
SALE0004318,2026-08-09,CUST00452,Manufacturing Components,Distribution,Northeast,3557.26,1703.35,1853.91
SALE0004319,2025-11-09,CUST00331,Technology Hardware,Services,Midwest,1983.65,1252.16,731.49
SALE0004320,2024-12-03,CUST00389,Maintenance Supplies,Manufacturing,Northeast,1477.44,887.02,590.42
SALE0004321,2024-07-12,CUST00413,Industrial Equipment,Manufacturing,Midwest,1786.61,1144.82,641.79
SALE0004322,2024-07-27,CUST00123,Maintenance Supplies,Distribution,Southwest,1695.34,927.66,767.68
SALE0004323,2024-01-31,CUST00193,Maintenance Supplies,Distribution,West,3759.98,2195.62,1564.36
SALE0004324,2026-06-30,CUST00442,Office Equipment,Distribution,Southwest,947.66,626.61,321.05
SALE0004325,2024-05-31,CUST00049,Industrial Equipment,Services,Southeast,1144.23,760.72,383.51
SALE0004326,2024-09-30,CUST00370,Industrial Equipment,Manufacturing,West,3367.01,2405.29,961.72
SALE0004327,2026-07-21,CUST00260,Packaging Materials,Manufacturing,Southeast,1264.81,603.92,660.89
SALE0004328,2025-06-09,CUST00473,Maintenance Supplies,Manufacturing,Southeast,3103.61,1812.57,1291.04
SALE0004329,2026-07-01,CUST00018,Technology Hardware,Services,Northeast,5012.36,2843.64,2168.72
SALE0004330,2025-05-23,CUST00167,Packaging Materials,Distribution,Southeast,1420.73,751.03,669.7
SALE0004331,2026-03-19,CUST00327,Safety Equipment,Distribution,Midwest,2721.17,1969.64,751.53
SALE0004332,2024-06-12,CUST00114,Technology Hardware,Distribution,Northeast,904.86,665.35,239.51
SALE0004333,2024-01-09,CUST00082,Manufacturing Components,Services,Southeast,2843.64,1531.01,1312.63
SALE0004334,2025-07-18,CUST00055,Manufacturing Components,Services,Southwest,2037.86,1345.73,692.13
SALE0004335,2026-08-18,CUST00091,Technology Hardware,Distribution,West,2401.44,1130.68,1270.76
SALE0004336,2024-01-19,CUST00444,Office Equipment,Manufacturing,Northeast,1227.4,657.96,569.44
SALE0004337,2024-03-03,CUST00089,Safety Equipment,Manufacturing,Midwest,667.37,393.34,274.03
SALE0004338,2025-03-12,CUST00028,Manufacturing Components,Manufacturing,West,2445.37,1400.02,1045.35
SALE0004339,2024-09-05,CUST00235,Manufacturing Components,Manufacturing,Northeast,524.24,318.06,206.18
SALE0004340,2026-01-10,CUST00465,Packaging Materials,Manufacturing,Southeast,1494.56,1066.66,427.9
SALE0004341,2025-08-04,CUST00474,Office Equipment,Manufacturing,Midwest,3180.23,2132.35,1047.88
SALE0004342,2024-04-01,CUST00336,Maintenance Supplies,Services,Midwest,2028.68,989.04,1039.64
SALE0004343,2024-01-12,CUST00220,Office Equipment,Distribution,Southeast,5819.71,3487.91,2331.8
SALE0004344,2026-04-14,CUST00375,Maintenance Supplies,Distribution,Southwest,3344.48,2279.5,1064.98
SALE0004345,2026-01-12,CUST00449,Maintenance Supplies,Services,Southeast,1221.29,566.44,654.85
SALE0004346,2026-07-04,CUST00226,Office Equipment,Manufacturing,Midwest,1837.92,906.64,931.28
SALE0004347,2025-01-27,CUST00013,Manufacturing Components,Services,Northeast,1757.38,1225.89,531.49
SALE0004348,2024-12-06,CUST00188,Professional Services,Services,Southeast,699.73,364.54,335.19
SALE0004349,2026-01-19,CUST00433,Packaging Materials,Distribution,Southeast,1028.4,558.15,470.25
SALE0004350,2024-12-24,CUST00216,Manufacturing Components,Distribution,Southwest,1291.48,797.49,493.99
SALE0004351,2025-07-01,CUST00482,Technology Hardware,Manufacturing,Southeast,532.86,266.82,266.04
SALE0004352,2026-04-25,CUST00488,Packaging Materials,Distribution,Southwest,1860.31,1093.22,767.09
SALE0004353,2024-01-04,CUST00434,Office Equipment,Services,Southwest,1557.06,938.62,618.44
SALE0004354,2026-08-15,CUST00358,Office Equipment,Manufacturing,Southeast,662.66,367.99,294.67
SALE0004355,2024-10-09,CUST00490,Professional Services,Distribution,West,2304.29,1716.86,587.43
SALE0004356,2025-03-28,CUST00433,Maintenance Supplies,Services,Midwest,2778.1,1675.72,1102.38
SALE0004357,2025-04-29,CUST00042,Packaging Materials,Services,Northeast,2071.9,1222.68,849.22
SALE0004358,2025-10-16,CUST00008,Industrial Equipment,Distribution,Northeast,1488.55,762.6,725.95
SALE0004359,2026-04-05,CUST00257,Professional Services,Distribution,Southeast,2578.25,1554.89,1023.36
SALE0004360,2024-05-08,CUST00443,Maintenance Supplies,Manufacturing,Midwest,2719.31,1415.64,1303.67
SALE0004361,2024-02-24,CUST00215,Office Equipment,Services,Southeast,2174.26,1178.82,995.44
SALE0004362,2026-08-28,CUST00045,Technology Hardware,Services,Southwest,1102.39,532.61,569.78
SALE0004363,2026-05-13,CUST00378,Technology Hardware,Manufacturing,Midwest,2134.44,1122.36,1012.08
SALE0004364,2024-09-19,CUST00089,Industrial Equipment,Distribution,Midwest,3704.44,2305.83,1398.61
SALE0004365,2026-03-31,CUST00420,Manufacturing Components,Manufacturing,Northeast,1263.98,676.12,587.86
SALE0004366,2025-11-17,CUST00253,Safety Equipment,Services,West,6366.24,4221.31,2144.93
SALE0004367,2024-03-23,CUST00238,Safety Equipment,Manufacturing,Southwest,1318.99,803.74,515.25
SALE0004368,2024-08-27,CUST00173,Maintenance Supplies,Services,West,1843.54,999.23,844.31
SALE0004369,2026-04-05,CUST00034,Maintenance Supplies,Services,Southwest,1207.74,608.26,599.48
SALE0004370,2025-07-03,CUST00208,Office Equipment,Distribution,Northeast,2067.23,944.64,1122.59
SALE0004371,2024-12-21,CUST00419,Manufacturing Components,Manufacturing,Southeast,635.66,447.52,188.14
SALE0004372,2024-04-03,CUST00450,Technology Hardware,Distribution,Southeast,1302.94,649.25,653.69
SALE0004373,2025-11-03,CUST00043,Packaging Materials,Manufacturing,Northeast,938.92,633.7,305.22
SALE0004374,2024-05-01,CUST00027,Maintenance Supplies,Services,West,1960.99,1299.1,661.89
SALE0004375,2025-03-10,CUST00485,Safety Equipment,Distribution,Southeast,3283.51,1481.71,1801.8
SALE0004376,2024-04-12,CUST00329,Office Equipment,Manufacturing,Northeast,2664.05,1769.09,894.96
SALE0004377,2024-07-26,CUST00358,Safety Equipment,Manufacturing,West,435.72,217.4,218.32
SALE0004378,2025-04-02,CUST00304,Industrial Equipment,Manufacturing,Northeast,6156.37,3787.57,2368.8
SALE0004379,2026-04-06,CUST00481,Industrial Equipment,Manufacturing,Midwest,2158.5,1150.06,1008.44
SALE0004380,2026-07-30,CUST00417,Manufacturing Components,Manufacturing,Northeast,1134.67,829.48,305.19
SALE0004381,2026-02-07,CUST00383,Manufacturing Components,Services,Southwest,1986.79,1305.24,681.55
SALE0004382,2026-02-19,CUST00213,Industrial Equipment,Services,Northeast,2009.65,1297.57,712.08
SALE0004383,2026-06-24,CUST00199,Packaging Materials,Distribution,West,1211.83,774.48,437.35
SALE0004384,2026-02-08,CUST00370,Maintenance Supplies,Manufacturing,West,2036.02,1521.29,514.73
SALE0004385,2025-10-25,CUST00326,Professional Services,Services,Midwest,1255.79,672.44,583.35
SALE0004386,2026-06-07,CUST00005,Manufacturing Components,Manufacturing,Southeast,1418.54,793.53,625.01
SALE0004387,2025-03-24,CUST00173,Packaging Materials,Services,Northeast,1197.79,661.44,536.35
SALE0004388,2024-01-24,CUST00086,Professional Services,Services,Northeast,765.4,452.94,312.46
SALE0004389,2025-04-27,CUST00240,Industrial Equipment,Services,Southeast,1973.38,969.48,1003.9
SALE0004390,2025-04-24,CUST00213,Manufacturing Components,Distribution,Northeast,2568.76,1242.21,1326.55
SALE0004391,2025-07-19,CUST00057,Professional Services,Manufacturing,Southeast,2462.49,1618.05,844.44
SALE0004392,2026-07-04,CUST00306,Office Equipment,Distribution,Southwest,2957.07,1510.59,1446.48
SALE0004393,2025-05-17,CUST00275,Safety Equipment,Distribution,Midwest,2196.46,1499.01,697.45
SALE0004394,2026-05-07,CUST00230,Office Equipment,Services,Northeast,1313.39,680.34,633.05
SALE0004395,2026-07-10,CUST00094,Maintenance Supplies,Services,Northeast,2992.3,2157.09,835.21
SALE0004396,2025-11-20,CUST00282,Technology Hardware,Distribution,Southwest,800.7,533.94,266.76
SALE0004397,2026-06-06,CUST00017,Industrial Equipment,Manufacturing,Midwest,1053.21,780.52,272.69
SALE0004398,2025-11-16,CUST00100,Packaging Materials,Manufacturing,Southwest,1013.82,720.26,293.56
SALE0004399,2024-07-09,CUST00423,Manufacturing Components,Distribution,West,3456.58,1723.73,1732.85
SALE0004400,2024-02-08,CUST00197,Office Equipment,Services,Midwest,3183.3,2186.3,997.0
SALE0004401,2026-05-17,CUST00204,Professional Services,Manufacturing,Southwest,2422.08,1421.2,1000.88
SALE0004402,2026-03-31,CUST00350,Technology Hardware,Manufacturing,Southwest,3439.76,2004.5,1435.26
SALE0004403,2025-09-26,CUST00126,Technology Hardware,Services,Southeast,1066.81,700.92,365.89
SALE0004404,2024-04-01,CUST00377,Manufacturing Components,Distribution,Midwest,2228.66,1218.09,1010.57
SALE0004405,2026-04-23,CUST00038,Industrial Equipment,Distribution,Northeast,1677.22,827.8,849.42
SALE0004406,2024-08-10,CUST00024,Maintenance Supplies,Manufacturing,Midwest,3005.29,1530.56,1474.73
SALE0004407,2026-05-18,CUST00384,Manufacturing Components,Services,West,1687.27,866.52,820.75
SALE0004408,2026-06-05,CUST00071,Maintenance Supplies,Services,Midwest,1435.16,741.46,693.7
SALE0004409,2025-05-30,CUST00013,Industrial Equipment,Distribution,Northeast,2501.25,1175.06,1326.19
SALE0004410,2026-01-26,CUST00415,Manufacturing Components,Manufacturing,Midwest,3058.57,1766.4,1292.17
SALE0004411,2026-05-28,CUST00076,Manufacturing Components,Distribution,Northeast,1210.75,627.88,582.87
SALE0004412,2025-01-21,CUST00187,Office Equipment,Services,Midwest,1742.99,1033.39,709.6
SALE0004413,2025-02-17,CUST00126,Safety Equipment,Services,West,958.08,636.04,322.04
SALE0004414,2026-06-02,CUST00159,Manufacturing Components,Manufacturing,Northeast,403.9,221.74,182.16
SALE0004415,2024-11-29,CUST00061,Maintenance Supplies,Distribution,Southwest,2039.12,928.05,1111.07
SALE0004416,2024-09-22,CUST00080,Professional Services,Services,West,2605.4,1773.27,832.13
SALE0004417,2026-03-17,CUST00492,Manufacturing Components,Distribution,Southwest,2115.91,1221.61,894.3
SALE0004418,2024-09-09,CUST00165,Manufacturing Components,Manufacturing,West,561.3,345.5,215.8
SALE0004419,2026-02-27,CUST00230,Professional Services,Distribution,Northeast,1464.82,692.73,772.09
SALE0004420,2024-05-17,CUST00191,Professional Services,Services,Northeast,477.7,248.53,229.17
SALE0004421,2024-12-15,CUST00080,Office Equipment,Services,Northeast,4112.64,2297.67,1814.97
SALE0004422,2026-02-19,CUST00307,Professional Services,Manufacturing,Southeast,942.34,613.87,328.47
SALE0004423,2026-01-21,CUST00079,Maintenance Supplies,Distribution,Southwest,3840.06,2169.66,1670.4
SALE0004424,2026-02-15,CUST00190,Maintenance Supplies,Distribution,Southwest,3189.19,2141.36,1047.83
SALE0004425,2025-04-24,CUST00184,Manufacturing Components,Distribution,Northeast,1053.26,518.63,534.63
SALE0004426,2024-01-28,CUST00032,Professional Services,Manufacturing,Midwest,916.29,538.97,377.32
SALE0004427,2025-01-28,CUST00387,Professional Services,Services,Southeast,2231.04,1543.1,687.94
SALE0004428,2025-05-07,CUST00032,Safety Equipment,Manufacturing,Southwest,1089.43,707.45,381.98
SALE0004429,2024-11-21,CUST00117,Industrial Equipment,Manufacturing,Southwest,1922.71,1042.24,880.47
SALE0004430,2024-10-30,CUST00431,Maintenance Supplies,Services,Midwest,1353.3,942.44,410.86
SALE0004431,2025-12-23,CUST00093,Office Equipment,Manufacturing,Southeast,620.98,364.95,256.03
SALE0004432,2025-07-30,CUST00133,Office Equipment,Services,West,474.24,237.99,236.25
SALE0004433,2025-02-16,CUST00458,Professional Services,Manufacturing,West,2071.46,1541.95,529.51
SALE0004434,2025-06-12,CUST00024,Professional Services,Distribution,Southwest,1290.86,903.82,387.04
SALE0004435,2024-09-13,CUST00229,Office Equipment,Services,Southeast,1297.44,636.83,660.61
SALE0004436,2024-05-27,CUST00035,Safety Equipment,Distribution,Southeast,2744.95,1629.05,1115.9
SALE0004437,2026-01-14,CUST00472,Office Equipment,Distribution,Southwest,3655.78,2246.65,1409.13
SALE0004438,2025-12-09,CUST00310,Packaging Materials,Manufacturing,West,1535.29,754.61,780.68
SALE0004439,2025-03-17,CUST00428,Professional Services,Services,Northeast,1473.86,982.49,491.37
SALE0004440,2025-02-20,CUST00356,Industrial Equipment,Distribution,West,2440.81,1754.4,686.41
SALE0004441,2026-07-29,CUST00202,Safety Equipment,Manufacturing,Northeast,800.98,585.39,215.59
SALE0004442,2025-12-11,CUST00190,Safety Equipment,Distribution,Northeast,2067.08,1137.69,929.39
SALE0004443,2024-12-21,CUST00352,Packaging Materials,Distribution,Southeast,2517.78,1728.36,789.42
SALE0004444,2025-08-14,CUST00043,Technology Hardware,Services,Southwest,2719.32,1564.79,1154.53
SALE0004445,2025-03-15,CUST00398,Industrial Equipment,Distribution,Southeast,565.63,416.0,149.63
SALE0004446,2025-11-29,CUST00165,Office Equipment,Distribution,Northeast,1145.03,740.69,404.34
SALE0004447,2026-01-24,CUST00305,Professional Services,Distribution,Midwest,1067.47,632.06,435.41
SALE0004448,2024-12-18,CUST00224,Manufacturing Components,Services,Northeast,1919.72,1010.55,909.17
SALE0004449,2024-09-04,CUST00270,Maintenance Supplies,Manufacturing,Southeast,2412.57,1687.24,725.33
SALE0004450,2025-05-03,CUST00207,Packaging Materials,Distribution,Southeast,4438.3,2276.92,2161.38
SALE0004451,2024-07-03,CUST00091,Packaging Materials,Services,Southeast,1343.48,628.6,714.88
SALE0004452,2025-05-08,CUST00390,Manufacturing Components,Distribution,Midwest,1341.38,645.19,696.19
SALE0004453,2025-10-28,CUST00219,Manufacturing Components,Distribution,Northeast,3604.01,2580.84,1023.17
SALE0004454,2025-03-09,CUST00400,Maintenance Supplies,Manufacturing,West,2160.18,1078.61,1081.57
SALE0004455,2026-06-23,CUST00059,Maintenance Supplies,Distribution,West,3868.38,2371.16,1497.22
SALE0004456,2025-02-17,CUST00120,Industrial Equipment,Distribution,Southeast,2150.03,1339.76,810.27
SALE0004457,2026-08-20,CUST00218,Industrial Equipment,Manufacturing,West,903.01,434.41,468.6
SALE0004458,2026-05-27,CUST00096,Industrial Equipment,Manufacturing,Southwest,812.51,562.21,250.3
SALE0004459,2025-08-05,CUST00008,Manufacturing Components,Distribution,Southeast,712.72,490.65,222.07
SALE0004460,2025-11-25,CUST00254,Manufacturing Components,Manufacturing,Southwest,2689.82,1531.2,1158.62
SALE0004461,2025-07-13,CUST00037,Professional Services,Distribution,Northeast,3689.17,1688.1,2001.07
SALE0004462,2026-08-01,CUST00042,Office Equipment,Manufacturing,Southwest,5484.15,2823.3,2660.85
SALE0004463,2026-06-27,CUST00455,Technology Hardware,Services,Northeast,2998.49,2049.65,948.84
SALE0004464,2026-08-21,CUST00299,Safety Equipment,Manufacturing,Southeast,3632.6,1670.52,1962.08
SALE0004465,2025-02-27,CUST00094,Maintenance Supplies,Distribution,Southwest,1276.64,894.34,382.3
SALE0004466,2025-08-14,CUST00058,Professional Services,Manufacturing,West,903.39,467.2,436.19
SALE0004467,2024-10-12,CUST00222,Safety Equipment,Services,Northeast,3011.06,2061.84,949.22
SALE0004468,2025-07-06,CUST00289,Industrial Equipment,Services,Southwest,2322.99,1200.26,1122.73
SALE0004469,2026-02-13,CUST00134,Industrial Equipment,Manufacturing,Midwest,1928.44,1405.62,522.82
SALE0004470,2025-09-22,CUST00419,Technology Hardware,Manufacturing,West,2281.12,1525.06,756.06
SALE0004471,2024-08-12,CUST00116,Packaging Materials,Distribution,Southeast,2194.94,1473.79,721.15
SALE0004472,2026-02-15,CUST00277,Manufacturing Components,Manufacturing,West,3906.08,2335.75,1570.33
SALE0004473,2024-04-30,CUST00114,Technology Hardware,Services,Northeast,3932.35,2739.57,1192.78
SALE0004474,2024-11-01,CUST00289,Office Equipment,Manufacturing,Southeast,2506.22,1860.82,645.4
SALE0004475,2026-04-30,CUST00215,Professional Services,Distribution,Midwest,3003.34,1739.34,1264.0
SALE0004476,2026-04-23,CUST00442,Packaging Materials,Services,Midwest,2461.28,1234.32,1226.96
SALE0004477,2024-12-30,CUST00302,Professional Services,Distribution,West,1371.0,1018.88,352.12
SALE0004478,2026-02-05,CUST00192,Industrial Equipment,Distribution,Northeast,2846.77,1816.18,1030.59
SALE0004479,2025-06-01,CUST00223,Maintenance Supplies,Manufacturing,Southwest,783.13,554.26,228.87
SALE0004480,2026-02-05,CUST00187,Office Equipment,Manufacturing,Southeast,3402.74,2036.7,1366.04
SALE0004481,2024-02-15,CUST00341,Manufacturing Components,Services,Southeast,882.97,541.87,341.1
SALE0004482,2025-09-01,CUST00096,Manufacturing Components,Distribution,Midwest,2146.26,995.73,1150.53
SALE0004483,2026-06-22,CUST00318,Industrial Equipment,Distribution,Midwest,1088.88,755.85,333.03
SALE0004484,2025-07-09,CUST00018,Safety Equipment,Manufacturing,Southeast,2520.05,1566.78,953.27
SALE0004485,2024-12-22,CUST00127,Safety Equipment,Manufacturing,Northeast,1771.61,1305.92,465.69
SALE0004486,2024-06-20,CUST00035,Industrial Equipment,Manufacturing,Midwest,694.47,363.49,330.98
SALE0004487,2026-07-16,CUST00170,Technology Hardware,Manufacturing,Northeast,2327.2,1502.42,824.78
SALE0004488,2025-09-25,CUST00116,Technology Hardware,Distribution,Midwest,1278.25,914.49,363.76
SALE0004489,2026-03-26,CUST00460,Industrial Equipment,Manufacturing,Southwest,3067.71,2041.17,1026.54
SALE0004490,2025-08-17,CUST00284,Maintenance Supplies,Services,Southeast,1809.48,1088.02,721.46
SALE0004491,2025-09-30,CUST00398,Safety Equipment,Manufacturing,Southeast,2292.17,1164.63,1127.54
SALE0004492,2024-10-28,CUST00202,Packaging Materials,Services,Southwest,1017.86,717.53,300.33
SALE0004493,2024-05-15,CUST00276,Industrial Equipment,Distribution,West,1269.53,574.05,695.48
SALE0004494,2026-02-03,CUST00331,Safety Equipment,Manufacturing,Southeast,1373.09,922.89,450.2
SALE0004495,2026-05-01,CUST00138,Maintenance Supplies,Manufacturing,Southeast,3023.05,2236.38,786.67
SALE0004496,2026-06-19,CUST00228,Technology Hardware,Services,Southwest,4946.45,3086.27,1860.18
SALE0004497,2024-11-16,CUST00314,Packaging Materials,Manufacturing,Northeast,1115.32,805.6,309.72
SALE0004498,2024-05-26,CUST00255,Office Equipment,Manufacturing,Northeast,3449.93,1803.69,1646.24
SALE0004499,2025-05-07,CUST00302,Technology Hardware,Distribution,Southeast,491.86,289.18,202.68
SALE0004500,2024-03-08,CUST00197,Packaging Materials,Services,Midwest,883.14,637.56,245.58
SALE0004501,2025-10-18,CUST00105,Professional Services,Distribution,West,1017.12,486.05,531.07
SALE0004502,2026-03-26,CUST00068,Packaging Materials,Distribution,Southwest,803.11,384.96,418.15
SALE0004503,2024-03-18,CUST00052,Professional Services,Distribution,Southeast,699.14,462.06,237.08
SALE0004504,2026-01-09,CUST00484,Office Equipment,Distribution,Southwest,2316.47,1320.93,995.54
SALE0004505,2024-11-22,CUST00437,Office Equipment,Distribution,Southwest,1590.11,787.65,802.46
SALE0004506,2024-04-15,CUST00073,Industrial Equipment,Services,Southwest,2270.25,1632.74,637.51
SALE0004507,2024-05-03,CUST00393,Safety Equipment,Manufacturing,Northeast,2736.09,1599.44,1136.65
SALE0004508,2025-08-07,CUST00338,Maintenance Supplies,Distribution,Southeast,2120.42,1331.47,788.95
SALE0004509,2024-10-03,CUST00086,Manufacturing Components,Manufacturing,Midwest,2682.91,1256.47,1426.44
SALE0004510,2025-12-08,CUST00170,Technology Hardware,Manufacturing,Midwest,1734.16,900.17,833.99
SALE0004511,2024-04-06,CUST00369,Packaging Materials,Manufacturing,West,886.96,471.22,415.74
SALE0004512,2025-10-17,CUST00122,Industrial Equipment,Services,Southwest,3410.75,1642.35,1768.4
SALE0004513,2025-05-11,CUST00237,Packaging Materials,Distribution,Southwest,1269.7,920.78,348.92
SALE0004514,2025-09-11,CUST00192,Maintenance Supplies,Manufacturing,Southeast,1031.37,765.43,265.94
SALE0004515,2024-04-05,CUST00121,Maintenance Supplies,Services,Midwest,1624.98,975.83,649.15
SALE0004516,2025-12-18,CUST00406,Manufacturing Components,Services,Southeast,1045.57,762.78,282.79
SALE0004517,2026-01-23,CUST00004,Maintenance Supplies,Services,Southwest,1407.46,1025.05,382.41
SALE0004518,2025-05-19,CUST00253,Office Equipment,Services,Southeast,2222.6,1027.81,1194.79
SALE0004519,2024-08-01,CUST00388,Packaging Materials,Services,West,2228.32,1591.44,636.88
SALE0004520,2025-07-25,CUST00049,Technology Hardware,Services,Northeast,1055.01,610.85,444.16
SALE0004521,2024-06-18,CUST00367,Maintenance Supplies,Distribution,Midwest,1349.35,744.96,604.39
SALE0004522,2024-02-28,CUST00171,Technology Hardware,Services,West,3444.73,2463.07,981.66
SALE0004523,2025-06-27,CUST00379,Packaging Materials,Distribution,Southwest,2435.34,1236.26,1199.08
SALE0004524,2025-12-28,CUST00070,Office Equipment,Manufacturing,Northeast,6279.46,4321.02,1958.44
SALE0004525,2026-01-27,CUST00204,Professional Services,Manufacturing,West,3670.48,2211.0,1459.48
SALE0004526,2026-03-08,CUST00157,Safety Equipment,Services,Midwest,3592.4,1797.94,1794.46
SALE0004527,2026-01-24,CUST00403,Office Equipment,Manufacturing,West,786.25,441.85,344.4
SALE0004528,2024-06-11,CUST00446,Technology Hardware,Manufacturing,Northeast,2859.25,1434.73,1424.52
SALE0004529,2025-06-30,CUST00374,Office Equipment,Manufacturing,Midwest,1751.34,884.44,866.9
SALE0004530,2025-04-02,CUST00211,Safety Equipment,Services,Midwest,1299.08,651.66,647.42
SALE0004531,2026-06-20,CUST00007,Manufacturing Components,Manufacturing,Southeast,1999.81,1008.07,991.74
SALE0004532,2024-09-08,CUST00045,Maintenance Supplies,Services,West,3187.93,2316.41,871.52
SALE0004533,2024-06-28,CUST00404,Industrial Equipment,Services,Southwest,2441.82,1533.97,907.85
SALE0004534,2025-02-07,CUST00356,Professional Services,Manufacturing,Southeast,1067.33,534.81,532.52
SALE0004535,2025-02-23,CUST00135,Technology Hardware,Manufacturing,West,2822.77,1607.71,1215.06
SALE0004536,2025-01-04,CUST00095,Manufacturing Components,Distribution,Midwest,1233.3,714.19,519.11
SALE0004537,2025-10-24,CUST00368,Safety Equipment,Services,Northeast,2059.07,950.88,1108.19
SALE0004538,2024-02-21,CUST00044,Safety Equipment,Manufacturing,Midwest,1507.17,1011.61,495.56
SALE0004539,2026-02-20,CUST00318,Packaging Materials,Manufacturing,Southeast,1585.54,809.0,776.54
SALE0004540,2024-11-01,CUST00048,Manufacturing Components,Services,Southeast,2863.34,2006.93,856.41
SALE0004541,2025-01-26,CUST00356,Industrial Equipment,Distribution,Northeast,968.63,683.52,285.11
SALE0004542,2026-08-12,CUST00237,Professional Services,Services,Northeast,5808.73,3535.56,2273.17
SALE0004543,2024-11-24,CUST00205,Manufacturing Components,Services,Southwest,606.28,345.57,260.71
SALE0004544,2026-04-30,CUST00243,Office Equipment,Manufacturing,Southwest,1263.19,886.97,376.22
SALE0004545,2024-10-15,CUST00270,Technology Hardware,Manufacturing,Northeast,2257.76,1163.91,1093.85
SALE0004546,2025-08-09,CUST00238,Packaging Materials,Manufacturing,Midwest,2567.24,1406.0,1161.24
SALE0004547,2025-03-09,CUST00423,Office Equipment,Services,Southeast,1702.26,812.05,890.21
SALE0004548,2026-05-27,CUST00057,Safety Equipment,Manufacturing,Southwest,1746.84,902.91,843.93
SALE0004549,2024-04-27,CUST00480,Maintenance Supplies,Distribution,Northeast,2313.07,1049.51,1263.56
SALE0004550,2025-03-21,CUST00481,Safety Equipment,Services,Northeast,1573.97,849.79,724.18
SALE0004551,2025-02-02,CUST00461,Maintenance Supplies,Manufacturing,Southeast,4170.99,2313.61,1857.38
SALE0004552,2025-04-15,CUST00241,Office Equipment,Services,Midwest,2991.74,1506.65,1485.09
SALE0004553,2025-05-03,CUST00458,Industrial Equipment,Distribution,Southeast,3052.43,2244.47,807.96
SALE0004554,2026-03-20,CUST00150,Packaging Materials,Services,Northeast,1012.63,531.94,480.69
SALE0004555,2026-04-18,CUST00220,Manufacturing Components,Distribution,Midwest,1723.94,919.26,804.68
SALE0004556,2026-05-28,CUST00262,Professional Services,Manufacturing,Northeast,1509.78,833.48,676.3
SALE0004557,2026-05-05,CUST00318,Safety Equipment,Manufacturing,Midwest,988.95,696.09,292.86
SALE0004558,2025-12-15,CUST00452,Packaging Materials,Distribution,West,2244.19,1132.92,1111.27
SALE0004559,2024-08-12,CUST00137,Maintenance Supplies,Manufacturing,Southwest,1309.52,764.22,545.3
SALE0004560,2024-06-21,CUST00177,Office Equipment,Distribution,Southeast,2679.12,1381.64,1297.48
SALE0004561,2025-05-28,CUST00294,Maintenance Supplies,Distribution,West,951.35,663.26,288.09
SALE0004562,2026-02-18,CUST00085,Technology Hardware,Distribution,West,5071.66,3799.84,1271.82
SALE0004563,2025-01-13,CUST00194,Packaging Materials,Distribution,West,1055.95,711.3,344.65
SALE0004564,2025-08-04,CUST00353,Professional Services,Manufacturing,Southeast,2062.31,953.69,1108.62
SALE0004565,2025-06-12,CUST00362,Maintenance Supplies,Manufacturing,Northeast,2907.69,1686.93,1220.76
SALE0004566,2024-01-04,CUST00117,Technology Hardware,Services,Midwest,1283.85,807.14,476.71
SALE0004567,2025-05-08,CUST00138,Packaging Materials,Manufacturing,Southwest,3015.38,2028.07,987.31
SALE0004568,2026-01-13,CUST00165,Industrial Equipment,Manufacturing,West,864.79,461.42,403.37
SALE0004569,2026-03-10,CUST00274,Manufacturing Components,Distribution,Southwest,4321.12,2230.18,2090.94
SALE0004570,2024-02-21,CUST00434,Office Equipment,Services,Northeast,1823.46,987.25,836.21
SALE0004571,2024-10-27,CUST00259,Maintenance Supplies,Distribution,Southeast,1264.15,653.11,611.04
SALE0004572,2025-04-13,CUST00373,Office Equipment,Manufacturing,West,1510.95,703.15,807.8
SALE0004573,2026-02-09,CUST00334,Technology Hardware,Distribution,Midwest,2937.61,1719.71,1217.9
SALE0004574,2026-07-06,CUST00240,Packaging Materials,Services,Southwest,1273.25,731.14,542.11
SALE0004575,2026-02-12,CUST00284,Manufacturing Components,Distribution,Midwest,1153.3,599.89,553.41
SALE0004576,2026-06-22,CUST00266,Technology Hardware,Services,West,1583.0,1041.93,541.07
SALE0004577,2025-08-07,CUST00031,Packaging Materials,Distribution,Southwest,892.32,410.53,481.79
SALE0004578,2026-08-04,CUST00296,Manufacturing Components,Manufacturing,West,5390.14,3550.67,1839.47
SALE0004579,2024-11-11,CUST00358,Professional Services,Services,West,1287.12,708.37,578.75
SALE0004580,2025-01-29,CUST00500,Safety Equipment,Distribution,Southwest,2977.89,1358.31,1619.58
SALE0004581,2026-02-09,CUST00018,Technology Hardware,Manufacturing,Southeast,2050.18,1465.24,584.94
SALE0004582,2025-12-23,CUST00137,Office Equipment,Services,West,1001.53,525.2,476.33
SALE0004583,2024-09-08,CUST00203,Professional Services,Services,Southwest,1801.59,924.9,876.69
SALE0004584,2025-11-12,CUST00419,Office Equipment,Distribution,Northeast,2894.02,1485.49,1408.53
SALE0004585,2025-07-15,CUST00094,Packaging Materials,Distribution,Southwest,1614.92,1178.74,436.18
SALE0004586,2026-06-28,CUST00467,Maintenance Supplies,Manufacturing,West,3699.18,2616.38,1082.8
SALE0004587,2024-01-17,CUST00232,Office Equipment,Distribution,Southeast,3337.27,2273.78,1063.49
SALE0004588,2025-05-29,CUST00347,Industrial Equipment,Distribution,Southwest,3138.03,2127.52,1010.51
SALE0004589,2026-02-08,CUST00213,Safety Equipment,Distribution,Southeast,1372.25,702.01,670.24
SALE0004590,2025-12-14,CUST00317,Professional Services,Distribution,Northeast,945.86,571.78,374.08
SALE0004591,2026-01-29,CUST00409,Technology Hardware,Manufacturing,Midwest,1251.19,879.77,371.42
SALE0004592,2025-08-07,CUST00425,Manufacturing Components,Services,Southwest,2033.97,999.52,1034.45
SALE0004593,2024-03-01,CUST00439,Office Equipment,Services,Northeast,2508.58,1326.31,1182.27
SALE0004594,2025-07-12,CUST00350,Professional Services,Manufacturing,Southwest,491.3,348.48,142.82
SALE0004595,2025-02-04,CUST00430,Industrial Equipment,Manufacturing,Southwest,1799.26,920.82,878.44
SALE0004596,2026-02-20,CUST00477,Industrial Equipment,Distribution,Southeast,1987.94,991.7,996.24
SALE0004597,2026-08-24,CUST00298,Packaging Materials,Services,West,1530.69,1060.58,470.11
SALE0004598,2024-03-23,CUST00291,Packaging Materials,Distribution,Northeast,3923.6,2557.68,1365.92
SALE0004599,2025-07-29,CUST00360,Technology Hardware,Manufacturing,Southeast,2328.71,1155.45,1173.26
SALE0004600,2025-04-19,CUST00378,Industrial Equipment,Services,Southwest,3968.39,1893.44,2074.95
SALE0004601,2026-04-22,CUST00313,Maintenance Supplies,Manufacturing,Southwest,1588.31,1110.45,477.86
SALE0004602,2025-08-24,CUST00016,Safety Equipment,Services,West,3173.17,1705.84,1467.33
SALE0004603,2025-07-02,CUST00341,Safety Equipment,Manufacturing,Southeast,4822.46,3163.96,1658.5
SALE0004604,2024-11-30,CUST00328,Industrial Equipment,Manufacturing,Midwest,3971.96,2147.82,1824.14
SALE0004605,2025-01-02,CUST00313,Office Equipment,Distribution,Northeast,938.91,640.83,298.08
SALE0004606,2025-01-24,CUST00033,Technology Hardware,Services,Southwest,1552.77,977.69,575.08
SALE0004607,2024-07-13,CUST00133,Packaging Materials,Distribution,Southeast,1469.83,662.3,807.53
SALE0004608,2025-07-28,CUST00381,Maintenance Supplies,Services,Southeast,2424.92,1755.01,669.91
SALE0004609,2026-04-11,CUST00076,Manufacturing Components,Distribution,West,2729.33,1272.66,1456.67
SALE0004610,2024-04-24,CUST00258,Industrial Equipment,Distribution,Southwest,1092.98,627.68,465.3
SALE0004611,2025-10-18,CUST00114,Manufacturing Components,Distribution,West,1883.15,1000.56,882.59
SALE0004612,2025-08-16,CUST00389,Industrial Equipment,Manufacturing,Southwest,538.1,381.57,156.53
SALE0004613,2025-10-28,CUST00452,Packaging Materials,Services,West,4294.83,3029.03,1265.8
SALE0004614,2024-04-05,CUST00103,Professional Services,Manufacturing,Northeast,1329.52,729.34,600.18
SALE0004615,2025-05-02,CUST00307,Packaging Materials,Distribution,Midwest,1869.67,871.86,997.81
SALE0004616,2024-02-13,CUST00025,Safety Equipment,Manufacturing,West,1501.49,876.69,624.8
SALE0004617,2025-10-06,CUST00266,Manufacturing Components,Distribution,Southeast,3596.14,2200.21,1395.93
SALE0004618,2025-02-15,CUST00085,Office Equipment,Services,Southeast,329.47,163.11,166.36
SALE0004619,2025-10-28,CUST00152,Maintenance Supplies,Services,Midwest,1790.11,1272.83,517.28
SALE0004620,2026-02-09,CUST00339,Industrial Equipment,Distribution,Southeast,1696.82,1245.39,451.43
SALE0004621,2025-06-12,CUST00297,Technology Hardware,Services,Southeast,1377.21,829.48,547.73
SALE0004622,2025-10-18,CUST00324,Maintenance Supplies,Manufacturing,Northeast,5093.58,3280.54,1813.04
SALE0004623,2025-03-05,CUST00217,Manufacturing Components,Services,West,1061.67,649.69,411.98
SALE0004624,2026-06-24,CUST00440,Manufacturing Components,Manufacturing,Southwest,2872.9,2063.62,809.28
SALE0004625,2025-02-19,CUST00008,Industrial Equipment,Services,Southeast,2238.93,1270.76,968.17
SALE0004626,2026-05-10,CUST00320,Manufacturing Components,Distribution,Northeast,3854.17,1753.74,2100.43
SALE0004627,2025-10-12,CUST00090,Office Equipment,Manufacturing,Midwest,1211.59,820.52,391.07
SALE0004628,2024-10-14,CUST00167,Office Equipment,Services,Southeast,1164.7,618.22,546.48
SALE0004629,2025-10-19,CUST00268,Professional Services,Manufacturing,Northeast,3489.95,1835.45,1654.5
SALE0004630,2024-07-01,CUST00383,Maintenance Supplies,Services,Southeast,2333.66,1057.81,1275.85
SALE0004631,2024-11-01,CUST00449,Technology Hardware,Manufacturing,Southwest,715.54,356.83,358.71
SALE0004632,2025-09-02,CUST00047,Packaging Materials,Manufacturing,Southwest,1308.21,595.98,712.23
SALE0004633,2025-01-07,CUST00094,Maintenance Supplies,Services,Southwest,2279.77,1195.95,1083.82
SALE0004634,2025-02-18,CUST00475,Industrial Equipment,Manufacturing,West,2988.89,2082.88,906.01
SALE0004635,2025-01-20,CUST00230,Industrial Equipment,Manufacturing,Midwest,1202.87,775.5,427.37
SALE0004636,2024-09-05,CUST00069,Maintenance Supplies,Manufacturing,Midwest,314.65,177.03,137.62
SALE0004637,2024-12-29,CUST00392,Office Equipment,Distribution,West,2474.85,1278.73,1196.12
SALE0004638,2026-02-10,CUST00273,Professional Services,Distribution,Midwest,869.4,411.88,457.52
SALE0004639,2025-11-26,CUST00125,Office Equipment,Services,Midwest,538.94,245.15,293.79
SALE0004640,2026-05-10,CUST00262,Packaging Materials,Manufacturing,Midwest,330.5,235.7,94.8
SALE0004641,2026-06-14,CUST00232,Professional Services,Manufacturing,West,2946.54,1959.61,986.93
SALE0004642,2025-01-13,CUST00365,Office Equipment,Distribution,Southeast,1953.09,1040.87,912.22
SALE0004643,2024-07-21,CUST00119,Office Equipment,Manufacturing,Southwest,1579.09,1165.71,413.38
SALE0004644,2025-02-16,CUST00310,Office Equipment,Distribution,West,4160.6,2879.3,1281.3
SALE0004645,2024-03-16,CUST00298,Maintenance Supplies,Services,Southwest,2650.21,1295.43,1354.78
SALE0004646,2026-07-22,CUST00342,Packaging Materials,Manufacturing,Northeast,4768.47,3369.38,1399.09
SALE0004647,2026-09-01,CUST00310,Office Equipment,Manufacturing,Southeast,783.96,413.12,370.84
SALE0004648,2025-02-24,CUST00066,Industrial Equipment,Distribution,Southwest,1770.95,1096.4,674.55
SALE0004649,2025-02-11,CUST00233,Office Equipment,Manufacturing,Southeast,685.38,323.36,362.02
SALE0004650,2026-07-02,CUST00313,Packaging Materials,Services,West,1575.57,871.96,703.61
SALE0004651,2026-03-21,CUST00281,Safety Equipment,Manufacturing,Midwest,1557.49,1145.39,412.1
SALE0004652,2026-02-08,CUST00245,Office Equipment,Services,West,2633.23,1621.68,1011.55
SALE0004653,2025-04-20,CUST00231,Packaging Materials,Distribution,Southwest,1858.15,1232.02,626.13
SALE0004654,2024-01-13,CUST00127,Maintenance Supplies,Services,Southeast,2628.17,1420.09,1208.08
SALE0004655,2024-02-20,CUST00444,Maintenance Supplies,Services,Southeast,2757.46,1673.72,1083.74
SALE0004656,2024-04-07,CUST00309,Safety Equipment,Services,Northeast,6587.68,3611.44,2976.24
SALE0004657,2024-06-07,CUST00207,Industrial Equipment,Manufacturing,Northeast,1496.41,1118.29,378.12
SALE0004658,2026-07-07,CUST00153,Industrial Equipment,Services,Southwest,1028.02,483.12,544.9
SALE0004659,2026-08-10,CUST00431,Manufacturing Components,Distribution,Southeast,2095.72,1193.87,901.85
SALE0004660,2026-05-23,CUST00146,Manufacturing Components,Manufacturing,Midwest,1117.26,514.08,603.18
SALE0004661,2024-05-01,CUST00265,Professional Services,Distribution,Southeast,4399.19,2001.65,2397.54
SALE0004662,2026-07-11,CUST00279,Professional Services,Manufacturing,Northeast,1525.49,977.34,548.15
SALE0004663,2025-08-28,CUST00223,Technology Hardware,Services,Southwest,1287.75,816.27,471.48
SALE0004664,2024-10-31,CUST00403,Packaging Materials,Distribution,Northeast,1362.68,678.52,684.16
SALE0004665,2024-12-03,CUST00364,Packaging Materials,Manufacturing,West,2782.35,1770.48,1011.87
SALE0004666,2024-07-06,CUST00426,Safety Equipment,Manufacturing,West,1644.76,855.37,789.39
SALE0004667,2026-08-12,CUST00219,Office Equipment,Services,Northeast,1230.28,732.44,497.84
SALE0004668,2025-09-29,CUST00287,Office Equipment,Manufacturing,West,4910.89,3599.6,1311.29
SALE0004669,2026-08-20,CUST00398,Industrial Equipment,Services,Midwest,1081.71,803.74,277.97
SALE0004670,2025-02-15,CUST00451,Industrial Equipment,Manufacturing,Southwest,1847.04,1127.04,720.0
SALE0004671,2025-11-05,CUST00322,Industrial Equipment,Distribution,West,2674.14,1495.78,1178.36
SALE0004672,2025-02-22,CUST00480,Office Equipment,Services,Midwest,679.39,389.09,290.3
SALE0004673,2025-05-06,CUST00392,Maintenance Supplies,Manufacturing,Midwest,2411.87,1196.0,1215.87
SALE0004674,2024-09-10,CUST00158,Professional Services,Distribution,Northeast,960.0,661.08,298.92
SALE0004675,2025-12-28,CUST00116,Manufacturing Components,Services,Southeast,2962.15,1478.14,1484.01
SALE0004676,2025-05-08,CUST00162,Office Equipment,Manufacturing,Northeast,1014.76,657.71,357.05
SALE0004677,2024-02-23,CUST00254,Safety Equipment,Services,Southeast,2739.86,1640.79,1099.07
SALE0004678,2024-03-16,CUST00497,Technology Hardware,Manufacturing,Southeast,3510.45,2102.4,1408.05
SALE0004679,2025-03-05,CUST00295,Packaging Materials,Manufacturing,Southeast,3031.65,1442.61,1589.04
SALE0004680,2025-12-12,CUST00319,Manufacturing Components,Services,Southeast,2102.31,1156.39,945.92
SALE0004681,2025-06-12,CUST00108,Professional Services,Manufacturing,Southeast,1573.75,936.83,636.92
SALE0004682,2024-11-01,CUST00415,Maintenance Supplies,Distribution,Midwest,1279.4,856.6,422.8
SALE0004683,2026-05-16,CUST00282,Industrial Equipment,Distribution,Southwest,4370.45,2554.82,1815.63
SALE0004684,2025-03-17,CUST00384,Office Equipment,Manufacturing,Southeast,1188.33,543.9,644.43
SALE0004685,2024-11-18,CUST00473,Industrial Equipment,Services,Southwest,970.45,723.89,246.56
SALE0004686,2025-02-27,CUST00399,Manufacturing Components,Distribution,Northeast,2695.18,1472.66,1222.52
SALE0004687,2026-07-29,CUST00437,Technology Hardware,Manufacturing,Southwest,1121.38,736.09,385.29
SALE0004688,2025-12-12,CUST00337,Packaging Materials,Services,West,1022.46,533.38,489.08
SALE0004689,2024-12-21,CUST00181,Office Equipment,Manufacturing,Midwest,760.39,360.07,400.32
SALE0004690,2024-02-07,CUST00038,Technology Hardware,Services,Northeast,1353.24,854.58,498.66
SALE0004691,2024-12-18,CUST00380,Manufacturing Components,Services,Northeast,1720.5,952.98,767.52
SALE0004692,2024-11-24,CUST00232,Maintenance Supplies,Distribution,West,2091.96,1503.2,588.76
SALE0004693,2025-02-05,CUST00128,Manufacturing Components,Distribution,Northeast,3199.61,2082.06,1117.55
SALE0004694,2025-10-24,CUST00243,Industrial Equipment,Manufacturing,Midwest,2480.31,1482.16,998.15
SALE0004695,2024-01-12,CUST00457,Industrial Equipment,Services,Midwest,1612.4,1009.93,602.47
SALE0004696,2024-11-22,CUST00061,Maintenance Supplies,Manufacturing,Southeast,1605.33,1152.36,452.97
SALE0004697,2025-09-10,CUST00365,Packaging Materials,Manufacturing,Northeast,2455.52,1785.01,670.51
SALE0004698,2026-04-03,CUST00349,Safety Equipment,Services,Southwest,3879.81,2374.01,1505.8
SALE0004699,2025-02-07,CUST00393,Industrial Equipment,Manufacturing,West,1950.4,1327.61,622.79
SALE0004700,2025-01-15,CUST00279,Office Equipment,Services,Midwest,1364.47,988.7,375.77
SALE0004701,2025-10-05,CUST00381,Industrial Equipment,Services,Southwest,996.53,739.06,257.47
SALE0004702,2025-06-30,CUST00078,Office Equipment,Distribution,Southeast,759.66,465.02,294.64
SALE0004703,2025-09-14,CUST00047,Office Equipment,Distribution,Southwest,2696.64,1778.01,918.63
SALE0004704,2025-12-27,CUST00444,Safety Equipment,Services,Southeast,2557.5,1611.47,946.03
SALE0004705,2024-12-16,CUST00068,Safety Equipment,Manufacturing,Southeast,2556.56,1703.31,853.25
SALE0004706,2025-09-11,CUST00154,Maintenance Supplies,Manufacturing,West,1673.72,1247.99,425.73
SALE0004707,2026-07-18,CUST00028,Office Equipment,Distribution,Northeast,4205.55,2532.45,1673.1
SALE0004708,2025-06-01,CUST00310,Professional Services,Manufacturing,West,1352.26,900.54,451.72
SALE0004709,2024-06-21,CUST00348,Manufacturing Components,Services,West,3207.23,1482.73,1724.5
SALE0004710,2024-04-04,CUST00371,Maintenance Supplies,Manufacturing,Northeast,1766.5,1081.55,684.95
SALE0004711,2024-04-04,CUST00439,Packaging Materials,Distribution,Southwest,1255.12,640.0,615.12
SALE0004712,2024-04-12,CUST00276,Maintenance Supplies,Services,Midwest,2579.93,1235.46,1344.47
SALE0004713,2025-07-28,CUST00084,Office Equipment,Manufacturing,Southeast,2311.8,1072.94,1238.86
SALE0004714,2025-11-04,CUST00305,Office Equipment,Manufacturing,Midwest,2239.89,1088.12,1151.77
SALE0004715,2025-04-10,CUST00345,Packaging Materials,Manufacturing,Northeast,1898.4,1309.17,589.23
SALE0004716,2024-11-17,CUST00464,Professional Services,Services,Northeast,1767.4,915.1,852.3
SALE0004717,2025-05-02,CUST00140,Technology Hardware,Services,Midwest,7578.14,4495.52,3082.62
SALE0004718,2024-10-30,CUST00358,Industrial Equipment,Services,Southeast,3679.58,2185.94,1493.64
SALE0004719,2026-07-29,CUST00101,Manufacturing Components,Distribution,Northeast,2789.72,1791.48,998.24
SALE0004720,2024-10-23,CUST00038,Technology Hardware,Services,Southeast,1933.49,1096.52,836.97
SALE0004721,2025-08-13,CUST00449,Professional Services,Distribution,Southwest,3308.65,1759.18,1549.47
SALE0004722,2024-05-15,CUST00093,Safety Equipment,Distribution,West,2467.1,1756.17,710.93
SALE0004723,2025-01-19,CUST00187,Safety Equipment,Manufacturing,Southeast,1836.69,1335.01,501.68
SALE0004724,2026-02-06,CUST00379,Maintenance Supplies,Manufacturing,Southeast,1506.98,851.91,655.07
SALE0004725,2025-01-17,CUST00285,Professional Services,Manufacturing,Southeast,1722.36,1026.27,696.09
SALE0004726,2026-07-17,CUST00206,Industrial Equipment,Distribution,Northeast,269.82,152.85,116.97
SALE0004727,2025-02-06,CUST00203,Office Equipment,Manufacturing,Southwest,2051.57,1068.77,982.8
SALE0004728,2026-04-29,CUST00023,Packaging Materials,Services,West,1348.72,610.31,738.41
SALE0004729,2026-06-27,CUST00332,Office Equipment,Distribution,Northeast,4701.34,3019.77,1681.57
SALE0004730,2025-09-30,CUST00062,Industrial Equipment,Manufacturing,West,1829.15,1122.19,706.96
SALE0004731,2024-02-14,CUST00085,Industrial Equipment,Services,Southeast,885.92,556.1,329.82
SALE0004732,2025-10-16,CUST00187,Packaging Materials,Manufacturing,West,1754.73,804.8,949.93
SALE0004733,2024-09-25,CUST00353,Safety Equipment,Distribution,Midwest,965.19,532.49,432.7
SALE0004734,2025-08-05,CUST00306,Technology Hardware,Manufacturing,Northeast,2401.97,1417.76,984.21
SALE0004735,2025-08-11,CUST00096,Office Equipment,Manufacturing,Northeast,2152.89,1388.14,764.75
SALE0004736,2025-09-30,CUST00221,Industrial Equipment,Manufacturing,Southwest,3212.18,2136.04,1076.14
SALE0004737,2024-12-23,CUST00486,Professional Services,Distribution,Midwest,1124.92,815.76,309.16
SALE0004738,2024-09-20,CUST00323,Packaging Materials,Manufacturing,Midwest,1845.31,1279.53,565.78
SALE0004739,2024-10-19,CUST00493,Maintenance Supplies,Services,Midwest,797.11,537.37,259.74
SALE0004740,2026-08-05,CUST00264,Manufacturing Components,Manufacturing,West,2754.24,1511.56,1242.68
SALE0004741,2024-01-17,CUST00062,Office Equipment,Distribution,Midwest,2468.39,1577.76,890.63
SALE0004742,2025-06-26,CUST00454,Maintenance Supplies,Distribution,Southwest,2434.47,1249.88,1184.59
SALE0004743,2025-02-19,CUST00086,Technology Hardware,Manufacturing,Northeast,1809.8,899.6,910.2
SALE0004744,2025-05-20,CUST00027,Technology Hardware,Services,Southwest,2318.94,1472.43,846.51
SALE0004745,2025-01-24,CUST00497,Office Equipment,Manufacturing,Southwest,4734.37,2147.61,2586.76
SALE0004746,2026-05-10,CUST00278,Office Equipment,Manufacturing,Southwest,1523.77,749.48,774.29
SALE0004747,2024-01-11,CUST00443,Packaging Materials,Distribution,Southwest,1964.88,1058.87,906.01
SALE0004748,2024-01-17,CUST00181,Manufacturing Components,Distribution,West,942.3,461.09,481.21
SALE0004749,2025-01-08,CUST00192,Safety Equipment,Services,Northeast,1073.89,492.0,581.89
SALE0004750,2024-03-10,CUST00348,Manufacturing Components,Distribution,Southwest,1917.33,1116.59,800.74
SALE0004751,2026-04-08,CUST00217,Industrial Equipment,Distribution,West,3506.45,1676.67,1829.78
SALE0004752,2025-03-26,CUST00192,Packaging Materials,Manufacturing,Midwest,1550.34,963.73,586.61
SALE0004753,2024-11-05,CUST00126,Technology Hardware,Distribution,Southwest,1569.4,741.57,827.83
SALE0004754,2025-08-03,CUST00364,Office Equipment,Distribution,Midwest,1416.39,750.13,666.26
SALE0004755,2024-08-06,CUST00416,Technology Hardware,Services,Southwest,1311.79,628.51,683.28
SALE0004756,2025-08-20,CUST00371,Professional Services,Manufacturing,West,2158.1,1006.37,1151.73
SALE0004757,2026-08-13,CUST00389,Office Equipment,Distribution,Midwest,736.31,493.77,242.54
SALE0004758,2026-05-17,CUST00298,Safety Equipment,Distribution,Midwest,3899.34,2595.21,1304.13
SALE0004759,2025-02-01,CUST00284,Safety Equipment,Manufacturing,Midwest,1212.87,867.87,345.0
SALE0004760,2025-12-31,CUST00136,Professional Services,Distribution,West,2788.17,1762.63,1025.54
SALE0004761,2024-01-08,CUST00240,Industrial Equipment,Manufacturing,Southeast,843.87,474.49,369.38
SALE0004762,2026-02-02,CUST00434,Professional Services,Services,Northeast,2700.8,1777.72,923.08
SALE0004763,2025-07-09,CUST00439,Industrial Equipment,Services,Northeast,2705.84,1433.03,1272.81
SALE0004764,2025-07-31,CUST00014,Technology Hardware,Distribution,Southwest,2276.79,1151.33,1125.46
SALE0004765,2024-09-04,CUST00436,Packaging Materials,Services,West,995.6,512.84,482.76
SALE0004766,2025-12-16,CUST00403,Packaging Materials,Manufacturing,West,2100.08,1246.85,853.23
SALE0004767,2026-05-31,CUST00133,Industrial Equipment,Manufacturing,West,889.06,508.06,381.0
SALE0004768,2026-08-01,CUST00123,Packaging Materials,Distribution,Southwest,1553.62,761.29,792.33
SALE0004769,2025-01-20,CUST00304,Packaging Materials,Distribution,Southeast,3353.12,2129.88,1223.24
SALE0004770,2025-03-25,CUST00122,Packaging Materials,Manufacturing,West,2916.15,1726.42,1189.73
SALE0004771,2026-06-07,CUST00073,Industrial Equipment,Manufacturing,Southeast,1824.59,1006.16,818.43
SALE0004772,2025-12-03,CUST00295,Manufacturing Components,Distribution,Northeast,1007.39,508.44,498.95
SALE0004773,2024-03-07,CUST00097,Safety Equipment,Manufacturing,West,2663.38,1536.73,1126.65
SALE0004774,2024-10-12,CUST00109,Maintenance Supplies,Distribution,Northeast,1829.19,984.11,845.08
SALE0004775,2025-09-11,CUST00077,Industrial Equipment,Services,Southwest,449.35,281.88,167.47
SALE0004776,2024-12-05,CUST00442,Manufacturing Components,Distribution,Midwest,2891.64,2012.48,879.16
SALE0004777,2025-12-07,CUST00460,Office Equipment,Manufacturing,Southwest,1781.94,984.75,797.19
SALE0004778,2024-11-27,CUST00354,Manufacturing Components,Manufacturing,West,3719.97,2161.02,1558.95
SALE0004779,2024-08-14,CUST00002,Office Equipment,Distribution,Southeast,937.14,456.66,480.48
SALE0004780,2024-08-06,CUST00095,Office Equipment,Services,Southeast,268.8,175.27,93.53
SALE0004781,2026-07-24,CUST00231,Professional Services,Distribution,Southeast,2137.62,1044.19,1093.43
SALE0004782,2024-07-27,CUST00213,Industrial Equipment,Distribution,Southwest,2153.69,1576.01,577.68
SALE0004783,2026-08-08,CUST00245,Industrial Equipment,Distribution,Northeast,655.63,353.79,301.84
SALE0004784,2024-07-31,CUST00027,Safety Equipment,Distribution,Northeast,1005.16,620.74,384.42
SALE0004785,2024-12-09,CUST00087,Maintenance Supplies,Manufacturing,Midwest,9443.96,5990.39,3453.57
SALE0004786,2024-03-27,CUST00020,Professional Services,Services,Midwest,1505.13,1006.0,499.13
SALE0004787,2026-01-15,CUST00460,Professional Services,Distribution,Northeast,2803.36,1306.63,1496.73
SALE0004788,2025-11-22,CUST00223,Professional Services,Distribution,West,1223.66,788.53,435.13
SALE0004789,2024-06-20,CUST00216,Packaging Materials,Distribution,West,515.85,298.37,217.48
SALE0004790,2026-08-06,CUST00475,Office Equipment,Manufacturing,Northeast,1632.46,735.79,896.67
SALE0004791,2026-05-12,CUST00362,Office Equipment,Manufacturing,West,1541.69,712.27,829.42
SALE0004792,2025-11-09,CUST00325,Office Equipment,Distribution,Southwest,1422.36,1059.14,363.22
SALE0004793,2026-01-16,CUST00294,Professional Services,Distribution,Midwest,1687.86,795.48,892.38
SALE0004794,2025-09-01,CUST00301,Safety Equipment,Manufacturing,West,2118.71,1262.14,856.57
SALE0004795,2026-08-05,CUST00301,Professional Services,Services,West,1652.31,851.4,800.91
SALE0004796,2026-05-08,CUST00143,Manufacturing Components,Distribution,West,846.91,518.74,328.17
SALE0004797,2026-07-24,CUST00219,Industrial Equipment,Services,West,2420.46,1601.91,818.55
SALE0004798,2026-06-29,CUST00161,Industrial Equipment,Distribution,West,561.37,305.66,255.71
SALE0004799,2025-12-20,CUST00107,Packaging Materials,Distribution,Southwest,528.36,364.64,163.72
SALE0004800,2024-10-30,CUST00068,Safety Equipment,Services,Midwest,2817.23,1450.71,1366.52
SALE0004801,2026-07-03,CUST00067,Manufacturing Components,Manufacturing,West,2450.9,1383.05,1067.85
SALE0004802,2025-08-22,CUST00451,Manufacturing Components,Services,Northeast,1746.84,1154.95,591.89
SALE0004803,2024-12-03,CUST00288,Technology Hardware,Manufacturing,Midwest,782.69,496.83,285.86
SALE0004804,2024-01-17,CUST00038,Packaging Materials,Services,Southwest,1182.34,533.5,648.84
SALE0004805,2025-03-23,CUST00471,Packaging Materials,Manufacturing,Southeast,1544.34,1038.4,505.94
SALE0004806,2026-04-16,CUST00272,Maintenance Supplies,Distribution,Midwest,693.99,435.46,258.53
SALE0004807,2024-06-25,CUST00476,Packaging Materials,Distribution,Southwest,1160.47,810.02,350.45
SALE0004808,2026-01-02,CUST00259,Professional Services,Manufacturing,West,2674.18,1573.3,1100.88
SALE0004809,2026-03-03,CUST00073,Packaging Materials,Manufacturing,Southwest,4257.27,2555.88,1701.39
SALE0004810,2025-06-22,CUST00333,Professional Services,Manufacturing,Midwest,1405.77,903.75,502.02
SALE0004811,2025-11-04,CUST00435,Maintenance Supplies,Manufacturing,Southwest,2846.64,1747.83,1098.81
SALE0004812,2025-06-18,CUST00358,Manufacturing Components,Services,Southeast,573.39,266.54,306.85
SALE0004813,2025-12-15,CUST00295,Technology Hardware,Distribution,Midwest,2685.63,1791.32,894.31
SALE0004814,2025-04-23,CUST00295,Maintenance Supplies,Distribution,Northeast,1116.14,752.59,363.55
SALE0004815,2026-02-10,CUST00264,Office Equipment,Services,Southwest,2174.18,1421.55,752.63
SALE0004816,2025-09-30,CUST00397,Office Equipment,Manufacturing,West,1558.3,827.15,731.15
SALE0004817,2024-09-04,CUST00439,Professional Services,Manufacturing,Southeast,3992.8,2959.94,1032.86
SALE0004818,2025-02-08,CUST00026,Industrial Equipment,Services,Southeast,1069.92,739.52,330.4
SALE0004819,2025-03-03,CUST00206,Packaging Materials,Manufacturing,Northeast,2634.8,1251.8,1383.0
SALE0004820,2025-03-04,CUST00462,Technology Hardware,Services,Southwest,1528.89,835.99,692.9
SALE0004821,2025-12-01,CUST00487,Maintenance Supplies,Distribution,Southwest,1644.21,989.77,654.44
SALE0004822,2025-11-12,CUST00485,Office Equipment,Distribution,Midwest,1619.2,1178.84,440.36
SALE0004823,2026-02-08,CUST00455,Professional Services,Distribution,Northeast,1088.54,737.59,350.95
SALE0004824,2024-06-25,CUST00221,Maintenance Supplies,Manufacturing,Northeast,1792.81,943.79,849.02
SALE0004825,2024-02-23,CUST00229,Technology Hardware,Services,Southwest,1741.34,985.47,755.87
SALE0004826,2026-04-07,CUST00068,Maintenance Supplies,Services,Northeast,2089.63,1273.18,816.45
SALE0004827,2024-12-31,CUST00196,Technology Hardware,Distribution,Midwest,1902.08,896.62,1005.46
SALE0004828,2024-04-19,CUST00457,Maintenance Supplies,Distribution,Midwest,2918.42,1448.04,1470.38
SALE0004829,2024-03-11,CUST00302,Professional Services,Distribution,Northeast,3146.69,2142.75,1003.94
SALE0004830,2024-05-27,CUST00427,Safety Equipment,Manufacturing,West,962.59,664.67,297.92
SALE0004831,2025-02-20,CUST00219,Industrial Equipment,Services,Southeast,3045.02,2203.51,841.51
SALE0004832,2026-05-06,CUST00241,Industrial Equipment,Services,Northeast,887.31,484.01,403.3
SALE0004833,2025-04-08,CUST00126,Office Equipment,Manufacturing,Northeast,2572.71,1173.06,1399.65
SALE0004834,2026-06-22,CUST00415,Maintenance Supplies,Manufacturing,Southeast,2622.39,1669.58,952.81
SALE0004835,2025-06-08,CUST00032,Packaging Materials,Manufacturing,Midwest,574.33,369.23,205.1
SALE0004836,2026-01-18,CUST00314,Safety Equipment,Manufacturing,West,1911.78,888.12,1023.66
SALE0004837,2026-03-06,CUST00383,Manufacturing Components,Manufacturing,Midwest,1364.99,971.59,393.4
SALE0004838,2025-11-15,CUST00299,Office Equipment,Services,Northeast,1146.81,715.05,431.76
SALE0004839,2026-04-23,CUST00306,Professional Services,Services,Southwest,4066.39,2570.86,1495.53
SALE0004840,2024-05-18,CUST00173,Packaging Materials,Services,Midwest,1221.45,857.71,363.74
SALE0004841,2024-04-22,CUST00200,Maintenance Supplies,Services,Northeast,1114.51,571.66,542.85
SALE0004842,2024-11-01,CUST00022,Professional Services,Manufacturing,Midwest,1892.05,1031.8,860.25
SALE0004843,2026-02-10,CUST00385,Professional Services,Distribution,West,2728.08,1857.88,870.2
SALE0004844,2024-01-15,CUST00256,Safety Equipment,Services,Midwest,1660.73,1032.83,627.9
SALE0004845,2025-11-24,CUST00173,Industrial Equipment,Manufacturing,Southwest,3640.3,1658.71,1981.59
SALE0004846,2024-01-02,CUST00316,Maintenance Supplies,Distribution,Southeast,2486.39,1244.63,1241.76
SALE0004847,2025-10-28,CUST00439,Industrial Equipment,Manufacturing,Northeast,489.35,348.21,141.14
SALE0004848,2024-12-28,CUST00308,Packaging Materials,Distribution,West,1315.96,951.97,363.99
SALE0004849,2024-10-14,CUST00446,Industrial Equipment,Distribution,Southeast,1290.64,817.18,473.46
SALE0004850,2026-05-14,CUST00021,Safety Equipment,Manufacturing,West,2410.57,1310.52,1100.05
SALE0004851,2026-01-31,CUST00236,Professional Services,Distribution,West,374.32,217.86,156.46
SALE0004852,2025-03-23,CUST00313,Technology Hardware,Manufacturing,Midwest,8344.9,4907.49,3437.41
SALE0004853,2024-03-09,CUST00218,Maintenance Supplies,Services,West,2486.46,1501.94,984.52
SALE0004854,2026-01-08,CUST00002,Packaging Materials,Services,Midwest,1976.98,983.92,993.06
SALE0004855,2026-03-16,CUST00448,Office Equipment,Services,West,3673.65,2360.01,1313.64
SALE0004856,2026-04-05,CUST00055,Office Equipment,Manufacturing,Southeast,7377.52,5394.94,1982.58
SALE0004857,2025-10-24,CUST00087,Office Equipment,Manufacturing,Midwest,3048.63,2072.87,975.76
SALE0004858,2026-01-09,CUST00367,Maintenance Supplies,Manufacturing,Southwest,3194.83,1963.51,1231.32
SALE0004859,2025-03-06,CUST00150,Safety Equipment,Manufacturing,Southwest,1955.53,1371.99,583.54
SALE0004860,2024-07-16,CUST00197,Office Equipment,Manufacturing,West,1660.85,1096.06,564.79
SALE0004861,2024-08-06,CUST00329,Manufacturing Components,Distribution,Northeast,1359.02,879.5,479.52
SALE0004862,2026-04-11,CUST00458,Manufacturing Components,Distribution,West,1101.39,670.62,430.77
SALE0004863,2025-05-27,CUST00399,Packaging Materials,Distribution,Midwest,1197.26,592.49,604.77
SALE0004864,2026-04-21,CUST00160,Office Equipment,Services,West,804.05,443.81,360.24
SALE0004865,2025-08-30,CUST00478,Office Equipment,Manufacturing,Southeast,1727.58,1210.68,516.9
SALE0004866,2024-05-16,CUST00074,Safety Equipment,Services,Southwest,658.0,386.94,271.06
SALE0004867,2024-05-01,CUST00258,Industrial Equipment,Manufacturing,Southeast,2027.48,1186.26,841.22
SALE0004868,2024-08-21,CUST00424,Industrial Equipment,Manufacturing,Southwest,1769.06,1046.32,722.74
SALE0004869,2024-11-19,CUST00447,Professional Services,Manufacturing,West,1974.68,1376.7,597.98
SALE0004870,2024-10-14,CUST00229,Technology Hardware,Services,Midwest,1321.76,915.95,405.81
SALE0004871,2024-03-13,CUST00228,Office Equipment,Distribution,Midwest,11454.25,7309.37,4144.88
SALE0004872,2024-11-17,CUST00269,Manufacturing Components,Services,West,4089.06,2088.52,2000.54
SALE0004873,2025-10-01,CUST00432,Professional Services,Services,Southeast,856.86,561.8,295.06
SALE0004874,2025-04-18,CUST00181,Manufacturing Components,Distribution,Southwest,2079.16,1256.35,822.81
SALE0004875,2025-09-08,CUST00298,Maintenance Supplies,Distribution,West,1255.38,586.79,668.59
SALE0004876,2025-09-15,CUST00322,Office Equipment,Manufacturing,Southwest,983.69,667.56,316.13
SALE0004877,2026-04-26,CUST00259,Maintenance Supplies,Services,West,809.13,497.6,311.53
SALE0004878,2025-03-29,CUST00269,Industrial Equipment,Manufacturing,Northeast,2343.33,1343.45,999.88
SALE0004879,2025-12-02,CUST00041,Packaging Materials,Manufacturing,West,1201.31,713.21,488.1
SALE0004880,2025-02-12,CUST00093,Manufacturing Components,Services,West,3231.48,2114.61,1116.87
SALE0004881,2024-01-29,CUST00171,Manufacturing Components,Services,West,3282.2,2099.33,1182.87
SALE0004882,2024-04-12,CUST00291,Office Equipment,Services,Northeast,4123.05,2046.71,2076.34
SALE0004883,2025-06-07,CUST00418,Industrial Equipment,Services,Southwest,1084.17,737.35,346.82
SALE0004884,2024-01-08,CUST00199,Industrial Equipment,Manufacturing,Northeast,2404.79,1742.56,662.23
SALE0004885,2025-04-10,CUST00113,Professional Services,Manufacturing,West,2642.48,1653.77,988.71
SALE0004886,2025-07-22,CUST00284,Safety Equipment,Manufacturing,Midwest,1360.34,670.91,689.43
SALE0004887,2026-07-16,CUST00340,Office Equipment,Services,Midwest,1137.9,753.21,384.69
SALE0004888,2025-09-14,CUST00472,Industrial Equipment,Manufacturing,Midwest,4749.11,3422.38,1326.73
SALE0004889,2024-02-15,CUST00168,Professional Services,Services,West,2072.47,1194.19,878.28
SALE0004890,2025-02-27,CUST00401,Safety Equipment,Manufacturing,Midwest,2648.05,1876.61,771.44
SALE0004891,2024-12-28,CUST00007,Professional Services,Distribution,Southeast,1104.07,725.55,378.52
SALE0004892,2026-01-27,CUST00088,Safety Equipment,Manufacturing,Midwest,869.94,417.98,451.96
SALE0004893,2024-12-03,CUST00022,Technology Hardware,Distribution,Northeast,1284.76,709.29,575.47
SALE0004894,2025-01-01,CUST00048,Professional Services,Services,West,1678.38,819.21,859.17
SALE0004895,2025-11-22,CUST00114,Maintenance Supplies,Services,Midwest,954.77,680.9,273.87
SALE0004896,2024-09-26,CUST00189,Safety Equipment,Manufacturing,Northeast,1797.39,832.94,964.45
SALE0004897,2024-11-14,CUST00455,Professional Services,Manufacturing,Northeast,656.48,308.0,348.48
SALE0004898,2026-02-09,CUST00117,Technology Hardware,Manufacturing,Southeast,923.32,457.7,465.62
SALE0004899,2025-02-14,CUST00228,Manufacturing Components,Distribution,Southwest,2704.16,1651.5,1052.66
SALE0004900,2026-04-18,CUST00274,Manufacturing Components,Services,Northeast,2597.42,1896.94,700.48
SALE0004901,2025-08-19,CUST00450,Professional Services,Services,Southwest,1429.21,917.07,512.14
SALE0004902,2025-07-04,CUST00452,Packaging Materials,Manufacturing,Midwest,981.75,457.53,524.22
SALE0004903,2026-04-03,CUST00137,Technology Hardware,Distribution,West,976.09,667.05,309.04
SALE0004904,2024-10-25,CUST00500,Professional Services,Services,Midwest,1445.25,764.57,680.68
SALE0004905,2024-01-26,CUST00119,Office Equipment,Services,Southwest,2661.68,1928.37,733.31
SALE0004906,2024-11-01,CUST00034,Office Equipment,Manufacturing,Southeast,3155.64,2191.03,964.61
SALE0004907,2025-09-19,CUST00112,Professional Services,Services,Southeast,1342.22,732.57,609.65
SALE0004908,2026-06-08,CUST00299,Professional Services,Distribution,Southwest,904.97,439.55,465.42
SALE0004909,2025-12-24,CUST00308,Packaging Materials,Services,Southwest,2123.26,1539.57,583.69
SALE0004910,2024-08-27,CUST00202,Safety Equipment,Services,Northeast,1103.1,530.96,572.14
SALE0004911,2024-05-19,CUST00046,Technology Hardware,Services,Midwest,1324.84,820.71,504.13
SALE0004912,2026-08-01,CUST00156,Packaging Materials,Manufacturing,Southeast,4004.47,2649.22,1355.25
SALE0004913,2024-06-28,CUST00193,Technology Hardware,Manufacturing,West,2969.86,1603.8,1366.06
SALE0004914,2024-12-21,CUST00131,Safety Equipment,Services,Southwest,1987.8,1268.31,719.49
SALE0004915,2026-03-27,CUST00485,Professional Services,Manufacturing,Midwest,842.9,477.69,365.21
SALE0004916,2024-10-25,CUST00434,Professional Services,Services,Midwest,2052.55,1413.0,639.55
SALE0004917,2025-02-02,CUST00063,Technology Hardware,Services,West,3420.68,1720.62,1700.06
SALE0004918,2024-12-31,CUST00333,Manufacturing Components,Services,Southwest,1443.2,885.3,557.9
SALE0004919,2024-10-01,CUST00473,Manufacturing Components,Distribution,Northeast,4067.03,2733.93,1333.1
SALE0004920,2025-03-28,CUST00007,Packaging Materials,Manufacturing,Northeast,3927.06,1770.64,2156.42
SALE0004921,2025-06-09,CUST00208,Manufacturing Components,Services,Midwest,4906.12,3185.65,1720.47
SALE0004922,2026-07-01,CUST00117,Maintenance Supplies,Distribution,Southwest,2171.44,1627.56,543.88
SALE0004923,2025-01-30,CUST00030,Maintenance Supplies,Services,Southeast,2571.99,1696.78,875.21
SALE0004924,2025-12-11,CUST00231,Maintenance Supplies,Manufacturing,Southeast,4223.89,2517.68,1706.21
SALE0004925,2025-08-28,CUST00441,Packaging Materials,Services,Southwest,2364.77,1639.04,725.73
SALE0004926,2024-10-22,CUST00124,Safety Equipment,Manufacturing,Southeast,1338.44,869.09,469.35
SALE0004927,2025-03-10,CUST00325,Technology Hardware,Services,Northeast,1381.43,1020.22,361.21
SALE0004928,2025-08-11,CUST00300,Office Equipment,Services,Southeast,2086.27,1393.22,693.05
SALE0004929,2024-04-29,CUST00097,Office Equipment,Distribution,Southwest,833.52,514.57,318.95
SALE0004930,2025-04-15,CUST00383,Office Equipment,Distribution,Southwest,1659.12,807.88,851.24
SALE0004931,2025-03-21,CUST00001,Packaging Materials,Distribution,Southwest,3490.95,2568.52,922.43
SALE0004932,2026-07-26,CUST00090,Industrial Equipment,Manufacturing,Southeast,485.53,253.52,232.01
SALE0004933,2024-05-16,CUST00113,Maintenance Supplies,Services,West,4540.03,2969.25,1570.78
SALE0004934,2025-07-11,CUST00461,Safety Equipment,Services,Southwest,3545.46,1637.6,1907.86
SALE0004935,2025-03-09,CUST00457,Office Equipment,Distribution,Midwest,1372.16,845.41,526.75
SALE0004936,2025-09-24,CUST00049,Professional Services,Distribution,West,2504.98,1683.62,821.36
SALE0004937,2024-03-14,CUST00326,Maintenance Supplies,Distribution,Southwest,1811.46,993.08,818.38
SALE0004938,2024-05-03,CUST00014,Packaging Materials,Manufacturing,Southeast,3781.95,2013.15,1768.8
SALE0004939,2026-03-06,CUST00033,Professional Services,Distribution,Southwest,3260.42,2306.76,953.66
SALE0004940,2026-07-18,CUST00452,Maintenance Supplies,Manufacturing,Southwest,780.52,435.65,344.87
SALE0004941,2026-04-13,CUST00282,Office Equipment,Manufacturing,Southwest,2571.79,1197.85,1373.94
SALE0004942,2026-02-08,CUST00112,Manufacturing Components,Services,West,1598.18,780.67,817.51
SALE0004943,2026-03-12,CUST00377,Office Equipment,Services,Midwest,1900.17,1282.86,617.31
SALE0004944,2024-12-30,CUST00081,Packaging Materials,Distribution,Southwest,1168.06,729.8,438.26
SALE0004945,2025-01-19,CUST00135,Manufacturing Components,Distribution,West,5160.98,3639.74,1521.24
SALE0004946,2024-02-16,CUST00475,Technology Hardware,Manufacturing,Southeast,3374.62,1545.23,1829.39
SALE0004947,2026-01-30,CUST00176,Manufacturing Components,Services,Southeast,1159.96,800.92,359.04
SALE0004948,2026-05-01,CUST00496,Maintenance Supplies,Distribution,Midwest,811.78,593.44,218.34
SALE0004949,2026-06-15,CUST00247,Packaging Materials,Manufacturing,West,1434.54,881.95,552.59
SALE0004950,2026-07-21,CUST00294,Industrial Equipment,Distribution,Southwest,2346.55,1433.23,913.32
SALE0004951,2026-02-12,CUST00120,Manufacturing Components,Distribution,Midwest,2088.34,1090.87,997.47
SALE0004952,2024-10-09,CUST00379,Manufacturing Components,Distribution,Southwest,3834.83,2160.51,1674.32
SALE0004953,2024-10-26,CUST00102,Packaging Materials,Distribution,Northeast,2904.31,1812.52,1091.79
SALE0004954,2024-04-27,CUST00401,Professional Services,Services,West,3234.86,1708.7,1526.16
SALE0004955,2025-04-22,CUST00163,Safety Equipment,Manufacturing,Southeast,2199.78,1379.03,820.75
SALE0004956,2026-06-14,CUST00149,Industrial Equipment,Services,Midwest,785.58,515.7,269.88
SALE0004957,2024-10-19,CUST00254,Office Equipment,Distribution,Northeast,1607.73,841.1,766.63
SALE0004958,2025-06-10,CUST00358,Technology Hardware,Services,Northeast,3415.41,1736.04,1679.37
SALE0004959,2024-03-02,CUST00357,Professional Services,Manufacturing,Northeast,1753.0,841.39,911.61
SALE0004960,2024-11-15,CUST00044,Technology Hardware,Manufacturing,Northeast,2445.13,1251.51,1193.62
SALE0004961,2024-09-13,CUST00247,Office Equipment,Manufacturing,Northeast,1493.31,774.51,718.8
SALE0004962,2026-08-25,CUST00249,Manufacturing Components,Services,Southwest,974.68,672.58,302.1
SALE0004963,2024-04-09,CUST00344,Office Equipment,Services,West,1679.07,778.42,900.65
SALE0004964,2024-11-23,CUST00066,Technology Hardware,Distribution,Northeast,2176.4,1255.72,920.68
SALE0004965,2025-02-20,CUST00334,Industrial Equipment,Manufacturing,Southwest,1219.98,784.07,435.91
SALE0004966,2026-04-21,CUST00102,Safety Equipment,Services,Northeast,1569.6,978.58,591.02
SALE0004967,2025-01-16,CUST00092,Safety Equipment,Manufacturing,Southwest,1028.98,753.85,275.13
SALE0004968,2024-02-04,CUST00100,Industrial Equipment,Manufacturing,West,3538.81,1648.51,1890.3
SALE0004969,2025-03-18,CUST00332,Technology Hardware,Services,Northeast,1515.24,1079.28,435.96
SALE0004970,2025-11-22,CUST00426,Packaging Materials,Manufacturing,Midwest,4322.78,2368.59,1954.19
SALE0004971,2026-01-28,CUST00149,Packaging Materials,Manufacturing,Southwest,4524.44,2165.73,2358.71
SALE0004972,2025-02-22,CUST00053,Technology Hardware,Manufacturing,Midwest,1722.23,1023.21,699.02
SALE0004973,2024-11-23,CUST00290,Packaging Materials,Manufacturing,Northeast,987.26,663.0,324.26
SALE0004974,2026-05-30,CUST00458,Safety Equipment,Manufacturing,West,517.22,295.09,222.13
SALE0004975,2024-05-24,CUST00437,Packaging Materials,Distribution,Northeast,747.53,365.26,382.27
SALE0004976,2024-02-02,CUST00119,Packaging Materials,Manufacturing,Southeast,792.9,592.59,200.31
SALE0004977,2024-02-18,CUST00072,Industrial Equipment,Manufacturing,West,4134.34,2322.39,1811.95
SALE0004978,2026-02-14,CUST00039,Manufacturing Components,Manufacturing,Midwest,1938.16,899.13,1039.03
SALE0004979,2025-07-01,CUST00115,Manufacturing Components,Manufacturing,Southeast,2284.18,1238.08,1046.1
SALE0004980,2025-10-19,CUST00093,Office Equipment,Manufacturing,Southeast,477.11,239.65,237.46
SALE0004981,2024-06-11,CUST00307,Maintenance Supplies,Distribution,Southwest,881.14,460.82,420.32
SALE0004982,2025-11-26,CUST00065,Safety Equipment,Distribution,Southeast,3078.65,1647.05,1431.6
SALE0004983,2025-05-27,CUST00396,Maintenance Supplies,Services,Southwest,2147.51,1223.91,923.6
SALE0004984,2025-03-14,CUST00089,Maintenance Supplies,Services,West,1655.2,1138.64,516.56
SALE0004985,2025-03-16,CUST00138,Packaging Materials,Services,Northeast,2537.43,1468.71,1068.72
SALE0004986,2026-01-17,CUST00487,Technology Hardware,Manufacturing,Southwest,4824.58,3343.78,1480.8
SALE0004987,2026-02-07,CUST00344,Professional Services,Services,Southeast,1583.47,928.14,655.33
SALE0004988,2024-10-10,CUST00282,Technology Hardware,Manufacturing,West,1884.88,1222.46,662.42
SALE0004989,2025-04-28,CUST00183,Office Equipment,Manufacturing,Midwest,2029.53,1418.87,610.66
SALE0004990,2025-12-05,CUST00197,Office Equipment,Distribution,Midwest,7595.15,3822.4,3772.75
SALE0004991,2025-07-30,CUST00137,Professional Services,Distribution,Southeast,513.06,361.26,151.8
SALE0004992,2025-01-13,CUST00447,Industrial Equipment,Services,Southwest,2724.21,1869.52,854.69
SALE0004993,2025-03-02,CUST00137,Professional Services,Distribution,Southeast,1687.69,911.43,776.26
SALE0004994,2024-09-12,CUST00298,Technology Hardware,Manufacturing,Midwest,2540.36,1451.3,1089.06
SALE0004995,2026-06-18,CUST00486,Maintenance Supplies,Distribution,Southwest,1218.74,709.87,508.87
SALE0004996,2026-01-06,CUST00120,Technology Hardware,Manufacturing,West,1755.7,957.44,798.26
SALE0004997,2025-08-17,CUST00359,Office Equipment,Manufacturing,West,2770.68,1827.6,943.08
SALE0004998,2025-07-18,CUST00383,Safety Equipment,Manufacturing,Midwest,11704.7,8386.04,3318.66
SALE0004999,2024-07-26,CUST00363,Office Equipment,Distribution,West,2936.05,2094.08,841.97
SALE0005000,2024-06-03,CUST00174,Professional Services,Manufacturing,Southeast,1086.98,586.26,500.72
SALE0005001,2025-10-18,CUST00331,Office Equipment,Manufacturing,West,1402.12,823.47,578.65
SALE0005002,2026-08-11,CUST00139,Safety Equipment,Services,Midwest,1377.4,712.64,664.76
SALE0005003,2025-02-24,CUST00257,Office Equipment,Manufacturing,West,615.61,378.33,237.28
SALE0005004,2024-01-27,CUST00052,Office Equipment,Services,West,1483.18,851.18,632.0
SALE0005005,2024-05-30,CUST00241,Safety Equipment,Services,West,2806.51,1512.18,1294.33
SALE0005006,2026-02-09,CUST00280,Manufacturing Components,Distribution,Northeast,841.73,603.37,238.36
SALE0005007,2024-12-28,CUST00345,Manufacturing Components,Manufacturing,Southwest,3391.71,2401.78,989.93
SALE0005008,2026-07-07,CUST00336,Safety Equipment,Services,Southwest,2422.77,1658.35,764.42
SALE0005009,2024-03-31,CUST00012,Professional Services,Manufacturing,Southwest,1163.82,533.92,629.9
SALE0005010,2024-05-13,CUST00242,Packaging Materials,Manufacturing,Northeast,1660.85,936.49,724.36
SALE0005011,2024-10-07,CUST00217,Professional Services,Services,Northeast,4717.31,2881.77,1835.54
SALE0005012,2025-07-23,CUST00198,Maintenance Supplies,Services,Southeast,2807.72,2018.39,789.33
SALE0005013,2024-04-30,CUST00063,Maintenance Supplies,Distribution,Southeast,1817.6,889.8,927.8
SALE0005014,2025-08-29,CUST00401,Professional Services,Distribution,Southeast,1567.74,1066.79,500.95
SALE0005015,2024-11-27,CUST00430,Packaging Materials,Services,West,1893.09,1216.75,676.34
SALE0005016,2026-05-01,CUST00199,Maintenance Supplies,Distribution,Southwest,1330.01,851.01,479.0
SALE0005017,2024-07-29,CUST00098,Manufacturing Components,Distribution,Southeast,511.4,370.84,140.56
SALE0005018,2026-02-05,CUST00441,Maintenance Supplies,Manufacturing,Southeast,6156.76,4489.66,1667.1
SALE0005019,2025-02-08,CUST00135,Manufacturing Components,Services,Northeast,1984.64,1381.7,602.94
SALE0005020,2024-07-04,CUST00360,Office Equipment,Services,Midwest,2295.92,1475.38,820.54
SALE0005021,2025-08-03,CUST00318,Office Equipment,Distribution,Northeast,1746.3,1026.91,719.39
SALE0005022,2025-02-25,CUST00282,Safety Equipment,Manufacturing,Midwest,1163.2,761.41,401.79
SALE0005023,2024-08-13,CUST00017,Manufacturing Components,Distribution,Northeast,1617.19,1018.87,598.32
SALE0005024,2024-06-22,CUST00396,Industrial Equipment,Manufacturing,Southwest,692.54,384.34,308.2
SALE0005025,2026-03-05,CUST00291,Maintenance Supplies,Services,West,7088.66,4717.68,2370.98
SALE0005026,2024-02-04,CUST00042,Safety Equipment,Manufacturing,Southeast,862.03,584.82,277.21
SALE0005027,2024-10-05,CUST00111,Professional Services,Services,Southwest,973.42,721.91,251.51
SALE0005028,2026-05-03,CUST00410,Safety Equipment,Services,Midwest,1388.31,825.5,562.81
SALE0005029,2025-06-30,CUST00145,Industrial Equipment,Services,West,3916.08,2695.71,1220.37
SALE0005030,2026-03-27,CUST00046,Industrial Equipment,Manufacturing,Southwest,1823.85,1199.01,624.84
SALE0005031,2025-05-20,CUST00020,Manufacturing Components,Distribution,West,861.19,542.68,318.51
SALE0005032,2024-04-03,CUST00006,Maintenance Supplies,Services,West,3837.6,1846.34,1991.26
SALE0005033,2025-11-09,CUST00396,Industrial Equipment,Manufacturing,Midwest,2803.43,1814.68,988.75
SALE0005034,2025-11-02,CUST00083,Industrial Equipment,Manufacturing,West,2497.54,1797.45,700.09
SALE0005035,2025-07-29,CUST00214,Office Equipment,Manufacturing,Southwest,2777.87,1942.39,835.48
SALE0005036,2026-07-26,CUST00017,Manufacturing Components,Services,West,7605.43,4664.31,2941.12
SALE0005037,2024-02-10,CUST00074,Manufacturing Components,Manufacturing,Midwest,6708.01,3514.56,3193.45
SALE0005038,2025-05-28,CUST00479,Technology Hardware,Distribution,West,1197.48,860.5,336.98
SALE0005039,2024-09-24,CUST00031,Safety Equipment,Distribution,Southeast,4790.22,3431.94,1358.28
SALE0005040,2024-03-17,CUST00357,Professional Services,Services,Northeast,2275.38,1314.35,961.03
SALE0005041,2025-05-12,CUST00476,Manufacturing Components,Manufacturing,West,2439.28,1710.42,728.86
SALE0005042,2025-01-26,CUST00166,Professional Services,Manufacturing,Northeast,655.0,306.3,348.7
SALE0005043,2026-03-20,CUST00105,Packaging Materials,Services,Northeast,1632.34,977.21,655.13
SALE0005044,2025-08-19,CUST00475,Industrial Equipment,Manufacturing,Midwest,1110.21,726.69,383.52
SALE0005045,2026-07-16,CUST00445,Industrial Equipment,Manufacturing,West,2971.54,1750.77,1220.77
SALE0005046,2025-07-22,CUST00046,Maintenance Supplies,Manufacturing,Northeast,3438.01,2375.33,1062.68
SALE0005047,2024-05-15,CUST00236,Maintenance Supplies,Distribution,Southeast,520.77,365.64,155.13
SALE0005048,2026-07-19,CUST00357,Manufacturing Components,Services,Southeast,1784.3,1062.33,721.97
SALE0005049,2025-03-22,CUST00262,Technology Hardware,Distribution,Southwest,3544.37,2101.57,1442.8
SALE0005050,2024-10-28,CUST00097,Manufacturing Components,Manufacturing,West,1616.46,1144.54,471.92
SALE0005051,2026-03-18,CUST00020,Professional Services,Distribution,West,2800.18,2069.88,730.3
SALE0005052,2024-04-23,CUST00195,Manufacturing Components,Services,Midwest,2232.1,1444.81,787.29
SALE0005053,2024-06-22,CUST00078,Manufacturing Components,Distribution,Midwest,2219.41,1164.86,1054.55
SALE0005054,2026-06-17,CUST00364,Safety Equipment,Manufacturing,Midwest,1536.42,713.46,822.96
SALE0005055,2024-08-11,CUST00211,Office Equipment,Services,Southeast,871.36,478.77,392.59
SALE0005056,2025-02-01,CUST00281,Maintenance Supplies,Distribution,Midwest,922.49,433.5,488.99
SALE0005057,2024-06-20,CUST00090,Professional Services,Services,Midwest,2767.26,2074.07,693.19
SALE0005058,2026-07-03,CUST00072,Technology Hardware,Distribution,Southwest,1829.27,864.36,964.91
SALE0005059,2026-01-07,CUST00479,Professional Services,Services,West,1663.86,1152.42,511.44
SALE0005060,2025-09-03,CUST00142,Technology Hardware,Distribution,Southwest,1402.02,927.35,474.67
SALE0005061,2025-09-11,CUST00292,Safety Equipment,Manufacturing,Northeast,1505.51,804.99,700.52
SALE0005062,2025-01-13,CUST00322,Technology Hardware,Distribution,Southwest,3388.52,1632.56,1755.96
SALE0005063,2024-12-22,CUST00470,Office Equipment,Manufacturing,Midwest,1478.6,1081.93,396.67
SALE0005064,2025-01-07,CUST00152,Packaging Materials,Manufacturing,Southwest,808.65,552.7,255.95
SALE0005065,2025-10-15,CUST00234,Packaging Materials,Distribution,Southwest,2824.79,1885.05,939.74
SALE0005066,2024-05-16,CUST00186,Office Equipment,Distribution,Northeast,1598.9,1084.26,514.64
SALE0005067,2024-09-22,CUST00005,Professional Services,Manufacturing,Northeast,1842.42,1040.66,801.76
SALE0005068,2024-03-25,CUST00335,Maintenance Supplies,Manufacturing,Southeast,4743.58,2553.08,2190.5
SALE0005069,2024-01-06,CUST00194,Office Equipment,Manufacturing,Midwest,1785.87,1332.35,453.52
SALE0005070,2024-02-11,CUST00263,Professional Services,Manufacturing,Northeast,2150.62,1475.83,674.79
SALE0005071,2024-01-04,CUST00417,Office Equipment,Distribution,West,891.27,660.01,231.26
SALE0005072,2025-09-05,CUST00140,Manufacturing Components,Distribution,Southeast,1584.78,741.2,843.58
SALE0005073,2025-07-03,CUST00242,Office Equipment,Manufacturing,Southeast,2606.37,1282.9,1323.47
SALE0005074,2025-05-28,CUST00063,Technology Hardware,Services,Southeast,711.07,473.6,237.47
SALE0005075,2024-05-23,CUST00283,Packaging Materials,Manufacturing,Southeast,2039.6,1058.17,981.43
SALE0005076,2025-07-23,CUST00007,Maintenance Supplies,Distribution,Midwest,1920.76,953.67,967.09
SALE0005077,2026-06-06,CUST00099,Technology Hardware,Services,West,1853.39,920.51,932.88
SALE0005078,2025-09-01,CUST00001,Maintenance Supplies,Manufacturing,Northeast,3368.74,1816.25,1552.49
SALE0005079,2026-01-13,CUST00138,Professional Services,Services,Northeast,2209.81,1492.49,717.32
SALE0005080,2024-08-21,CUST00401,Manufacturing Components,Services,Northeast,4388.94,2466.18,1922.76
SALE0005081,2026-08-16,CUST00342,Industrial Equipment,Distribution,Southeast,996.1,521.84,474.26
SALE0005082,2024-11-22,CUST00484,Professional Services,Manufacturing,Southeast,1961.68,1451.95,509.73
SALE0005083,2026-02-23,CUST00304,Packaging Materials,Manufacturing,Southwest,1902.04,1222.89,679.15
SALE0005084,2024-10-23,CUST00359,Technology Hardware,Distribution,West,951.89,461.95,489.94
SALE0005085,2024-02-11,CUST00238,Safety Equipment,Manufacturing,Southeast,3209.2,2020.64,1188.56
SALE0005086,2026-08-06,CUST00436,Manufacturing Components,Manufacturing,Midwest,7293.98,4464.9,2829.08
SALE0005087,2024-04-14,CUST00466,Technology Hardware,Manufacturing,Midwest,1789.69,1139.35,650.34
SALE0005088,2024-03-20,CUST00447,Packaging Materials,Services,Northeast,2447.97,1551.96,896.01
SALE0005089,2026-08-10,CUST00148,Professional Services,Services,Southwest,1902.09,1230.15,671.94
SALE0005090,2026-03-30,CUST00376,Packaging Materials,Services,Northeast,1178.32,690.78,487.54
SALE0005091,2024-06-28,CUST00262,Safety Equipment,Manufacturing,Southwest,606.4,288.34,318.06
SALE0005092,2024-08-15,CUST00255,Industrial Equipment,Services,Southeast,1183.86,801.24,382.62
SALE0005093,2025-04-20,CUST00396,Manufacturing Components,Services,Southeast,784.33,484.32,300.01
SALE0005094,2024-04-09,CUST00339,Professional Services,Distribution,Southeast,5026.41,2596.52,2429.89
SALE0005095,2026-04-21,CUST00306,Industrial Equipment,Distribution,Midwest,1687.38,1124.05,563.33
SALE0005096,2025-07-19,CUST00177,Professional Services,Distribution,West,1469.16,803.56,665.6
SALE0005097,2025-08-08,CUST00394,Industrial Equipment,Services,Midwest,3082.49,1670.15,1412.34
SALE0005098,2024-07-10,CUST00378,Industrial Equipment,Distribution,West,922.37,574.43,347.94
SALE0005099,2025-03-16,CUST00026,Maintenance Supplies,Distribution,Southeast,1141.25,707.5,433.75
SALE0005100,2025-06-16,CUST00279,Office Equipment,Manufacturing,Southwest,1883.42,1190.93,692.49
SALE0005101,2024-03-09,CUST00199,Technology Hardware,Distribution,Southwest,3351.83,2240.25,1111.58
SALE0005102,2024-09-03,CUST00388,Maintenance Supplies,Distribution,Southwest,2443.07,1270.54,1172.53
SALE0005103,2026-07-04,CUST00205,Technology Hardware,Manufacturing,Southwest,2098.54,971.56,1126.98
SALE0005104,2025-02-28,CUST00115,Office Equipment,Services,West,1894.8,905.66,989.14
SALE0005105,2024-03-11,CUST00461,Industrial Equipment,Manufacturing,Midwest,2298.8,1240.55,1058.25
SALE0005106,2024-08-13,CUST00263,Maintenance Supplies,Manufacturing,Southwest,2040.58,1307.0,733.58
SALE0005107,2026-01-10,CUST00315,Packaging Materials,Services,West,974.59,555.07,419.52
SALE0005108,2026-05-19,CUST00138,Maintenance Supplies,Distribution,Southwest,1858.73,1058.23,800.5
SALE0005109,2026-05-30,CUST00166,Industrial Equipment,Services,Midwest,949.36,686.22,263.14
SALE0005110,2025-11-22,CUST00381,Packaging Materials,Distribution,Southeast,1898.18,959.07,939.11
SALE0005111,2024-08-05,CUST00003,Industrial Equipment,Distribution,Northeast,1355.07,732.34,622.73
SALE0005112,2025-04-10,CUST00158,Manufacturing Components,Services,Midwest,8296.83,5499.4,2797.43
SALE0005113,2024-12-16,CUST00448,Office Equipment,Services,Northeast,1765.28,924.97,840.31
SALE0005114,2024-12-01,CUST00162,Professional Services,Distribution,West,778.57,475.22,303.35
SALE0005115,2026-08-08,CUST00090,Professional Services,Services,Southwest,1668.19,765.1,903.09
SALE0005116,2024-01-16,CUST00085,Technology Hardware,Distribution,Northeast,2469.12,1231.22,1237.9
SALE0005117,2024-09-01,CUST00110,Safety Equipment,Services,Southeast,4934.56,3696.11,1238.45
SALE0005118,2025-09-27,CUST00346,Maintenance Supplies,Distribution,Southeast,1269.44,873.94,395.5
SALE0005119,2026-08-11,CUST00043,Technology Hardware,Services,West,699.62,361.47,338.15
SALE0005120,2026-08-01,CUST00269,Office Equipment,Manufacturing,Northeast,2951.6,2045.84,905.76
SALE0005121,2024-10-13,CUST00425,Packaging Materials,Services,Southwest,789.69,360.16,429.53
SALE0005122,2025-02-05,CUST00452,Manufacturing Components,Distribution,Southeast,1391.74,703.03,688.71
SALE0005123,2024-04-11,CUST00488,Packaging Materials,Services,Southeast,1549.1,922.66,626.44
SALE0005124,2026-04-29,CUST00155,Manufacturing Components,Distribution,Southwest,1734.06,848.49,885.57
SALE0005125,2025-07-08,CUST00091,Manufacturing Components,Distribution,Southeast,2733.94,1991.08,742.86
SALE0005126,2025-08-27,CUST00208,Office Equipment,Services,Southeast,1199.69,603.24,596.45
SALE0005127,2025-05-01,CUST00428,Industrial Equipment,Distribution,Southeast,1534.2,1085.49,448.71
SALE0005128,2024-05-09,CUST00385,Industrial Equipment,Manufacturing,Northeast,1792.63,1247.35,545.28
SALE0005129,2026-05-09,CUST00081,Industrial Equipment,Distribution,West,1977.84,1026.87,950.97
SALE0005130,2026-03-09,CUST00184,Industrial Equipment,Manufacturing,Southeast,1917.34,1402.12,515.22
SALE0005131,2024-02-16,CUST00344,Industrial Equipment,Manufacturing,West,2348.67,1351.42,997.25
SALE0005132,2024-09-02,CUST00109,Technology Hardware,Services,Southeast,2999.81,1928.57,1071.24
SALE0005133,2025-05-16,CUST00044,Industrial Equipment,Manufacturing,Northeast,2288.34,1444.53,843.81
SALE0005134,2025-10-23,CUST00363,Technology Hardware,Distribution,Northeast,2373.57,1083.54,1290.03
SALE0005135,2025-01-20,CUST00431,Technology Hardware,Distribution,Midwest,699.71,345.56,354.15
SALE0005136,2025-12-17,CUST00264,Technology Hardware,Distribution,West,1863.36,1113.67,749.69
SALE0005137,2024-11-12,CUST00231,Packaging Materials,Manufacturing,Northeast,2410.78,1086.63,1324.15
SALE0005138,2024-10-19,CUST00177,Safety Equipment,Manufacturing,Southeast,2799.97,1926.87,873.1
SALE0005139,2024-03-25,CUST00334,Professional Services,Distribution,West,1193.43,881.6,311.83
SALE0005140,2026-02-25,CUST00170,Office Equipment,Distribution,Southwest,1217.53,575.45,642.08
SALE0005141,2026-01-21,CUST00126,Professional Services,Manufacturing,Northeast,1281.18,687.2,593.98
SALE0005142,2025-09-21,CUST00388,Technology Hardware,Manufacturing,West,2494.51,1343.82,1150.69
SALE0005143,2025-12-17,CUST00472,Manufacturing Components,Services,Southwest,3362.13,2433.28,928.85
SALE0005144,2025-05-25,CUST00216,Office Equipment,Distribution,Northeast,1415.9,818.92,596.98
SALE0005145,2024-12-18,CUST00242,Office Equipment,Manufacturing,Southeast,3117.47,1568.21,1549.26
SALE0005146,2024-01-28,CUST00082,Manufacturing Components,Services,Midwest,1947.08,1334.0,613.08
SALE0005147,2025-05-03,CUST00209,Manufacturing Components,Services,West,1678.12,1030.75,647.37
SALE0005148,2024-03-02,CUST00126,Manufacturing Components,Services,Northeast,1592.67,791.18,801.49
SALE0005149,2025-02-04,CUST00281,Professional Services,Manufacturing,Southwest,2829.82,1679.61,1150.21
SALE0005150,2025-10-06,CUST00324,Office Equipment,Manufacturing,Midwest,2198.1,1533.77,664.33
SALE0005151,2024-09-08,CUST00102,Professional Services,Manufacturing,West,7083.3,3475.39,3607.91
SALE0005152,2024-12-30,CUST00037,Packaging Materials,Distribution,West,1084.27,678.46,405.81
SALE0005153,2026-01-07,CUST00263,Technology Hardware,Distribution,Southeast,2467.25,1320.83,1146.42
SALE0005154,2026-07-22,CUST00043,Maintenance Supplies,Manufacturing,West,1316.17,788.9,527.27
SALE0005155,2024-11-15,CUST00021,Industrial Equipment,Services,Southeast,1073.23,544.95,528.28
SALE0005156,2025-04-09,CUST00396,Safety Equipment,Services,West,1796.29,1255.7,540.59
SALE0005157,2025-08-01,CUST00077,Safety Equipment,Services,Northeast,1963.36,1418.25,545.11
SALE0005158,2024-07-31,CUST00224,Technology Hardware,Services,West,10413.98,5133.68,5280.3
SALE0005159,2026-05-21,CUST00314,Safety Equipment,Manufacturing,Southwest,1618.92,913.12,705.8
SALE0005160,2026-02-12,CUST00366,Maintenance Supplies,Manufacturing,Southwest,917.72,678.5,239.22
SALE0005161,2025-11-05,CUST00411,Professional Services,Distribution,Midwest,2129.85,1312.25,817.6
SALE0005162,2025-08-06,CUST00175,Safety Equipment,Services,Southeast,520.72,245.51,275.21
SALE0005163,2024-02-12,CUST00399,Maintenance Supplies,Services,Northeast,1710.99,818.32,892.67
SALE0005164,2026-04-14,CUST00181,Packaging Materials,Services,Southwest,1825.51,1033.88,791.63
SALE0005165,2025-02-06,CUST00221,Professional Services,Manufacturing,Midwest,2912.48,1566.48,1346.0
SALE0005166,2024-03-06,CUST00250,Packaging Materials,Distribution,Midwest,3242.74,2242.82,999.92
SALE0005167,2026-08-23,CUST00493,Safety Equipment,Distribution,Midwest,1336.57,739.96,596.61
SALE0005168,2025-11-19,CUST00477,Office Equipment,Services,Southwest,1651.82,937.7,714.12
SALE0005169,2025-02-24,CUST00226,Maintenance Supplies,Services,Southwest,1141.76,602.91,538.85
SALE0005170,2024-06-12,CUST00417,Maintenance Supplies,Services,Midwest,918.89,458.9,459.99
SALE0005171,2026-04-30,CUST00158,Office Equipment,Services,Southeast,2177.51,1058.47,1119.04
SALE0005172,2024-11-18,CUST00212,Packaging Materials,Services,Southwest,842.06,380.4,461.66
SALE0005173,2024-11-30,CUST00476,Technology Hardware,Manufacturing,Southeast,1409.83,796.45,613.38
SALE0005174,2026-04-18,CUST00444,Office Equipment,Manufacturing,Southwest,995.15,648.49,346.66
SALE0005175,2026-06-15,CUST00253,Packaging Materials,Services,Southeast,2514.45,1446.73,1067.72
SALE0005176,2026-01-27,CUST00012,Professional Services,Services,Southeast,5328.68,2908.78,2419.9
SALE0005177,2024-09-20,CUST00138,Packaging Materials,Manufacturing,Southeast,828.03,542.73,285.3
SALE0005178,2025-08-12,CUST00224,Technology Hardware,Manufacturing,Southeast,594.78,287.32,307.46
SALE0005179,2024-05-30,CUST00150,Professional Services,Distribution,West,1677.51,1151.15,526.36
SALE0005180,2026-05-27,CUST00438,Industrial Equipment,Distribution,Midwest,1825.15,1198.89,626.26
SALE0005181,2025-05-19,CUST00238,Packaging Materials,Distribution,Northeast,2061.51,1374.85,686.66
SALE0005182,2026-06-03,CUST00358,Industrial Equipment,Distribution,Northeast,1383.27,838.16,545.11
SALE0005183,2024-07-27,CUST00313,Packaging Materials,Manufacturing,Midwest,1602.97,832.03,770.94
SALE0005184,2025-04-08,CUST00431,Packaging Materials,Manufacturing,Southeast,2254.1,1389.99,864.11
SALE0005185,2025-03-31,CUST00451,Packaging Materials,Services,Northeast,3375.36,2172.15,1203.21
SALE0005186,2026-08-06,CUST00361,Maintenance Supplies,Distribution,Northeast,559.46,346.99,212.47
SALE0005187,2026-01-04,CUST00250,Office Equipment,Services,Southwest,1449.01,1053.08,395.93
SALE0005188,2024-01-13,CUST00209,Safety Equipment,Services,Southeast,2055.52,1168.82,886.7
SALE0005189,2026-05-19,CUST00414,Office Equipment,Manufacturing,Northeast,1042.33,738.87,303.46
SALE0005190,2024-04-25,CUST00071,Packaging Materials,Manufacturing,Northeast,5108.71,2402.16,2706.55
SALE0005191,2026-07-01,CUST00347,Maintenance Supplies,Services,Midwest,1234.91,884.73,350.18
SALE0005192,2024-05-09,CUST00130,Safety Equipment,Manufacturing,Southeast,1763.8,998.86,764.94
SALE0005193,2025-03-09,CUST00346,Office Equipment,Manufacturing,West,2524.03,1778.77,745.26
SALE0005194,2024-06-19,CUST00354,Office Equipment,Distribution,Northeast,1268.04,927.64,340.4
SALE0005195,2025-12-15,CUST00005,Technology Hardware,Services,Midwest,597.08,305.74,291.34
SALE0005196,2025-09-13,CUST00457,Office Equipment,Services,Southeast,1398.01,1013.85,384.16
SALE0005197,2024-01-25,CUST00190,Office Equipment,Distribution,West,3353.18,2074.57,1278.61
SALE0005198,2026-01-02,CUST00059,Safety Equipment,Manufacturing,Midwest,1477.14,1034.27,442.87
SALE0005199,2025-09-28,CUST00444,Manufacturing Components,Services,Southeast,1088.05,610.26,477.79
SALE0005200,2025-01-18,CUST00335,Industrial Equipment,Manufacturing,Northeast,3150.77,1465.03,1685.74
SALE0005201,2026-07-09,CUST00201,Manufacturing Components,Distribution,Midwest,1482.57,814.73,667.84
SALE0005202,2026-03-16,CUST00367,Industrial Equipment,Services,Northeast,1331.29,958.38,372.91
SALE0005203,2024-08-09,CUST00376,Industrial Equipment,Distribution,Midwest,1977.67,1454.57,523.1
SALE0005204,2025-10-15,CUST00145,Industrial Equipment,Distribution,Southeast,2871.1,1350.68,1520.42
SALE0005205,2024-03-06,CUST00198,Technology Hardware,Manufacturing,Southeast,7547.93,4185.87,3362.06
SALE0005206,2026-05-03,CUST00268,Manufacturing Components,Distribution,West,2970.07,1630.72,1339.35
SALE0005207,2025-10-23,CUST00159,Professional Services,Distribution,Midwest,3626.07,1868.05,1758.02
SALE0005208,2025-06-01,CUST00022,Industrial Equipment,Manufacturing,Southwest,1334.64,620.58,714.06
SALE0005209,2025-06-12,CUST00196,Maintenance Supplies,Distribution,Northeast,976.99,712.64,264.35
SALE0005210,2025-05-13,CUST00231,Maintenance Supplies,Manufacturing,Northeast,1876.94,1318.06,558.88
SALE0005211,2026-08-07,CUST00080,Professional Services,Services,Northeast,1928.12,1219.46,708.66
SALE0005212,2025-02-18,CUST00270,Safety Equipment,Distribution,Northeast,946.61,680.84,265.77
SALE0005213,2025-03-22,CUST00188,Office Equipment,Distribution,West,1627.54,778.0,849.54
SALE0005214,2025-03-08,CUST00292,Professional Services,Distribution,Southwest,2297.53,1111.65,1185.88
SALE0005215,2024-12-30,CUST00365,Safety Equipment,Services,Southeast,2244.5,1399.99,844.51
SALE0005216,2024-06-12,CUST00244,Industrial Equipment,Services,Midwest,2446.89,1404.87,1042.02
SALE0005217,2026-06-04,CUST00497,Safety Equipment,Distribution,Southeast,2152.92,986.95,1165.97
SALE0005218,2024-09-18,CUST00277,Manufacturing Components,Services,Midwest,1333.81,742.88,590.93
SALE0005219,2025-03-08,CUST00362,Packaging Materials,Services,Midwest,1328.31,728.11,600.2
SALE0005220,2024-09-09,CUST00123,Safety Equipment,Services,West,880.62,492.64,387.98
SALE0005221,2026-02-27,CUST00084,Maintenance Supplies,Manufacturing,Southwest,5275.69,3578.63,1697.06
SALE0005222,2025-02-13,CUST00049,Professional Services,Services,Southwest,1822.69,1180.81,641.88
SALE0005223,2024-12-09,CUST00035,Technology Hardware,Services,Midwest,1579.85,976.14,603.71
SALE0005224,2026-08-09,CUST00281,Professional Services,Services,Southeast,1035.59,598.15,437.44
SALE0005225,2024-01-05,CUST00398,Safety Equipment,Manufacturing,Southeast,10523.8,7308.11,3215.69
SALE0005226,2026-03-18,CUST00105,Packaging Materials,Distribution,Southeast,949.56,574.13,375.43
SALE0005227,2025-05-05,CUST00221,Safety Equipment,Distribution,Midwest,1397.85,945.21,452.64
SALE0005228,2024-03-12,CUST00416,Industrial Equipment,Manufacturing,Midwest,2320.42,1488.3,832.12
SALE0005229,2024-05-08,CUST00190,Maintenance Supplies,Distribution,Northeast,2591.85,1846.53,745.32
SALE0005230,2024-09-01,CUST00279,Professional Services,Manufacturing,Northeast,3212.35,1449.82,1762.53
SALE0005231,2025-07-02,CUST00474,Professional Services,Manufacturing,Northeast,5348.47,3876.73,1471.74
SALE0005232,2025-10-16,CUST00425,Safety Equipment,Services,Southeast,2449.64,1437.95,1011.69
SALE0005233,2026-08-30,CUST00244,Professional Services,Distribution,Northeast,959.47,571.01,388.46
SALE0005234,2024-05-03,CUST00257,Maintenance Supplies,Manufacturing,Midwest,1549.73,1105.96,443.77
SALE0005235,2024-05-11,CUST00247,Office Equipment,Manufacturing,Northeast,2174.82,1431.01,743.81
SALE0005236,2026-03-09,CUST00005,Professional Services,Manufacturing,Southeast,6253.74,3944.62,2309.12
SALE0005237,2024-03-15,CUST00073,Maintenance Supplies,Manufacturing,Southeast,781.58,362.98,418.6
SALE0005238,2024-10-29,CUST00251,Safety Equipment,Services,Northeast,3720.25,2427.61,1292.64
SALE0005239,2024-12-23,CUST00248,Professional Services,Distribution,Northeast,2014.14,1352.81,661.33
SALE0005240,2026-02-14,CUST00476,Office Equipment,Manufacturing,West,2989.01,1900.15,1088.86
SALE0005241,2025-08-19,CUST00056,Office Equipment,Distribution,West,1700.71,1087.21,613.5
SALE0005242,2025-03-20,CUST00205,Office Equipment,Distribution,Southwest,1090.66,605.27,485.39
SALE0005243,2024-10-30,CUST00313,Office Equipment,Services,Southeast,2837.06,1311.31,1525.75
SALE0005244,2024-07-18,CUST00137,Industrial Equipment,Manufacturing,West,2677.55,1435.89,1241.66
SALE0005245,2025-12-31,CUST00083,Maintenance Supplies,Manufacturing,Southwest,3239.69,1814.21,1425.48
SALE0005246,2025-11-29,CUST00101,Professional Services,Services,Southeast,1793.67,1190.63,603.04
SALE0005247,2025-12-12,CUST00429,Manufacturing Components,Services,Northeast,1261.56,636.7,624.86
SALE0005248,2026-02-17,CUST00320,Industrial Equipment,Distribution,Northeast,709.62,374.33,335.29
SALE0005249,2025-01-05,CUST00245,Safety Equipment,Distribution,Northeast,2956.09,1945.06,1011.03
SALE0005250,2026-02-19,CUST00253,Manufacturing Components,Manufacturing,Midwest,2331.66,1129.0,1202.66
SALE0005251,2024-02-08,CUST00050,Industrial Equipment,Manufacturing,Southwest,1012.86,682.23,330.63
SALE0005252,2025-12-26,CUST00078,Office Equipment,Manufacturing,Northeast,1308.79,914.37,394.42
SALE0005253,2025-05-31,CUST00206,Technology Hardware,Services,West,1366.41,628.29,738.12
SALE0005254,2026-01-04,CUST00134,Professional Services,Distribution,West,742.64,380.74,361.9
SALE0005255,2025-04-11,CUST00471,Safety Equipment,Manufacturing,Midwest,1106.98,784.91,322.07
SALE0005256,2024-10-22,CUST00366,Safety Equipment,Distribution,Southwest,915.71,551.51,364.2
SALE0005257,2026-07-04,CUST00096,Manufacturing Components,Distribution,West,1411.65,673.04,738.61
SALE0005258,2025-02-16,CUST00047,Maintenance Supplies,Distribution,Southeast,1160.7,686.67,474.03
SALE0005259,2026-07-06,CUST00474,Office Equipment,Services,Southwest,681.16,451.79,229.37
SALE0005260,2026-05-23,CUST00426,Safety Equipment,Manufacturing,Northeast,6084.83,3255.93,2828.9
SALE0005261,2026-06-16,CUST00483,Professional Services,Services,Southeast,3833.47,1963.89,1869.58
SALE0005262,2026-04-16,CUST00217,Technology Hardware,Manufacturing,West,1132.96,733.27,399.69
SALE0005263,2024-05-25,CUST00276,Technology Hardware,Distribution,West,2129.1,1156.34,972.76
SALE0005264,2026-07-12,CUST00369,Professional Services,Services,Southeast,2322.68,1161.19,1161.49
SALE0005265,2024-10-24,CUST00416,Industrial Equipment,Services,Southeast,3694.69,1665.51,2029.18
SALE0005266,2024-01-22,CUST00341,Industrial Equipment,Manufacturing,Midwest,1106.37,679.12,427.25
SALE0005267,2025-11-13,CUST00405,Industrial Equipment,Distribution,Northeast,3481.66,2346.24,1135.42
SALE0005268,2025-08-26,CUST00393,Technology Hardware,Distribution,Southeast,1301.48,595.07,706.41
SALE0005269,2026-04-23,CUST00450,Manufacturing Components,Distribution,Southeast,811.17,399.88,411.29
SALE0005270,2026-01-17,CUST00331,Safety Equipment,Manufacturing,Midwest,2791.91,1304.12,1487.79
SALE0005271,2026-07-09,CUST00336,Safety Equipment,Distribution,West,3922.38,2260.24,1662.14
SALE0005272,2025-12-30,CUST00460,Safety Equipment,Manufacturing,Northeast,8541.96,5798.18,2743.78
SALE0005273,2026-07-17,CUST00370,Industrial Equipment,Services,Northeast,880.21,411.47,468.74
SALE0005274,2025-06-22,CUST00302,Safety Equipment,Manufacturing,West,2749.99,1914.62,835.37
SALE0005275,2025-03-30,CUST00373,Industrial Equipment,Distribution,West,1413.92,857.28,556.64
SALE0005276,2024-02-15,CUST00330,Safety Equipment,Distribution,Midwest,2892.9,1452.37,1440.53
SALE0005277,2024-03-07,CUST00451,Packaging Materials,Services,Northeast,748.23,411.92,336.31
SALE0005278,2025-09-28,CUST00026,Maintenance Supplies,Services,Southeast,847.54,569.44,278.1
SALE0005279,2025-10-10,CUST00218,Manufacturing Components,Manufacturing,Southwest,1135.1,661.81,473.29
SALE0005280,2025-02-07,CUST00470,Industrial Equipment,Services,Northeast,1895.77,950.0,945.77
SALE0005281,2024-05-23,CUST00346,Office Equipment,Services,Northeast,1230.72,917.52,313.2
SALE0005282,2024-12-23,CUST00443,Maintenance Supplies,Distribution,Midwest,2684.99,1895.37,789.62
SALE0005283,2026-02-26,CUST00002,Technology Hardware,Services,Southeast,3348.06,1966.65,1381.41
SALE0005284,2024-03-16,CUST00442,Manufacturing Components,Manufacturing,Midwest,2590.86,1938.1,652.76
SALE0005285,2025-11-28,CUST00109,Safety Equipment,Manufacturing,West,4775.59,2934.81,1840.78
SALE0005286,2025-03-19,CUST00104,Professional Services,Services,West,2320.4,1390.29,930.11
SALE0005287,2024-10-24,CUST00049,Manufacturing Components,Services,Midwest,871.19,647.83,223.36
SALE0005288,2024-05-23,CUST00311,Safety Equipment,Distribution,Southwest,4097.06,2663.83,1433.23
SALE0005289,2026-01-21,CUST00332,Industrial Equipment,Services,Northeast,1257.53,891.66,365.87
SALE0005290,2025-02-19,CUST00219,Professional Services,Services,Northeast,3122.07,2165.74,956.33
SALE0005291,2025-06-05,CUST00204,Packaging Materials,Services,West,4648.22,2782.29,1865.93
SALE0005292,2025-07-09,CUST00111,Office Equipment,Manufacturing,Southwest,2377.99,1648.3,729.69
SALE0005293,2025-07-11,CUST00341,Technology Hardware,Manufacturing,Northeast,736.79,447.81,288.98
SALE0005294,2026-01-16,CUST00451,Packaging Materials,Distribution,Southwest,1042.18,673.69,368.49
SALE0005295,2024-06-25,CUST00095,Office Equipment,Distribution,Southwest,3998.39,2509.54,1488.85
SALE0005296,2025-03-30,CUST00354,Industrial Equipment,Services,Southeast,1633.58,987.36,646.22
SALE0005297,2025-04-03,CUST00044,Office Equipment,Distribution,Southeast,1896.46,1219.56,676.9
SALE0005298,2024-07-10,CUST00329,Industrial Equipment,Distribution,Midwest,2850.63,1753.39,1097.24
SALE0005299,2025-08-17,CUST00414,Technology Hardware,Services,West,2745.71,1716.4,1029.31
SALE0005300,2024-04-18,CUST00175,Professional Services,Distribution,Southwest,2137.26,1048.7,1088.56
SALE0005301,2024-06-04,CUST00499,Professional Services,Distribution,Midwest,1595.27,925.5,669.77
SALE0005302,2024-01-26,CUST00097,Technology Hardware,Services,West,1498.77,921.31,577.46
SALE0005303,2024-01-26,CUST00474,Manufacturing Components,Services,Midwest,3025.22,1649.13,1376.09
SALE0005304,2024-05-07,CUST00056,Office Equipment,Distribution,Southwest,2520.32,1718.76,801.56
SALE0005305,2025-07-18,CUST00293,Manufacturing Components,Manufacturing,West,1549.4,968.09,581.31
SALE0005306,2026-08-29,CUST00445,Office Equipment,Distribution,Northeast,3460.84,2453.36,1007.48
SALE0005307,2025-07-01,CUST00042,Manufacturing Components,Distribution,West,1673.34,1020.51,652.83
SALE0005308,2025-03-14,CUST00447,Technology Hardware,Manufacturing,Northeast,1084.64,500.9,583.74
SALE0005309,2026-01-05,CUST00135,Maintenance Supplies,Services,Southeast,1146.67,723.6,423.07
SALE0005310,2025-06-19,CUST00288,Professional Services,Distribution,Southwest,1005.01,738.05,266.96
SALE0005311,2024-02-20,CUST00329,Industrial Equipment,Manufacturing,West,1535.41,979.5,555.91
SALE0005312,2024-07-19,CUST00053,Packaging Materials,Distribution,Northeast,3790.43,1726.18,2064.25
SALE0005313,2024-03-06,CUST00201,Industrial Equipment,Distribution,Midwest,1115.37,717.32,398.05
SALE0005314,2024-06-24,CUST00497,Industrial Equipment,Distribution,West,2024.52,1258.21,766.31
SALE0005315,2024-12-18,CUST00093,Packaging Materials,Manufacturing,Southeast,1219.24,603.24,616.0
SALE0005316,2025-02-21,CUST00421,Manufacturing Components,Services,West,1546.6,976.55,570.05
SALE0005317,2024-01-17,CUST00454,Industrial Equipment,Manufacturing,Southwest,730.68,413.08,317.6
SALE0005318,2025-10-16,CUST00482,Packaging Materials,Distribution,Southeast,1583.95,805.71,778.24
SALE0005319,2026-07-15,CUST00364,Office Equipment,Manufacturing,Midwest,1609.66,910.21,699.45
SALE0005320,2025-12-19,CUST00232,Technology Hardware,Manufacturing,Southwest,2500.32,1728.92,771.4
SALE0005321,2026-08-25,CUST00326,Maintenance Supplies,Manufacturing,Midwest,2067.24,1421.81,645.43
SALE0005322,2025-05-21,CUST00354,Manufacturing Components,Services,Midwest,880.92,630.07,250.85
SALE0005323,2024-11-08,CUST00340,Technology Hardware,Distribution,Southwest,3465.18,1965.83,1499.35
SALE0005324,2024-09-18,CUST00195,Professional Services,Manufacturing,Midwest,2051.2,953.62,1097.58
SALE0005325,2025-10-23,CUST00482,Technology Hardware,Manufacturing,Midwest,2036.6,1102.16,934.44
SALE0005326,2024-12-04,CUST00144,Office Equipment,Services,Southwest,1798.11,1200.0,598.11
SALE0005327,2026-07-06,CUST00275,Office Equipment,Distribution,West,1325.24,814.61,510.63
SALE0005328,2024-07-22,CUST00447,Maintenance Supplies,Services,Southeast,2060.45,1339.04,721.41
SALE0005329,2026-03-16,CUST00380,Safety Equipment,Services,Midwest,2405.12,1296.36,1108.76
SALE0005330,2025-11-01,CUST00220,Packaging Materials,Distribution,Southwest,633.88,389.27,244.61
SALE0005331,2024-08-09,CUST00201,Maintenance Supplies,Services,Midwest,1308.64,759.34,549.3
SALE0005332,2024-09-03,CUST00441,Professional Services,Distribution,Midwest,1551.58,770.01,781.57
SALE0005333,2025-06-21,CUST00474,Maintenance Supplies,Manufacturing,Southeast,2108.44,1246.72,861.72
SALE0005334,2026-03-02,CUST00210,Safety Equipment,Services,Midwest,3699.62,2645.77,1053.85
SALE0005335,2024-11-03,CUST00500,Office Equipment,Services,Midwest,1137.92,595.31,542.61
SALE0005336,2026-06-06,CUST00183,Industrial Equipment,Services,Midwest,1341.07,818.95,522.12
SALE0005337,2024-11-22,CUST00185,Industrial Equipment,Services,Southeast,1329.4,917.17,412.23
SALE0005338,2025-06-28,CUST00238,Packaging Materials,Services,Northeast,1117.76,593.24,524.52
SALE0005339,2024-02-22,CUST00144,Packaging Materials,Services,Southeast,1468.05,862.28,605.77
SALE0005340,2025-08-03,CUST00240,Professional Services,Manufacturing,Southwest,2871.19,1331.38,1539.81
SALE0005341,2026-07-17,CUST00498,Technology Hardware,Distribution,Midwest,960.74,473.23,487.51
SALE0005342,2025-11-13,CUST00352,Industrial Equipment,Manufacturing,West,2337.15,1492.66,844.49
SALE0005343,2026-08-05,CUST00216,Packaging Materials,Distribution,West,651.23,298.64,352.59
SALE0005344,2024-12-25,CUST00020,Packaging Materials,Services,Northeast,1291.03,623.54,667.49
SALE0005345,2024-11-03,CUST00012,Packaging Materials,Services,Northeast,1483.72,1109.43,374.29
SALE0005346,2024-11-15,CUST00117,Manufacturing Components,Manufacturing,Southwest,4938.99,2533.28,2405.71
SALE0005347,2025-09-02,CUST00351,Safety Equipment,Manufacturing,Southwest,1533.21,811.75,721.46
SALE0005348,2025-09-27,CUST00389,Technology Hardware,Manufacturing,Northeast,482.63,341.48,141.15
SALE0005349,2026-03-27,CUST00464,Manufacturing Components,Manufacturing,Southeast,544.94,363.18,181.76
SALE0005350,2024-09-01,CUST00295,Industrial Equipment,Distribution,Southeast,1845.34,1194.02,651.32
SALE0005351,2025-02-14,CUST00454,Professional Services,Distribution,Southeast,2613.02,1456.47,1156.55
SALE0005352,2025-07-18,CUST00346,Office Equipment,Manufacturing,Midwest,2264.87,1314.17,950.7
SALE0005353,2024-04-23,CUST00269,Technology Hardware,Distribution,Southeast,1999.28,1314.67,684.61
SALE0005354,2025-06-25,CUST00367,Technology Hardware,Distribution,Midwest,3631.34,1843.75,1787.59
SALE0005355,2024-12-16,CUST00133,Office Equipment,Manufacturing,West,1307.99,963.16,344.83
SALE0005356,2026-04-23,CUST00042,Safety Equipment,Distribution,Northeast,3093.15,2235.29,857.86
SALE0005357,2024-03-21,CUST00462,Maintenance Supplies,Distribution,Midwest,679.12,402.71,276.41
SALE0005358,2024-11-16,CUST00113,Professional Services,Services,Northeast,1050.51,710.92,339.59
SALE0005359,2026-08-03,CUST00070,Professional Services,Manufacturing,West,611.41,415.43,195.98
SALE0005360,2026-05-15,CUST00234,Safety Equipment,Manufacturing,Southwest,1533.17,739.44,793.73
SALE0005361,2024-09-13,CUST00432,Packaging Materials,Manufacturing,Midwest,1758.55,994.6,763.95
SALE0005362,2026-04-30,CUST00494,Office Equipment,Services,Southeast,1936.16,1147.54,788.62
SALE0005363,2026-02-18,CUST00453,Manufacturing Components,Manufacturing,Southwest,1876.44,1083.87,792.57
SALE0005364,2024-01-30,CUST00270,Manufacturing Components,Services,Southwest,1036.36,626.07,410.29
SALE0005365,2025-02-05,CUST00302,Industrial Equipment,Distribution,West,1613.01,803.17,809.84
SALE0005366,2024-08-27,CUST00427,Office Equipment,Manufacturing,Northeast,736.22,349.82,386.4
SALE0005367,2026-03-20,CUST00473,Technology Hardware,Manufacturing,Southwest,4096.7,2880.9,1215.8
SALE0005368,2026-02-01,CUST00031,Maintenance Supplies,Distribution,Northeast,1506.92,901.47,605.45
SALE0005369,2025-12-30,CUST00316,Packaging Materials,Manufacturing,Southwest,1348.39,740.24,608.15
SALE0005370,2025-03-27,CUST00412,Manufacturing Components,Manufacturing,Southeast,4690.83,2431.11,2259.72
SALE0005371,2024-10-14,CUST00424,Industrial Equipment,Distribution,West,858.04,587.32,270.72
SALE0005372,2024-12-18,CUST00047,Maintenance Supplies,Services,Southeast,920.25,648.83,271.42
SALE0005373,2024-02-28,CUST00312,Safety Equipment,Distribution,Midwest,936.61,462.29,474.32
SALE0005374,2025-01-10,CUST00348,Packaging Materials,Services,Southeast,1735.89,805.21,930.68
SALE0005375,2026-03-15,CUST00055,Safety Equipment,Distribution,Southeast,2342.51,1561.76,780.75
SALE0005376,2025-04-27,CUST00190,Professional Services,Distribution,Southwest,2818.06,1574.01,1244.05
SALE0005377,2024-07-08,CUST00033,Manufacturing Components,Services,Midwest,8460.78,5346.48,3114.3
SALE0005378,2024-10-26,CUST00384,Maintenance Supplies,Services,Midwest,468.88,294.05,174.83
SALE0005379,2024-07-17,CUST00267,Safety Equipment,Services,Midwest,2605.14,1872.03,733.11
SALE0005380,2024-09-11,CUST00315,Technology Hardware,Manufacturing,Northeast,1294.3,751.68,542.62
SALE0005381,2026-06-26,CUST00335,Packaging Materials,Services,West,1271.75,586.84,684.91
SALE0005382,2025-05-10,CUST00348,Manufacturing Components,Distribution,Northeast,1246.55,741.81,504.74
SALE0005383,2025-02-21,CUST00300,Manufacturing Components,Services,Southwest,1048.1,517.89,530.21
SALE0005384,2025-09-11,CUST00463,Technology Hardware,Manufacturing,Southwest,4967.71,2424.0,2543.71
SALE0005385,2024-08-06,CUST00261,Manufacturing Components,Distribution,Southeast,2997.03,2119.41,877.62
SALE0005386,2025-12-02,CUST00381,Industrial Equipment,Services,West,1833.38,1162.94,670.44
SALE0005387,2025-05-15,CUST00317,Packaging Materials,Manufacturing,Northeast,4066.79,2108.94,1957.85
SALE0005388,2025-08-30,CUST00204,Manufacturing Components,Distribution,Southwest,729.59,448.69,280.9
SALE0005389,2024-08-11,CUST00223,Professional Services,Manufacturing,Northeast,813.69,532.01,281.68
SALE0005390,2025-01-02,CUST00264,Professional Services,Distribution,Northeast,489.42,240.34,249.08
SALE0005391,2025-03-28,CUST00178,Manufacturing Components,Distribution,Southeast,1188.39,764.18,424.21
SALE0005392,2024-02-27,CUST00163,Industrial Equipment,Manufacturing,Southeast,1992.25,1048.5,943.75
SALE0005393,2024-01-07,CUST00331,Office Equipment,Services,West,1923.14,940.95,982.19
SALE0005394,2024-09-06,CUST00285,Industrial Equipment,Manufacturing,Midwest,1977.53,1222.39,755.14
SALE0005395,2025-10-15,CUST00029,Packaging Materials,Services,Midwest,775.39,429.46,345.93
SALE0005396,2025-05-30,CUST00390,Office Equipment,Manufacturing,Southeast,2927.47,1668.45,1259.02
SALE0005397,2025-10-26,CUST00140,Industrial Equipment,Services,Southeast,2087.61,1427.37,660.24
SALE0005398,2024-10-06,CUST00354,Professional Services,Services,Midwest,2806.89,1606.74,1200.15
SALE0005399,2024-10-31,CUST00275,Packaging Materials,Manufacturing,Southwest,580.76,370.31,210.45
SALE0005400,2025-07-08,CUST00023,Manufacturing Components,Manufacturing,West,2179.6,1311.02,868.58
SALE0005401,2025-11-11,CUST00089,Manufacturing Components,Manufacturing,Midwest,886.55,434.1,452.45
SALE0005402,2024-04-12,CUST00144,Office Equipment,Manufacturing,Northeast,1424.54,745.18,679.36
SALE0005403,2025-07-12,CUST00077,Industrial Equipment,Manufacturing,Southeast,2491.45,1353.23,1138.22
SALE0005404,2025-07-02,CUST00087,Technology Hardware,Manufacturing,Southeast,1909.61,1236.01,673.6
SALE0005405,2024-02-02,CUST00379,Safety Equipment,Services,Northeast,1084.72,739.0,345.72
SALE0005406,2026-06-21,CUST00199,Manufacturing Components,Services,Southwest,1814.86,1226.26,588.6
SALE0005407,2024-08-15,CUST00005,Safety Equipment,Services,West,721.32,414.47,306.85
SALE0005408,2025-11-23,CUST00045,Professional Services,Manufacturing,Southwest,3605.3,2344.42,1260.88
SALE0005409,2025-09-06,CUST00384,Maintenance Supplies,Services,Southwest,1598.51,725.39,873.12
SALE0005410,2025-03-14,CUST00024,Industrial Equipment,Manufacturing,Midwest,3537.34,2103.45,1433.89
SALE0005411,2024-05-12,CUST00358,Manufacturing Components,Manufacturing,Southwest,1318.28,625.18,693.1
SALE0005412,2026-07-24,CUST00059,Office Equipment,Manufacturing,Midwest,1320.62,597.78,722.84
SALE0005413,2025-07-28,CUST00407,Industrial Equipment,Services,West,1143.09,639.62,503.47
SALE0005414,2026-05-08,CUST00054,Packaging Materials,Manufacturing,Southwest,3058.57,1933.01,1125.56
SALE0005415,2024-01-07,CUST00042,Manufacturing Components,Services,Northeast,1181.27,719.07,462.2
SALE0005416,2025-09-29,CUST00330,Maintenance Supplies,Distribution,Midwest,2661.8,1409.29,1252.51
SALE0005417,2026-08-15,CUST00311,Professional Services,Manufacturing,West,1437.31,803.47,633.84
SALE0005418,2025-02-08,CUST00200,Manufacturing Components,Services,Southeast,552.48,305.65,246.83
SALE0005419,2025-04-09,CUST00041,Safety Equipment,Distribution,Southwest,1284.1,742.64,541.46
SALE0005420,2026-01-21,CUST00060,Office Equipment,Manufacturing,Southwest,891.17,583.99,307.18
SALE0005421,2024-09-03,CUST00206,Manufacturing Components,Manufacturing,Southwest,1845.2,1153.98,691.22
SALE0005422,2026-02-22,CUST00473,Professional Services,Services,Southeast,885.15,618.5,266.65
SALE0005423,2026-08-20,CUST00187,Professional Services,Manufacturing,Southwest,3151.35,1441.99,1709.36
SALE0005424,2024-04-10,CUST00434,Professional Services,Services,Midwest,1711.89,870.8,841.09
SALE0005425,2026-04-22,CUST00085,Packaging Materials,Manufacturing,Midwest,1625.29,1215.43,409.86
SALE0005426,2025-11-14,CUST00036,Maintenance Supplies,Distribution,Southwest,2679.9,1512.09,1167.81
SALE0005427,2026-06-26,CUST00254,Office Equipment,Manufacturing,Southeast,3223.89,1819.5,1404.39
SALE0005428,2024-01-01,CUST00349,Manufacturing Components,Manufacturing,Southwest,1786.37,962.96,823.41
SALE0005429,2025-03-02,CUST00351,Maintenance Supplies,Manufacturing,Northeast,1138.29,778.3,359.99
SALE0005430,2025-01-18,CUST00262,Safety Equipment,Manufacturing,West,623.67,315.37,308.3
SALE0005431,2025-02-10,CUST00378,Office Equipment,Manufacturing,Southwest,1197.95,894.99,302.96
SALE0005432,2024-09-25,CUST00431,Maintenance Supplies,Distribution,Midwest,1248.47,741.29,507.18
SALE0005433,2025-01-21,CUST00290,Office Equipment,Services,West,1927.99,1179.15,748.84
SALE0005434,2026-07-13,CUST00012,Safety Equipment,Distribution,West,1469.84,874.42,595.42
SALE0005435,2025-07-26,CUST00119,Industrial Equipment,Manufacturing,Midwest,2731.92,1868.15,863.77
SALE0005436,2025-07-08,CUST00350,Safety Equipment,Distribution,Southeast,1251.64,645.8,605.84
SALE0005437,2025-12-07,CUST00392,Technology Hardware,Services,Southeast,1747.21,1228.08,519.13
SALE0005438,2026-02-03,CUST00400,Manufacturing Components,Services,Southeast,3678.99,2706.36,972.63
SALE0005439,2025-05-09,CUST00197,Technology Hardware,Services,Southeast,2219.63,1621.47,598.16
SALE0005440,2024-10-13,CUST00465,Maintenance Supplies,Manufacturing,Southwest,1744.07,818.53,925.54
SALE0005441,2026-01-30,CUST00075,Manufacturing Components,Manufacturing,West,1259.96,921.02,338.94
SALE0005442,2025-04-07,CUST00263,Packaging Materials,Distribution,Southwest,1236.53,619.63,616.9
SALE0005443,2024-05-07,CUST00011,Manufacturing Components,Services,Northeast,1085.32,657.25,428.07
SALE0005444,2025-04-02,CUST00396,Office Equipment,Services,Northeast,1306.88,861.18,445.7
SALE0005445,2026-05-18,CUST00172,Professional Services,Services,West,2845.23,1986.58,858.65
SALE0005446,2026-01-16,CUST00373,Maintenance Supplies,Services,Southwest,1582.67,1087.32,495.35
SALE0005447,2026-07-04,CUST00315,Professional Services,Services,West,804.43,430.74,373.69
SALE0005448,2024-02-28,CUST00477,Packaging Materials,Manufacturing,Southwest,5223.39,2845.27,2378.12
SALE0005449,2024-05-07,CUST00280,Office Equipment,Distribution,Southwest,2190.71,1058.36,1132.35
SALE0005450,2024-12-30,CUST00049,Manufacturing Components,Manufacturing,Southwest,777.31,470.3,307.01
SALE0005451,2024-03-19,CUST00324,Technology Hardware,Distribution,Southeast,1386.99,829.08,557.91
SALE0005452,2024-04-06,CUST00103,Manufacturing Components,Manufacturing,West,1932.43,1445.35,487.08
SALE0005453,2025-04-17,CUST00188,Technology Hardware,Distribution,Southeast,5027.89,3742.36,1285.53
SALE0005454,2026-02-01,CUST00213,Manufacturing Components,Distribution,West,929.95,660.28,269.67
SALE0005455,2024-11-08,CUST00112,Professional Services,Services,West,3247.45,2054.47,1192.98
SALE0005456,2024-03-13,CUST00430,Safety Equipment,Services,West,4186.8,1995.45,2191.35
SALE0005457,2025-10-25,CUST00300,Industrial Equipment,Distribution,West,1239.93,774.0,465.93
SALE0005458,2026-08-28,CUST00025,Manufacturing Components,Manufacturing,Northeast,1530.72,765.37,765.35
SALE0005459,2025-05-26,CUST00253,Technology Hardware,Manufacturing,Southeast,970.89,459.29,511.6
SALE0005460,2024-04-27,CUST00411,Safety Equipment,Distribution,Northeast,1600.26,906.88,693.38
SALE0005461,2026-04-01,CUST00040,Professional Services,Services,West,1768.78,1240.4,528.38
SALE0005462,2024-12-03,CUST00019,Industrial Equipment,Distribution,West,2685.95,1424.44,1261.51
SALE0005463,2026-05-04,CUST00244,Packaging Materials,Services,Midwest,3477.64,1623.66,1853.98
SALE0005464,2026-02-06,CUST00265,Technology Hardware,Services,Southeast,1154.18,621.82,532.36
SALE0005465,2024-12-15,CUST00463,Safety Equipment,Services,West,555.35,365.67,189.68
SALE0005466,2026-07-28,CUST00389,Manufacturing Components,Manufacturing,Southwest,1785.14,1117.14,668.0
SALE0005467,2026-05-21,CUST00376,Safety Equipment,Services,Southeast,2156.24,1150.43,1005.81
SALE0005468,2024-05-28,CUST00398,Technology Hardware,Manufacturing,Southwest,2099.91,1518.72,581.19
SALE0005469,2026-04-08,CUST00427,Packaging Materials,Distribution,West,1486.23,790.23,696.0
SALE0005470,2026-06-20,CUST00323,Maintenance Supplies,Distribution,Southwest,1948.57,1390.21,558.36
SALE0005471,2026-07-08,CUST00479,Manufacturing Components,Services,Southeast,4488.47,2261.52,2226.95
SALE0005472,2025-12-24,CUST00416,Industrial Equipment,Manufacturing,West,2273.42,1151.17,1122.25
SALE0005473,2025-02-08,CUST00307,Maintenance Supplies,Distribution,Midwest,1445.17,751.46,693.71
SALE0005474,2024-04-10,CUST00371,Maintenance Supplies,Distribution,Southeast,1339.27,934.07,405.2
SALE0005475,2024-04-06,CUST00112,Industrial Equipment,Services,Southeast,1632.86,888.58,744.28
SALE0005476,2024-01-09,CUST00411,Professional Services,Services,Southwest,4827.31,3468.07,1359.24
SALE0005477,2025-06-17,CUST00173,Industrial Equipment,Services,West,1619.74,1050.31,569.43
SALE0005478,2025-03-14,CUST00157,Technology Hardware,Services,West,1786.7,1176.95,609.75
SALE0005479,2025-04-20,CUST00143,Industrial Equipment,Services,West,1353.72,664.25,689.47
SALE0005480,2025-09-11,CUST00360,Manufacturing Components,Distribution,Southwest,3496.05,2481.75,1014.3
SALE0005481,2025-10-13,CUST00097,Technology Hardware,Services,Northeast,5859.99,4001.9,1858.09
SALE0005482,2025-03-04,CUST00033,Manufacturing Components,Manufacturing,Southeast,2369.34,1350.85,1018.49
SALE0005483,2025-09-28,CUST00479,Office Equipment,Distribution,Northeast,1900.1,1123.23,776.87
SALE0005484,2025-05-04,CUST00062,Professional Services,Services,Southeast,1848.39,1215.73,632.66
SALE0005485,2025-12-24,CUST00006,Packaging Materials,Distribution,Southeast,432.43,232.7,199.73
SALE0005486,2025-10-28,CUST00088,Maintenance Supplies,Manufacturing,West,2827.34,1417.9,1409.44
SALE0005487,2025-06-21,CUST00430,Safety Equipment,Manufacturing,Southwest,1959.61,1398.9,560.71
SALE0005488,2025-11-20,CUST00095,Safety Equipment,Distribution,Midwest,2337.89,1691.95,645.94
SALE0005489,2024-11-11,CUST00049,Manufacturing Components,Services,Midwest,1179.83,850.11,329.72
SALE0005490,2024-10-24,CUST00152,Maintenance Supplies,Manufacturing,Northeast,1435.58,761.63,673.95
SALE0005491,2024-06-10,CUST00126,Technology Hardware,Manufacturing,West,1412.88,929.59,483.29
SALE0005492,2024-11-11,CUST00180,Manufacturing Components,Manufacturing,West,3337.49,1941.64,1395.85
SALE0005493,2025-03-12,CUST00173,Office Equipment,Distribution,Northeast,1440.5,932.31,508.19
SALE0005494,2025-09-19,CUST00146,Manufacturing Components,Distribution,Southwest,6308.14,4357.74,1950.4
SALE0005495,2024-12-25,CUST00277,Manufacturing Components,Manufacturing,Southwest,2341.43,1188.79,1152.64
SALE0005496,2024-02-09,CUST00426,Packaging Materials,Distribution,Midwest,841.0,459.17,381.83
SALE0005497,2024-04-05,CUST00320,Industrial Equipment,Services,Southeast,1673.83,1096.88,576.95
SALE0005498,2025-01-29,CUST00342,Manufacturing Components,Manufacturing,Southeast,1222.92,865.86,357.06
SALE0005499,2024-11-21,CUST00316,Maintenance Supplies,Manufacturing,West,484.62,273.81,210.81
SALE0005500,2025-08-30,CUST00019,Packaging Materials,Manufacturing,Southwest,4720.56,3526.37,1194.19
SALE0005501,2025-01-26,CUST00222,Office Equipment,Services,Southeast,2756.96,1828.79,928.17
SALE0005502,2026-03-04,CUST00178,Safety Equipment,Manufacturing,West,2489.72,1245.77,1243.95
SALE0005503,2025-01-27,CUST00129,Manufacturing Components,Manufacturing,West,1996.68,954.38,1042.3
SALE0005504,2026-03-12,CUST00312,Industrial Equipment,Services,Southeast,789.02,533.65,255.37
SALE0005505,2026-03-13,CUST00065,Maintenance Supplies,Services,Southeast,1352.66,930.9,421.76
SALE0005506,2024-10-28,CUST00218,Packaging Materials,Services,Southeast,2996.11,1350.23,1645.88
SALE0005507,2024-10-03,CUST00104,Maintenance Supplies,Services,West,962.24,551.4,410.84
SALE0005508,2025-07-05,CUST00488,Safety Equipment,Distribution,Southeast,395.81,249.9,145.91
SALE0005509,2025-04-28,CUST00481,Office Equipment,Distribution,West,1577.72,885.54,692.18
SALE0005510,2024-09-17,CUST00260,Office Equipment,Distribution,Midwest,1660.62,1111.78,548.84
SALE0005511,2024-06-28,CUST00373,Packaging Materials,Distribution,West,1961.25,1049.83,911.42
SALE0005512,2026-08-25,CUST00169,Technology Hardware,Manufacturing,Southwest,2799.26,1371.82,1427.44
SALE0005513,2024-10-02,CUST00421,Industrial Equipment,Services,Midwest,2650.66,1355.18,1295.48
SALE0005514,2024-06-16,CUST00437,Technology Hardware,Services,Midwest,2111.73,1567.38,544.35
SALE0005515,2026-06-19,CUST00246,Industrial Equipment,Manufacturing,West,3704.56,2762.31,942.25
SALE0005516,2025-03-13,CUST00310,Office Equipment,Distribution,Midwest,726.78,502.93,223.85
SALE0005517,2024-08-02,CUST00050,Professional Services,Distribution,Midwest,2447.32,1338.23,1109.09
SALE0005518,2024-02-15,CUST00064,Safety Equipment,Manufacturing,Northeast,2633.12,1389.19,1243.93
SALE0005519,2026-02-19,CUST00302,Technology Hardware,Distribution,Southeast,859.42,539.35,320.07
SALE0005520,2025-07-17,CUST00234,Safety Equipment,Distribution,Midwest,733.83,442.2,291.63
SALE0005521,2026-01-27,CUST00331,Office Equipment,Services,Southwest,1155.67,773.05,382.62
SALE0005522,2025-06-12,CUST00221,Professional Services,Services,West,1215.7,898.23,317.47
SALE0005523,2025-09-17,CUST00234,Industrial Equipment,Distribution,Northeast,2841.4,1772.51,1068.89
SALE0005524,2025-04-13,CUST00438,Industrial Equipment,Distribution,West,1250.47,825.42,425.05
SALE0005525,2024-02-22,CUST00134,Professional Services,Manufacturing,Northeast,1081.59,514.3,567.29
SALE0005526,2024-01-27,CUST00111,Maintenance Supplies,Services,Southwest,1252.65,925.72,326.93
SALE0005527,2024-04-15,CUST00246,Technology Hardware,Distribution,Southwest,3537.51,1949.23,1588.28
SALE0005528,2026-01-15,CUST00335,Technology Hardware,Manufacturing,West,1822.25,998.12,824.13
SALE0005529,2026-01-15,CUST00484,Industrial Equipment,Services,Northeast,1623.68,976.73,646.95
SALE0005530,2025-01-28,CUST00150,Maintenance Supplies,Services,Southeast,1692.56,1011.17,681.39
SALE0005531,2024-07-28,CUST00107,Technology Hardware,Services,Southwest,3925.45,2101.0,1824.45
SALE0005532,2025-08-12,CUST00010,Maintenance Supplies,Distribution,Northeast,1153.43,697.98,455.45
SALE0005533,2025-10-23,CUST00210,Office Equipment,Services,West,3981.07,2191.73,1789.34
SALE0005534,2026-03-20,CUST00249,Technology Hardware,Distribution,Northeast,2051.44,1506.82,544.62
SALE0005535,2024-05-18,CUST00384,Maintenance Supplies,Manufacturing,West,1642.13,1145.3,496.83
SALE0005536,2025-03-21,CUST00426,Packaging Materials,Distribution,Southwest,8107.46,3823.72,4283.74
SALE0005537,2024-05-07,CUST00018,Packaging Materials,Distribution,Northeast,959.7,518.43,441.27
SALE0005538,2026-06-01,CUST00124,Technology Hardware,Services,Southwest,1462.33,957.46,504.87
SALE0005539,2025-03-14,CUST00387,Office Equipment,Distribution,West,863.11,581.19,281.92
SALE0005540,2026-03-19,CUST00211,Safety Equipment,Services,Midwest,3201.83,1509.35,1692.48
SALE0005541,2025-08-09,CUST00384,Office Equipment,Services,Northeast,4981.63,2607.13,2374.5
SALE0005542,2025-11-18,CUST00166,Technology Hardware,Manufacturing,Northeast,4924.38,2785.27,2139.11
SALE0005543,2026-01-07,CUST00012,Manufacturing Components,Manufacturing,Southwest,3768.26,2645.2,1123.06
SALE0005544,2025-07-16,CUST00308,Technology Hardware,Manufacturing,West,1605.88,1001.16,604.72
SALE0005545,2025-10-26,CUST00389,Maintenance Supplies,Services,West,1452.23,744.3,707.93
SALE0005546,2026-05-30,CUST00465,Professional Services,Distribution,Midwest,663.35,371.92,291.43
SALE0005547,2025-06-20,CUST00244,Industrial Equipment,Manufacturing,Southwest,6133.52,3452.03,2681.49
SALE0005548,2024-12-01,CUST00027,Safety Equipment,Services,Southwest,2395.59,1376.23,1019.36
SALE0005549,2024-08-08,CUST00349,Maintenance Supplies,Manufacturing,West,1345.91,708.11,637.8
SALE0005550,2024-09-21,CUST00400,Office Equipment,Services,Southeast,4011.15,2289.93,1721.22
SALE0005551,2024-08-26,CUST00037,Packaging Materials,Manufacturing,Southeast,1008.62,485.64,522.98
SALE0005552,2025-01-14,CUST00216,Manufacturing Components,Distribution,Northeast,2307.62,1342.86,964.76
SALE0005553,2025-04-04,CUST00430,Manufacturing Components,Distribution,Midwest,1630.14,1165.29,464.85
SALE0005554,2024-10-13,CUST00237,Professional Services,Distribution,Southeast,2652.36,1882.95,769.41
SALE0005555,2025-11-22,CUST00070,Office Equipment,Manufacturing,Southwest,1740.37,999.05,741.32
SALE0005556,2025-03-31,CUST00357,Industrial Equipment,Services,West,757.06,462.91,294.15
SALE0005557,2026-07-12,CUST00469,Professional Services,Distribution,Midwest,1891.92,1367.57,524.35
SALE0005558,2026-03-13,CUST00396,Technology Hardware,Services,Midwest,3392.49,2031.21,1361.28
SALE0005559,2025-12-01,CUST00123,Maintenance Supplies,Services,Midwest,1776.62,952.37,824.25
SALE0005560,2024-05-21,CUST00435,Safety Equipment,Distribution,Southwest,2878.63,1802.68,1075.95
SALE0005561,2026-03-17,CUST00423,Industrial Equipment,Manufacturing,Southwest,965.53,507.99,457.54
SALE0005562,2025-02-02,CUST00286,Professional Services,Distribution,Northeast,1779.78,1049.57,730.21
SALE0005563,2024-09-28,CUST00012,Professional Services,Distribution,Southwest,1243.01,884.57,358.44
SALE0005564,2024-12-29,CUST00306,Professional Services,Distribution,Southeast,2830.44,1342.07,1488.37
SALE0005565,2024-11-01,CUST00163,Professional Services,Manufacturing,Southeast,1842.53,877.93,964.6
SALE0005566,2024-03-01,CUST00030,Industrial Equipment,Services,Northeast,2735.43,1741.37,994.06
SALE0005567,2025-08-07,CUST00379,Industrial Equipment,Distribution,Midwest,3472.49,2449.26,1023.23
SALE0005568,2025-02-11,CUST00260,Packaging Materials,Manufacturing,Midwest,2737.97,1525.38,1212.59
SALE0005569,2026-01-09,CUST00126,Technology Hardware,Services,Southwest,2129.99,1126.8,1003.19
SALE0005570,2025-01-09,CUST00489,Packaging Materials,Manufacturing,Southeast,993.34,520.31,473.03
SALE0005571,2026-08-22,CUST00017,Industrial Equipment,Manufacturing,Midwest,1805.02,1035.15,769.87
SALE0005572,2025-04-22,CUST00293,Manufacturing Components,Manufacturing,Northeast,1313.1,602.28,710.82
SALE0005573,2026-01-23,CUST00158,Technology Hardware,Distribution,Northeast,1470.8,770.19,700.61
SALE0005574,2024-03-21,CUST00392,Office Equipment,Distribution,Northeast,1444.15,909.82,534.33
SALE0005575,2024-03-29,CUST00350,Technology Hardware,Services,Southeast,1004.3,616.93,387.37
SALE0005576,2026-02-05,CUST00404,Maintenance Supplies,Distribution,Southwest,558.69,412.59,146.1
SALE0005577,2024-03-19,CUST00157,Professional Services,Distribution,Southwest,1210.89,658.22,552.67
SALE0005578,2026-08-03,CUST00330,Office Equipment,Services,Southwest,2030.48,970.37,1060.11
SALE0005579,2025-11-15,CUST00369,Professional Services,Services,West,805.2,362.35,442.85
SALE0005580,2025-02-25,CUST00334,Office Equipment,Services,Southeast,1825.14,1040.27,784.87
SALE0005581,2025-12-26,CUST00380,Technology Hardware,Services,Southeast,5654.24,3586.11,2068.13
SALE0005582,2025-01-12,CUST00308,Technology Hardware,Manufacturing,West,3340.36,1908.13,1432.23
SALE0005583,2025-10-19,CUST00142,Packaging Materials,Services,Southeast,4847.05,3081.01,1766.04
SALE0005584,2025-12-09,CUST00374,Packaging Materials,Services,Southeast,2286.27,1187.64,1098.63
SALE0005585,2025-05-23,CUST00147,Industrial Equipment,Distribution,Midwest,3642.79,2101.32,1541.47
SALE0005586,2026-05-08,CUST00124,Office Equipment,Manufacturing,Southeast,1171.01,695.99,475.02
SALE0005587,2024-03-09,CUST00182,Manufacturing Components,Manufacturing,Northeast,1228.31,646.11,582.2
SALE0005588,2025-06-28,CUST00017,Maintenance Supplies,Distribution,Midwest,349.5,198.01,151.49
SALE0005589,2025-04-06,CUST00110,Manufacturing Components,Distribution,Southwest,3683.75,2616.51,1067.24
SALE0005590,2026-01-20,CUST00174,Packaging Materials,Distribution,Southwest,4555.97,3062.5,1493.47
SALE0005591,2024-11-02,CUST00424,Packaging Materials,Manufacturing,Southeast,1297.37,920.38,376.99
SALE0005592,2024-12-01,CUST00145,Manufacturing Components,Manufacturing,Southeast,1552.51,980.74,571.77
SALE0005593,2026-07-27,CUST00401,Professional Services,Services,Southeast,1150.19,766.72,383.47
SALE0005594,2026-05-08,CUST00043,Office Equipment,Distribution,Midwest,2274.67,1267.46,1007.21
SALE0005595,2026-08-05,CUST00255,Professional Services,Distribution,Northeast,3550.91,2521.57,1029.34
SALE0005596,2024-07-27,CUST00105,Technology Hardware,Manufacturing,West,635.45,303.14,332.31
SALE0005597,2025-11-21,CUST00073,Technology Hardware,Services,Midwest,2311.53,1170.49,1141.04
SALE0005598,2024-07-19,CUST00484,Office Equipment,Distribution,West,1531.49,812.09,719.4
SALE0005599,2026-04-14,CUST00108,Technology Hardware,Services,Southeast,1935.34,916.5,1018.84
SALE0005600,2025-12-11,CUST00282,Technology Hardware,Distribution,West,2381.29,1156.54,1224.75
SALE0005601,2026-04-06,CUST00415,Maintenance Supplies,Services,Northeast,1614.98,1027.07,587.91
SALE0005602,2026-07-27,CUST00284,Office Equipment,Distribution,Midwest,1699.09,851.66,847.43
SALE0005603,2026-04-07,CUST00455,Manufacturing Components,Distribution,Southwest,1590.3,963.16,627.14
SALE0005604,2024-12-19,CUST00092,Safety Equipment,Services,Southeast,3236.31,2192.18,1044.13
SALE0005605,2026-08-23,CUST00301,Safety Equipment,Distribution,West,2324.49,1641.43,683.06
SALE0005606,2026-02-19,CUST00047,Industrial Equipment,Services,Northeast,2063.89,1519.8,544.09
SALE0005607,2024-07-19,CUST00034,Maintenance Supplies,Distribution,Southeast,843.39,622.55,220.84
SALE0005608,2024-09-22,CUST00311,Packaging Materials,Distribution,Southeast,1440.65,703.24,737.41
SALE0005609,2024-04-15,CUST00449,Technology Hardware,Services,Southwest,3100.14,2035.99,1064.15
SALE0005610,2026-02-01,CUST00391,Industrial Equipment,Services,Northeast,1849.4,1298.94,550.46
SALE0005611,2024-06-26,CUST00161,Packaging Materials,Distribution,Southeast,2685.76,1259.61,1426.15
SALE0005612,2024-10-29,CUST00045,Maintenance Supplies,Services,Southwest,5218.2,2490.14,2728.06
SALE0005613,2024-03-31,CUST00043,Technology Hardware,Services,Midwest,3371.67,1716.15,1655.52
SALE0005614,2025-01-06,CUST00028,Manufacturing Components,Distribution,Southeast,1911.98,972.69,939.29
SALE0005615,2024-02-09,CUST00414,Maintenance Supplies,Distribution,Northeast,1330.63,674.55,656.08
SALE0005616,2025-04-05,CUST00046,Manufacturing Components,Manufacturing,West,390.67,227.48,163.19
SALE0005617,2026-06-28,CUST00185,Maintenance Supplies,Services,Midwest,1634.3,1098.45,535.85
SALE0005618,2024-11-23,CUST00380,Office Equipment,Manufacturing,Midwest,1486.82,872.74,614.08
SALE0005619,2024-11-29,CUST00156,Manufacturing Components,Services,Southeast,2285.22,1705.66,579.56
SALE0005620,2025-09-03,CUST00073,Office Equipment,Services,West,1648.56,1034.15,614.41
SALE0005621,2024-09-30,CUST00029,Office Equipment,Distribution,Northeast,1491.85,824.06,667.79
SALE0005622,2026-08-15,CUST00376,Manufacturing Components,Manufacturing,Southwest,621.64,395.01,226.63
SALE0005623,2024-04-17,CUST00384,Office Equipment,Services,Southwest,1028.67,746.11,282.56
SALE0005624,2025-12-07,CUST00009,Industrial Equipment,Services,West,2406.65,1527.64,879.01
SALE0005625,2025-10-13,CUST00341,Maintenance Supplies,Manufacturing,Northeast,5062.14,2479.05,2583.09
SALE0005626,2025-02-18,CUST00214,Packaging Materials,Manufacturing,Northeast,1705.28,1041.35,663.93
SALE0005627,2025-10-10,CUST00183,Office Equipment,Manufacturing,Southwest,2201.04,1525.69,675.35
SALE0005628,2026-05-05,CUST00399,Office Equipment,Manufacturing,Northeast,3201.86,2034.73,1167.13
SALE0005629,2025-06-25,CUST00139,Professional Services,Services,Northeast,1111.5,564.72,546.78
SALE0005630,2026-02-02,CUST00177,Safety Equipment,Manufacturing,Midwest,2253.16,1016.55,1236.61
SALE0005631,2025-05-19,CUST00068,Professional Services,Manufacturing,Southeast,1159.46,566.8,592.66
SALE0005632,2024-06-10,CUST00024,Professional Services,Distribution,West,3037.82,1499.86,1537.96
SALE0005633,2024-12-13,CUST00377,Packaging Materials,Distribution,Southeast,1979.98,1256.7,723.28
SALE0005634,2025-07-23,CUST00063,Packaging Materials,Services,Midwest,2162.61,1273.61,889.0
SALE0005635,2024-03-31,CUST00096,Industrial Equipment,Distribution,West,1130.53,608.87,521.66
SALE0005636,2026-06-24,CUST00329,Industrial Equipment,Services,Southeast,2763.41,2010.8,752.61
SALE0005637,2026-07-24,CUST00265,Office Equipment,Manufacturing,Southwest,6315.91,4039.19,2276.72
SALE0005638,2024-02-14,CUST00015,Packaging Materials,Manufacturing,Midwest,987.58,529.75,457.83
SALE0005639,2024-01-14,CUST00184,Maintenance Supplies,Distribution,Midwest,1474.6,848.71,625.89
SALE0005640,2025-04-06,CUST00205,Technology Hardware,Manufacturing,West,2077.59,1529.91,547.68
SALE0005641,2024-01-24,CUST00043,Technology Hardware,Distribution,Southwest,2898.2,1527.79,1370.41
SALE0005642,2025-12-05,CUST00019,Manufacturing Components,Distribution,Midwest,1292.42,682.24,610.18
SALE0005643,2025-10-04,CUST00221,Packaging Materials,Manufacturing,West,330.36,232.01,98.35
SALE0005644,2025-07-26,CUST00261,Professional Services,Services,Southwest,4086.78,2442.43,1644.35
SALE0005645,2024-12-21,CUST00467,Safety Equipment,Manufacturing,Southeast,2853.51,1648.39,1205.12
SALE0005646,2025-02-02,CUST00027,Office Equipment,Services,Southeast,635.39,411.54,223.85
SALE0005647,2026-06-25,CUST00432,Industrial Equipment,Manufacturing,Northeast,1255.71,914.46,341.25
SALE0005648,2026-03-29,CUST00100,Office Equipment,Manufacturing,Midwest,4632.77,3095.04,1537.73
SALE0005649,2025-05-08,CUST00142,Professional Services,Manufacturing,West,4309.93,3013.56,1296.37
SALE0005650,2025-09-22,CUST00261,Industrial Equipment,Manufacturing,Midwest,3175.38,1443.61,1731.77
SALE0005651,2024-05-04,CUST00374,Maintenance Supplies,Services,West,1626.74,1102.89,523.85
SALE0005652,2026-03-27,CUST00166,Safety Equipment,Services,Southeast,1900.35,1419.75,480.6
SALE0005653,2026-08-31,CUST00149,Maintenance Supplies,Manufacturing,West,1671.45,1112.31,559.14
SALE0005654,2025-12-29,CUST00133,Professional Services,Services,Northeast,3557.96,2405.34,1152.62
SALE0005655,2025-01-05,CUST00226,Packaging Materials,Services,Southeast,1069.02,555.9,513.12
SALE0005656,2025-08-25,CUST00048,Office Equipment,Distribution,Southeast,1114.9,621.58,493.32
SALE0005657,2025-10-16,CUST00289,Technology Hardware,Services,Southeast,3314.84,1547.66,1767.18
SALE0005658,2024-05-09,CUST00202,Professional Services,Manufacturing,West,1760.55,1139.52,621.03
SALE0005659,2024-09-18,CUST00389,Office Equipment,Services,West,4134.33,2932.73,1201.6
SALE0005660,2026-02-05,CUST00428,Technology Hardware,Distribution,Southeast,1208.45,823.04,385.41
SALE0005661,2025-08-30,CUST00189,Packaging Materials,Manufacturing,West,1749.58,1254.93,494.65
SALE0005662,2026-07-16,CUST00275,Industrial Equipment,Manufacturing,West,1039.56,519.18,520.38
SALE0005663,2024-08-11,CUST00192,Safety Equipment,Manufacturing,Southwest,1816.05,901.27,914.78
SALE0005664,2026-07-08,CUST00176,Office Equipment,Services,Midwest,744.62,449.0,295.62
SALE0005665,2025-11-28,CUST00217,Professional Services,Distribution,Southwest,1349.41,988.63,360.78
SALE0005666,2025-05-29,CUST00486,Office Equipment,Distribution,Midwest,763.76,347.92,415.84
SALE0005667,2026-03-31,CUST00246,Maintenance Supplies,Services,Midwest,2741.76,1687.55,1054.21
SALE0005668,2025-08-11,CUST00295,Professional Services,Distribution,Southeast,2779.3,1522.05,1257.25
SALE0005669,2024-03-22,CUST00326,Safety Equipment,Manufacturing,Southwest,640.24,332.49,307.75
SALE0005670,2024-11-26,CUST00351,Technology Hardware,Services,Southeast,4025.21,2894.8,1130.41
SALE0005671,2026-08-03,CUST00319,Professional Services,Distribution,West,8090.53,4861.47,3229.06
SALE0005672,2025-12-26,CUST00142,Manufacturing Components,Services,Northeast,1858.65,1091.41,767.24
SALE0005673,2025-12-23,CUST00498,Office Equipment,Services,Southeast,1230.69,788.67,442.02
SALE0005674,2025-03-14,CUST00390,Manufacturing Components,Services,Northeast,9843.81,5740.21,4103.6
SALE0005675,2026-03-19,CUST00253,Office Equipment,Distribution,Midwest,819.44,520.45,298.99
SALE0005676,2024-08-17,CUST00209,Technology Hardware,Distribution,Northeast,1829.99,970.75,859.24
SALE0005677,2026-02-24,CUST00329,Office Equipment,Distribution,Northeast,2013.79,1122.6,891.19
SALE0005678,2025-09-18,CUST00272,Office Equipment,Manufacturing,Northeast,4052.5,2313.94,1738.56
SALE0005679,2026-07-24,CUST00290,Safety Equipment,Distribution,West,2243.61,1554.11,689.5
SALE0005680,2026-04-17,CUST00428,Manufacturing Components,Distribution,Southeast,1340.53,677.11,663.42
SALE0005681,2026-05-07,CUST00389,Technology Hardware,Services,Southwest,1021.77,471.33,550.44
SALE0005682,2025-10-29,CUST00089,Maintenance Supplies,Manufacturing,Southeast,1472.78,945.22,527.56
SALE0005683,2025-06-20,CUST00278,Safety Equipment,Distribution,West,988.16,527.9,460.26
SALE0005684,2024-06-20,CUST00211,Industrial Equipment,Services,West,1860.68,1105.02,755.66
SALE0005685,2026-02-23,CUST00336,Industrial Equipment,Manufacturing,West,1288.82,678.19,610.63
SALE0005686,2024-02-04,CUST00407,Safety Equipment,Manufacturing,Midwest,737.73,392.75,344.98
SALE0005687,2025-07-20,CUST00430,Technology Hardware,Manufacturing,Southwest,3839.46,1733.53,2105.93
SALE0005688,2026-02-04,CUST00407,Office Equipment,Distribution,Southwest,1341.3,700.97,640.33
SALE0005689,2024-04-16,CUST00168,Maintenance Supplies,Distribution,Southwest,844.82,615.5,229.32
SALE0005690,2026-06-20,CUST00126,Packaging Materials,Distribution,Northeast,1634.42,743.22,891.2
SALE0005691,2025-09-21,CUST00249,Maintenance Supplies,Services,Southwest,1883.76,1350.96,532.8
SALE0005692,2025-10-10,CUST00254,Packaging Materials,Manufacturing,Midwest,634.05,418.57,215.48
SALE0005693,2026-02-06,CUST00474,Maintenance Supplies,Services,West,2206.12,1129.23,1076.89
SALE0005694,2024-03-05,CUST00354,Packaging Materials,Services,West,964.59,465.05,499.54
SALE0005695,2026-04-20,CUST00210,Professional Services,Services,Southeast,5047.34,3757.44,1289.9
SALE0005696,2026-04-02,CUST00378,Industrial Equipment,Manufacturing,Northeast,2475.94,1486.54,989.4
SALE0005697,2026-06-19,CUST00183,Technology Hardware,Services,Southeast,1422.34,1016.08,406.26
SALE0005698,2025-07-24,CUST00011,Professional Services,Distribution,Midwest,1156.21,605.59,550.62
SALE0005699,2026-06-14,CUST00072,Manufacturing Components,Manufacturing,Southwest,1697.68,926.95,770.73
SALE0005700,2024-07-05,CUST00112,Technology Hardware,Distribution,Southwest,2611.49,1501.7,1109.79
SALE0005701,2025-10-18,CUST00148,Office Equipment,Manufacturing,Southwest,1780.6,1074.77,705.83
SALE0005702,2025-07-28,CUST00427,Industrial Equipment,Distribution,Midwest,1587.17,1004.45,582.72
SALE0005703,2024-03-25,CUST00458,Manufacturing Components,Services,West,1872.49,1216.91,655.58
SALE0005704,2024-03-07,CUST00192,Technology Hardware,Manufacturing,Southeast,1258.51,738.53,519.98
SALE0005705,2025-08-09,CUST00142,Maintenance Supplies,Manufacturing,Midwest,1471.56,961.33,510.23
SALE0005706,2025-09-10,CUST00174,Safety Equipment,Services,Northeast,517.25,353.92,163.33
SALE0005707,2025-03-15,CUST00318,Packaging Materials,Services,Southeast,3242.94,2352.09,890.85
SALE0005708,2025-06-13,CUST00173,Professional Services,Distribution,Southwest,2163.06,1479.94,683.12
SALE0005709,2025-03-31,CUST00195,Technology Hardware,Services,Northeast,1136.75,659.67,477.08
SALE0005710,2025-05-07,CUST00167,Maintenance Supplies,Services,West,5649.04,2573.83,3075.21
SALE0005711,2024-09-26,CUST00363,Safety Equipment,Services,Midwest,1904.95,1227.92,677.03
SALE0005712,2024-08-15,CUST00222,Professional Services,Services,Southwest,970.99,723.58,247.41
SALE0005713,2024-04-14,CUST00211,Packaging Materials,Manufacturing,Northeast,3023.11,1665.39,1357.72
SALE0005714,2026-04-29,CUST00394,Industrial Equipment,Distribution,Southwest,2295.78,1434.13,861.65
SALE0005715,2026-08-27,CUST00124,Maintenance Supplies,Manufacturing,Midwest,2291.01,1683.52,607.49
SALE0005716,2024-08-03,CUST00238,Professional Services,Manufacturing,Northeast,1400.45,781.43,619.02
SALE0005717,2025-11-10,CUST00064,Technology Hardware,Services,Midwest,2369.18,1100.06,1269.12
SALE0005718,2025-04-18,CUST00118,Maintenance Supplies,Services,Midwest,1545.26,906.23,639.03
SALE0005719,2024-09-03,CUST00420,Maintenance Supplies,Services,West,2523.91,1637.93,885.98
SALE0005720,2025-05-10,CUST00181,Technology Hardware,Distribution,West,576.53,282.53,294.0
SALE0005721,2024-12-10,CUST00054,Safety Equipment,Distribution,Midwest,1393.64,794.91,598.73
SALE0005722,2025-10-25,CUST00325,Professional Services,Distribution,Northeast,5081.15,3759.65,1321.5
SALE0005723,2025-02-06,CUST00449,Technology Hardware,Distribution,Southeast,1141.11,696.29,444.82
SALE0005724,2025-09-26,CUST00078,Safety Equipment,Manufacturing,West,1258.53,817.49,441.04
SALE0005725,2025-01-10,CUST00179,Industrial Equipment,Services,West,1381.91,1022.64,359.27
SALE0005726,2026-03-15,CUST00177,Professional Services,Services,West,872.29,645.84,226.45
SALE0005727,2024-11-04,CUST00186,Manufacturing Components,Services,Southwest,480.6,336.35,144.25
SALE0005728,2025-02-16,CUST00404,Maintenance Supplies,Services,Northeast,1574.43,729.42,845.01
SALE0005729,2026-03-06,CUST00086,Safety Equipment,Manufacturing,Midwest,1961.6,996.54,965.06
SALE0005730,2025-03-30,CUST00010,Professional Services,Manufacturing,Midwest,1751.97,789.38,962.59
SALE0005731,2025-02-14,CUST00500,Professional Services,Services,Northeast,1657.51,1147.09,510.42
SALE0005732,2024-09-17,CUST00253,Professional Services,Services,Southeast,1855.34,1240.96,614.38
SALE0005733,2024-10-24,CUST00179,Technology Hardware,Services,Midwest,3339.93,1627.7,1712.23
SALE0005734,2024-02-12,CUST00111,Professional Services,Distribution,Midwest,1612.81,976.49,636.32
SALE0005735,2026-01-01,CUST00019,Manufacturing Components,Distribution,Northeast,1281.2,871.18,410.02
SALE0005736,2024-07-14,CUST00199,Manufacturing Components,Manufacturing,Northeast,1527.4,966.15,561.25
SALE0005737,2025-04-16,CUST00348,Industrial Equipment,Services,Northeast,2559.6,1418.99,1140.61
SALE0005738,2026-02-15,CUST00384,Industrial Equipment,Distribution,Southwest,4218.42,2030.99,2187.43
SALE0005739,2025-08-09,CUST00139,Industrial Equipment,Distribution,West,1240.31,852.31,388.0
SALE0005740,2025-03-18,CUST00092,Technology Hardware,Distribution,Northeast,1918.62,1266.71,651.91
SALE0005741,2025-02-11,CUST00080,Manufacturing Components,Services,Midwest,2215.02,1597.38,617.64
SALE0005742,2025-08-15,CUST00122,Office Equipment,Distribution,Southwest,996.7,690.84,305.86
SALE0005743,2025-11-24,CUST00102,Office Equipment,Distribution,Southeast,1830.33,960.92,869.41
SALE0005744,2025-01-11,CUST00408,Technology Hardware,Services,West,750.39,535.6,214.79
SALE0005745,2025-08-31,CUST00251,Industrial Equipment,Distribution,Southeast,625.51,357.95,267.56
SALE0005746,2024-05-16,CUST00110,Maintenance Supplies,Manufacturing,Southeast,2253.07,1374.81,878.26
SALE0005747,2024-08-24,CUST00420,Manufacturing Components,Manufacturing,West,1436.08,991.26,444.82
SALE0005748,2024-01-08,CUST00098,Industrial Equipment,Services,Southwest,2041.35,964.18,1077.17
SALE0005749,2026-07-21,CUST00085,Professional Services,Services,Midwest,1788.73,1264.96,523.77
SALE0005750,2025-09-21,CUST00208,Safety Equipment,Distribution,Southwest,1006.43,521.34,485.09
SALE0005751,2025-12-30,CUST00291,Office Equipment,Distribution,Northeast,1759.61,1199.29,560.32
SALE0005752,2026-08-31,CUST00267,Industrial Equipment,Manufacturing,Northeast,862.76,568.0,294.76
SALE0005753,2025-11-11,CUST00234,Safety Equipment,Distribution,Southwest,4165.47,1938.88,2226.59
SALE0005754,2026-05-13,CUST00417,Packaging Materials,Distribution,Northeast,801.45,448.35,353.1
SALE0005755,2025-06-09,CUST00436,Technology Hardware,Manufacturing,Southwest,1607.65,807.41,800.24
SALE0005756,2024-08-30,CUST00242,Maintenance Supplies,Services,Northeast,967.42,695.65,271.77
SALE0005757,2024-05-24,CUST00443,Office Equipment,Distribution,West,2545.93,1822.65,723.28
SALE0005758,2024-04-16,CUST00065,Packaging Materials,Manufacturing,Southeast,1481.99,706.22,775.77
SALE0005759,2024-03-18,CUST00337,Packaging Materials,Distribution,Southeast,1324.51,700.87,623.64
SALE0005760,2026-04-04,CUST00473,Manufacturing Components,Services,Southwest,3016.71,1699.26,1317.45
SALE0005761,2026-03-19,CUST00291,Packaging Materials,Distribution,West,1840.25,1182.5,657.75
SALE0005762,2026-06-04,CUST00389,Technology Hardware,Distribution,Midwest,2465.1,1335.69,1129.41
SALE0005763,2025-10-06,CUST00194,Technology Hardware,Services,Southeast,1003.46,640.94,362.52
SALE0005764,2024-07-04,CUST00420,Technology Hardware,Distribution,Midwest,778.3,437.74,340.56
SALE0005765,2026-08-04,CUST00267,Manufacturing Components,Services,West,1928.17,911.88,1016.29
SALE0005766,2025-11-12,CUST00464,Technology Hardware,Manufacturing,Southeast,1493.22,1052.72,440.5
SALE0005767,2025-01-26,CUST00097,Industrial Equipment,Services,Midwest,2632.95,1912.6,720.35
SALE0005768,2024-05-27,CUST00283,Manufacturing Components,Services,West,1723.4,805.49,917.91
SALE0005769,2024-08-09,CUST00488,Office Equipment,Services,Midwest,2044.78,1192.86,851.92
SALE0005770,2026-03-10,CUST00399,Maintenance Supplies,Distribution,Northeast,682.64,327.61,355.03
SALE0005771,2024-09-23,CUST00069,Packaging Materials,Manufacturing,Northeast,5614.24,3169.8,2444.44
SALE0005772,2024-09-24,CUST00125,Safety Equipment,Manufacturing,Midwest,1638.37,1062.59,575.78
SALE0005773,2024-09-30,CUST00461,Manufacturing Components,Manufacturing,Southeast,2747.79,2040.05,707.74
SALE0005774,2025-03-29,CUST00107,Office Equipment,Manufacturing,Southeast,1094.82,548.17,546.65
SALE0005775,2024-01-02,CUST00450,Office Equipment,Distribution,Southwest,2175.05,1310.35,864.7
SALE0005776,2026-07-18,CUST00375,Industrial Equipment,Distribution,Southwest,827.4,492.2,335.2
SALE0005777,2025-03-21,CUST00279,Safety Equipment,Distribution,Southwest,2371.41,1144.26,1227.15
SALE0005778,2024-05-27,CUST00192,Industrial Equipment,Distribution,Southwest,1460.33,981.54,478.79
SALE0005779,2025-10-31,CUST00430,Manufacturing Components,Services,Southwest,1839.99,1094.49,745.5
SALE0005780,2024-07-08,CUST00256,Packaging Materials,Manufacturing,Midwest,2748.43,2027.07,721.36
SALE0005781,2025-07-12,CUST00265,Office Equipment,Services,Northeast,863.05,523.93,339.12
SALE0005782,2025-11-03,CUST00257,Office Equipment,Services,Southeast,1199.07,647.43,551.64
SALE0005783,2024-02-15,CUST00424,Packaging Materials,Distribution,Midwest,2378.9,1231.93,1146.97
SALE0005784,2025-11-01,CUST00206,Maintenance Supplies,Services,Southwest,6367.31,3492.8,2874.51
SALE0005785,2025-04-23,CUST00302,Manufacturing Components,Distribution,Northeast,1664.28,897.97,766.31
SALE0005786,2024-11-26,CUST00351,Safety Equipment,Services,Northeast,2577.77,1715.19,862.58
SALE0005787,2025-01-31,CUST00129,Industrial Equipment,Services,Southwest,1695.64,1162.17,533.47
SALE0005788,2025-10-22,CUST00153,Packaging Materials,Distribution,Northeast,5798.46,2636.21,3162.25
SALE0005789,2025-12-23,CUST00231,Industrial Equipment,Manufacturing,West,633.76,467.97,165.79
SALE0005790,2024-03-11,CUST00192,Manufacturing Components,Manufacturing,Southwest,1913.66,1284.48,629.18
SALE0005791,2025-07-11,CUST00201,Professional Services,Manufacturing,Southwest,681.76,335.88,345.88
SALE0005792,2024-10-10,CUST00492,Technology Hardware,Manufacturing,Northeast,401.84,201.94,199.9
SALE0005793,2025-09-04,CUST00462,Office Equipment,Services,Southeast,2161.33,1134.03,1027.3
SALE0005794,2026-03-10,CUST00488,Packaging Materials,Distribution,Northeast,1965.89,1400.48,565.41
SALE0005795,2024-05-23,CUST00217,Industrial Equipment,Services,West,1524.01,765.46,758.55
SALE0005796,2025-04-11,CUST00142,Industrial Equipment,Manufacturing,West,1696.43,950.09,746.34
SALE0005797,2024-08-25,CUST00189,Safety Equipment,Services,Midwest,11602.54,5913.77,5688.77
SALE0005798,2024-07-15,CUST00319,Manufacturing Components,Manufacturing,Southwest,1548.58,1013.91,534.67
SALE0005799,2025-01-05,CUST00454,Technology Hardware,Manufacturing,Southwest,2455.47,1435.44,1020.03
SALE0005800,2024-11-14,CUST00130,Office Equipment,Services,Southeast,1224.61,675.28,549.33
SALE0005801,2026-03-01,CUST00177,Manufacturing Components,Manufacturing,Southeast,2158.44,1418.27,740.17
SALE0005802,2026-01-22,CUST00025,Manufacturing Components,Manufacturing,West,1567.22,743.56,823.66
SALE0005803,2024-09-07,CUST00293,Technology Hardware,Distribution,West,1413.31,716.29,697.02
SALE0005804,2026-09-01,CUST00362,Professional Services,Services,West,5384.82,3448.63,1936.19
SALE0005805,2024-01-13,CUST00174,Professional Services,Manufacturing,Southwest,3664.0,2672.96,991.04
SALE0005806,2026-08-09,CUST00439,Professional Services,Services,Northeast,1962.64,1173.43,789.21
SALE0005807,2024-07-15,CUST00211,Professional Services,Manufacturing,West,453.72,208.62,245.1
SALE0005808,2024-11-06,CUST00130,Office Equipment,Manufacturing,Midwest,1455.92,687.36,768.56
SALE0005809,2024-04-05,CUST00130,Safety Equipment,Services,West,9152.81,6763.5,2389.31
SALE0005810,2025-08-27,CUST00123,Professional Services,Distribution,West,1574.36,859.96,714.4
SALE0005811,2024-09-22,CUST00286,Professional Services,Distribution,Southwest,3504.95,1698.47,1806.48
SALE0005812,2025-04-20,CUST00224,Industrial Equipment,Manufacturing,Southwest,4294.82,3048.04,1246.78
SALE0005813,2024-10-13,CUST00167,Professional Services,Services,Southeast,2061.89,1066.68,995.21
SALE0005814,2026-05-12,CUST00391,Professional Services,Manufacturing,Northeast,1091.06,517.17,573.89
SALE0005815,2024-08-21,CUST00136,Office Equipment,Services,Southwest,419.39,217.13,202.26
SALE0005816,2024-12-07,CUST00256,Maintenance Supplies,Distribution,Northeast,2725.75,1972.69,753.06
SALE0005817,2026-03-09,CUST00278,Maintenance Supplies,Services,Northeast,1108.93,499.13,609.8
SALE0005818,2025-08-23,CUST00448,Professional Services,Services,Southeast,2009.6,1087.28,922.32
SALE0005819,2026-05-13,CUST00048,Technology Hardware,Distribution,Northeast,854.15,414.37,439.78
SALE0005820,2026-05-27,CUST00149,Packaging Materials,Distribution,Northeast,1542.03,851.62,690.41
SALE0005821,2025-04-10,CUST00435,Technology Hardware,Services,Midwest,1844.99,1159.22,685.77
SALE0005822,2026-04-02,CUST00426,Manufacturing Components,Manufacturing,Northeast,2124.21,1260.07,864.14
SALE0005823,2024-02-22,CUST00295,Professional Services,Distribution,Midwest,926.22,551.32,374.9
SALE0005824,2026-06-21,CUST00149,Technology Hardware,Distribution,Midwest,3707.62,2168.48,1539.14
SALE0005825,2025-04-17,CUST00290,Professional Services,Manufacturing,Southeast,1263.78,625.52,638.26
SALE0005826,2025-01-31,CUST00108,Maintenance Supplies,Services,Midwest,662.03,433.59,228.44
SALE0005827,2024-10-01,CUST00349,Industrial Equipment,Manufacturing,West,1693.56,1241.35,452.21
SALE0005828,2024-01-11,CUST00133,Office Equipment,Services,Midwest,1845.72,1167.71,678.01
SALE0005829,2026-01-29,CUST00432,Office Equipment,Distribution,West,1990.92,1144.9,846.02
SALE0005830,2026-01-16,CUST00473,Office Equipment,Manufacturing,Southeast,4094.01,2576.11,1517.9
SALE0005831,2025-06-15,CUST00210,Professional Services,Manufacturing,West,1568.9,768.24,800.66
SALE0005832,2026-02-24,CUST00453,Professional Services,Distribution,Southwest,1682.82,1192.6,490.22
SALE0005833,2025-09-02,CUST00021,Safety Equipment,Services,West,932.71,524.53,408.18
SALE0005834,2026-07-03,CUST00074,Office Equipment,Manufacturing,Southwest,2958.19,2063.71,894.48
SALE0005835,2025-04-24,CUST00451,Professional Services,Manufacturing,Northeast,2019.46,1265.75,753.71
SALE0005836,2024-02-26,CUST00389,Safety Equipment,Distribution,Northeast,1405.27,1031.34,373.93
SALE0005837,2024-05-13,CUST00215,Packaging Materials,Manufacturing,Northeast,576.63,355.3,221.33
SALE0005838,2025-02-20,CUST00462,Packaging Materials,Distribution,Southeast,4301.19,2631.86,1669.33
SALE0005839,2024-06-16,CUST00351,Safety Equipment,Manufacturing,Southeast,865.57,449.71,415.86
SALE0005840,2024-08-08,CUST00476,Safety Equipment,Distribution,Midwest,1268.05,805.26,462.79
SALE0005841,2025-01-23,CUST00206,Industrial Equipment,Distribution,West,2241.74,1023.95,1217.79
SALE0005842,2024-09-21,CUST00349,Industrial Equipment,Distribution,West,881.89,584.09,297.8
SALE0005843,2024-12-18,CUST00098,Technology Hardware,Distribution,West,737.96,476.95,261.01
SALE0005844,2026-06-20,CUST00399,Packaging Materials,Services,Midwest,505.54,286.91,218.63
SALE0005845,2024-04-02,CUST00176,Safety Equipment,Distribution,Northeast,2786.66,1368.14,1418.52
SALE0005846,2024-02-03,CUST00442,Maintenance Supplies,Distribution,West,1303.6,893.8,409.8
SALE0005847,2026-06-26,CUST00173,Maintenance Supplies,Services,Southwest,10470.97,7313.01,3157.96
SALE0005848,2026-03-09,CUST00126,Manufacturing Components,Manufacturing,West,995.64,730.92,264.72
SALE0005849,2025-10-08,CUST00410,Industrial Equipment,Distribution,Southeast,1040.16,703.18,336.98
SALE0005850,2025-01-05,CUST00160,Packaging Materials,Services,Northeast,1287.89,714.8,573.09
SALE0005851,2024-11-27,CUST00228,Office Equipment,Distribution,Southeast,2092.01,1096.79,995.22
SALE0005852,2025-01-08,CUST00016,Professional Services,Services,Southwest,1363.59,749.85,613.74
SALE0005853,2025-07-17,CUST00492,Professional Services,Services,Southwest,2610.77,1589.99,1020.78
SALE0005854,2024-01-29,CUST00022,Safety Equipment,Services,West,1005.1,656.95,348.15
SALE0005855,2026-08-31,CUST00063,Safety Equipment,Manufacturing,Southwest,789.22,385.94,403.28
SALE0005856,2024-02-05,CUST00048,Technology Hardware,Services,Southwest,614.66,442.92,171.74
SALE0005857,2025-02-28,CUST00488,Packaging Materials,Services,Southwest,476.21,346.09,130.12
SALE0005858,2025-08-02,CUST00248,Packaging Materials,Services,Southwest,1324.99,804.73,520.26
SALE0005859,2024-07-26,CUST00359,Manufacturing Components,Distribution,Southeast,1509.32,1053.37,455.95
SALE0005860,2026-04-04,CUST00186,Office Equipment,Manufacturing,West,1237.86,672.05,565.81
SALE0005861,2026-04-17,CUST00469,Office Equipment,Distribution,Midwest,3812.51,1844.99,1967.52
SALE0005862,2024-04-27,CUST00121,Safety Equipment,Manufacturing,West,3777.5,2183.9,1593.6
SALE0005863,2025-07-24,CUST00242,Industrial Equipment,Manufacturing,Midwest,1479.0,890.31,588.69
SALE0005864,2024-03-21,CUST00092,Professional Services,Distribution,Midwest,616.25,407.02,209.23
SALE0005865,2025-12-02,CUST00481,Industrial Equipment,Manufacturing,Southeast,1286.88,609.71,677.17
SALE0005866,2026-01-18,CUST00386,Industrial Equipment,Manufacturing,Southwest,1261.56,833.88,427.68
SALE0005867,2025-01-04,CUST00485,Maintenance Supplies,Manufacturing,Southwest,1218.92,657.32,561.6
SALE0005868,2024-10-09,CUST00318,Packaging Materials,Services,Northeast,1189.6,724.4,465.2
SALE0005869,2024-02-26,CUST00138,Office Equipment,Distribution,Southeast,1221.61,867.99,353.62
SALE0005870,2026-06-14,CUST00333,Industrial Equipment,Manufacturing,Midwest,1433.79,845.85,587.94
SALE0005871,2024-06-24,CUST00349,Professional Services,Distribution,Midwest,1234.81,705.97,528.84
SALE0005872,2024-06-23,CUST00118,Office Equipment,Manufacturing,Southwest,2048.77,1429.16,619.61
SALE0005873,2025-07-01,CUST00175,Maintenance Supplies,Services,West,2244.46,1621.77,622.69
SALE0005874,2026-08-12,CUST00097,Safety Equipment,Manufacturing,West,1046.93,765.99,280.94
SALE0005875,2025-01-16,CUST00253,Packaging Materials,Manufacturing,West,3876.31,2334.73,1541.58
SALE0005876,2024-08-09,CUST00363,Industrial Equipment,Distribution,Northeast,1004.22,571.77,432.45
SALE0005877,2026-03-25,CUST00133,Technology Hardware,Distribution,West,684.93,326.29,358.64
SALE0005878,2024-06-06,CUST00206,Professional Services,Manufacturing,Midwest,2272.12,1178.63,1093.49
SALE0005879,2026-01-29,CUST00176,Manufacturing Components,Services,Southwest,1107.16,718.66,388.5
SALE0005880,2024-01-08,CUST00023,Manufacturing Components,Services,Southwest,2192.45,1049.52,1142.93
SALE0005881,2025-05-23,CUST00434,Professional Services,Services,Southeast,427.43,270.47,156.96
SALE0005882,2024-01-29,CUST00180,Manufacturing Components,Services,Southeast,4169.18,2648.38,1520.8
SALE0005883,2024-02-17,CUST00288,Packaging Materials,Services,Midwest,2706.4,1314.63,1391.77
SALE0005884,2024-05-09,CUST00361,Packaging Materials,Services,Southwest,734.89,383.23,351.66
SALE0005885,2026-05-11,CUST00138,Safety Equipment,Distribution,West,744.52,335.87,408.65
SALE0005886,2024-12-14,CUST00304,Manufacturing Components,Distribution,West,4931.31,2966.95,1964.36
SALE0005887,2026-08-18,CUST00191,Technology Hardware,Manufacturing,Northeast,1161.62,742.84,418.78
SALE0005888,2025-03-15,CUST00411,Professional Services,Manufacturing,Midwest,1096.07,770.2,325.87
SALE0005889,2025-09-07,CUST00010,Professional Services,Distribution,Southwest,464.22,231.86,232.36
SALE0005890,2024-11-05,CUST00057,Maintenance Supplies,Manufacturing,Midwest,1464.89,965.07,499.82
SALE0005891,2025-07-28,CUST00424,Safety Equipment,Services,Southwest,1577.14,1093.29,483.85
SALE0005892,2024-06-11,CUST00178,Manufacturing Components,Services,West,2777.47,1571.06,1206.41
SALE0005893,2024-08-31,CUST00092,Maintenance Supplies,Services,West,780.98,513.83,267.15
SALE0005894,2026-03-21,CUST00373,Professional Services,Manufacturing,Southwest,726.2,526.12,200.08
SALE0005895,2025-12-26,CUST00246,Packaging Materials,Distribution,Midwest,2369.84,1627.66,742.18
SALE0005896,2024-07-14,CUST00102,Technology Hardware,Distribution,West,3307.8,2119.0,1188.8
SALE0005897,2026-07-07,CUST00254,Packaging Materials,Services,Southwest,704.37,414.69,289.68
SALE0005898,2025-01-05,CUST00173,Office Equipment,Services,Midwest,3459.6,2051.42,1408.18
SALE0005899,2024-08-16,CUST00444,Industrial Equipment,Manufacturing,West,1849.23,1328.3,520.93
SALE0005900,2026-07-26,CUST00391,Safety Equipment,Distribution,West,3481.03,2163.13,1317.9
SALE0005901,2025-10-24,CUST00152,Packaging Materials,Distribution,Southwest,1733.45,789.81,943.64
SALE0005902,2025-08-18,CUST00493,Industrial Equipment,Services,Northeast,398.07,282.33,115.74
SALE0005903,2026-01-08,CUST00147,Industrial Equipment,Services,Northeast,1650.48,767.39,883.09
SALE0005904,2025-03-05,CUST00248,Safety Equipment,Distribution,Southwest,3415.52,2253.22,1162.3
SALE0005905,2024-05-10,CUST00086,Office Equipment,Distribution,Southeast,1057.59,567.29,490.3
SALE0005906,2024-05-08,CUST00305,Packaging Materials,Manufacturing,Southeast,1432.56,801.93,630.63
SALE0005907,2025-02-26,CUST00119,Industrial Equipment,Services,Northeast,1626.72,1113.6,513.12
SALE0005908,2026-01-05,CUST00473,Industrial Equipment,Manufacturing,Midwest,317.44,234.03,83.41
SALE0005909,2024-05-31,CUST00056,Manufacturing Components,Distribution,Southeast,4928.59,2908.01,2020.58
SALE0005910,2026-04-19,CUST00160,Manufacturing Components,Distribution,Southwest,1052.76,531.31,521.45
SALE0005911,2026-06-06,CUST00293,Industrial Equipment,Manufacturing,Northeast,2449.02,1343.23,1105.79
SALE0005912,2025-06-18,CUST00471,Safety Equipment,Manufacturing,Midwest,1716.39,909.29,807.1
SALE0005913,2025-09-17,CUST00378,Maintenance Supplies,Distribution,Midwest,3845.16,2338.8,1506.36
SALE0005914,2024-06-16,CUST00276,Safety Equipment,Services,Midwest,2306.84,1147.36,1159.48
SALE0005915,2025-09-23,CUST00213,Professional Services,Distribution,Northeast,1570.34,903.22,667.12
SALE0005916,2024-12-27,CUST00305,Industrial Equipment,Manufacturing,Southeast,1057.74,555.06,502.68
SALE0005917,2025-03-17,CUST00084,Maintenance Supplies,Distribution,Southeast,2918.17,1986.53,931.64
SALE0005918,2025-02-16,CUST00022,Safety Equipment,Manufacturing,West,587.53,321.58,265.95
SALE0005919,2025-07-30,CUST00020,Industrial Equipment,Distribution,Midwest,2663.87,1211.45,1452.42
SALE0005920,2026-05-12,CUST00035,Maintenance Supplies,Distribution,Southeast,935.02,547.91,387.11
SALE0005921,2025-04-07,CUST00128,Technology Hardware,Distribution,Midwest,3832.87,2303.45,1529.42
SALE0005922,2025-11-05,CUST00366,Maintenance Supplies,Manufacturing,Southeast,1991.77,1456.98,534.79
SALE0005923,2024-05-07,CUST00253,Packaging Materials,Services,Northeast,2661.05,1517.24,1143.81
SALE0005924,2026-01-22,CUST00487,Technology Hardware,Distribution,West,1899.21,1101.28,797.93
SALE0005925,2024-08-18,CUST00157,Safety Equipment,Services,West,631.8,402.2,229.6
SALE0005926,2025-02-13,CUST00142,Technology Hardware,Manufacturing,West,1078.75,675.56,403.19
SALE0005927,2026-06-04,CUST00353,Technology Hardware,Manufacturing,West,2706.56,1366.72,1339.84
SALE0005928,2025-04-25,CUST00114,Technology Hardware,Distribution,Southeast,1998.18,1233.64,764.54
SALE0005929,2024-09-11,CUST00423,Manufacturing Components,Manufacturing,Southeast,3672.38,2563.95,1108.43
SALE0005930,2024-01-21,CUST00120,Maintenance Supplies,Distribution,Southeast,2302.99,1681.82,621.17
SALE0005931,2025-10-06,CUST00348,Safety Equipment,Manufacturing,Southeast,1012.3,728.29,284.01
SALE0005932,2024-08-23,CUST00052,Packaging Materials,Manufacturing,Midwest,1121.43,646.99,474.44
SALE0005933,2026-02-15,CUST00130,Industrial Equipment,Services,West,1923.21,1139.88,783.33
SALE0005934,2025-07-05,CUST00366,Professional Services,Manufacturing,Northeast,451.05,253.62,197.43
SALE0005935,2024-09-04,CUST00023,Technology Hardware,Manufacturing,Southwest,4934.79,2561.38,2373.41
SALE0005936,2024-02-19,CUST00421,Packaging Materials,Distribution,Northeast,2356.77,1149.29,1207.48
SALE0005937,2026-04-18,CUST00363,Manufacturing Components,Distribution,Midwest,3775.25,1730.96,2044.29
SALE0005938,2024-11-28,CUST00256,Industrial Equipment,Services,Midwest,700.39,427.45,272.94
SALE0005939,2025-10-11,CUST00027,Maintenance Supplies,Manufacturing,Southeast,3815.16,2858.7,956.46
SALE0005940,2026-07-05,CUST00352,Maintenance Supplies,Distribution,Southwest,6897.4,4443.92,2453.48
SALE0005941,2024-11-08,CUST00304,Packaging Materials,Distribution,Midwest,818.5,385.81,432.69
SALE0005942,2026-05-26,CUST00165,Safety Equipment,Services,Northeast,2872.22,1367.98,1504.24
SALE0005943,2026-08-21,CUST00265,Manufacturing Components,Services,Northeast,1809.25,1078.12,731.13
SALE0005944,2026-05-14,CUST00376,Technology Hardware,Manufacturing,Midwest,715.76,375.66,340.1
SALE0005945,2026-01-02,CUST00374,Maintenance Supplies,Services,Midwest,2430.2,1635.23,794.97
SALE0005946,2026-08-11,CUST00036,Professional Services,Manufacturing,Midwest,2981.44,2023.29,958.15
SALE0005947,2025-12-09,CUST00388,Technology Hardware,Distribution,Southwest,1260.58,755.29,505.29
SALE0005948,2026-08-30,CUST00478,Office Equipment,Distribution,Southeast,3639.31,1770.1,1869.21
SALE0005949,2024-06-26,CUST00324,Packaging Materials,Distribution,Southwest,665.1,490.6,174.5
SALE0005950,2024-09-08,CUST00402,Office Equipment,Manufacturing,Southwest,737.41,335.69,401.72
SALE0005951,2024-05-17,CUST00039,Technology Hardware,Services,Southwest,1962.47,1380.82,581.65
SALE0005952,2024-08-31,CUST00005,Industrial Equipment,Distribution,Southwest,1835.79,1000.11,835.68
SALE0005953,2026-08-20,CUST00022,Maintenance Supplies,Manufacturing,Northeast,1176.21,555.11,621.1
SALE0005954,2024-11-17,CUST00338,Office Equipment,Services,Midwest,2938.8,1857.72,1081.08
SALE0005955,2025-11-14,CUST00305,Professional Services,Distribution,Northeast,2486.26,1605.23,881.03
SALE0005956,2024-11-09,CUST00111,Office Equipment,Manufacturing,West,3025.66,1533.87,1491.79
SALE0005957,2024-02-13,CUST00304,Industrial Equipment,Manufacturing,Northeast,1679.28,1131.08,548.2
SALE0005958,2024-03-21,CUST00392,Office Equipment,Services,Northeast,2595.54,1881.61,713.93
SALE0005959,2026-05-19,CUST00111,Packaging Materials,Distribution,West,1383.83,643.5,740.33
SALE0005960,2025-06-21,CUST00051,Safety Equipment,Manufacturing,Midwest,6199.92,3721.51,2478.41
SALE0005961,2026-03-29,CUST00201,Manufacturing Components,Distribution,Southeast,1110.4,824.08,286.32
SALE0005962,2025-07-22,CUST00209,Professional Services,Services,West,6394.4,3880.77,2513.63
SALE0005963,2026-01-21,CUST00271,Technology Hardware,Distribution,West,1846.29,1025.97,820.32
SALE0005964,2024-02-16,CUST00322,Industrial Equipment,Services,West,792.1,592.41,199.69
SALE0005965,2025-01-25,CUST00205,Packaging Materials,Distribution,Southwest,4108.64,2260.66,1847.98
SALE0005966,2024-06-29,CUST00007,Professional Services,Manufacturing,Southwest,1949.91,1183.99,765.92
SALE0005967,2024-06-09,CUST00371,Manufacturing Components,Services,Midwest,3012.95,2100.74,912.21
SALE0005968,2025-04-03,CUST00099,Professional Services,Manufacturing,Midwest,3768.05,1870.09,1897.96
SALE0005969,2025-03-06,CUST00239,Safety Equipment,Services,Northeast,2214.48,1184.34,1030.14
SALE0005970,2025-06-30,CUST00394,Office Equipment,Services,Southwest,1267.31,654.67,612.64
SALE0005971,2026-06-24,CUST00307,Technology Hardware,Manufacturing,Midwest,3246.81,1967.98,1278.83
SALE0005972,2024-12-20,CUST00312,Safety Equipment,Distribution,Southwest,1808.86,1344.13,464.73
SALE0005973,2026-07-02,CUST00199,Professional Services,Distribution,West,2728.52,1292.85,1435.67
SALE0005974,2024-02-06,CUST00195,Office Equipment,Distribution,Midwest,496.59,364.07,132.52
SALE0005975,2024-03-11,CUST00173,Professional Services,Manufacturing,Northeast,2364.19,1679.8,684.39
SALE0005976,2025-03-11,CUST00221,Industrial Equipment,Distribution,West,1232.56,667.18,565.38
SALE0005977,2026-03-25,CUST00206,Safety Equipment,Distribution,Southeast,4875.54,2728.51,2147.03
SALE0005978,2026-08-06,CUST00258,Industrial Equipment,Services,Southwest,2627.67,1774.07,853.6
SALE0005979,2024-08-02,CUST00076,Industrial Equipment,Services,Northeast,2087.9,1308.22,779.68
SALE0005980,2024-05-17,CUST00428,Technology Hardware,Distribution,Midwest,2420.64,1343.08,1077.56
SALE0005981,2026-02-15,CUST00123,Professional Services,Services,Southwest,993.2,682.63,310.57
SALE0005982,2025-05-08,CUST00010,Safety Equipment,Manufacturing,Southwest,4788.41,3296.25,1492.16
SALE0005983,2025-05-22,CUST00247,Manufacturing Components,Services,Southeast,5971.91,3919.09,2052.82
SALE0005984,2026-05-09,CUST00191,Maintenance Supplies,Services,Southwest,2288.72,1315.34,973.38
SALE0005985,2025-11-20,CUST00437,Manufacturing Components,Manufacturing,Midwest,4694.95,2329.21,2365.74
SALE0005986,2025-11-11,CUST00489,Technology Hardware,Distribution,Midwest,1285.0,600.45,684.55
SALE0005987,2024-11-24,CUST00030,Technology Hardware,Distribution,West,1120.73,512.32,608.41
SALE0005988,2024-02-02,CUST00382,Industrial Equipment,Services,West,1852.99,1115.84,737.15
SALE0005989,2025-08-23,CUST00432,Safety Equipment,Services,Southwest,2347.17,1702.92,644.25
SALE0005990,2025-02-15,CUST00122,Professional Services,Manufacturing,Midwest,1427.4,912.58,514.82
SALE0005991,2025-01-21,CUST00110,Industrial Equipment,Manufacturing,Midwest,2496.54,1196.39,1300.15
SALE0005992,2024-09-11,CUST00396,Industrial Equipment,Manufacturing,Northeast,2172.93,1320.81,852.12
SALE0005993,2025-08-17,CUST00115,Technology Hardware,Manufacturing,West,993.28,470.66,522.62
SALE0005994,2024-11-10,CUST00116,Industrial Equipment,Distribution,Midwest,2468.28,1568.69,899.59
SALE0005995,2024-04-18,CUST00291,Office Equipment,Distribution,Midwest,3035.46,1764.53,1270.93
SALE0005996,2025-02-27,CUST00079,Professional Services,Services,Southeast,2003.96,1355.44,648.52
SALE0005997,2025-01-02,CUST00311,Office Equipment,Manufacturing,Southeast,3610.45,1732.77,1877.68
SALE0005998,2024-12-10,CUST00399,Technology Hardware,Services,Southwest,870.93,432.47,438.46
SALE0005999,2024-02-27,CUST00066,Safety Equipment,Manufacturing,Southeast,2394.12,1080.35,1313.77
SALE0006000,2024-08-17,CUST00147,Industrial Equipment,Distribution,Southwest,895.9,644.14,251.76
SALE0006001,2026-01-31,CUST00437,Manufacturing Components,Manufacturing,Midwest,926.63,547.11,379.52
SALE0006002,2024-03-21,CUST00266,Industrial Equipment,Distribution,Northeast,1238.23,802.11,436.12
SALE0006003,2026-08-03,CUST00323,Packaging Materials,Services,Northeast,1027.38,621.54,405.84
SALE0006004,2024-12-10,CUST00207,Office Equipment,Manufacturing,West,1301.41,612.75,688.66
SALE0006005,2026-03-31,CUST00093,Safety Equipment,Services,Southeast,1590.03,770.25,819.78
SALE0006006,2025-05-14,CUST00151,Maintenance Supplies,Distribution,West,2987.8,1817.06,1170.74
SALE0006007,2024-02-04,CUST00196,Safety Equipment,Distribution,Northeast,1491.15,932.13,559.02
SALE0006008,2024-11-30,CUST00201,Technology Hardware,Services,Midwest,698.28,343.67,354.61
SALE0006009,2024-11-06,CUST00008,Packaging Materials,Manufacturing,Midwest,3583.3,1938.13,1645.17
SALE0006010,2025-12-11,CUST00129,Office Equipment,Manufacturing,Northeast,1094.16,674.66,419.5
SALE0006011,2024-09-07,CUST00121,Professional Services,Manufacturing,Midwest,1745.45,1240.13,505.32
SALE0006012,2025-01-10,CUST00483,Manufacturing Components,Manufacturing,West,2363.55,1093.06,1270.49
SALE0006013,2024-02-02,CUST00195,Office Equipment,Services,West,2038.09,1342.36,695.73
SALE0006014,2026-04-11,CUST00135,Manufacturing Components,Services,Southeast,3485.99,1696.06,1789.93
SALE0006015,2025-11-16,CUST00004,Office Equipment,Manufacturing,Northeast,2410.05,1499.35,910.7
SALE0006016,2024-09-27,CUST00401,Manufacturing Components,Services,West,1078.38,632.21,446.17
SALE0006017,2026-05-03,CUST00426,Manufacturing Components,Services,West,6681.76,4498.88,2182.88
SALE0006018,2024-05-08,CUST00434,Office Equipment,Services,West,2031.64,1361.38,670.26
SALE0006019,2024-05-26,CUST00372,Professional Services,Distribution,West,1655.07,1185.89,469.18
SALE0006020,2025-07-19,CUST00109,Maintenance Supplies,Manufacturing,Northeast,3223.93,2097.89,1126.04
SALE0006021,2024-08-13,CUST00144,Manufacturing Components,Manufacturing,Northeast,2099.95,1109.93,990.02
SALE0006022,2025-06-12,CUST00484,Manufacturing Components,Distribution,Northeast,2297.41,1105.27,1192.14
SALE0006023,2026-08-29,CUST00472,Manufacturing Components,Services,Southeast,8065.17,6008.41,2056.76
SALE0006024,2024-06-09,CUST00060,Professional Services,Services,Northeast,1532.92,834.61,698.31
SALE0006025,2024-11-13,CUST00020,Technology Hardware,Distribution,Northeast,1494.2,812.17,682.03
SALE0006026,2025-08-09,CUST00406,Industrial Equipment,Distribution,Southwest,1939.04,1305.85,633.19
SALE0006027,2024-04-12,CUST00419,Professional Services,Services,Southeast,3438.91,1852.79,1586.12
SALE0006028,2024-03-11,CUST00054,Maintenance Supplies,Distribution,Southwest,732.22,334.28,397.94
SALE0006029,2024-10-05,CUST00065,Packaging Materials,Distribution,Midwest,555.94,302.66,253.28
SALE0006030,2025-11-08,CUST00308,Maintenance Supplies,Manufacturing,Southwest,1271.22,944.54,326.68
SALE0006031,2026-01-13,CUST00114,Safety Equipment,Distribution,Midwest,678.34,359.74,318.6
SALE0006032,2024-09-21,CUST00298,Professional Services,Manufacturing,West,1401.22,890.43,510.79
SALE0006033,2026-08-23,CUST00312,Manufacturing Components,Services,Southeast,2444.27,1268.33,1175.94
SALE0006034,2025-02-06,CUST00315,Maintenance Supplies,Manufacturing,Southeast,1059.5,714.46,345.04
SALE0006035,2026-04-15,CUST00494,Maintenance Supplies,Manufacturing,Northeast,768.09,490.83,277.26
SALE0006036,2026-05-03,CUST00115,Packaging Materials,Distribution,Southwest,1884.85,1066.06,818.79
SALE0006037,2024-12-25,CUST00034,Industrial Equipment,Distribution,Southwest,3033.66,1577.88,1455.78
SALE0006038,2026-08-05,CUST00124,Manufacturing Components,Services,Northeast,653.94,480.24,173.7
SALE0006039,2024-03-24,CUST00274,Office Equipment,Services,Midwest,2957.62,1354.67,1602.95
SALE0006040,2024-10-29,CUST00049,Packaging Materials,Distribution,Southeast,2952.43,1689.09,1263.34
SALE0006041,2025-02-09,CUST00477,Maintenance Supplies,Manufacturing,Northeast,3204.95,1478.24,1726.71
SALE0006042,2024-10-14,CUST00487,Office Equipment,Distribution,West,3755.92,2186.86,1569.06
SALE0006043,2024-11-03,CUST00194,Maintenance Supplies,Services,Midwest,6776.45,4831.91,1944.54
SALE0006044,2025-06-13,CUST00007,Safety Equipment,Distribution,Northeast,1460.22,687.47,772.75
SALE0006045,2024-01-26,CUST00472,Professional Services,Distribution,Northeast,1930.9,1441.36,489.54
SALE0006046,2026-02-10,CUST00249,Safety Equipment,Services,Southwest,1408.3,664.08,744.22
SALE0006047,2024-11-16,CUST00159,Safety Equipment,Manufacturing,Northeast,1810.19,1126.37,683.82
SALE0006048,2025-03-30,CUST00057,Manufacturing Components,Distribution,Northeast,4535.65,2759.22,1776.43
SALE0006049,2025-08-10,CUST00217,Industrial Equipment,Manufacturing,Midwest,806.73,533.29,273.44
SALE0006050,2025-09-22,CUST00473,Manufacturing Components,Distribution,Midwest,1078.55,492.99,585.56
SALE0006051,2024-10-27,CUST00498,Technology Hardware,Distribution,West,4131.14,1965.76,2165.38
SALE0006052,2025-03-09,CUST00117,Safety Equipment,Manufacturing,West,3334.31,1948.31,1386.0
SALE0006053,2024-11-06,CUST00374,Office Equipment,Services,Midwest,1454.07,943.8,510.27
SALE0006054,2025-01-18,CUST00118,Manufacturing Components,Distribution,Northeast,3018.88,2209.93,808.95
SALE0006055,2026-04-18,CUST00120,Technology Hardware,Manufacturing,Northeast,2218.82,1139.0,1079.82
SALE0006056,2026-06-16,CUST00029,Maintenance Supplies,Services,West,4447.8,3251.52,1196.28
SALE0006057,2025-08-20,CUST00321,Office Equipment,Distribution,Southeast,1890.71,952.98,937.73
SALE0006058,2026-01-06,CUST00058,Professional Services,Services,Southwest,3345.53,1892.82,1452.71
SALE0006059,2024-08-29,CUST00233,Safety Equipment,Services,Midwest,8823.79,4245.39,4578.4
SALE0006060,2026-02-20,CUST00468,Packaging Materials,Distribution,West,2588.57,1496.9,1091.67
SALE0006061,2025-05-22,CUST00078,Safety Equipment,Services,West,1862.35,1239.02,623.33
SALE0006062,2026-04-22,CUST00270,Office Equipment,Distribution,Southeast,2789.08,1547.1,1241.98
SALE0006063,2026-05-05,CUST00444,Professional Services,Services,Southwest,1452.2,924.35,527.85
SALE0006064,2025-07-20,CUST00048,Maintenance Supplies,Services,Northeast,7576.3,4439.49,3136.81
SALE0006065,2026-08-05,CUST00141,Safety Equipment,Manufacturing,Southwest,2014.33,1485.95,528.38
SALE0006066,2026-07-28,CUST00226,Industrial Equipment,Distribution,Northeast,1534.93,971.13,563.8
SALE0006067,2025-01-09,CUST00329,Manufacturing Components,Distribution,Southeast,1095.08,612.32,482.76
SALE0006068,2026-04-24,CUST00312,Packaging Materials,Manufacturing,Northeast,3492.36,1906.23,1586.13
SALE0006069,2025-02-01,CUST00013,Office Equipment,Services,West,3042.13,1493.3,1548.83
SALE0006070,2025-07-24,CUST00479,Technology Hardware,Distribution,Southwest,1341.56,850.16,491.4
SALE0006071,2024-11-05,CUST00420,Professional Services,Manufacturing,Northeast,2555.16,1456.93,1098.23
SALE0006072,2026-08-19,CUST00322,Technology Hardware,Distribution,Southwest,731.33,394.03,337.3
SALE0006073,2024-01-06,CUST00119,Safety Equipment,Distribution,Southeast,2020.26,1422.44,597.82
SALE0006074,2025-05-01,CUST00051,Office Equipment,Distribution,West,2372.39,1562.65,809.74
SALE0006075,2024-06-03,CUST00065,Industrial Equipment,Distribution,Northeast,5036.15,2813.37,2222.78
SALE0006076,2025-09-28,CUST00200,Industrial Equipment,Manufacturing,Northeast,1138.55,827.93,310.62
SALE0006077,2025-11-13,CUST00491,Manufacturing Components,Services,Northeast,839.65,398.05,441.6
SALE0006078,2024-03-26,CUST00218,Manufacturing Components,Distribution,Northeast,1056.53,734.7,321.83
SALE0006079,2026-05-16,CUST00099,Maintenance Supplies,Distribution,West,810.83,507.28,303.55
SALE0006080,2025-10-03,CUST00072,Manufacturing Components,Manufacturing,Northeast,4031.91,2436.41,1595.5
SALE0006081,2024-02-18,CUST00285,Packaging Materials,Services,Southeast,4578.76,2984.32,1594.44
SALE0006082,2025-06-27,CUST00341,Office Equipment,Services,West,2191.04,1547.11,643.93
SALE0006083,2024-02-22,CUST00352,Office Equipment,Distribution,Southeast,3762.27,2555.52,1206.75
SALE0006084,2024-07-20,CUST00112,Manufacturing Components,Manufacturing,Midwest,1959.36,1277.81,681.55
SALE0006085,2025-11-12,CUST00064,Professional Services,Services,Southwest,1707.75,902.92,804.83
SALE0006086,2026-08-29,CUST00322,Office Equipment,Distribution,Midwest,1480.56,945.23,535.33
SALE0006087,2026-01-12,CUST00311,Packaging Materials,Manufacturing,Northeast,1500.82,864.02,636.8
SALE0006088,2026-03-01,CUST00281,Packaging Materials,Manufacturing,Northeast,714.31,533.87,180.44
SALE0006089,2025-02-24,CUST00042,Office Equipment,Distribution,Northeast,2118.69,1089.0,1029.69
SALE0006090,2025-05-07,CUST00327,Safety Equipment,Manufacturing,Southeast,1764.81,997.69,767.12
SALE0006091,2024-07-13,CUST00392,Manufacturing Components,Services,Southwest,2827.69,1623.2,1204.49
SALE0006092,2025-09-14,CUST00260,Safety Equipment,Distribution,West,1912.4,997.55,914.85
SALE0006093,2025-08-28,CUST00434,Professional Services,Distribution,Midwest,1639.88,770.47,869.41
SALE0006094,2024-01-16,CUST00076,Safety Equipment,Services,Northeast,1072.0,751.45,320.55
SALE0006095,2025-12-31,CUST00117,Packaging Materials,Distribution,Southeast,1888.04,1173.36,714.68
SALE0006096,2026-03-18,CUST00077,Office Equipment,Distribution,Northeast,2815.63,2027.0,788.63
SALE0006097,2024-06-28,CUST00309,Safety Equipment,Distribution,West,910.5,513.67,396.83
SALE0006098,2024-09-23,CUST00320,Technology Hardware,Manufacturing,Southeast,1905.47,1203.31,702.16
SALE0006099,2024-11-16,CUST00315,Office Equipment,Distribution,Midwest,2079.38,1051.13,1028.25
SALE0006100,2024-11-04,CUST00143,Safety Equipment,Services,Southwest,1175.16,769.89,405.27
SALE0006101,2026-02-24,CUST00278,Office Equipment,Services,Northeast,1270.65,839.95,430.7
SALE0006102,2026-06-12,CUST00060,Manufacturing Components,Distribution,Southeast,2076.35,1539.82,536.53
SALE0006103,2024-08-14,CUST00132,Industrial Equipment,Services,West,915.94,424.9,491.04
SALE0006104,2024-01-26,CUST00256,Professional Services,Manufacturing,Midwest,2230.44,1218.14,1012.3
SALE0006105,2024-11-20,CUST00305,Industrial Equipment,Services,Southwest,1056.57,698.12,358.45
SALE0006106,2025-12-16,CUST00400,Professional Services,Services,Southwest,3421.08,2451.66,969.42
SALE0006107,2026-08-09,CUST00088,Technology Hardware,Services,Northeast,7351.77,4653.12,2698.65
SALE0006108,2025-12-05,CUST00366,Maintenance Supplies,Distribution,Southeast,1078.74,534.61,544.13
SALE0006109,2025-04-24,CUST00212,Packaging Materials,Services,Southwest,2491.21,1246.82,1244.39
SALE0006110,2025-02-08,CUST00111,Packaging Materials,Manufacturing,Midwest,1169.06,780.29,388.77
SALE0006111,2025-06-04,CUST00275,Industrial Equipment,Manufacturing,West,3376.42,1820.18,1556.24
SALE0006112,2024-11-23,CUST00318,Professional Services,Distribution,Southeast,846.28,468.34,377.94
SALE0006113,2026-01-08,CUST00470,Safety Equipment,Services,Midwest,2412.34,1415.11,997.23
SALE0006114,2025-05-15,CUST00162,Technology Hardware,Manufacturing,West,1070.85,755.82,315.03
SALE0006115,2025-10-20,CUST00131,Professional Services,Distribution,Northeast,1596.88,1109.57,487.31
SALE0006116,2024-03-16,CUST00346,Safety Equipment,Distribution,Southwest,973.97,457.1,516.87
SALE0006117,2024-01-13,CUST00271,Office Equipment,Manufacturing,Midwest,2961.38,1526.67,1434.71
SALE0006118,2025-02-06,CUST00238,Office Equipment,Manufacturing,Northeast,1094.24,806.84,287.4
SALE0006119,2024-06-13,CUST00285,Maintenance Supplies,Services,Southeast,2517.9,1408.59,1109.31
SALE0006120,2024-07-29,CUST00408,Industrial Equipment,Services,Northeast,1470.77,753.62,717.15
SALE0006121,2025-01-05,CUST00128,Industrial Equipment,Services,West,1688.03,961.13,726.9
SALE0006122,2025-12-17,CUST00494,Packaging Materials,Services,Midwest,1975.65,975.67,999.98
SALE0006123,2025-10-14,CUST00262,Professional Services,Manufacturing,Southeast,1144.71,706.96,437.75
SALE0006124,2026-03-29,CUST00455,Professional Services,Services,West,2051.28,991.16,1060.12
SALE0006125,2025-06-21,CUST00088,Professional Services,Manufacturing,Southwest,4528.75,2313.36,2215.39
SALE0006126,2024-12-27,CUST00149,Technology Hardware,Manufacturing,Southeast,1133.59,769.42,364.17
SALE0006127,2024-01-03,CUST00004,Manufacturing Components,Services,Southwest,3652.2,2160.57,1491.63
SALE0006128,2026-05-15,CUST00152,Packaging Materials,Services,Southwest,4441.99,2028.89,2413.1
SALE0006129,2024-09-16,CUST00036,Office Equipment,Services,Southeast,1107.99,774.35,333.64
SALE0006130,2025-05-16,CUST00221,Safety Equipment,Services,Southwest,755.19,478.73,276.46
SALE0006131,2024-11-30,CUST00320,Technology Hardware,Distribution,Midwest,2167.17,1018.28,1148.89
SALE0006132,2024-04-03,CUST00010,Industrial Equipment,Distribution,Northeast,1301.87,853.15,448.72
SALE0006133,2024-02-03,CUST00317,Maintenance Supplies,Services,West,5547.83,3350.78,2197.05
SALE0006134,2026-02-26,CUST00066,Packaging Materials,Distribution,Southeast,1846.2,972.54,873.66
SALE0006135,2024-07-31,CUST00007,Safety Equipment,Distribution,Northeast,1117.31,734.1,383.21
SALE0006136,2025-04-07,CUST00124,Technology Hardware,Manufacturing,Southeast,908.42,445.48,462.94
SALE0006137,2026-02-02,CUST00119,Industrial Equipment,Services,Southeast,3477.06,2247.08,1229.98
SALE0006138,2025-11-16,CUST00073,Maintenance Supplies,Manufacturing,Southwest,1283.43,682.16,601.27
SALE0006139,2024-12-04,CUST00295,Manufacturing Components,Distribution,West,1856.22,1284.62,571.6
SALE0006140,2024-05-24,CUST00287,Industrial Equipment,Services,Northeast,3208.25,2261.26,946.99
SALE0006141,2026-06-11,CUST00203,Safety Equipment,Manufacturing,Southwest,1352.14,777.02,575.12
SALE0006142,2026-05-10,CUST00219,Office Equipment,Services,Southwest,1758.9,1266.33,492.57
SALE0006143,2026-01-14,CUST00005,Safety Equipment,Manufacturing,Northeast,1790.16,1168.65,621.51
SALE0006144,2024-09-17,CUST00466,Maintenance Supplies,Manufacturing,Northeast,2724.38,1531.5,1192.88
SALE0006145,2025-02-02,CUST00201,Maintenance Supplies,Services,Southwest,2577.17,1236.72,1340.45
SALE0006146,2024-01-05,CUST00280,Maintenance Supplies,Distribution,Midwest,1584.35,727.51,856.84
SALE0006147,2025-07-19,CUST00169,Manufacturing Components,Distribution,Southwest,1878.43,860.77,1017.66
SALE0006148,2024-11-02,CUST00485,Office Equipment,Services,Southeast,1446.54,712.87,733.67
SALE0006149,2025-06-12,CUST00067,Maintenance Supplies,Manufacturing,Northeast,745.04,336.07,408.97
SALE0006150,2025-01-02,CUST00419,Industrial Equipment,Services,West,2110.25,953.46,1156.79
SALE0006151,2026-04-05,CUST00294,Office Equipment,Manufacturing,Southeast,5626.91,3220.75,2406.16
SALE0006152,2024-05-05,CUST00084,Technology Hardware,Distribution,Southeast,1063.98,584.09,479.89
SALE0006153,2025-12-15,CUST00084,Packaging Materials,Services,West,1137.04,595.08,541.96
SALE0006154,2026-08-15,CUST00258,Safety Equipment,Distribution,Southwest,1072.3,497.97,574.33
SALE0006155,2025-10-13,CUST00180,Maintenance Supplies,Services,Northeast,2792.67,1511.53,1281.14
SALE0006156,2025-12-17,CUST00157,Professional Services,Distribution,Southeast,2366.32,1668.85,697.47
SALE0006157,2026-08-18,CUST00446,Safety Equipment,Services,Midwest,1643.98,907.41,736.57
SALE0006158,2024-02-17,CUST00045,Manufacturing Components,Distribution,Southeast,1042.3,710.3,332.0
SALE0006159,2026-04-16,CUST00260,Office Equipment,Manufacturing,Southwest,1911.08,1046.1,864.98
SALE0006160,2025-04-01,CUST00283,Packaging Materials,Distribution,Northeast,707.14,467.59,239.55
SALE0006161,2024-08-14,CUST00228,Maintenance Supplies,Services,West,1970.53,935.48,1035.05
SALE0006162,2024-01-20,CUST00011,Maintenance Supplies,Distribution,West,3050.05,2259.51,790.54
SALE0006163,2026-07-01,CUST00004,Professional Services,Manufacturing,West,853.44,588.24,265.2
SALE0006164,2025-03-18,CUST00456,Maintenance Supplies,Manufacturing,Southeast,720.89,338.98,381.91
SALE0006165,2025-09-15,CUST00113,Technology Hardware,Services,Midwest,4664.16,3486.44,1177.72
SALE0006166,2025-12-09,CUST00339,Technology Hardware,Services,Southeast,1252.56,852.3,400.26
SALE0006167,2024-02-16,CUST00407,Technology Hardware,Services,Southwest,3574.46,1958.07,1616.39
SALE0006168,2025-03-29,CUST00254,Manufacturing Components,Manufacturing,Southeast,1648.47,900.65,747.82
SALE0006169,2026-03-15,CUST00304,Safety Equipment,Manufacturing,Midwest,1640.62,959.38,681.24
SALE0006170,2026-02-15,CUST00211,Packaging Materials,Distribution,Midwest,2352.06,1292.24,1059.82
SALE0006171,2024-11-28,CUST00350,Manufacturing Components,Manufacturing,Southwest,1063.8,723.51,340.29
SALE0006172,2024-01-01,CUST00457,Technology Hardware,Services,West,1957.65,1203.66,753.99
SALE0006173,2025-04-20,CUST00020,Manufacturing Components,Distribution,Southeast,1438.14,1040.45,397.69
SALE0006174,2024-07-04,CUST00106,Safety Equipment,Distribution,West,818.69,396.97,421.72
SALE0006175,2025-09-01,CUST00032,Industrial Equipment,Services,Southeast,2213.85,1512.18,701.67
SALE0006176,2024-10-05,CUST00349,Manufacturing Components,Manufacturing,West,1543.82,907.07,636.75
SALE0006177,2025-10-12,CUST00265,Safety Equipment,Manufacturing,Southwest,1645.48,1025.68,619.8
SALE0006178,2024-10-14,CUST00055,Manufacturing Components,Services,Southeast,874.72,496.08,378.64
SALE0006179,2026-01-18,CUST00310,Professional Services,Services,West,4697.76,3293.74,1404.02
SALE0006180,2024-05-09,CUST00325,Technology Hardware,Services,Southwest,3059.57,1805.03,1254.54
SALE0006181,2026-08-15,CUST00401,Safety Equipment,Manufacturing,West,3224.37,1498.02,1726.35
SALE0006182,2025-11-24,CUST00277,Technology Hardware,Manufacturing,West,1505.28,896.73,608.55
SALE0006183,2025-01-09,CUST00494,Office Equipment,Services,Northeast,640.65,429.34,211.31
SALE0006184,2025-07-13,CUST00133,Safety Equipment,Services,Southwest,5835.71,3979.31,1856.4
SALE0006185,2025-02-09,CUST00027,Industrial Equipment,Services,Northeast,1742.96,1148.62,594.34
SALE0006186,2025-04-26,CUST00301,Maintenance Supplies,Services,West,1153.69,601.26,552.43
SALE0006187,2025-09-18,CUST00483,Maintenance Supplies,Distribution,Midwest,2321.76,1636.6,685.16
SALE0006188,2025-04-18,CUST00329,Maintenance Supplies,Distribution,Midwest,3641.94,2386.19,1255.75
SALE0006189,2024-04-22,CUST00023,Professional Services,Distribution,West,1783.21,1257.16,526.05
SALE0006190,2026-07-16,CUST00381,Office Equipment,Manufacturing,Southwest,3893.82,2719.84,1173.98
SALE0006191,2025-10-17,CUST00176,Maintenance Supplies,Services,Southeast,3462.69,2359.32,1103.37
SALE0006192,2024-10-31,CUST00426,Technology Hardware,Services,Northeast,947.83,645.07,302.76
SALE0006193,2025-12-06,CUST00480,Maintenance Supplies,Manufacturing,Midwest,1206.8,684.62,522.18
SALE0006194,2025-08-16,CUST00264,Safety Equipment,Services,West,3211.59,2073.65,1137.94
SALE0006195,2024-12-03,CUST00327,Industrial Equipment,Distribution,West,355.11,261.52,93.59
SALE0006196,2025-12-21,CUST00495,Office Equipment,Distribution,West,1652.97,1132.03,520.94
SALE0006197,2026-05-25,CUST00260,Safety Equipment,Services,Southwest,766.24,417.04,349.2
SALE0006198,2024-12-03,CUST00409,Manufacturing Components,Distribution,Southwest,1358.41,781.07,577.34
SALE0006199,2025-06-22,CUST00422,Safety Equipment,Distribution,Northeast,1511.27,820.36,690.91
SALE0006200,2025-05-15,CUST00356,Safety Equipment,Manufacturing,Southwest,1458.34,1024.2,434.14
SALE0006201,2025-10-29,CUST00413,Professional Services,Distribution,Southwest,1298.08,845.02,453.06
SALE0006202,2024-04-06,CUST00352,Safety Equipment,Distribution,Northeast,936.09,668.41,267.68
SALE0006203,2025-10-19,CUST00252,Safety Equipment,Distribution,West,7152.0,4562.44,2589.56
SALE0006204,2024-06-09,CUST00102,Technology Hardware,Distribution,Northeast,5544.03,2741.99,2802.04
SALE0006205,2024-08-29,CUST00210,Technology Hardware,Manufacturing,West,900.33,649.37,250.96
SALE0006206,2024-12-07,CUST00023,Packaging Materials,Manufacturing,Northeast,4671.66,3058.23,1613.43
SALE0006207,2026-02-22,CUST00071,Office Equipment,Distribution,Southeast,1422.71,1066.9,355.81
SALE0006208,2024-06-11,CUST00161,Technology Hardware,Manufacturing,Midwest,1953.76,1147.99,805.77
SALE0006209,2025-09-30,CUST00135,Industrial Equipment,Manufacturing,Southeast,1740.69,1018.56,722.13
SALE0006210,2024-05-11,CUST00247,Professional Services,Manufacturing,Midwest,1217.01,637.35,579.66
SALE0006211,2025-03-10,CUST00169,Industrial Equipment,Services,Southeast,3262.7,2243.64,1019.06
SALE0006212,2025-12-28,CUST00189,Technology Hardware,Services,Southwest,1949.9,1086.25,863.65
SALE0006213,2024-02-12,CUST00077,Industrial Equipment,Manufacturing,Southwest,1358.41,983.45,374.96
SALE0006214,2024-04-26,CUST00038,Safety Equipment,Distribution,Midwest,826.54,488.55,337.99
SALE0006215,2024-09-28,CUST00406,Technology Hardware,Services,Midwest,1057.69,773.28,284.41
SALE0006216,2026-03-29,CUST00201,Manufacturing Components,Manufacturing,Northeast,675.31,399.13,276.18
SALE0006217,2025-07-18,CUST00475,Manufacturing Components,Services,Southeast,1821.35,1127.63,693.72
SALE0006218,2025-05-04,CUST00387,Industrial Equipment,Distribution,Midwest,881.83,575.92,305.91
SALE0006219,2024-01-31,CUST00208,Manufacturing Components,Manufacturing,Southeast,1541.74,896.18,645.56
SALE0006220,2026-06-09,CUST00278,Safety Equipment,Services,Northeast,4113.63,2035.54,2078.09
SALE0006221,2025-01-08,CUST00146,Office Equipment,Services,Midwest,3712.94,2101.01,1611.93
SALE0006222,2024-09-11,CUST00480,Maintenance Supplies,Distribution,Midwest,1773.36,1155.09,618.27
SALE0006223,2024-11-27,CUST00175,Technology Hardware,Manufacturing,Southeast,1716.0,1189.85,526.15
SALE0006224,2025-02-21,CUST00171,Office Equipment,Manufacturing,Southwest,5585.47,2869.11,2716.36
SALE0006225,2025-05-25,CUST00276,Maintenance Supplies,Manufacturing,Southeast,2471.19,1473.29,997.9
SALE0006226,2025-10-23,CUST00210,Safety Equipment,Services,West,1485.22,729.35,755.87
SALE0006227,2024-03-04,CUST00422,Office Equipment,Manufacturing,Northeast,768.46,406.4,362.06
SALE0006228,2025-06-16,CUST00380,Safety Equipment,Distribution,West,2290.04,1152.77,1137.27
SALE0006229,2025-01-21,CUST00420,Packaging Materials,Distribution,West,2973.8,1981.33,992.47
SALE0006230,2024-01-18,CUST00352,Packaging Materials,Manufacturing,Northeast,1237.7,625.19,612.51
SALE0006231,2025-07-31,CUST00486,Technology Hardware,Services,Northeast,2153.22,1255.84,897.38
SALE0006232,2025-02-14,CUST00396,Industrial Equipment,Distribution,Southwest,1453.68,699.59,754.09
SALE0006233,2024-01-25,CUST00035,Technology Hardware,Services,Northeast,1619.03,1174.29,444.74
SALE0006234,2024-06-25,CUST00107,Safety Equipment,Distribution,Midwest,406.39,187.59,218.8
SALE0006235,2025-09-18,CUST00224,Professional Services,Manufacturing,Northeast,1582.77,727.99,854.78
SALE0006236,2025-01-26,CUST00038,Safety Equipment,Services,Southeast,3234.47,1632.43,1602.04
SALE0006237,2026-02-12,CUST00119,Manufacturing Components,Services,West,1237.88,811.9,425.98
SALE0006238,2024-06-10,CUST00194,Packaging Materials,Manufacturing,Northeast,1865.93,1163.22,702.71
SALE0006239,2026-05-20,CUST00013,Professional Services,Manufacturing,Southeast,1148.75,633.14,515.61
SALE0006240,2024-06-26,CUST00022,Industrial Equipment,Services,Southeast,2244.56,1629.31,615.25
SALE0006241,2026-06-24,CUST00120,Professional Services,Distribution,Midwest,1587.77,783.72,804.05
SALE0006242,2024-07-05,CUST00028,Technology Hardware,Distribution,West,1029.12,603.28,425.84
SALE0006243,2025-07-27,CUST00377,Professional Services,Manufacturing,West,4021.99,2201.01,1820.98
SALE0006244,2026-08-13,CUST00205,Safety Equipment,Manufacturing,Southeast,3156.94,1558.23,1598.71
SALE0006245,2025-12-10,CUST00426,Industrial Equipment,Manufacturing,Southeast,1257.72,815.09,442.63
SALE0006246,2025-03-07,CUST00284,Industrial Equipment,Distribution,Midwest,2437.37,1810.51,626.86
SALE0006247,2025-03-01,CUST00188,Technology Hardware,Manufacturing,Midwest,2496.01,1650.13,845.88
SALE0006248,2025-05-17,CUST00433,Office Equipment,Services,Northeast,2658.14,1521.8,1136.34
SALE0006249,2025-10-24,CUST00426,Maintenance Supplies,Distribution,Southeast,654.22,378.12,276.1
SALE0006250,2025-12-12,CUST00470,Technology Hardware,Manufacturing,Midwest,3307.55,2111.17,1196.38
SALE0006251,2025-04-17,CUST00282,Professional Services,Services,Midwest,1284.57,661.88,622.69
SALE0006252,2025-04-25,CUST00464,Maintenance Supplies,Manufacturing,Southwest,1458.7,872.95,585.75
SALE0006253,2024-01-04,CUST00358,Maintenance Supplies,Distribution,Midwest,8801.95,6100.98,2700.97
SALE0006254,2025-05-05,CUST00398,Industrial Equipment,Distribution,Northeast,2167.05,1279.49,887.56
SALE0006255,2024-05-25,CUST00264,Professional Services,Manufacturing,West,1433.98,1034.57,399.41
SALE0006256,2024-11-09,CUST00268,Industrial Equipment,Services,Southeast,481.46,239.05,242.41
SALE0006257,2025-06-08,CUST00076,Office Equipment,Services,Northeast,4162.45,2867.91,1294.54
SALE0006258,2025-12-25,CUST00194,Maintenance Supplies,Manufacturing,Southwest,806.64,518.81,287.83
SALE0006259,2024-01-28,CUST00101,Professional Services,Manufacturing,West,990.23,445.99,544.24
SALE0006260,2026-08-22,CUST00172,Office Equipment,Services,Southwest,1482.06,855.55,626.51
SALE0006261,2025-07-09,CUST00407,Safety Equipment,Manufacturing,Southwest,4229.53,2557.15,1672.38
SALE0006262,2025-01-22,CUST00242,Technology Hardware,Services,Northeast,2875.39,1557.55,1317.84
SALE0006263,2024-05-27,CUST00269,Safety Equipment,Manufacturing,Southeast,1644.67,970.13,674.54
SALE0006264,2026-02-18,CUST00135,Packaging Materials,Services,Midwest,2175.42,1476.08,699.34
SALE0006265,2024-08-31,CUST00345,Maintenance Supplies,Manufacturing,Southwest,1261.14,939.42,321.72
SALE0006266,2026-03-21,CUST00296,Manufacturing Components,Services,West,1966.07,895.35,1070.72
SALE0006267,2025-11-28,CUST00011,Professional Services,Manufacturing,Northeast,1889.38,998.55,890.83
SALE0006268,2025-04-27,CUST00264,Office Equipment,Distribution,Northeast,3233.31,1456.13,1777.18
SALE0006269,2025-01-10,CUST00246,Professional Services,Services,Northeast,3230.22,1618.87,1611.35
SALE0006270,2026-01-11,CUST00242,Maintenance Supplies,Manufacturing,Midwest,2431.8,1786.68,645.12
SALE0006271,2024-08-19,CUST00500,Technology Hardware,Services,Southwest,1454.75,752.8,701.95
SALE0006272,2025-09-03,CUST00359,Packaging Materials,Services,Midwest,2821.7,1590.85,1230.85
SALE0006273,2025-02-26,CUST00028,Technology Hardware,Manufacturing,Northeast,1710.98,812.67,898.31
SALE0006274,2024-02-05,CUST00293,Industrial Equipment,Manufacturing,Southwest,944.68,687.64,257.04
SALE0006275,2024-02-22,CUST00255,Technology Hardware,Manufacturing,Southeast,1419.45,985.91,433.54
SALE0006276,2024-01-13,CUST00077,Technology Hardware,Services,Midwest,1902.1,1068.35,833.75
SALE0006277,2025-08-01,CUST00352,Safety Equipment,Services,West,3121.69,1848.25,1273.44
SALE0006278,2024-06-28,CUST00007,Packaging Materials,Services,Southwest,1619.52,744.71,874.81
SALE0006279,2025-01-08,CUST00405,Professional Services,Distribution,Southwest,875.22,631.33,243.89
SALE0006280,2025-11-21,CUST00340,Technology Hardware,Services,Southeast,1870.66,1230.61,640.05
SALE0006281,2026-06-07,CUST00165,Professional Services,Services,Midwest,1935.41,1218.81,716.6
SALE0006282,2024-09-17,CUST00086,Technology Hardware,Manufacturing,Southwest,2021.31,1413.75,607.56
SALE0006283,2025-11-10,CUST00316,Maintenance Supplies,Services,Southeast,3139.83,2051.75,1088.08
SALE0006284,2024-02-27,CUST00208,Maintenance Supplies,Manufacturing,Midwest,3332.09,1780.62,1551.47
SALE0006285,2026-03-08,CUST00226,Maintenance Supplies,Manufacturing,Midwest,1265.82,842.58,423.24
SALE0006286,2024-04-05,CUST00097,Safety Equipment,Distribution,West,1249.27,899.65,349.62
SALE0006287,2026-02-24,CUST00228,Office Equipment,Distribution,West,968.63,502.65,465.98
SALE0006288,2026-02-28,CUST00312,Professional Services,Distribution,West,2749.82,1883.66,866.16
SALE0006289,2024-04-27,CUST00462,Office Equipment,Manufacturing,West,4312.58,2902.64,1409.94
SALE0006290,2024-11-23,CUST00393,Manufacturing Components,Distribution,Midwest,1496.6,827.7,668.9
SALE0006291,2025-09-05,CUST00410,Technology Hardware,Services,Midwest,1564.22,1012.35,551.87
SALE0006292,2025-09-22,CUST00265,Manufacturing Components,Distribution,Midwest,4359.31,2907.99,1451.32
SALE0006293,2025-08-25,CUST00264,Industrial Equipment,Manufacturing,Midwest,2448.75,1551.73,897.02
SALE0006294,2025-05-30,CUST00146,Industrial Equipment,Services,Midwest,2348.99,1339.47,1009.52
SALE0006295,2025-03-30,CUST00170,Industrial Equipment,Services,West,884.88,466.02,418.86
SALE0006296,2025-08-14,CUST00108,Packaging Materials,Distribution,Midwest,2716.87,1677.27,1039.6
SALE0006297,2026-02-22,CUST00075,Professional Services,Services,West,1035.37,541.55,493.82
SALE0006298,2024-04-21,CUST00060,Manufacturing Components,Services,Northeast,915.61,438.72,476.89
SALE0006299,2026-07-21,CUST00191,Manufacturing Components,Services,Midwest,1468.41,969.65,498.76
SALE0006300,2025-02-24,CUST00460,Technology Hardware,Services,Southeast,1272.23,831.06,441.17
SALE0006301,2026-04-18,CUST00125,Technology Hardware,Services,Southwest,1582.94,791.13,791.81
SALE0006302,2024-04-30,CUST00108,Industrial Equipment,Services,Southwest,761.59,456.97,304.62
SALE0006303,2026-01-10,CUST00334,Maintenance Supplies,Services,West,3214.06,2115.92,1098.14
SALE0006304,2024-01-09,CUST00021,Packaging Materials,Manufacturing,Southwest,3556.78,2536.96,1019.82
SALE0006305,2024-09-28,CUST00316,Professional Services,Services,Southeast,562.05,279.03,283.02
SALE0006306,2024-01-09,CUST00170,Maintenance Supplies,Services,Southeast,3252.16,1790.26,1461.9
SALE0006307,2026-04-22,CUST00446,Professional Services,Services,Northeast,1111.74,691.87,419.87
SALE0006308,2026-01-05,CUST00496,Manufacturing Components,Distribution,Southwest,3023.55,1913.69,1109.86
SALE0006309,2025-11-30,CUST00374,Maintenance Supplies,Distribution,Midwest,1735.29,913.83,821.46
SALE0006310,2025-01-30,CUST00090,Safety Equipment,Distribution,Northeast,1839.53,830.5,1009.03
SALE0006311,2025-05-08,CUST00471,Maintenance Supplies,Services,Southwest,1617.99,1078.09,539.9
SALE0006312,2026-03-24,CUST00042,Maintenance Supplies,Distribution,Northeast,3741.63,2671.05,1070.58
SALE0006313,2025-04-14,CUST00173,Industrial Equipment,Distribution,Midwest,859.41,433.96,425.45
SALE0006314,2026-03-30,CUST00427,Packaging Materials,Distribution,Southwest,2603.74,1284.21,1319.53
SALE0006315,2026-06-04,CUST00220,Professional Services,Services,West,3500.98,2565.59,935.39
SALE0006316,2025-06-21,CUST00241,Technology Hardware,Distribution,Midwest,2778.88,1634.84,1144.04
SALE0006317,2024-12-03,CUST00453,Professional Services,Distribution,Northeast,7294.09,4404.29,2889.8
SALE0006318,2024-08-29,CUST00060,Packaging Materials,Services,West,1316.37,702.01,614.36
SALE0006319,2025-12-09,CUST00213,Industrial Equipment,Services,Midwest,3211.15,2392.68,818.47
SALE0006320,2025-09-08,CUST00357,Professional Services,Distribution,Northeast,1696.54,984.82,711.72
SALE0006321,2025-12-16,CUST00129,Office Equipment,Manufacturing,West,3789.71,2366.4,1423.31
SALE0006322,2025-09-09,CUST00079,Maintenance Supplies,Services,Midwest,1799.72,824.57,975.15
SALE0006323,2026-03-17,CUST00310,Safety Equipment,Distribution,Midwest,1432.64,771.31,661.33
SALE0006324,2025-02-20,CUST00455,Manufacturing Components,Distribution,Southwest,3958.59,1922.48,2036.11
SALE0006325,2025-07-21,CUST00070,Packaging Materials,Services,Southeast,1346.23,930.24,415.99
SALE0006326,2026-06-07,CUST00495,Professional Services,Manufacturing,Southwest,774.61,556.85,217.76
SALE0006327,2024-12-09,CUST00266,Industrial Equipment,Distribution,Southeast,1325.96,840.64,485.32
SALE0006328,2024-04-14,CUST00068,Packaging Materials,Distribution,Midwest,2621.28,1477.43,1143.85
SALE0006329,2024-09-04,CUST00110,Professional Services,Services,Southeast,4168.13,2185.86,1982.27
SALE0006330,2026-04-07,CUST00334,Professional Services,Manufacturing,West,1932.71,1382.83,549.88
SALE0006331,2025-02-27,CUST00083,Maintenance Supplies,Distribution,Southwest,3987.49,2554.87,1432.62
SALE0006332,2026-06-12,CUST00215,Safety Equipment,Manufacturing,Northeast,800.39,570.12,230.27
SALE0006333,2024-05-13,CUST00108,Industrial Equipment,Distribution,West,1385.81,883.68,502.13
SALE0006334,2026-05-17,CUST00463,Professional Services,Services,Northeast,1520.59,769.12,751.47
SALE0006335,2026-07-16,CUST00040,Technology Hardware,Services,Midwest,1687.94,959.64,728.3
SALE0006336,2024-12-21,CUST00262,Technology Hardware,Services,Southwest,1901.61,1210.9,690.71
SALE0006337,2025-01-20,CUST00222,Technology Hardware,Services,Midwest,2736.81,1421.76,1315.05
SALE0006338,2024-03-22,CUST00015,Packaging Materials,Services,West,1384.53,840.22,544.31
SALE0006339,2025-11-27,CUST00174,Packaging Materials,Manufacturing,Southeast,1965.33,1192.32,773.01
SALE0006340,2026-07-25,CUST00361,Office Equipment,Distribution,West,1759.75,1141.78,617.97
SALE0006341,2024-02-12,CUST00162,Maintenance Supplies,Distribution,West,1037.39,750.45,286.94
SALE0006342,2026-08-02,CUST00270,Maintenance Supplies,Manufacturing,West,1688.84,1122.11,566.73
SALE0006343,2025-05-28,CUST00355,Maintenance Supplies,Distribution,Northeast,1658.72,1189.58,469.14
SALE0006344,2024-12-02,CUST00125,Manufacturing Components,Services,Southeast,1637.54,812.6,824.94
SALE0006345,2026-05-09,CUST00418,Professional Services,Manufacturing,Southeast,1842.83,1202.18,640.65
SALE0006346,2024-08-02,CUST00470,Industrial Equipment,Manufacturing,Southwest,1892.03,1274.73,617.3
SALE0006347,2026-08-25,CUST00224,Maintenance Supplies,Manufacturing,Southwest,1394.96,787.44,607.52
SALE0006348,2026-08-09,CUST00247,Office Equipment,Manufacturing,Southwest,3880.15,2761.93,1118.22
SALE0006349,2026-08-25,CUST00340,Technology Hardware,Manufacturing,Southwest,896.33,548.98,347.35
SALE0006350,2024-05-27,CUST00379,Office Equipment,Manufacturing,Southeast,1173.12,714.14,458.98
SALE0006351,2024-06-02,CUST00468,Professional Services,Distribution,West,9585.23,4331.45,5253.78
SALE0006352,2024-08-19,CUST00225,Manufacturing Components,Services,Northeast,969.91,678.31,291.6
SALE0006353,2025-02-20,CUST00275,Safety Equipment,Manufacturing,Midwest,802.51,404.95,397.56
SALE0006354,2025-10-15,CUST00417,Technology Hardware,Distribution,Southeast,2809.29,1797.91,1011.38
SALE0006355,2024-12-16,CUST00089,Safety Equipment,Services,Southeast,519.95,372.91,147.04
SALE0006356,2026-05-29,CUST00430,Professional Services,Distribution,Northeast,1570.01,1085.29,484.72
SALE0006357,2024-02-27,CUST00110,Technology Hardware,Services,Midwest,6551.8,3448.91,3102.89
SALE0006358,2025-12-23,CUST00112,Industrial Equipment,Manufacturing,Southwest,715.54,447.36,268.18
SALE0006359,2024-08-13,CUST00343,Packaging Materials,Manufacturing,West,550.5,370.84,179.66
SALE0006360,2024-12-18,CUST00415,Professional Services,Manufacturing,Midwest,735.46,510.96,224.5
SALE0006361,2025-12-27,CUST00131,Industrial Equipment,Services,Southeast,3099.56,1546.57,1552.99
SALE0006362,2024-12-05,CUST00149,Office Equipment,Services,West,3550.58,1962.25,1588.33
SALE0006363,2026-01-13,CUST00351,Safety Equipment,Services,Southwest,1329.35,913.16,416.19
SALE0006364,2026-07-02,CUST00235,Industrial Equipment,Distribution,Northeast,2724.19,1974.09,750.1
SALE0006365,2024-04-16,CUST00498,Manufacturing Components,Distribution,West,4163.67,2392.74,1770.93
SALE0006366,2025-03-07,CUST00443,Maintenance Supplies,Distribution,Southwest,5283.84,3388.47,1895.37
SALE0006367,2024-08-26,CUST00431,Technology Hardware,Distribution,West,1559.62,948.71,610.91
SALE0006368,2024-01-11,CUST00495,Maintenance Supplies,Services,Midwest,454.46,245.0,209.46
SALE0006369,2026-02-03,CUST00256,Safety Equipment,Manufacturing,Southeast,1104.86,719.64,385.22
SALE0006370,2025-12-29,CUST00435,Manufacturing Components,Services,Southeast,1399.57,704.68,694.89
SALE0006371,2024-10-17,CUST00170,Technology Hardware,Services,Southwest,1547.87,949.32,598.55
SALE0006372,2026-07-29,CUST00015,Industrial Equipment,Services,Southwest,1615.31,1061.0,554.31
SALE0006373,2026-07-01,CUST00347,Maintenance Supplies,Distribution,West,3538.07,1763.74,1774.33
SALE0006374,2026-05-10,CUST00432,Maintenance Supplies,Manufacturing,Southwest,3884.14,2438.65,1445.49
SALE0006375,2024-10-08,CUST00212,Industrial Equipment,Services,West,1631.08,749.53,881.55
SALE0006376,2025-08-31,CUST00031,Manufacturing Components,Manufacturing,Northeast,3495.01,1911.45,1583.56
SALE0006377,2024-08-18,CUST00126,Industrial Equipment,Services,Northeast,2240.82,1586.13,654.69
SALE0006378,2024-09-04,CUST00259,Professional Services,Manufacturing,Southwest,1879.39,1252.43,626.96
SALE0006379,2024-05-27,CUST00127,Technology Hardware,Distribution,West,3114.82,1910.29,1204.53
SALE0006380,2025-10-01,CUST00457,Manufacturing Components,Manufacturing,West,1888.15,879.88,1008.27
SALE0006381,2025-11-20,CUST00060,Technology Hardware,Manufacturing,Southeast,6214.79,2828.18,3386.61
SALE0006382,2025-04-13,CUST00414,Safety Equipment,Distribution,Southwest,762.77,407.37,355.4
SALE0006383,2025-04-14,CUST00326,Professional Services,Distribution,Southeast,1327.29,605.71,721.58
SALE0006384,2025-06-07,CUST00037,Technology Hardware,Distribution,Midwest,1675.87,1139.73,536.14
SALE0006385,2025-09-14,CUST00318,Technology Hardware,Distribution,West,2353.53,1363.75,989.78
SALE0006386,2025-11-14,CUST00181,Professional Services,Distribution,West,3869.1,2783.4,1085.7
SALE0006387,2024-12-17,CUST00190,Technology Hardware,Manufacturing,Midwest,1781.77,1128.72,653.05
SALE0006388,2024-11-27,CUST00123,Office Equipment,Manufacturing,West,770.21,553.75,216.46
SALE0006389,2025-12-28,CUST00227,Manufacturing Components,Distribution,West,2997.42,1916.74,1080.68
SALE0006390,2025-01-08,CUST00491,Maintenance Supplies,Manufacturing,West,2844.02,2026.65,817.37
SALE0006391,2024-08-17,CUST00483,Packaging Materials,Services,Midwest,563.9,359.36,204.54
SALE0006392,2024-05-14,CUST00340,Technology Hardware,Manufacturing,Northeast,1803.92,1211.73,592.19
SALE0006393,2026-08-23,CUST00343,Packaging Materials,Manufacturing,Southwest,696.39,408.04,288.35
SALE0006394,2025-10-27,CUST00448,Manufacturing Components,Services,Southeast,1213.43,660.11,553.32
SALE0006395,2024-04-04,CUST00465,Technology Hardware,Distribution,Midwest,1051.86,567.81,484.05
SALE0006396,2025-12-28,CUST00077,Industrial Equipment,Manufacturing,Northeast,2938.22,1582.98,1355.24
SALE0006397,2026-03-19,CUST00070,Professional Services,Services,Southwest,1939.33,1342.11,597.22
SALE0006398,2026-02-22,CUST00135,Professional Services,Manufacturing,Northeast,836.01,532.45,303.56
SALE0006399,2025-06-09,CUST00281,Packaging Materials,Distribution,Northeast,3065.73,2051.57,1014.16
SALE0006400,2024-07-12,CUST00186,Safety Equipment,Manufacturing,Northeast,764.88,532.94,231.94
SALE0006401,2026-03-15,CUST00146,Maintenance Supplies,Manufacturing,Southeast,2204.09,1103.28,1100.81
SALE0006402,2025-08-19,CUST00396,Office Equipment,Manufacturing,Midwest,1109.42,565.9,543.52
SALE0006403,2025-10-21,CUST00403,Industrial Equipment,Services,Midwest,1451.85,1017.24,434.61
SALE0006404,2024-04-02,CUST00367,Manufacturing Components,Services,Northeast,2446.86,1230.3,1216.56
SALE0006405,2025-01-05,CUST00338,Packaging Materials,Distribution,Southwest,2472.21,1645.33,826.88
SALE0006406,2025-08-08,CUST00291,Industrial Equipment,Services,Northeast,4032.66,2198.18,1834.48
SALE0006407,2024-10-16,CUST00245,Maintenance Supplies,Manufacturing,Southeast,1720.98,1252.05,468.93
SALE0006408,2026-03-30,CUST00122,Packaging Materials,Distribution,Midwest,2173.01,1571.67,601.34
SALE0006409,2025-02-20,CUST00284,Manufacturing Components,Manufacturing,Southeast,1390.42,629.09,761.33
SALE0006410,2026-03-30,CUST00494,Safety Equipment,Distribution,West,2016.65,1090.57,926.08
SALE0006411,2025-12-28,CUST00036,Safety Equipment,Manufacturing,West,2353.58,1318.16,1035.42
SALE0006412,2026-02-24,CUST00222,Packaging Materials,Distribution,Southwest,1704.48,1117.6,586.88
SALE0006413,2025-07-13,CUST00096,Professional Services,Manufacturing,Midwest,612.62,352.14,260.48
SALE0006414,2026-04-19,CUST00394,Manufacturing Components,Manufacturing,Northeast,2205.88,1077.63,1128.25
SALE0006415,2026-03-02,CUST00045,Safety Equipment,Services,Northeast,2250.12,1124.22,1125.9
SALE0006416,2024-08-17,CUST00149,Maintenance Supplies,Services,Northeast,1202.18,555.2,646.98
SALE0006417,2024-06-15,CUST00487,Industrial Equipment,Services,West,836.62,531.61,305.01
SALE0006418,2025-10-22,CUST00036,Office Equipment,Services,Southwest,4383.17,2667.1,1716.07
SALE0006419,2024-11-05,CUST00081,Safety Equipment,Manufacturing,West,2428.11,1682.37,745.74
SALE0006420,2024-04-20,CUST00445,Industrial Equipment,Services,Southeast,1575.85,1028.76,547.09
SALE0006421,2024-03-12,CUST00099,Technology Hardware,Distribution,West,913.95,595.17,318.78
SALE0006422,2026-01-14,CUST00106,Manufacturing Components,Distribution,Southeast,1104.24,767.44,336.8
SALE0006423,2024-08-27,CUST00452,Office Equipment,Distribution,Northeast,3950.33,2678.77,1271.56
SALE0006424,2024-11-03,CUST00365,Manufacturing Components,Distribution,Northeast,1963.72,1457.35,506.37
SALE0006425,2024-01-12,CUST00112,Manufacturing Components,Services,Northeast,1299.39,919.29,380.1
SALE0006426,2026-06-28,CUST00391,Professional Services,Distribution,Northeast,2454.83,1477.45,977.38
SALE0006427,2024-11-24,CUST00016,Manufacturing Components,Manufacturing,Southeast,1109.16,769.69,339.47
SALE0006428,2026-03-11,CUST00391,Safety Equipment,Distribution,Midwest,4449.32,2214.28,2235.04
SALE0006429,2025-08-29,CUST00015,Professional Services,Manufacturing,Midwest,4071.15,2281.33,1789.82
SALE0006430,2026-07-04,CUST00395,Office Equipment,Distribution,Northeast,1366.56,827.82,538.74
SALE0006431,2026-04-26,CUST00233,Technology Hardware,Services,Southeast,1239.91,824.13,415.78
SALE0006432,2025-01-01,CUST00335,Professional Services,Manufacturing,Southeast,375.82,248.89,126.93
SALE0006433,2024-03-18,CUST00388,Safety Equipment,Manufacturing,Southwest,743.26,518.54,224.72
SALE0006434,2024-01-27,CUST00340,Professional Services,Services,West,809.42,567.06,242.36
SALE0006435,2026-01-15,CUST00334,Industrial Equipment,Distribution,Southwest,1960.81,927.56,1033.25
SALE0006436,2026-05-17,CUST00489,Safety Equipment,Services,West,1486.62,1102.05,384.57
SALE0006437,2025-01-23,CUST00106,Industrial Equipment,Distribution,Southwest,806.58,570.99,235.59
SALE0006438,2026-06-09,CUST00007,Technology Hardware,Services,West,1527.37,898.85,628.52
SALE0006439,2024-10-14,CUST00306,Office Equipment,Distribution,West,2448.43,1397.51,1050.92
SALE0006440,2024-09-08,CUST00071,Safety Equipment,Manufacturing,Southwest,2481.71,1758.02,723.69
SALE0006441,2024-03-01,CUST00056,Technology Hardware,Services,Northeast,578.36,265.34,313.02
SALE0006442,2026-03-11,CUST00254,Manufacturing Components,Distribution,Northeast,1674.12,766.63,907.49
SALE0006443,2025-07-26,CUST00128,Packaging Materials,Manufacturing,Midwest,788.39,454.32,334.07
SALE0006444,2024-08-08,CUST00410,Office Equipment,Distribution,West,3105.83,2184.37,921.46
SALE0006445,2026-03-07,CUST00147,Safety Equipment,Services,Southeast,2894.27,1728.68,1165.59
SALE0006446,2024-09-06,CUST00308,Industrial Equipment,Services,Southwest,1054.88,622.84,432.04
SALE0006447,2024-07-09,CUST00436,Technology Hardware,Services,Southeast,1141.81,562.5,579.31
SALE0006448,2025-12-03,CUST00485,Technology Hardware,Services,Midwest,1370.92,770.66,600.26
SALE0006449,2024-12-30,CUST00446,Manufacturing Components,Manufacturing,West,467.93,254.98,212.95
SALE0006450,2026-02-26,CUST00295,Office Equipment,Manufacturing,Southeast,2211.84,1071.19,1140.65
SALE0006451,2026-07-30,CUST00442,Packaging Materials,Manufacturing,Southwest,1535.01,833.89,701.12
SALE0006452,2025-05-22,CUST00466,Safety Equipment,Services,Southwest,3236.04,1983.04,1253.0
SALE0006453,2024-07-19,CUST00289,Safety Equipment,Manufacturing,Southeast,935.38,532.15,403.23
SALE0006454,2025-06-28,CUST00133,Safety Equipment,Distribution,Midwest,1247.04,567.53,679.51
SALE0006455,2025-03-25,CUST00160,Office Equipment,Distribution,Midwest,732.22,409.48,322.74
SALE0006456,2025-06-13,CUST00246,Maintenance Supplies,Manufacturing,Southwest,989.72,573.26,416.46
SALE0006457,2024-08-24,CUST00046,Packaging Materials,Manufacturing,Southwest,889.63,531.4,358.23
SALE0006458,2024-08-21,CUST00171,Technology Hardware,Manufacturing,West,3286.52,1583.1,1703.42
SALE0006459,2025-03-28,CUST00020,Manufacturing Components,Distribution,Midwest,1189.21,706.67,482.54
SALE0006460,2025-06-09,CUST00263,Manufacturing Components,Manufacturing,Midwest,1947.9,1052.98,894.92
SALE0006461,2024-09-16,CUST00190,Professional Services,Manufacturing,West,1438.77,992.43,446.34
SALE0006462,2024-04-25,CUST00365,Safety Equipment,Services,Southwest,844.14,558.84,285.3
SALE0006463,2026-07-02,CUST00213,Office Equipment,Manufacturing,Northeast,1634.38,769.03,865.35
SALE0006464,2024-11-10,CUST00016,Safety Equipment,Distribution,Northeast,2590.13,1466.05,1124.08
SALE0006465,2024-04-01,CUST00086,Office Equipment,Services,Northeast,875.98,529.9,346.08
SALE0006466,2026-03-12,CUST00174,Maintenance Supplies,Distribution,Midwest,2937.95,1615.44,1322.51
SALE0006467,2026-07-20,CUST00380,Office Equipment,Services,Southeast,1085.9,572.77,513.13
SALE0006468,2025-01-23,CUST00131,Safety Equipment,Distribution,Southwest,1353.18,814.57,538.61
SALE0006469,2024-04-01,CUST00414,Industrial Equipment,Manufacturing,Midwest,2485.95,1855.99,629.96
SALE0006470,2026-06-17,CUST00140,Technology Hardware,Distribution,Midwest,1214.32,837.62,376.7
SALE0006471,2026-05-17,CUST00346,Office Equipment,Distribution,Northeast,1849.27,1146.51,702.76
SALE0006472,2024-01-10,CUST00004,Manufacturing Components,Manufacturing,West,1496.95,777.31,719.64
SALE0006473,2025-02-27,CUST00071,Packaging Materials,Distribution,Southeast,1953.97,1256.52,697.45
SALE0006474,2024-08-13,CUST00193,Professional Services,Distribution,Southeast,433.35,320.94,112.41
SALE0006475,2025-12-08,CUST00439,Professional Services,Services,Southeast,603.17,289.34,313.83
SALE0006476,2025-02-03,CUST00119,Technology Hardware,Services,Northeast,2616.47,1803.67,812.8
SALE0006477,2026-08-22,CUST00429,Professional Services,Manufacturing,West,3368.79,2103.06,1265.73
SALE0006478,2024-07-17,CUST00400,Manufacturing Components,Distribution,Midwest,1047.02,552.4,494.62
SALE0006479,2024-02-03,CUST00036,Safety Equipment,Distribution,Midwest,1561.78,957.49,604.29
SALE0006480,2026-05-26,CUST00397,Industrial Equipment,Manufacturing,Midwest,2157.77,1548.15,609.62
SALE0006481,2026-04-15,CUST00129,Maintenance Supplies,Manufacturing,Southwest,2740.6,1667.13,1073.47
SALE0006482,2026-04-12,CUST00008,Office Equipment,Manufacturing,Southwest,535.6,315.48,220.12
SALE0006483,2026-08-08,CUST00365,Technology Hardware,Services,Northeast,1062.5,659.94,402.56
SALE0006484,2024-11-08,CUST00305,Technology Hardware,Distribution,Midwest,1480.97,1026.89,454.08
SALE0006485,2025-09-19,CUST00220,Technology Hardware,Distribution,Southeast,2756.96,1859.99,896.97
SALE0006486,2026-05-05,CUST00380,Professional Services,Services,Midwest,8095.46,3848.28,4247.18
SALE0006487,2026-05-15,CUST00244,Technology Hardware,Manufacturing,West,1576.87,915.43,661.44
SALE0006488,2024-01-08,CUST00058,Office Equipment,Services,Northeast,777.29,575.33,201.96
SALE0006489,2025-10-25,CUST00105,Maintenance Supplies,Distribution,Southwest,2301.6,1721.25,580.35
SALE0006490,2025-08-16,CUST00146,Technology Hardware,Services,Southeast,3994.2,2590.95,1403.25
SALE0006491,2024-08-27,CUST00061,Office Equipment,Services,Southeast,1929.1,1049.26,879.84
SALE0006492,2025-07-18,CUST00084,Office Equipment,Distribution,West,1049.44,544.01,505.43
SALE0006493,2025-09-12,CUST00047,Industrial Equipment,Manufacturing,Northeast,3212.47,1914.39,1298.08
SALE0006494,2025-03-31,CUST00285,Manufacturing Components,Manufacturing,West,2692.24,1221.81,1470.43
SALE0006495,2024-10-17,CUST00173,Professional Services,Distribution,Northeast,976.87,626.05,350.82
SALE0006496,2026-01-25,CUST00021,Maintenance Supplies,Services,Midwest,2273.0,1526.39,746.61
SALE0006497,2025-07-26,CUST00358,Maintenance Supplies,Manufacturing,Southeast,3289.07,1758.18,1530.89
SALE0006498,2024-11-16,CUST00397,Packaging Materials,Services,Southeast,3674.36,2440.11,1234.25
SALE0006499,2025-10-17,CUST00087,Professional Services,Services,Midwest,1737.37,892.97,844.4
SALE0006500,2026-05-30,CUST00252,Manufacturing Components,Services,Southeast,1458.48,833.69,624.79
SALE0006501,2024-02-19,CUST00213,Technology Hardware,Distribution,Midwest,3775.79,2739.3,1036.49
SALE0006502,2025-10-14,CUST00365,Professional Services,Manufacturing,Northeast,874.72,513.38,361.34
SALE0006503,2024-12-15,CUST00067,Manufacturing Components,Services,Southwest,2352.3,1423.84,928.46
SALE0006504,2024-02-08,CUST00268,Maintenance Supplies,Manufacturing,Northeast,794.72,518.59,276.13
SALE0006505,2025-05-14,CUST00062,Manufacturing Components,Distribution,Northeast,3426.26,2289.83,1136.43
SALE0006506,2024-03-18,CUST00206,Maintenance Supplies,Distribution,Southwest,1548.7,836.62,712.08
SALE0006507,2025-12-30,CUST00496,Manufacturing Components,Services,West,3870.54,2496.08,1374.46
SALE0006508,2024-09-03,CUST00296,Professional Services,Distribution,Midwest,2428.06,1136.59,1291.47
SALE0006509,2024-06-25,CUST00155,Professional Services,Manufacturing,West,867.89,581.0,286.89
SALE0006510,2026-07-28,CUST00334,Technology Hardware,Services,Southeast,4250.44,2609.71,1640.73
SALE0006511,2024-09-03,CUST00370,Professional Services,Distribution,West,4585.93,2747.49,1838.44
SALE0006512,2025-11-21,CUST00373,Professional Services,Distribution,Northeast,3069.81,2153.89,915.92
SALE0006513,2024-02-27,CUST00287,Manufacturing Components,Services,Southeast,1144.87,676.19,468.68
SALE0006514,2024-12-14,CUST00172,Manufacturing Components,Manufacturing,Northeast,1504.76,786.5,718.26
SALE0006515,2026-02-07,CUST00395,Industrial Equipment,Services,Southeast,1972.89,1272.4,700.49
SALE0006516,2026-02-12,CUST00248,Industrial Equipment,Services,Southwest,1185.33,592.43,592.9
SALE0006517,2025-11-12,CUST00373,Industrial Equipment,Manufacturing,West,4991.08,2853.7,2137.38
SALE0006518,2025-03-16,CUST00369,Safety Equipment,Services,Southeast,1971.59,1100.49,871.1
SALE0006519,2026-04-28,CUST00185,Professional Services,Manufacturing,Southwest,357.09,221.87,135.22
SALE0006520,2024-11-10,CUST00423,Packaging Materials,Manufacturing,Northeast,2216.34,1264.98,951.36
SALE0006521,2026-04-29,CUST00350,Professional Services,Manufacturing,West,1467.19,666.34,800.85
SALE0006522,2026-05-13,CUST00229,Industrial Equipment,Manufacturing,Southwest,1728.56,1288.05,440.51
SALE0006523,2025-06-16,CUST00271,Office Equipment,Services,Southwest,1449.29,989.88,459.41
SALE0006524,2026-02-08,CUST00297,Safety Equipment,Manufacturing,Northeast,2934.31,2031.35,902.96
SALE0006525,2025-05-25,CUST00407,Industrial Equipment,Services,West,3539.75,2443.01,1096.74
SALE0006526,2024-08-28,CUST00139,Packaging Materials,Services,Southwest,2142.72,1139.69,1003.03
SALE0006527,2025-05-18,CUST00277,Professional Services,Distribution,Southeast,1475.0,983.47,491.53
SALE0006528,2025-09-22,CUST00031,Professional Services,Distribution,Midwest,1763.75,1010.55,753.2
SALE0006529,2026-04-11,CUST00163,Professional Services,Manufacturing,Southwest,1829.43,1010.02,819.41
SALE0006530,2025-04-27,CUST00347,Maintenance Supplies,Manufacturing,West,1117.16,635.16,482.0
SALE0006531,2025-06-06,CUST00053,Professional Services,Services,Midwest,2558.96,1274.48,1284.48
SALE0006532,2025-05-25,CUST00180,Industrial Equipment,Manufacturing,Southeast,2382.79,1412.97,969.82
SALE0006533,2024-11-10,CUST00068,Packaging Materials,Manufacturing,Southeast,4556.29,2506.66,2049.63
SALE0006534,2025-03-23,CUST00204,Safety Equipment,Manufacturing,Southeast,3839.93,2851.11,988.82
SALE0006535,2024-05-08,CUST00200,Maintenance Supplies,Distribution,Southeast,1198.22,843.0,355.22
SALE0006536,2026-08-06,CUST00227,Safety Equipment,Manufacturing,Northeast,2957.73,1660.37,1297.36
SALE0006537,2025-09-18,CUST00389,Industrial Equipment,Distribution,Midwest,1021.91,739.0,282.91
SALE0006538,2026-03-05,CUST00376,Office Equipment,Manufacturing,Midwest,2745.06,1861.64,883.42
SALE0006539,2024-03-29,CUST00176,Packaging Materials,Services,Southeast,1326.14,768.9,557.24
SALE0006540,2024-10-05,CUST00382,Professional Services,Distribution,Northeast,978.53,576.84,401.69
SALE0006541,2024-05-08,CUST00286,Safety Equipment,Distribution,West,2138.86,1182.32,956.54
SALE0006542,2025-08-30,CUST00032,Technology Hardware,Manufacturing,Southwest,363.31,270.68,92.63
SALE0006543,2026-01-10,CUST00209,Safety Equipment,Manufacturing,Southeast,632.33,459.86,172.47
SALE0006544,2025-05-19,CUST00112,Maintenance Supplies,Manufacturing,Southeast,1625.39,943.28,682.11
SALE0006545,2025-06-29,CUST00357,Office Equipment,Manufacturing,West,1899.73,1392.7,507.03
SALE0006546,2024-08-24,CUST00459,Safety Equipment,Distribution,Southeast,1448.68,854.15,594.53
SALE0006547,2024-07-09,CUST00297,Safety Equipment,Manufacturing,Northeast,700.88,386.26,314.62
SALE0006548,2024-08-26,CUST00368,Professional Services,Services,Northeast,1106.84,767.01,339.83
SALE0006549,2024-01-08,CUST00300,Maintenance Supplies,Manufacturing,Southeast,2286.38,1401.47,884.91
SALE0006550,2024-09-14,CUST00018,Safety Equipment,Services,Southwest,2563.35,1872.99,690.36
SALE0006551,2024-01-12,CUST00098,Safety Equipment,Manufacturing,Northeast,1790.53,949.21,841.32
SALE0006552,2025-10-09,CUST00455,Safety Equipment,Services,Midwest,3619.53,2309.35,1310.18
SALE0006553,2025-01-10,CUST00393,Manufacturing Components,Manufacturing,Midwest,2294.89,1307.14,987.75
SALE0006554,2025-10-23,CUST00281,Industrial Equipment,Distribution,Southwest,1154.62,688.22,466.4
SALE0006555,2024-08-12,CUST00304,Technology Hardware,Services,Northeast,1527.98,889.23,638.75
SALE0006556,2025-05-03,CUST00293,Office Equipment,Services,Northeast,779.21,572.6,206.61
SALE0006557,2026-07-04,CUST00322,Office Equipment,Distribution,Midwest,1694.46,1259.28,435.18
SALE0006558,2026-05-14,CUST00158,Maintenance Supplies,Services,Southeast,3523.68,2331.99,1191.69
SALE0006559,2024-04-08,CUST00341,Safety Equipment,Distribution,West,2727.59,1528.25,1199.34
SALE0006560,2025-11-15,CUST00149,Industrial Equipment,Distribution,Southeast,4193.14,2084.84,2108.3
SALE0006561,2025-12-31,CUST00422,Professional Services,Manufacturing,West,1507.59,744.21,763.38
SALE0006562,2025-03-14,CUST00186,Safety Equipment,Distribution,Southeast,4054.81,2460.13,1594.68
SALE0006563,2025-06-22,CUST00110,Industrial Equipment,Manufacturing,West,1610.05,1203.7,406.35
SALE0006564,2025-04-12,CUST00311,Professional Services,Services,West,4371.89,2772.14,1599.75
SALE0006565,2026-06-02,CUST00109,Manufacturing Components,Services,Midwest,1784.49,919.56,864.93
SALE0006566,2024-01-24,CUST00049,Technology Hardware,Services,Southwest,2763.74,1441.03,1322.71
SALE0006567,2024-12-19,CUST00400,Manufacturing Components,Services,Northeast,4381.15,3020.19,1360.96
SALE0006568,2024-05-10,CUST00203,Office Equipment,Distribution,West,1609.93,884.63,725.3
SALE0006569,2025-02-18,CUST00393,Industrial Equipment,Distribution,Southwest,2061.18,1321.98,739.2
SALE0006570,2024-08-16,CUST00254,Office Equipment,Distribution,Northeast,3917.93,2927.24,990.69
SALE0006571,2026-06-10,CUST00291,Office Equipment,Manufacturing,Southeast,1669.36,900.37,768.99
SALE0006572,2025-07-26,CUST00371,Manufacturing Components,Services,Northeast,818.49,511.62,306.87
SALE0006573,2024-08-24,CUST00095,Maintenance Supplies,Manufacturing,Southwest,6540.73,3978.86,2561.87
SALE0006574,2025-01-25,CUST00053,Technology Hardware,Distribution,West,1363.95,682.89,681.06
SALE0006575,2026-02-16,CUST00465,Professional Services,Distribution,Southeast,1988.73,1133.84,854.89
SALE0006576,2025-08-09,CUST00213,Safety Equipment,Services,West,3617.74,2362.38,1255.36
SALE0006577,2024-09-20,CUST00470,Maintenance Supplies,Manufacturing,Southeast,1255.02,796.34,458.68
SALE0006578,2025-07-23,CUST00165,Maintenance Supplies,Distribution,Midwest,987.6,611.19,376.41
SALE0006579,2025-03-21,CUST00335,Technology Hardware,Manufacturing,Northeast,2105.36,1439.24,666.12
SALE0006580,2025-04-26,CUST00252,Safety Equipment,Manufacturing,Northeast,616.56,288.22,328.34
SALE0006581,2024-06-02,CUST00047,Industrial Equipment,Services,Southeast,1521.2,1021.48,499.72
SALE0006582,2026-01-23,CUST00240,Safety Equipment,Distribution,Southwest,2094.4,1449.32,645.08
SALE0006583,2024-08-14,CUST00499,Packaging Materials,Distribution,Southwest,1537.68,1006.98,530.7
SALE0006584,2025-11-03,CUST00105,Packaging Materials,Manufacturing,Southeast,716.18,493.03,223.15
SALE0006585,2024-10-18,CUST00232,Maintenance Supplies,Services,Southeast,4705.59,3413.61,1291.98
SALE0006586,2025-09-04,CUST00219,Office Equipment,Manufacturing,Northeast,1923.93,1431.22,492.71
SALE0006587,2025-08-17,CUST00309,Industrial Equipment,Distribution,West,4267.11,2078.73,2188.38
SALE0006588,2025-06-15,CUST00369,Industrial Equipment,Services,Southwest,1546.85,895.99,650.86
SALE0006589,2024-07-31,CUST00382,Packaging Materials,Distribution,Midwest,1066.35,792.14,274.21
SALE0006590,2024-11-07,CUST00230,Safety Equipment,Services,Southwest,2124.96,1545.25,579.71
SALE0006591,2025-06-10,CUST00186,Maintenance Supplies,Manufacturing,Southwest,1588.47,885.13,703.34
SALE0006592,2025-03-17,CUST00403,Industrial Equipment,Services,Southeast,891.89,614.06,277.83
SALE0006593,2025-05-22,CUST00213,Maintenance Supplies,Services,Midwest,4367.17,2091.95,2275.22
SALE0006594,2025-10-15,CUST00056,Industrial Equipment,Distribution,Midwest,1244.69,914.69,330.0
SALE0006595,2026-02-08,CUST00127,Maintenance Supplies,Distribution,Southwest,599.35,357.96,241.39
SALE0006596,2025-08-11,CUST00131,Professional Services,Manufacturing,Southeast,4011.42,2810.47,1200.95
SALE0006597,2025-07-06,CUST00282,Industrial Equipment,Services,Midwest,1335.98,777.73,558.25
SALE0006598,2024-05-13,CUST00294,Industrial Equipment,Services,Midwest,1255.52,753.75,501.77
SALE0006599,2025-02-02,CUST00471,Manufacturing Components,Services,Southeast,626.89,364.24,262.65
SALE0006600,2025-03-29,CUST00458,Maintenance Supplies,Services,Southwest,5138.75,3148.49,1990.26
SALE0006601,2025-03-29,CUST00271,Safety Equipment,Distribution,Midwest,834.07,397.99,436.08
SALE0006602,2024-09-08,CUST00182,Industrial Equipment,Services,Southwest,1872.57,1300.66,571.91
SALE0006603,2025-06-04,CUST00110,Industrial Equipment,Distribution,Southeast,3126.2,1705.88,1420.32
SALE0006604,2026-02-03,CUST00077,Safety Equipment,Manufacturing,West,2328.62,1273.78,1054.84
SALE0006605,2026-05-31,CUST00303,Office Equipment,Distribution,Southwest,1744.47,1083.66,660.81
SALE0006606,2026-04-01,CUST00328,Packaging Materials,Distribution,Southeast,651.32,411.95,239.37
SALE0006607,2024-11-01,CUST00119,Technology Hardware,Distribution,West,1112.28,758.97,353.31
SALE0006608,2025-02-19,CUST00091,Manufacturing Components,Manufacturing,Northeast,2023.69,1271.81,751.88
SALE0006609,2025-12-03,CUST00017,Safety Equipment,Services,Southwest,1127.43,627.64,499.79
SALE0006610,2024-03-06,CUST00280,Industrial Equipment,Manufacturing,Midwest,2042.68,922.34,1120.34
SALE0006611,2026-06-07,CUST00319,Maintenance Supplies,Distribution,Southwest,2721.79,1478.21,1243.58
SALE0006612,2024-01-01,CUST00301,Industrial Equipment,Manufacturing,Southwest,3221.18,2323.8,897.38
SALE0006613,2025-02-16,CUST00142,Professional Services,Distribution,West,866.35,457.32,409.03
SALE0006614,2024-05-05,CUST00452,Manufacturing Components,Distribution,Northeast,6754.66,4371.09,2383.57
SALE0006615,2024-07-09,CUST00416,Technology Hardware,Manufacturing,Southeast,2865.47,1441.98,1423.49
SALE0006616,2026-01-14,CUST00349,Office Equipment,Services,Midwest,1806.18,1124.1,682.08
SALE0006617,2024-12-25,CUST00210,Manufacturing Components,Services,West,3476.29,2139.22,1337.07
SALE0006618,2026-07-13,CUST00022,Maintenance Supplies,Manufacturing,Midwest,7474.44,4795.97,2678.47
SALE0006619,2025-06-17,CUST00111,Safety Equipment,Distribution,Southeast,762.63,480.96,281.67
SALE0006620,2026-05-15,CUST00366,Office Equipment,Manufacturing,Northeast,1579.47,968.44,611.03
SALE0006621,2026-04-14,CUST00161,Technology Hardware,Services,Northeast,433.96,224.37,209.59
SALE0006622,2026-02-23,CUST00086,Technology Hardware,Distribution,Southeast,2029.59,1438.54,591.05
SALE0006623,2026-03-19,CUST00055,Industrial Equipment,Manufacturing,Southeast,2251.24,1363.35,887.89
SALE0006624,2026-05-26,CUST00182,Professional Services,Manufacturing,West,1766.05,950.65,815.4
SALE0006625,2024-04-04,CUST00287,Industrial Equipment,Distribution,Northeast,1220.82,883.1,337.72
SALE0006626,2025-09-04,CUST00291,Manufacturing Components,Manufacturing,Southwest,528.63,284.7,243.93
SALE0006627,2025-10-02,CUST00192,Industrial Equipment,Distribution,Midwest,2262.26,1550.38,711.88
SALE0006628,2024-05-03,CUST00344,Safety Equipment,Services,Southwest,4329.73,2696.02,1633.71
SALE0006629,2025-06-29,CUST00257,Office Equipment,Services,Southwest,1268.24,737.36,530.88
SALE0006630,2024-03-19,CUST00275,Industrial Equipment,Services,Midwest,2354.39,1400.65,953.74
SALE0006631,2025-09-16,CUST00306,Safety Equipment,Services,Southeast,705.65,518.21,187.44
SALE0006632,2026-02-08,CUST00491,Technology Hardware,Manufacturing,Southwest,2378.74,1666.72,712.02
SALE0006633,2026-07-29,CUST00052,Office Equipment,Manufacturing,Southeast,1427.92,1033.15,394.77
SALE0006634,2025-08-28,CUST00417,Packaging Materials,Manufacturing,Southeast,1144.3,590.46,553.84
SALE0006635,2024-10-13,CUST00084,Packaging Materials,Manufacturing,West,1145.71,713.72,431.99
SALE0006636,2026-06-11,CUST00396,Maintenance Supplies,Manufacturing,Northeast,1427.72,1045.95,381.77
SALE0006637,2026-08-24,CUST00110,Professional Services,Services,Northeast,2274.37,1700.34,574.03
SALE0006638,2026-08-16,CUST00254,Technology Hardware,Services,West,822.79,599.55,223.24
SALE0006639,2024-12-23,CUST00367,Professional Services,Distribution,West,1424.72,805.83,618.89
SALE0006640,2024-01-08,CUST00055,Manufacturing Components,Services,Southeast,1763.61,999.26,764.35
SALE0006641,2026-07-15,CUST00500,Packaging Materials,Services,Northeast,935.03,537.04,397.99
SALE0006642,2025-10-27,CUST00031,Office Equipment,Services,Midwest,5313.46,2756.97,2556.49
SALE0006643,2026-08-23,CUST00163,Professional Services,Services,Northeast,1083.45,511.42,572.03
SALE0006644,2024-06-21,CUST00284,Office Equipment,Manufacturing,Northeast,1209.95,584.47,625.48
SALE0006645,2025-07-09,CUST00063,Packaging Materials,Services,Southeast,1005.27,477.06,528.21
SALE0006646,2026-06-14,CUST00433,Safety Equipment,Manufacturing,Northeast,5319.25,3478.07,1841.18
SALE0006647,2024-07-05,CUST00299,Professional Services,Services,Southeast,2519.32,1378.98,1140.34
SALE0006648,2024-03-01,CUST00078,Safety Equipment,Manufacturing,Midwest,1030.75,596.55,434.2
SALE0006649,2026-04-15,CUST00308,Office Equipment,Services,West,3511.29,2278.21,1233.08
SALE0006650,2025-12-18,CUST00434,Manufacturing Components,Manufacturing,West,2039.42,1288.08,751.34
SALE0006651,2025-12-21,CUST00056,Office Equipment,Services,Northeast,2109.81,1194.3,915.51
SALE0006652,2024-10-22,CUST00177,Packaging Materials,Manufacturing,Northeast,1470.44,820.2,650.24
SALE0006653,2024-05-24,CUST00432,Safety Equipment,Distribution,Northeast,1153.26,780.02,373.24
SALE0006654,2025-06-15,CUST00403,Maintenance Supplies,Manufacturing,West,2214.23,1077.74,1136.49
SALE0006655,2026-02-26,CUST00131,Office Equipment,Manufacturing,West,1303.68,591.87,711.81
SALE0006656,2025-12-19,CUST00313,Professional Services,Manufacturing,Midwest,5377.9,2541.67,2836.23
SALE0006657,2024-02-09,CUST00283,Safety Equipment,Distribution,Southwest,844.23,583.64,260.59
SALE0006658,2025-07-31,CUST00144,Technology Hardware,Manufacturing,Southwest,4544.6,2489.1,2055.5
SALE0006659,2024-01-12,CUST00416,Technology Hardware,Services,Northeast,1691.23,1060.72,630.51
SALE0006660,2025-02-27,CUST00355,Professional Services,Distribution,Midwest,2163.43,1510.74,652.69
SALE0006661,2025-02-11,CUST00286,Safety Equipment,Services,West,2980.64,1727.76,1252.88
SALE0006662,2025-10-14,CUST00427,Technology Hardware,Services,Northeast,1238.74,760.48,478.26
SALE0006663,2025-05-13,CUST00312,Maintenance Supplies,Manufacturing,Midwest,3036.77,1601.49,1435.28
SALE0006664,2024-05-26,CUST00337,Industrial Equipment,Distribution,West,356.19,231.36,124.83
SALE0006665,2025-01-02,CUST00441,Professional Services,Distribution,Southeast,1173.81,688.19,485.62
SALE0006666,2024-11-19,CUST00346,Maintenance Supplies,Distribution,Southwest,1038.53,731.53,307.0
SALE0006667,2026-02-09,CUST00044,Technology Hardware,Manufacturing,Northeast,852.26,483.37,368.89
SALE0006668,2024-04-08,CUST00439,Maintenance Supplies,Distribution,Southeast,1589.27,901.47,687.8
SALE0006669,2025-06-21,CUST00206,Manufacturing Components,Distribution,Midwest,2278.9,1695.78,583.12
SALE0006670,2025-11-19,CUST00456,Technology Hardware,Services,Northeast,2756.17,1829.16,927.01
SALE0006671,2024-05-17,CUST00493,Office Equipment,Manufacturing,West,2089.18,1545.63,543.55
SALE0006672,2026-04-05,CUST00199,Manufacturing Components,Manufacturing,Southwest,1212.67,707.95,504.72
SALE0006673,2025-01-31,CUST00369,Office Equipment,Distribution,Northeast,2256.14,1108.06,1148.08
SALE0006674,2026-02-25,CUST00306,Packaging Materials,Distribution,Southwest,1948.03,987.44,960.59
SALE0006675,2026-06-16,CUST00470,Office Equipment,Distribution,Northeast,3170.47,1948.31,1222.16
SALE0006676,2024-05-07,CUST00194,Packaging Materials,Distribution,Southwest,2881.78,1639.01,1242.77
SALE0006677,2026-04-21,CUST00023,Packaging Materials,Manufacturing,Midwest,1841.41,1206.39,635.02
SALE0006678,2026-04-21,CUST00488,Packaging Materials,Manufacturing,Northeast,1055.37,770.87,284.5
SALE0006679,2026-01-04,CUST00166,Packaging Materials,Distribution,Southeast,1221.98,893.69,328.29
SALE0006680,2024-07-26,CUST00175,Office Equipment,Manufacturing,Northeast,1300.01,717.68,582.33
SALE0006681,2025-06-17,CUST00429,Maintenance Supplies,Services,Southwest,1496.43,817.51,678.92
SALE0006682,2026-06-18,CUST00093,Manufacturing Components,Distribution,Northeast,2123.52,995.41,1128.11
SALE0006683,2024-12-13,CUST00005,Technology Hardware,Services,Southeast,2776.94,1893.36,883.58
SALE0006684,2024-12-04,CUST00045,Safety Equipment,Services,Northeast,1753.43,893.84,859.59
SALE0006685,2025-06-11,CUST00471,Office Equipment,Manufacturing,Midwest,1825.62,970.61,855.01
SALE0006686,2025-09-19,CUST00320,Safety Equipment,Distribution,Southeast,1970.38,1454.54,515.84
SALE0006687,2024-09-05,CUST00372,Manufacturing Components,Manufacturing,West,1326.71,656.49,670.22
SALE0006688,2024-03-28,CUST00472,Maintenance Supplies,Distribution,Southeast,1037.7,741.91,295.79
SALE0006689,2026-01-12,CUST00417,Maintenance Supplies,Services,Northeast,630.64,304.41,326.23
SALE0006690,2024-10-14,CUST00414,Professional Services,Services,Southeast,1191.43,844.29,347.14
SALE0006691,2024-09-28,CUST00410,Safety Equipment,Services,Southwest,2401.59,1581.21,820.38
SALE0006692,2026-06-15,CUST00303,Packaging Materials,Services,Midwest,1185.9,830.54,355.36
SALE0006693,2024-02-16,CUST00050,Manufacturing Components,Distribution,West,1567.62,1061.12,506.5
SALE0006694,2024-05-30,CUST00112,Professional Services,Services,West,2391.94,1240.04,1151.9
SALE0006695,2026-06-05,CUST00382,Manufacturing Components,Services,Northeast,2471.09,1617.17,853.92
SALE0006696,2025-10-30,CUST00022,Office Equipment,Manufacturing,Midwest,946.04,430.11,515.93
SALE0006697,2024-06-15,CUST00177,Professional Services,Services,West,3288.66,2440.28,848.38
SALE0006698,2026-02-11,CUST00416,Safety Equipment,Services,Midwest,3556.07,2459.59,1096.48
SALE0006699,2025-01-05,CUST00232,Maintenance Supplies,Distribution,Southeast,917.9,551.82,366.08
SALE0006700,2025-03-03,CUST00360,Maintenance Supplies,Services,West,1102.9,566.85,536.05
SALE0006701,2026-08-31,CUST00101,Professional Services,Services,Southeast,3694.7,2253.6,1441.1
SALE0006702,2024-11-18,CUST00383,Packaging Materials,Manufacturing,Midwest,1655.55,899.37,756.18
SALE0006703,2024-07-26,CUST00035,Professional Services,Services,West,477.29,261.59,215.7
SALE0006704,2026-02-14,CUST00013,Technology Hardware,Manufacturing,Southeast,780.7,395.01,385.69
SALE0006705,2024-09-14,CUST00118,Packaging Materials,Services,Southwest,1556.79,857.67,699.12
SALE0006706,2024-06-11,CUST00135,Professional Services,Distribution,Southwest,899.8,406.83,492.97
SALE0006707,2025-03-21,CUST00194,Industrial Equipment,Services,Southeast,1410.85,795.59,615.26
SALE0006708,2025-07-07,CUST00254,Maintenance Supplies,Distribution,West,1843.53,1131.55,711.98
SALE0006709,2025-04-02,CUST00341,Packaging Materials,Manufacturing,Southwest,4347.48,2059.44,2288.04
SALE0006710,2024-11-16,CUST00351,Safety Equipment,Services,Southwest,1518.88,778.1,740.78
SALE0006711,2025-07-22,CUST00098,Manufacturing Components,Distribution,Southeast,3441.03,1920.0,1521.03
SALE0006712,2025-02-09,CUST00337,Industrial Equipment,Distribution,Midwest,4260.99,2081.57,2179.42
SALE0006713,2025-12-29,CUST00043,Maintenance Supplies,Distribution,Southeast,4275.2,3076.19,1199.01
SALE0006714,2024-01-04,CUST00063,Industrial Equipment,Distribution,Northeast,2144.91,1374.18,770.73
SALE0006715,2024-10-11,CUST00183,Packaging Materials,Services,West,556.7,404.49,152.21
SALE0006716,2025-01-26,CUST00181,Professional Services,Distribution,Midwest,2383.9,1738.85,645.05
SALE0006717,2026-08-11,CUST00036,Professional Services,Manufacturing,Northeast,3391.54,1734.51,1657.03
SALE0006718,2025-11-30,CUST00117,Safety Equipment,Manufacturing,Midwest,1722.2,1214.82,507.38
SALE0006719,2026-03-15,CUST00231,Packaging Materials,Services,Southwest,5149.99,3214.56,1935.43
SALE0006720,2026-05-12,CUST00015,Manufacturing Components,Manufacturing,Northeast,3028.73,1921.97,1106.76
SALE0006721,2026-02-03,CUST00325,Maintenance Supplies,Manufacturing,Midwest,2542.65,1301.34,1241.31
SALE0006722,2024-11-04,CUST00255,Technology Hardware,Services,West,3469.72,2185.67,1284.05
SALE0006723,2025-12-18,CUST00283,Office Equipment,Services,Northeast,2208.4,1229.6,978.8
SALE0006724,2026-01-21,CUST00260,Manufacturing Components,Distribution,West,405.17,246.83,158.34
SALE0006725,2025-02-17,CUST00364,Packaging Materials,Manufacturing,Midwest,1340.12,624.64,715.48
SALE0006726,2025-08-09,CUST00256,Maintenance Supplies,Manufacturing,Southwest,3708.2,2325.89,1382.31
SALE0006727,2025-03-23,CUST00113,Packaging Materials,Distribution,Midwest,1113.7,827.8,285.9
SALE0006728,2025-08-20,CUST00488,Safety Equipment,Manufacturing,Northeast,1581.16,1123.01,458.15
SALE0006729,2024-06-13,CUST00118,Technology Hardware,Distribution,West,965.94,483.18,482.76
SALE0006730,2024-02-11,CUST00225,Industrial Equipment,Distribution,Southwest,5272.99,3843.03,1429.96
SALE0006731,2024-07-30,CUST00160,Safety Equipment,Distribution,West,4958.68,3251.55,1707.13
SALE0006732,2025-04-19,CUST00242,Professional Services,Distribution,Northeast,1063.88,577.58,486.3
SALE0006733,2025-04-15,CUST00207,Office Equipment,Distribution,Midwest,1975.11,899.46,1075.65
SALE0006734,2025-02-15,CUST00345,Professional Services,Distribution,Southeast,1201.95,545.39,656.56
SALE0006735,2024-06-14,CUST00282,Packaging Materials,Manufacturing,Southeast,2614.86,1847.25,767.61
SALE0006736,2026-03-17,CUST00276,Packaging Materials,Manufacturing,West,2454.82,1610.93,843.89
SALE0006737,2026-04-28,CUST00440,Office Equipment,Services,Southeast,2942.53,2143.28,799.25
SALE0006738,2025-05-07,CUST00134,Professional Services,Manufacturing,Southwest,2206.47,1360.68,845.79
SALE0006739,2024-09-24,CUST00111,Safety Equipment,Manufacturing,Northeast,10522.21,6970.91,3551.3
SALE0006740,2026-07-17,CUST00399,Technology Hardware,Services,West,975.79,526.74,449.05
SALE0006741,2026-05-08,CUST00086,Industrial Equipment,Distribution,Southwest,647.84,375.27,272.57
SALE0006742,2025-11-06,CUST00017,Maintenance Supplies,Services,Midwest,1428.17,1056.83,371.34
SALE0006743,2024-08-25,CUST00104,Maintenance Supplies,Services,Midwest,705.71,337.58,368.13
SALE0006744,2024-07-29,CUST00267,Maintenance Supplies,Services,West,738.43,553.49,184.94
SALE0006745,2024-04-03,CUST00267,Maintenance Supplies,Distribution,Midwest,991.49,479.62,511.87
SALE0006746,2024-04-10,CUST00134,Packaging Materials,Manufacturing,Northeast,1039.7,515.91,523.79
SALE0006747,2026-06-12,CUST00121,Professional Services,Services,Northeast,1019.66,577.78,441.88
SALE0006748,2025-04-30,CUST00010,Maintenance Supplies,Services,Southeast,2467.43,1670.8,796.63
SALE0006749,2026-03-19,CUST00321,Manufacturing Components,Manufacturing,Southwest,1334.47,751.15,583.32
SALE0006750,2026-01-14,CUST00180,Technology Hardware,Services,West,1623.42,895.18,728.24
SALE0006751,2026-04-05,CUST00191,Maintenance Supplies,Manufacturing,Northeast,3091.9,1971.48,1120.42
SALE0006752,2025-09-29,CUST00294,Safety Equipment,Manufacturing,Southeast,1141.62,598.24,543.38
SALE0006753,2026-02-20,CUST00100,Office Equipment,Distribution,West,1542.67,1089.05,453.62
SALE0006754,2025-05-23,CUST00205,Professional Services,Distribution,West,2251.73,1133.03,1118.7
SALE0006755,2025-05-19,CUST00188,Safety Equipment,Distribution,West,564.0,334.38,229.62
SALE0006756,2025-03-11,CUST00427,Maintenance Supplies,Manufacturing,Southwest,432.27,203.85,228.42
SALE0006757,2024-09-20,CUST00038,Technology Hardware,Manufacturing,West,2225.35,1667.96,557.39
SALE0006758,2024-01-25,CUST00335,Maintenance Supplies,Manufacturing,Southwest,2428.94,1792.51,636.43
SALE0006759,2026-03-16,CUST00067,Safety Equipment,Manufacturing,West,6238.73,3727.12,2511.61
SALE0006760,2025-09-13,CUST00416,Professional Services,Distribution,Northeast,1987.95,902.32,1085.63
SALE0006761,2025-01-07,CUST00017,Manufacturing Components,Manufacturing,Northeast,2956.74,2098.59,858.15
SALE0006762,2024-08-17,CUST00172,Maintenance Supplies,Services,Northeast,1607.95,1017.73,590.22
SALE0006763,2024-11-11,CUST00384,Safety Equipment,Distribution,Midwest,2161.02,1155.97,1005.05
SALE0006764,2025-05-26,CUST00389,Manufacturing Components,Distribution,West,4916.51,3124.65,1791.86
SALE0006765,2025-09-10,CUST00002,Office Equipment,Manufacturing,Southwest,505.53,229.42,276.11
SALE0006766,2026-03-06,CUST00422,Maintenance Supplies,Distribution,West,2317.33,1612.36,704.97
SALE0006767,2024-01-19,CUST00322,Manufacturing Components,Distribution,Southwest,6511.68,3539.49,2972.19
SALE0006768,2024-08-17,CUST00473,Industrial Equipment,Distribution,Southwest,2141.41,1304.32,837.09
SALE0006769,2025-09-19,CUST00196,Professional Services,Services,Southeast,4867.54,3561.0,1306.54
SALE0006770,2025-01-31,CUST00019,Office Equipment,Manufacturing,Northeast,1239.51,725.89,513.62
SALE0006771,2026-03-31,CUST00100,Professional Services,Manufacturing,Southwest,1773.61,894.55,879.06
SALE0006772,2024-11-08,CUST00089,Industrial Equipment,Distribution,West,1844.78,953.97,890.81
SALE0006773,2026-03-28,CUST00290,Professional Services,Manufacturing,Midwest,477.92,270.54,207.38
SALE0006774,2026-07-22,CUST00241,Manufacturing Components,Services,Midwest,897.03,501.37,395.66
SALE0006775,2025-01-05,CUST00228,Safety Equipment,Manufacturing,Southwest,936.24,678.31,257.93
SALE0006776,2025-04-23,CUST00060,Technology Hardware,Distribution,West,2960.87,1338.71,1622.16
SALE0006777,2024-04-08,CUST00239,Professional Services,Manufacturing,Southeast,3051.2,2136.03,915.17
SALE0006778,2026-01-17,CUST00212,Industrial Equipment,Services,Southwest,2196.06,1539.46,656.6
SALE0006779,2025-06-04,CUST00261,Office Equipment,Manufacturing,Northeast,2964.49,1636.69,1327.8
SALE0006780,2026-08-08,CUST00176,Professional Services,Manufacturing,Midwest,1638.46,1109.0,529.46
SALE0006781,2025-05-27,CUST00496,Professional Services,Services,Midwest,3718.81,2095.74,1623.07
SALE0006782,2026-04-29,CUST00357,Safety Equipment,Distribution,Midwest,1817.6,933.81,883.79
SALE0006783,2024-10-05,CUST00027,Packaging Materials,Distribution,Southeast,1871.92,1338.63,533.29
SALE0006784,2024-06-02,CUST00430,Professional Services,Services,Southwest,1541.71,920.4,621.31
SALE0006785,2026-06-25,CUST00448,Technology Hardware,Services,Southwest,2726.22,1882.66,843.56
SALE0006786,2026-04-07,CUST00136,Technology Hardware,Services,Southwest,1404.28,999.23,405.05
SALE0006787,2025-11-02,CUST00198,Maintenance Supplies,Services,Midwest,3248.21,2184.18,1064.03
SALE0006788,2025-03-29,CUST00179,Technology Hardware,Services,Southeast,916.64,617.24,299.4
SALE0006789,2024-10-08,CUST00465,Maintenance Supplies,Distribution,Northeast,935.1,660.27,274.83
SALE0006790,2026-01-04,CUST00130,Industrial Equipment,Distribution,Southeast,2731.09,1752.15,978.94
SALE0006791,2025-03-29,CUST00308,Industrial Equipment,Services,Midwest,1714.49,1026.2,688.29
SALE0006792,2025-11-26,CUST00269,Office Equipment,Distribution,Southeast,1377.0,963.25,413.75
SALE0006793,2025-10-19,CUST00171,Industrial Equipment,Manufacturing,Southwest,3084.16,1964.99,1119.17
SALE0006794,2026-04-04,CUST00144,Industrial Equipment,Distribution,West,1255.94,872.15,383.79
SALE0006795,2024-01-08,CUST00273,Safety Equipment,Manufacturing,West,1603.4,901.72,701.68
SALE0006796,2025-01-15,CUST00298,Safety Equipment,Manufacturing,West,4186.15,3045.31,1140.84
SALE0006797,2024-05-03,CUST00308,Office Equipment,Distribution,West,4552.74,2387.01,2165.73
SALE0006798,2024-02-13,CUST00142,Industrial Equipment,Distribution,Southeast,4644.5,3060.67,1583.83
SALE0006799,2025-04-14,CUST00496,Maintenance Supplies,Manufacturing,Midwest,1526.49,782.65,743.84
SALE0006800,2024-01-02,CUST00198,Safety Equipment,Manufacturing,Midwest,3783.56,2521.79,1261.77
SALE0006801,2026-05-08,CUST00053,Industrial Equipment,Services,Southeast,1023.14,469.41,553.73
SALE0006802,2025-02-21,CUST00118,Professional Services,Services,West,1049.28,585.8,463.48
SALE0006803,2025-03-18,CUST00457,Maintenance Supplies,Distribution,Southwest,441.3,225.85,215.45
SALE0006804,2024-10-14,CUST00137,Office Equipment,Distribution,Northeast,4933.09,3178.47,1754.62
SALE0006805,2024-09-10,CUST00439,Packaging Materials,Distribution,Southeast,1076.65,555.04,521.61
SALE0006806,2026-04-21,CUST00318,Professional Services,Distribution,Northeast,1675.86,1148.19,527.67
SALE0006807,2024-12-09,CUST00401,Industrial Equipment,Services,West,1047.13,658.01,389.12
SALE0006808,2024-10-17,CUST00036,Industrial Equipment,Manufacturing,Northeast,2743.8,1908.17,835.63
SALE0006809,2024-07-02,CUST00224,Industrial Equipment,Distribution,West,1443.2,921.46,521.74
SALE0006810,2024-04-22,CUST00306,Technology Hardware,Manufacturing,Southwest,826.43,541.0,285.43
SALE0006811,2024-11-02,CUST00135,Professional Services,Distribution,West,2356.65,1751.05,605.6
SALE0006812,2025-10-11,CUST00266,Safety Equipment,Manufacturing,Northeast,764.91,451.91,313.0
SALE0006813,2025-03-13,CUST00129,Safety Equipment,Distribution,Southwest,1093.96,520.9,573.06
SALE0006814,2026-06-01,CUST00139,Professional Services,Services,West,510.74,330.24,180.5
SALE0006815,2024-08-03,CUST00012,Technology Hardware,Services,Southeast,769.41,543.59,225.82
SALE0006816,2025-02-23,CUST00390,Professional Services,Manufacturing,Southwest,2012.47,924.75,1087.72
SALE0006817,2026-05-31,CUST00172,Office Equipment,Distribution,Northeast,556.28,338.42,217.86
SALE0006818,2025-05-07,CUST00434,Manufacturing Components,Manufacturing,West,743.46,353.56,389.9
SALE0006819,2024-07-05,CUST00369,Office Equipment,Manufacturing,Southeast,1805.47,942.0,863.47
SALE0006820,2025-08-06,CUST00097,Professional Services,Distribution,Midwest,1304.84,630.15,674.69
SALE0006821,2025-01-07,CUST00302,Maintenance Supplies,Services,Northeast,5974.3,3760.62,2213.68
SALE0006822,2025-12-17,CUST00107,Safety Equipment,Distribution,Southwest,5433.5,3645.48,1788.02
SALE0006823,2026-08-15,CUST00005,Technology Hardware,Services,West,1074.11,644.64,429.47
SALE0006824,2026-03-08,CUST00251,Manufacturing Components,Manufacturing,Southwest,2525.72,1878.54,647.18
SALE0006825,2026-05-15,CUST00061,Industrial Equipment,Distribution,Midwest,2834.35,1820.66,1013.69
SALE0006826,2024-02-11,CUST00495,Professional Services,Services,Southeast,1263.34,756.47,506.87
SALE0006827,2026-02-18,CUST00331,Maintenance Supplies,Distribution,West,737.06,450.6,286.46
SALE0006828,2026-01-18,CUST00497,Safety Equipment,Manufacturing,Southeast,1794.75,952.42,842.33
SALE0006829,2024-09-17,CUST00394,Technology Hardware,Distribution,Southeast,1629.93,986.54,643.39
SALE0006830,2025-03-19,CUST00169,Maintenance Supplies,Services,Northeast,1392.06,1014.69,377.37
SALE0006831,2026-06-07,CUST00135,Packaging Materials,Distribution,Southeast,2357.58,1266.77,1090.81
SALE0006832,2025-06-10,CUST00006,Safety Equipment,Manufacturing,Southwest,1152.35,538.52,613.83
SALE0006833,2025-07-21,CUST00260,Safety Equipment,Services,Southwest,905.78,643.77,262.01
SALE0006834,2026-04-02,CUST00126,Manufacturing Components,Distribution,Southwest,1930.34,1439.66,490.68
SALE0006835,2026-02-01,CUST00383,Maintenance Supplies,Distribution,Midwest,2279.21,1380.69,898.52
SALE0006836,2026-06-29,CUST00288,Technology Hardware,Services,West,892.49,412.77,479.72
SALE0006837,2024-08-08,CUST00096,Industrial Equipment,Distribution,Midwest,3155.35,1442.58,1712.77
SALE0006838,2025-03-22,CUST00366,Technology Hardware,Manufacturing,Southwest,624.97,282.19,342.78
SALE0006839,2025-09-26,CUST00028,Manufacturing Components,Services,Midwest,1278.1,814.79,463.31
SALE0006840,2024-06-11,CUST00467,Industrial Equipment,Manufacturing,West,1548.74,792.98,755.76
SALE0006841,2026-08-28,CUST00319,Office Equipment,Distribution,Southeast,1234.31,776.92,457.39
SALE0006842,2024-08-12,CUST00308,Packaging Materials,Manufacturing,Midwest,1288.15,587.91,700.24
SALE0006843,2026-05-20,CUST00181,Maintenance Supplies,Manufacturing,Southeast,5556.06,4107.58,1448.48
SALE0006844,2024-01-31,CUST00330,Manufacturing Components,Distribution,Midwest,1085.15,631.61,453.54
SALE0006845,2026-04-04,CUST00031,Packaging Materials,Services,Southwest,7822.29,5385.3,2436.99
SALE0006846,2024-08-01,CUST00014,Manufacturing Components,Manufacturing,West,2350.25,1709.38,640.87
SALE0006847,2024-12-31,CUST00286,Technology Hardware,Manufacturing,Northeast,1910.72,983.07,927.65
SALE0006848,2024-10-26,CUST00041,Packaging Materials,Services,Northeast,2406.06,1175.14,1230.92
SALE0006849,2026-02-15,CUST00438,Office Equipment,Services,Southeast,8249.9,6179.28,2070.62
SALE0006850,2026-04-07,CUST00155,Manufacturing Components,Services,Northeast,996.1,719.75,276.35
SALE0006851,2025-08-03,CUST00496,Industrial Equipment,Distribution,Midwest,923.11,481.17,441.94
SALE0006852,2025-06-27,CUST00230,Safety Equipment,Services,Midwest,1149.5,616.55,532.95
SALE0006853,2025-03-30,CUST00249,Professional Services,Manufacturing,West,1843.25,1247.78,595.47
SALE0006854,2026-04-10,CUST00384,Packaging Materials,Distribution,Midwest,641.97,390.08,251.89
SALE0006855,2025-10-15,CUST00122,Manufacturing Components,Distribution,Northeast,1832.44,1198.37,634.07
SALE0006856,2025-07-02,CUST00075,Safety Equipment,Services,Southeast,4994.68,2482.58,2512.1
SALE0006857,2025-03-23,CUST00437,Packaging Materials,Services,Midwest,1979.98,1444.47,535.51
SALE0006858,2026-06-07,CUST00259,Technology Hardware,Manufacturing,Midwest,1516.85,1117.93,398.92
SALE0006859,2025-01-08,CUST00352,Office Equipment,Services,West,1247.76,803.5,444.26
SALE0006860,2025-11-08,CUST00173,Technology Hardware,Services,Northeast,3099.84,2068.04,1031.8
SALE0006861,2024-09-06,CUST00263,Manufacturing Components,Services,Southwest,1101.58,513.44,588.14
SALE0006862,2026-01-15,CUST00426,Technology Hardware,Distribution,Midwest,5474.4,3656.99,1817.41
SALE0006863,2026-01-29,CUST00199,Manufacturing Components,Services,Midwest,5767.63,3463.71,2303.92
SALE0006864,2024-01-16,CUST00391,Maintenance Supplies,Services,West,2109.17,1470.87,638.3
SALE0006865,2024-10-15,CUST00059,Technology Hardware,Services,Northeast,1795.59,1123.25,672.34
SALE0006866,2025-06-06,CUST00336,Maintenance Supplies,Distribution,Southwest,3355.63,2085.97,1269.66
SALE0006867,2025-12-29,CUST00122,Technology Hardware,Manufacturing,Southwest,3487.29,1873.18,1614.11
SALE0006868,2026-08-13,CUST00305,Technology Hardware,Distribution,Midwest,1114.77,786.14,328.63
SALE0006869,2025-09-07,CUST00397,Safety Equipment,Distribution,Midwest,1318.26,869.17,449.09
SALE0006870,2025-06-04,CUST00440,Industrial Equipment,Services,Southeast,817.78,493.31,324.47
SALE0006871,2025-11-10,CUST00225,Technology Hardware,Distribution,Southwest,2311.01,1145.71,1165.3
SALE0006872,2026-02-25,CUST00322,Professional Services,Distribution,Midwest,2697.22,1890.51,806.71
SALE0006873,2025-01-16,CUST00093,Technology Hardware,Distribution,Northeast,804.36,500.58,303.78
SALE0006874,2024-05-09,CUST00230,Packaging Materials,Distribution,West,1375.92,708.66,667.26
SALE0006875,2026-04-11,CUST00248,Professional Services,Services,Northeast,805.65,558.66,246.99
SALE0006876,2024-01-18,CUST00364,Maintenance Supplies,Distribution,Midwest,1054.39,630.57,423.82
SALE0006877,2025-09-06,CUST00281,Maintenance Supplies,Services,Southwest,2516.46,1874.72,641.74
SALE0006878,2025-04-17,CUST00473,Manufacturing Components,Distribution,Southwest,1164.34,837.06,327.28
SALE0006879,2024-05-15,CUST00289,Technology Hardware,Distribution,Southwest,1509.46,768.68,740.78
SALE0006880,2024-04-30,CUST00187,Safety Equipment,Distribution,Northeast,681.03,337.93,343.1
SALE0006881,2026-08-10,CUST00231,Office Equipment,Distribution,Midwest,2022.71,1012.62,1010.09
SALE0006882,2025-10-01,CUST00011,Office Equipment,Distribution,Northeast,1760.65,1180.11,580.54
SALE0006883,2026-03-12,CUST00398,Packaging Materials,Distribution,Southeast,1167.51,579.62,587.89
SALE0006884,2025-11-26,CUST00185,Safety Equipment,Manufacturing,Midwest,1614.19,960.12,654.07
SALE0006885,2026-04-16,CUST00058,Safety Equipment,Distribution,Northeast,2014.6,1128.87,885.73
SALE0006886,2025-05-23,CUST00327,Industrial Equipment,Manufacturing,Midwest,1108.85,800.5,308.35
SALE0006887,2024-10-16,CUST00173,Safety Equipment,Distribution,Midwest,745.64,550.37,195.27
SALE0006888,2024-12-30,CUST00173,Technology Hardware,Distribution,Southeast,5341.94,3401.46,1940.48
SALE0006889,2024-05-05,CUST00286,Safety Equipment,Manufacturing,Midwest,1236.5,713.69,522.81
SALE0006890,2026-03-24,CUST00337,Professional Services,Services,Southwest,1706.06,1264.24,441.82
SALE0006891,2025-02-28,CUST00287,Technology Hardware,Manufacturing,Midwest,3315.96,1998.5,1317.46
SALE0006892,2026-04-02,CUST00047,Industrial Equipment,Services,Southwest,15024.43,10113.63,4910.8
SALE0006893,2026-02-16,CUST00151,Safety Equipment,Manufacturing,Southwest,856.89,570.06,286.83
SALE0006894,2024-03-31,CUST00169,Professional Services,Services,Midwest,2368.23,1328.97,1039.26
SALE0006895,2026-02-23,CUST00321,Professional Services,Services,Southeast,1182.6,588.46,594.14
SALE0006896,2024-08-16,CUST00197,Industrial Equipment,Services,Southeast,1308.62,742.37,566.25
SALE0006897,2026-06-10,CUST00349,Office Equipment,Manufacturing,West,1173.65,552.28,621.37
SALE0006898,2025-08-12,CUST00453,Technology Hardware,Services,Northeast,920.21,677.92,242.29
SALE0006899,2024-03-31,CUST00191,Safety Equipment,Services,Northeast,1763.8,811.39,952.41
SALE0006900,2024-04-05,CUST00431,Safety Equipment,Manufacturing,Northeast,746.43,360.08,386.35
SALE0006901,2024-06-14,CUST00025,Industrial Equipment,Services,Southeast,3190.98,1824.5,1366.48
SALE0006902,2025-12-03,CUST00122,Safety Equipment,Services,Southwest,1868.71,1220.94,647.77
SALE0006903,2024-09-05,CUST00022,Packaging Materials,Manufacturing,Southeast,2329.62,1397.61,932.01
SALE0006904,2025-07-10,CUST00230,Packaging Materials,Services,Northeast,1366.88,844.94,521.94
SALE0006905,2025-07-27,CUST00109,Maintenance Supplies,Distribution,Southwest,1450.52,884.37,566.15
SALE0006906,2025-06-16,CUST00388,Office Equipment,Distribution,Southwest,2148.53,1030.87,1117.66
SALE0006907,2025-02-17,CUST00452,Maintenance Supplies,Manufacturing,Northeast,899.26,471.7,427.56
SALE0006908,2025-07-10,CUST00263,Manufacturing Components,Manufacturing,Midwest,1458.56,758.12,700.44
SALE0006909,2024-07-09,CUST00208,Office Equipment,Distribution,Southwest,1079.48,726.34,353.14
SALE0006910,2024-10-11,CUST00418,Office Equipment,Distribution,Midwest,1059.61,524.16,535.45
SALE0006911,2026-05-18,CUST00238,Safety Equipment,Services,Southeast,509.84,234.01,275.83
SALE0006912,2026-02-18,CUST00421,Office Equipment,Distribution,Southeast,4038.37,2416.85,1621.52
SALE0006913,2025-03-28,CUST00334,Technology Hardware,Services,Northeast,1197.6,752.29,445.31
SALE0006914,2025-11-30,CUST00243,Professional Services,Distribution,Midwest,3633.77,2390.72,1243.05
SALE0006915,2025-09-16,CUST00160,Office Equipment,Services,Southwest,3433.29,2128.45,1304.84
SALE0006916,2025-11-10,CUST00478,Maintenance Supplies,Distribution,West,835.81,398.26,437.55
SALE0006917,2024-08-10,CUST00292,Technology Hardware,Manufacturing,Northeast,941.01,700.89,240.12
SALE0006918,2026-04-09,CUST00414,Office Equipment,Distribution,Midwest,8402.64,4605.58,3797.06
SALE0006919,2025-10-31,CUST00315,Maintenance Supplies,Manufacturing,Southeast,5169.63,2549.93,2619.7
SALE0006920,2025-10-03,CUST00407,Industrial Equipment,Services,West,1774.17,1000.02,774.15
SALE0006921,2026-04-04,CUST00393,Office Equipment,Distribution,Southwest,2109.96,1186.87,923.09
SALE0006922,2025-11-14,CUST00266,Manufacturing Components,Manufacturing,West,1238.3,927.24,311.06
SALE0006923,2024-07-05,CUST00296,Packaging Materials,Manufacturing,Southeast,2343.53,1645.0,698.53
SALE0006924,2024-09-29,CUST00252,Packaging Materials,Manufacturing,Northeast,1175.78,664.45,511.33
SALE0006925,2024-08-19,CUST00118,Professional Services,Services,West,534.1,315.29,218.81
SALE0006926,2026-03-03,CUST00199,Manufacturing Components,Manufacturing,West,818.17,434.41,383.76
SALE0006927,2025-02-27,CUST00155,Technology Hardware,Distribution,West,1831.07,1094.21,736.86
SALE0006928,2024-09-07,CUST00136,Technology Hardware,Distribution,West,917.23,426.91,490.32
SALE0006929,2025-01-29,CUST00468,Technology Hardware,Services,Southwest,1736.51,1139.06,597.45
SALE0006930,2025-11-09,CUST00420,Technology Hardware,Distribution,West,948.81,540.65,408.16
SALE0006931,2025-01-29,CUST00002,Industrial Equipment,Distribution,Midwest,1130.69,699.32,431.37
SALE0006932,2024-03-09,CUST00068,Office Equipment,Services,Southwest,3016.64,2126.49,890.15
SALE0006933,2025-10-29,CUST00328,Maintenance Supplies,Services,Midwest,2097.47,1210.88,886.59
SALE0006934,2024-08-07,CUST00469,Safety Equipment,Manufacturing,Southwest,1797.59,1331.0,466.59
SALE0006935,2024-02-07,CUST00055,Maintenance Supplies,Distribution,Midwest,3063.7,1716.57,1347.13
SALE0006936,2024-07-16,CUST00410,Maintenance Supplies,Manufacturing,Northeast,2412.37,1724.47,687.9
SALE0006937,2024-03-03,CUST00045,Office Equipment,Distribution,Midwest,4306.75,2315.1,1991.65
SALE0006938,2025-04-11,CUST00444,Technology Hardware,Manufacturing,Northeast,1372.08,911.89,460.19
SALE0006939,2024-09-12,CUST00324,Manufacturing Components,Services,West,1397.19,765.3,631.89
SALE0006940,2024-12-21,CUST00337,Industrial Equipment,Distribution,Southwest,828.27,539.37,288.9
SALE0006941,2025-01-18,CUST00121,Safety Equipment,Distribution,West,1397.74,892.04,505.7
SALE0006942,2024-11-23,CUST00045,Maintenance Supplies,Manufacturing,Southeast,3225.56,1499.56,1726.0
SALE0006943,2026-05-02,CUST00289,Professional Services,Distribution,Southwest,3944.16,1994.73,1949.43
SALE0006944,2025-12-28,CUST00096,Professional Services,Services,West,3216.93,2407.97,808.96
SALE0006945,2025-12-09,CUST00400,Maintenance Supplies,Manufacturing,Southeast,616.15,409.74,206.41
SALE0006946,2024-07-28,CUST00001,Office Equipment,Manufacturing,West,3462.99,2127.63,1335.36
SALE0006947,2025-09-22,CUST00378,Professional Services,Manufacturing,Northeast,599.98,444.68,155.3
SALE0006948,2025-01-07,CUST00309,Manufacturing Components,Services,Midwest,3099.11,1535.08,1564.03
SALE0006949,2024-12-23,CUST00430,Maintenance Supplies,Services,Southwest,1450.02,852.23,597.79
SALE0006950,2025-01-05,CUST00011,Technology Hardware,Manufacturing,Southwest,2755.96,1751.25,1004.71
SALE0006951,2024-01-20,CUST00180,Office Equipment,Manufacturing,Northeast,812.84,537.28,275.56
SALE0006952,2026-04-01,CUST00163,Safety Equipment,Manufacturing,Midwest,3650.8,1960.4,1690.4
SALE0006953,2026-08-22,CUST00322,Professional Services,Distribution,Midwest,750.71,533.16,217.55
SALE0006954,2024-05-06,CUST00220,Manufacturing Components,Manufacturing,West,1210.67,625.01,585.66
SALE0006955,2026-02-08,CUST00456,Packaging Materials,Manufacturing,Southwest,993.41,492.67,500.74
SALE0006956,2025-07-16,CUST00148,Technology Hardware,Manufacturing,Southwest,631.08,395.25,235.83
SALE0006957,2024-04-22,CUST00229,Safety Equipment,Manufacturing,Northeast,1913.55,1023.28,890.27
SALE0006958,2024-10-17,CUST00313,Packaging Materials,Distribution,Midwest,5343.59,2798.7,2544.89
SALE0006959,2024-09-11,CUST00092,Office Equipment,Distribution,Southwest,8956.57,6179.63,2776.94
SALE0006960,2024-12-25,CUST00023,Packaging Materials,Manufacturing,Southeast,1916.57,1091.38,825.19
SALE0006961,2025-02-15,CUST00212,Technology Hardware,Distribution,West,3533.37,1681.65,1851.72
SALE0006962,2024-01-23,CUST00075,Maintenance Supplies,Distribution,Midwest,2078.2,1196.12,882.08
SALE0006963,2024-12-05,CUST00216,Professional Services,Manufacturing,Northeast,2438.97,1345.12,1093.85
SALE0006964,2025-11-21,CUST00323,Professional Services,Services,Northeast,1472.49,769.5,702.99
SALE0006965,2024-05-27,CUST00161,Manufacturing Components,Manufacturing,Northeast,2032.55,1191.9,840.65
SALE0006966,2026-06-29,CUST00463,Office Equipment,Services,Southwest,2496.11,1842.25,653.86
SALE0006967,2024-02-12,CUST00002,Technology Hardware,Distribution,Northeast,1277.84,738.44,539.4
SALE0006968,2026-03-02,CUST00092,Manufacturing Components,Services,West,1725.9,813.42,912.48
SALE0006969,2024-04-03,CUST00233,Safety Equipment,Manufacturing,Southeast,1745.75,1230.44,515.31
SALE0006970,2025-01-08,CUST00097,Safety Equipment,Services,Southeast,2968.59,2047.83,920.76
SALE0006971,2024-01-18,CUST00190,Maintenance Supplies,Services,Midwest,953.73,609.33,344.4
SALE0006972,2026-01-21,CUST00164,Manufacturing Components,Distribution,Midwest,1752.98,1095.31,657.67
SALE0006973,2025-04-29,CUST00459,Professional Services,Services,Midwest,5694.2,3959.23,1734.97
SALE0006974,2024-07-11,CUST00056,Safety Equipment,Manufacturing,Southeast,3635.26,1794.31,1840.95
SALE0006975,2024-10-04,CUST00350,Maintenance Supplies,Distribution,West,4062.31,2043.31,2019.0
SALE0006976,2026-03-13,CUST00476,Technology Hardware,Services,Northeast,1834.74,1009.65,825.09
SALE0006977,2025-08-10,CUST00370,Industrial Equipment,Distribution,Northeast,2192.06,1002.57,1189.49
SALE0006978,2026-05-26,CUST00464,Manufacturing Components,Distribution,Midwest,3298.89,2251.31,1047.58
SALE0006979,2025-07-11,CUST00399,Technology Hardware,Manufacturing,Northeast,4610.78,2772.59,1838.19
SALE0006980,2025-09-13,CUST00146,Office Equipment,Distribution,Southeast,560.62,289.51,271.11
SALE0006981,2024-08-17,CUST00104,Safety Equipment,Manufacturing,Midwest,821.17,611.08,210.09
SALE0006982,2025-05-08,CUST00189,Maintenance Supplies,Manufacturing,Southwest,3966.61,2628.28,1338.33
SALE0006983,2025-12-18,CUST00002,Maintenance Supplies,Manufacturing,Southwest,1531.29,1088.98,442.31
SALE0006984,2026-02-28,CUST00120,Professional Services,Distribution,Northeast,1208.3,902.91,305.39
SALE0006985,2025-10-17,CUST00050,Professional Services,Manufacturing,Midwest,851.93,548.67,303.26
SALE0006986,2025-03-27,CUST00420,Packaging Materials,Distribution,West,1295.94,607.08,688.86
SALE0006987,2024-06-22,CUST00349,Safety Equipment,Manufacturing,West,779.44,479.78,299.66
SALE0006988,2026-02-01,CUST00230,Technology Hardware,Distribution,West,6340.14,3748.36,2591.78
SALE0006989,2024-04-21,CUST00310,Professional Services,Distribution,Northeast,1783.87,1045.71,738.16
SALE0006990,2024-12-29,CUST00253,Safety Equipment,Services,West,1746.26,1102.4,643.86
SALE0006991,2024-09-01,CUST00360,Manufacturing Components,Manufacturing,Midwest,2573.05,1181.44,1391.61
SALE0006992,2026-01-08,CUST00423,Manufacturing Components,Distribution,West,3220.87,1800.23,1420.64
SALE0006993,2026-02-26,CUST00127,Manufacturing Components,Distribution,West,3189.22,1959.64,1229.58
SALE0006994,2024-08-04,CUST00193,Maintenance Supplies,Services,Southwest,3443.26,2577.31,865.95
SALE0006995,2024-01-29,CUST00366,Maintenance Supplies,Services,Midwest,1238.3,750.09,488.21
SALE0006996,2024-02-14,CUST00361,Maintenance Supplies,Distribution,Southeast,1512.14,855.44,656.7
SALE0006997,2026-01-27,CUST00104,Technology Hardware,Distribution,Northeast,2868.14,1578.09,1290.05
SALE0006998,2025-11-10,CUST00482,Office Equipment,Distribution,Northeast,1317.6,789.56,528.04
SALE0006999,2025-08-13,CUST00093,Industrial Equipment,Distribution,West,1802.51,952.24,850.27
SALE0007000,2026-06-20,CUST00218,Packaging Materials,Services,Southeast,2296.77,1480.06,816.71
SALE0007001,2025-04-05,CUST00339,Packaging Materials,Distribution,Northeast,2896.07,1399.37,1496.7
SALE0007002,2026-02-17,CUST00478,Office Equipment,Services,Northeast,622.28,304.05,318.23
SALE0007003,2024-05-04,CUST00263,Industrial Equipment,Services,Northeast,2776.23,1716.64,1059.59
SALE0007004,2024-01-28,CUST00454,Safety Equipment,Distribution,Northeast,1571.47,1173.82,397.65
SALE0007005,2025-08-24,CUST00302,Maintenance Supplies,Services,Northeast,2764.11,1782.31,981.8
SALE0007006,2026-04-14,CUST00335,Professional Services,Manufacturing,Northeast,2881.77,1777.26,1104.51
SALE0007007,2026-06-12,CUST00070,Professional Services,Services,Southwest,4744.54,2414.46,2330.08
SALE0007008,2025-11-13,CUST00013,Technology Hardware,Services,West,4072.74,2038.11,2034.63
SALE0007009,2025-04-17,CUST00252,Professional Services,Manufacturing,Northeast,4055.96,2390.91,1665.05
SALE0007010,2024-10-11,CUST00238,Packaging Materials,Services,Southwest,4299.28,2800.15,1499.13
SALE0007011,2025-06-02,CUST00491,Manufacturing Components,Manufacturing,West,2153.45,1052.68,1100.77
SALE0007012,2024-12-09,CUST00336,Office Equipment,Distribution,Southwest,1843.3,1065.5,777.8
SALE0007013,2024-01-29,CUST00231,Safety Equipment,Services,Midwest,3052.42,2256.48,795.94
SALE0007014,2025-08-31,CUST00357,Manufacturing Components,Services,Southeast,2805.25,1567.03,1238.22
SALE0007015,2024-06-01,CUST00444,Manufacturing Components,Manufacturing,Midwest,1502.01,692.54,809.47
SALE0007016,2025-02-14,CUST00475,Professional Services,Distribution,West,2305.13,1203.39,1101.74
SALE0007017,2026-03-12,CUST00090,Technology Hardware,Manufacturing,Northeast,1770.37,1152.63,617.74
SALE0007018,2025-05-22,CUST00218,Professional Services,Services,Midwest,1083.16,603.4,479.76
SALE0007019,2026-06-19,CUST00269,Office Equipment,Services,Southwest,3921.68,2718.28,1203.4
SALE0007020,2024-07-12,CUST00062,Packaging Materials,Services,Northeast,1868.93,1044.6,824.33
SALE0007021,2025-05-16,CUST00135,Professional Services,Distribution,Southwest,6180.94,4129.37,2051.57
SALE0007022,2025-04-06,CUST00192,Technology Hardware,Services,West,681.78,431.0,250.78
SALE0007023,2024-11-10,CUST00121,Technology Hardware,Distribution,West,1294.57,666.51,628.06
SALE0007024,2025-08-15,CUST00385,Manufacturing Components,Manufacturing,Midwest,1843.8,1156.2,687.6
SALE0007025,2024-05-28,CUST00432,Manufacturing Components,Services,Southeast,3577.53,2439.54,1137.99
SALE0007026,2024-03-04,CUST00457,Maintenance Supplies,Distribution,West,2297.74,1514.46,783.28
SALE0007027,2024-05-06,CUST00415,Professional Services,Manufacturing,West,2178.26,1077.39,1100.87
SALE0007028,2024-04-01,CUST00493,Safety Equipment,Manufacturing,Midwest,919.33,570.52,348.81
SALE0007029,2024-09-01,CUST00109,Manufacturing Components,Manufacturing,West,903.1,590.15,312.95
SALE0007030,2025-05-04,CUST00021,Technology Hardware,Services,Southwest,2194.05,1353.82,840.23
SALE0007031,2025-06-27,CUST00409,Professional Services,Distribution,Southeast,797.54,390.62,406.92
SALE0007032,2024-08-29,CUST00170,Packaging Materials,Distribution,Southeast,1314.06,721.19,592.87
SALE0007033,2024-02-24,CUST00346,Maintenance Supplies,Services,Southwest,2441.95,1198.33,1243.62
SALE0007034,2024-09-16,CUST00064,Manufacturing Components,Manufacturing,West,1002.85,595.71,407.14
SALE0007035,2024-06-10,CUST00438,Safety Equipment,Distribution,Midwest,4737.26,2704.83,2032.43
SALE0007036,2024-05-05,CUST00293,Packaging Materials,Manufacturing,Southeast,3768.23,2206.74,1561.49
SALE0007037,2025-08-15,CUST00226,Professional Services,Services,Southwest,704.26,363.62,340.64
SALE0007038,2024-12-09,CUST00005,Safety Equipment,Services,Midwest,1033.37,745.78,287.59
SALE0007039,2025-12-03,CUST00433,Professional Services,Distribution,Northeast,458.76,305.7,153.06
SALE0007040,2024-11-19,CUST00247,Professional Services,Services,Southwest,1130.53,619.19,511.34
SALE0007041,2026-03-10,CUST00041,Professional Services,Distribution,Southeast,2863.59,2014.56,849.03
SALE0007042,2024-03-16,CUST00343,Maintenance Supplies,Manufacturing,Midwest,1410.45,1021.71,388.74
SALE0007043,2025-10-18,CUST00180,Safety Equipment,Services,Northeast,2383.86,1301.06,1082.8
SALE0007044,2024-03-11,CUST00254,Technology Hardware,Manufacturing,West,725.31,476.51,248.8
SALE0007045,2024-05-24,CUST00236,Packaging Materials,Manufacturing,West,2918.38,2101.17,817.21
SALE0007046,2024-10-05,CUST00376,Safety Equipment,Distribution,West,1295.87,783.57,512.3
SALE0007047,2025-12-19,CUST00231,Technology Hardware,Distribution,Southeast,1821.29,1286.55,534.74
SALE0007048,2026-06-22,CUST00101,Safety Equipment,Services,Northeast,1710.05,1083.39,626.66
SALE0007049,2025-02-20,CUST00456,Professional Services,Manufacturing,West,843.09,514.92,328.17
SALE0007050,2025-07-03,CUST00009,Office Equipment,Services,Midwest,905.19,492.99,412.2
SALE0007051,2024-08-21,CUST00297,Maintenance Supplies,Distribution,Northeast,3231.42,2204.49,1026.93
SALE0007052,2024-03-02,CUST00035,Industrial Equipment,Distribution,Southeast,2297.08,1575.23,721.85
SALE0007053,2026-05-28,CUST00384,Professional Services,Distribution,West,3394.9,2023.48,1371.42
SALE0007054,2024-07-16,CUST00431,Packaging Materials,Manufacturing,Northeast,2196.88,1218.48,978.4
SALE0007055,2024-04-19,CUST00410,Manufacturing Components,Services,West,1970.01,1389.33,580.68
SALE0007056,2026-06-17,CUST00213,Manufacturing Components,Manufacturing,Southeast,641.88,412.16,229.72
SALE0007057,2026-02-19,CUST00322,Safety Equipment,Distribution,Southwest,1537.3,1082.65,454.65
SALE0007058,2024-11-24,CUST00158,Manufacturing Components,Manufacturing,Northeast,1778.58,912.48,866.1
SALE0007059,2024-11-28,CUST00020,Safety Equipment,Distribution,Southwest,5836.37,3881.14,1955.23
SALE0007060,2025-01-13,CUST00330,Manufacturing Components,Distribution,Midwest,2730.32,1552.7,1177.62
SALE0007061,2026-05-11,CUST00352,Packaging Materials,Distribution,Southeast,4544.34,3316.94,1227.4
SALE0007062,2024-11-05,CUST00172,Technology Hardware,Distribution,Southwest,2587.69,1810.48,777.21
SALE0007063,2024-06-15,CUST00092,Manufacturing Components,Manufacturing,Midwest,1179.94,532.12,647.82
SALE0007064,2025-12-27,CUST00200,Packaging Materials,Manufacturing,Southeast,1939.67,1018.71,920.96
SALE0007065,2025-08-06,CUST00251,Manufacturing Components,Distribution,Southeast,2083.35,1115.32,968.03
SALE0007066,2025-11-13,CUST00142,Office Equipment,Distribution,Northeast,1029.17,554.24,474.93
SALE0007067,2026-07-29,CUST00320,Technology Hardware,Distribution,Southwest,1435.64,1055.92,379.72
SALE0007068,2025-12-02,CUST00339,Industrial Equipment,Distribution,Northeast,1598.05,742.9,855.15
SALE0007069,2026-03-26,CUST00475,Manufacturing Components,Manufacturing,Southwest,4738.01,3257.02,1480.99
SALE0007070,2025-08-14,CUST00184,Manufacturing Components,Distribution,Southeast,518.82,388.37,130.45
SALE0007071,2024-12-11,CUST00133,Manufacturing Components,Services,Southeast,3727.49,1826.61,1900.88
SALE0007072,2024-01-01,CUST00085,Maintenance Supplies,Services,Northeast,1030.63,745.96,284.67
SALE0007073,2025-05-14,CUST00035,Office Equipment,Services,Northeast,793.74,437.66,356.08
SALE0007074,2026-07-16,CUST00224,Maintenance Supplies,Services,Northeast,3670.07,2320.26,1349.81
SALE0007075,2025-06-25,CUST00465,Technology Hardware,Distribution,Northeast,2804.94,1878.13,926.81
SALE0007076,2024-07-15,CUST00101,Office Equipment,Distribution,Midwest,3838.02,1978.5,1859.52
SALE0007077,2026-01-18,CUST00072,Technology Hardware,Services,Northeast,2923.16,2020.15,903.01
SALE0007078,2024-12-02,CUST00357,Technology Hardware,Services,Northeast,6222.38,4489.06,1733.32
SALE0007079,2025-03-25,CUST00051,Technology Hardware,Services,Southwest,2528.13,1628.21,899.92
SALE0007080,2025-07-15,CUST00031,Technology Hardware,Manufacturing,Midwest,1646.02,824.87,821.15
SALE0007081,2025-08-29,CUST00044,Manufacturing Components,Services,Northeast,2221.1,1118.29,1102.81
SALE0007082,2025-10-28,CUST00293,Maintenance Supplies,Services,Northeast,3812.66,2039.55,1773.11
SALE0007083,2024-10-24,CUST00004,Manufacturing Components,Manufacturing,West,1132.72,547.16,585.56
SALE0007084,2025-01-05,CUST00204,Safety Equipment,Services,Northeast,1222.76,804.59,418.17
SALE0007085,2024-10-18,CUST00212,Technology Hardware,Manufacturing,Northeast,1502.11,1061.11,441.0
SALE0007086,2026-07-16,CUST00084,Industrial Equipment,Manufacturing,Southwest,511.45,248.67,262.78
SALE0007087,2024-11-05,CUST00078,Industrial Equipment,Services,West,1964.21,1408.36,555.85
SALE0007088,2025-10-24,CUST00158,Office Equipment,Services,West,583.08,315.34,267.74
SALE0007089,2025-06-09,CUST00201,Office Equipment,Distribution,West,1866.53,1377.7,488.83
SALE0007090,2024-10-31,CUST00354,Packaging Materials,Distribution,Southeast,3038.67,1863.09,1175.58
SALE0007091,2026-08-20,CUST00064,Safety Equipment,Services,Southwest,1358.14,936.83,421.31
SALE0007092,2025-04-13,CUST00168,Manufacturing Components,Distribution,Midwest,4945.68,3541.48,1404.2
SALE0007093,2024-10-06,CUST00296,Manufacturing Components,Distribution,Southeast,752.72,495.41,257.31
SALE0007094,2026-03-25,CUST00059,Industrial Equipment,Manufacturing,Northeast,3695.08,1828.55,1866.53
SALE0007095,2024-07-14,CUST00162,Packaging Materials,Manufacturing,Northeast,2711.03,1270.09,1440.94
SALE0007096,2025-01-02,CUST00450,Packaging Materials,Manufacturing,Midwest,645.73,368.58,277.15
SALE0007097,2024-07-06,CUST00479,Industrial Equipment,Services,Southeast,9195.56,5636.36,3559.2
SALE0007098,2024-05-31,CUST00449,Maintenance Supplies,Distribution,Southeast,1740.2,1243.24,496.96
SALE0007099,2026-08-23,CUST00427,Manufacturing Components,Services,Southeast,1067.96,606.52,461.44
SALE0007100,2026-03-10,CUST00072,Technology Hardware,Manufacturing,Midwest,777.24,386.62,390.62
SALE0007101,2024-06-11,CUST00218,Professional Services,Manufacturing,Southwest,1584.44,827.91,756.53
SALE0007102,2025-04-30,CUST00160,Packaging Materials,Services,Southeast,1674.98,947.13,727.85
SALE0007103,2025-10-29,CUST00479,Professional Services,Services,Southwest,1922.9,1438.05,484.85
SALE0007104,2025-12-26,CUST00241,Maintenance Supplies,Manufacturing,West,1512.2,859.75,652.45
SALE0007105,2025-12-18,CUST00443,Professional Services,Distribution,Southeast,2643.7,1884.84,758.86
SALE0007106,2024-03-17,CUST00333,Technology Hardware,Manufacturing,Midwest,1432.85,661.86,770.99
SALE0007107,2026-05-13,CUST00011,Safety Equipment,Manufacturing,Northeast,566.24,371.71,194.53
SALE0007108,2026-06-22,CUST00438,Manufacturing Components,Manufacturing,West,1653.06,1136.34,516.72
SALE0007109,2026-01-01,CUST00495,Packaging Materials,Distribution,Southwest,436.82,309.65,127.17
SALE0007110,2026-04-03,CUST00177,Maintenance Supplies,Manufacturing,Southwest,2235.59,1659.67,575.92
SALE0007111,2024-12-20,CUST00034,Office Equipment,Services,West,1004.68,539.31,465.37
SALE0007112,2025-08-29,CUST00304,Packaging Materials,Distribution,Southwest,1994.24,1298.8,695.44
SALE0007113,2026-02-09,CUST00386,Safety Equipment,Services,West,3977.64,2653.78,1323.86
SALE0007114,2024-11-22,CUST00113,Manufacturing Components,Services,Southeast,1023.26,675.14,348.12
SALE0007115,2026-03-25,CUST00296,Safety Equipment,Distribution,Southeast,3417.8,2489.43,928.37
SALE0007116,2025-11-17,CUST00398,Professional Services,Services,Southwest,1394.05,889.36,504.69
SALE0007117,2025-06-12,CUST00453,Industrial Equipment,Distribution,Southeast,5176.67,2362.65,2814.02
SALE0007118,2025-10-28,CUST00181,Professional Services,Services,Southeast,1452.31,1035.38,416.93
SALE0007119,2024-03-21,CUST00309,Technology Hardware,Services,Southeast,1091.93,662.06,429.87
SALE0007120,2024-03-13,CUST00372,Office Equipment,Services,West,2730.78,1901.13,829.65
SALE0007121,2025-08-30,CUST00042,Safety Equipment,Distribution,Southeast,1392.04,704.55,687.49
SALE0007122,2024-11-15,CUST00369,Industrial Equipment,Distribution,Northeast,1091.31,722.59,368.72
SALE0007123,2026-04-14,CUST00438,Industrial Equipment,Distribution,Southwest,1357.36,801.91,555.45
SALE0007124,2025-01-18,CUST00286,Maintenance Supplies,Services,Midwest,1760.29,795.37,964.92
SALE0007125,2025-11-05,CUST00314,Office Equipment,Manufacturing,Midwest,4045.29,2521.67,1523.62
SALE0007126,2025-04-12,CUST00214,Office Equipment,Manufacturing,Northeast,566.54,319.17,247.37
SALE0007127,2024-08-31,CUST00006,Technology Hardware,Services,Midwest,1833.26,1125.71,707.55
SALE0007128,2024-03-15,CUST00422,Maintenance Supplies,Services,Midwest,2630.53,1665.83,964.7
SALE0007129,2026-01-27,CUST00384,Packaging Materials,Manufacturing,Midwest,2030.56,1132.44,898.12
SALE0007130,2025-08-19,CUST00052,Safety Equipment,Manufacturing,Northeast,3967.61,2181.56,1786.05
SALE0007131,2026-01-30,CUST00035,Technology Hardware,Distribution,Northeast,1729.16,947.96,781.2
SALE0007132,2025-08-18,CUST00338,Technology Hardware,Manufacturing,Northeast,1618.52,929.1,689.42
SALE0007133,2024-01-27,CUST00255,Maintenance Supplies,Distribution,Northeast,2579.62,1622.57,957.05
SALE0007134,2025-11-19,CUST00441,Office Equipment,Manufacturing,Southwest,1919.06,996.22,922.84
SALE0007135,2026-02-13,CUST00310,Industrial Equipment,Distribution,Northeast,1430.46,796.26,634.2
SALE0007136,2024-09-14,CUST00122,Professional Services,Manufacturing,Southeast,2464.36,1156.93,1307.43
SALE0007137,2024-08-30,CUST00215,Professional Services,Services,Southwest,1222.29,645.67,576.62
SALE0007138,2026-06-08,CUST00021,Safety Equipment,Services,Southeast,1253.0,924.92,328.08
SALE0007139,2024-08-09,CUST00280,Manufacturing Components,Manufacturing,West,1317.12,842.94,474.18
SALE0007140,2024-03-23,CUST00455,Safety Equipment,Distribution,Midwest,4071.8,2371.43,1700.37
SALE0007141,2025-11-21,CUST00350,Technology Hardware,Manufacturing,Northeast,261.75,152.58,109.17
SALE0007142,2024-03-13,CUST00226,Technology Hardware,Services,Southwest,2292.41,1652.71,639.7
SALE0007143,2024-09-07,CUST00255,Safety Equipment,Manufacturing,Northeast,1845.61,1249.9,595.71
SALE0007144,2024-11-09,CUST00489,Safety Equipment,Manufacturing,Northeast,659.5,416.74,242.76
SALE0007145,2026-07-08,CUST00274,Office Equipment,Manufacturing,Southeast,2177.29,990.33,1186.96
SALE0007146,2024-02-25,CUST00375,Technology Hardware,Services,Midwest,2405.35,1671.53,733.82
SALE0007147,2025-11-20,CUST00014,Safety Equipment,Services,Northeast,2575.46,1800.65,774.81
SALE0007148,2025-06-05,CUST00125,Office Equipment,Distribution,West,368.3,254.26,114.04
SALE0007149,2026-09-01,CUST00048,Industrial Equipment,Manufacturing,Southeast,4104.48,2305.35,1799.13
SALE0007150,2024-03-10,CUST00156,Manufacturing Components,Services,Midwest,1161.37,697.1,464.27
SALE0007151,2024-01-25,CUST00230,Industrial Equipment,Manufacturing,West,2729.68,1673.82,1055.86
SALE0007152,2024-09-25,CUST00033,Office Equipment,Services,West,2820.43,2092.07,728.36
SALE0007153,2025-04-26,CUST00329,Safety Equipment,Manufacturing,Northeast,1068.47,651.65,416.82
SALE0007154,2024-10-15,CUST00294,Professional Services,Manufacturing,Southeast,2687.26,1667.07,1020.19
SALE0007155,2025-11-11,CUST00011,Maintenance Supplies,Manufacturing,Midwest,1434.69,700.86,733.83
SALE0007156,2025-11-11,CUST00110,Safety Equipment,Distribution,Midwest,521.74,312.35,209.39
SALE0007157,2024-05-12,CUST00211,Technology Hardware,Manufacturing,Northeast,3643.3,1753.67,1889.63
SALE0007158,2026-04-04,CUST00432,Office Equipment,Manufacturing,Northeast,1135.66,518.14,617.52
SALE0007159,2024-01-13,CUST00057,Safety Equipment,Manufacturing,Southeast,1082.8,691.59,391.21
SALE0007160,2024-12-10,CUST00492,Professional Services,Services,Midwest,1419.64,794.88,624.76
SALE0007161,2024-05-16,CUST00242,Packaging Materials,Services,Southeast,2128.86,988.21,1140.65
SALE0007162,2025-11-26,CUST00492,Technology Hardware,Distribution,Southwest,1746.97,907.74,839.23
SALE0007163,2024-05-13,CUST00251,Office Equipment,Manufacturing,West,2512.01,1625.47,886.54
SALE0007164,2026-03-30,CUST00457,Professional Services,Services,West,809.41,549.82,259.59
SALE0007165,2026-07-16,CUST00233,Professional Services,Distribution,Southwest,1158.14,816.14,342.0
SALE0007166,2026-01-23,CUST00190,Manufacturing Components,Manufacturing,West,1686.48,980.5,705.98
SALE0007167,2025-05-06,CUST00040,Packaging Materials,Manufacturing,West,5646.17,3327.94,2318.23
SALE0007168,2025-07-03,CUST00498,Safety Equipment,Services,Southwest,1688.7,802.48,886.22
SALE0007169,2025-10-20,CUST00083,Industrial Equipment,Distribution,West,3467.31,2221.71,1245.6
SALE0007170,2025-05-02,CUST00141,Technology Hardware,Manufacturing,West,1850.36,957.46,892.9
SALE0007171,2024-09-15,CUST00379,Office Equipment,Services,Northeast,1352.63,738.16,614.47
SALE0007172,2025-10-22,CUST00234,Safety Equipment,Distribution,Northeast,1559.26,1046.21,513.05
SALE0007173,2025-07-05,CUST00352,Industrial Equipment,Distribution,West,1634.26,1007.78,626.48
SALE0007174,2025-11-04,CUST00160,Industrial Equipment,Manufacturing,Northeast,2597.2,1482.54,1114.66
SALE0007175,2024-12-22,CUST00413,Technology Hardware,Services,Midwest,4124.78,2940.6,1184.18
SALE0007176,2025-09-26,CUST00292,Manufacturing Components,Services,Midwest,2243.54,1139.3,1104.24
SALE0007177,2024-09-01,CUST00369,Packaging Materials,Manufacturing,Midwest,3685.81,2390.26,1295.55
SALE0007178,2026-07-11,CUST00157,Safety Equipment,Manufacturing,West,1013.46,540.86,472.6
SALE0007179,2024-07-06,CUST00346,Technology Hardware,Distribution,Northeast,1409.83,823.93,585.9
SALE0007180,2026-08-23,CUST00265,Technology Hardware,Distribution,Southwest,1170.77,671.05,499.72
SALE0007181,2024-01-09,CUST00028,Professional Services,Services,Northeast,2183.46,1074.44,1109.02
SALE0007182,2026-02-25,CUST00235,Maintenance Supplies,Manufacturing,Northeast,1457.71,811.27,646.44
SALE0007183,2025-12-04,CUST00184,Technology Hardware,Services,Midwest,2801.37,2013.06,788.31
SALE0007184,2026-02-12,CUST00164,Maintenance Supplies,Distribution,Northeast,1034.22,533.36,500.86
SALE0007185,2025-04-05,CUST00471,Office Equipment,Distribution,Southwest,1855.33,1257.27,598.06
SALE0007186,2025-12-16,CUST00448,Packaging Materials,Services,Southeast,2730.16,2021.15,709.01
SALE0007187,2026-03-29,CUST00474,Industrial Equipment,Services,Northeast,523.65,252.27,271.38
SALE0007188,2025-04-11,CUST00348,Industrial Equipment,Distribution,Northeast,6457.38,4416.12,2041.26
SALE0007189,2026-02-26,CUST00159,Professional Services,Manufacturing,Northeast,1525.55,1032.54,493.01
SALE0007190,2026-03-12,CUST00207,Manufacturing Components,Services,Southwest,536.45,269.37,267.08
SALE0007191,2025-01-10,CUST00276,Industrial Equipment,Distribution,Northeast,1987.94,1293.35,694.59
SALE0007192,2026-08-23,CUST00488,Maintenance Supplies,Services,Southwest,1844.69,1321.38,523.31
SALE0007193,2025-02-22,CUST00268,Office Equipment,Distribution,Midwest,1721.35,1024.28,697.07
SALE0007194,2024-06-01,CUST00065,Maintenance Supplies,Distribution,Southwest,3277.1,2418.43,858.67
SALE0007195,2024-03-01,CUST00289,Office Equipment,Distribution,Northeast,2831.23,1864.96,966.27
SALE0007196,2024-04-27,CUST00061,Professional Services,Distribution,Northeast,2161.86,1495.06,666.8
SALE0007197,2024-08-24,CUST00168,Professional Services,Manufacturing,Midwest,2368.69,1238.01,1130.68
SALE0007198,2025-11-06,CUST00403,Industrial Equipment,Distribution,Southeast,1698.3,913.9,784.4
SALE0007199,2024-05-17,CUST00193,Office Equipment,Services,West,5246.38,2845.57,2400.81
SALE0007200,2025-09-20,CUST00337,Maintenance Supplies,Services,Northeast,744.33,530.3,214.03
SALE0007201,2026-02-11,CUST00398,Industrial Equipment,Distribution,Southeast,1966.07,1010.83,955.24
SALE0007202,2025-06-09,CUST00412,Professional Services,Distribution,West,1879.98,1400.18,479.8
SALE0007203,2025-09-01,CUST00257,Packaging Materials,Distribution,Southwest,2945.31,2101.49,843.82
SALE0007204,2026-05-11,CUST00146,Professional Services,Manufacturing,Midwest,1089.73,677.9,411.83
SALE0007205,2026-05-25,CUST00054,Safety Equipment,Manufacturing,Northeast,635.11,386.29,248.82
SALE0007206,2025-06-07,CUST00148,Safety Equipment,Manufacturing,Southeast,1986.43,1147.76,838.67
SALE0007207,2024-03-26,CUST00473,Technology Hardware,Services,Southwest,2140.38,1485.9,654.48
SALE0007208,2026-04-15,CUST00262,Manufacturing Components,Manufacturing,Southwest,4419.4,2481.39,1938.01
SALE0007209,2025-01-11,CUST00460,Professional Services,Manufacturing,Northeast,843.69,530.18,313.51
SALE0007210,2024-09-08,CUST00463,Professional Services,Distribution,Southeast,3614.89,1920.84,1694.05
SALE0007211,2026-01-16,CUST00182,Office Equipment,Services,Southwest,7483.45,5259.84,2223.61
SALE0007212,2024-10-30,CUST00417,Technology Hardware,Manufacturing,Southwest,1441.36,660.86,780.5
SALE0007213,2024-05-21,CUST00449,Packaging Materials,Manufacturing,Northeast,833.33,453.8,379.53
SALE0007214,2024-03-15,CUST00133,Manufacturing Components,Services,Northeast,1416.32,986.45,429.87
SALE0007215,2024-04-26,CUST00472,Industrial Equipment,Services,Southeast,1823.3,1144.23,679.07
SALE0007216,2024-01-29,CUST00251,Manufacturing Components,Manufacturing,Southwest,2535.82,1429.58,1106.24
SALE0007217,2025-10-27,CUST00028,Industrial Equipment,Distribution,Southeast,1267.96,792.37,475.59
SALE0007218,2024-06-29,CUST00346,Maintenance Supplies,Distribution,Southeast,4596.82,2172.53,2424.29
SALE0007219,2025-10-24,CUST00402,Professional Services,Services,Southeast,926.38,657.16,269.22
SALE0007220,2026-02-05,CUST00418,Safety Equipment,Services,Midwest,636.81,430.63,206.18
SALE0007221,2025-11-16,CUST00397,Office Equipment,Manufacturing,Northeast,3512.3,1723.93,1788.37
SALE0007222,2026-05-02,CUST00494,Technology Hardware,Services,West,461.84,264.55,197.29
SALE0007223,2025-08-07,CUST00160,Maintenance Supplies,Services,Southeast,1599.62,1063.15,536.47
SALE0007224,2025-02-27,CUST00044,Maintenance Supplies,Distribution,Midwest,11738.26,8071.6,3666.66
SALE0007225,2024-08-02,CUST00397,Technology Hardware,Services,Southeast,1795.02,1043.94,751.08
SALE0007226,2025-02-15,CUST00369,Technology Hardware,Manufacturing,West,922.92,562.05,360.87
SALE0007227,2024-04-19,CUST00314,Maintenance Supplies,Manufacturing,Southeast,1746.84,927.42,819.42
SALE0007228,2026-03-29,CUST00100,Technology Hardware,Services,Midwest,1753.76,889.95,863.81
SALE0007229,2025-08-30,CUST00179,Industrial Equipment,Services,Southeast,1991.0,1033.32,957.68
SALE0007230,2026-08-29,CUST00478,Technology Hardware,Services,Southeast,2690.16,1751.02,939.14
SALE0007231,2025-06-04,CUST00173,Industrial Equipment,Distribution,Midwest,969.26,586.75,382.51
SALE0007232,2024-02-16,CUST00367,Manufacturing Components,Services,Southwest,4976.73,3542.72,1434.01
SALE0007233,2026-04-07,CUST00133,Maintenance Supplies,Manufacturing,Midwest,2094.5,1075.62,1018.88
SALE0007234,2024-07-04,CUST00360,Professional Services,Distribution,Southwest,2796.37,1493.68,1302.69
SALE0007235,2025-05-09,CUST00399,Maintenance Supplies,Services,Southwest,1240.3,652.32,587.98
SALE0007236,2024-09-27,CUST00126,Industrial Equipment,Distribution,Southwest,3912.1,2692.69,1219.41
SALE0007237,2024-10-16,CUST00025,Office Equipment,Manufacturing,Southwest,1549.63,1072.37,477.26
SALE0007238,2025-08-04,CUST00262,Packaging Materials,Distribution,Midwest,2135.66,1301.94,833.72
SALE0007239,2025-07-13,CUST00492,Professional Services,Distribution,Midwest,1032.91,599.42,433.49
SALE0007240,2026-04-01,CUST00237,Safety Equipment,Services,Midwest,994.1,509.34,484.76
SALE0007241,2026-07-13,CUST00149,Office Equipment,Manufacturing,West,2732.37,1763.68,968.69
SALE0007242,2024-04-13,CUST00012,Maintenance Supplies,Manufacturing,Southwest,1385.53,681.56,703.97
SALE0007243,2024-06-09,CUST00130,Technology Hardware,Services,Southeast,1083.23,766.83,316.4
SALE0007244,2025-09-09,CUST00048,Office Equipment,Manufacturing,West,1229.16,713.55,515.61
SALE0007245,2026-05-03,CUST00438,Safety Equipment,Manufacturing,Midwest,2750.04,2055.63,694.41
SALE0007246,2025-04-24,CUST00289,Packaging Materials,Distribution,Southeast,1239.64,569.4,670.24
SALE0007247,2025-01-04,CUST00458,Manufacturing Components,Services,Southwest,1684.81,1096.02,588.79
SALE0007248,2024-10-30,CUST00352,Office Equipment,Manufacturing,Southeast,1824.42,931.16,893.26
SALE0007249,2024-05-14,CUST00333,Safety Equipment,Services,West,572.26,321.34,250.92
SALE0007250,2024-10-31,CUST00325,Maintenance Supplies,Distribution,Southeast,747.94,391.89,356.05
SALE0007251,2025-04-15,CUST00184,Packaging Materials,Services,Southeast,2212.25,1365.05,847.2
SALE0007252,2025-03-13,CUST00436,Professional Services,Services,Midwest,1161.87,554.49,607.38
SALE0007253,2025-08-06,CUST00135,Technology Hardware,Distribution,West,3408.53,1957.32,1451.21
SALE0007254,2025-12-16,CUST00182,Technology Hardware,Distribution,West,3229.51,2178.42,1051.09
SALE0007255,2026-06-15,CUST00230,Safety Equipment,Services,Northeast,2783.6,1349.47,1434.13
SALE0007256,2025-05-19,CUST00148,Packaging Materials,Distribution,Northeast,5387.64,3571.41,1816.23
SALE0007257,2025-06-25,CUST00436,Packaging Materials,Services,Midwest,1720.11,892.01,828.1
SALE0007258,2026-07-12,CUST00110,Safety Equipment,Distribution,Southeast,2668.65,1219.84,1448.81
SALE0007259,2025-05-02,CUST00237,Office Equipment,Distribution,Northeast,1273.29,720.99,552.3
SALE0007260,2026-02-23,CUST00021,Maintenance Supplies,Services,Southwest,7874.79,5117.78,2757.01
SALE0007261,2024-12-10,CUST00051,Manufacturing Components,Manufacturing,West,5944.25,3858.61,2085.64
SALE0007262,2025-01-21,CUST00041,Manufacturing Components,Manufacturing,Midwest,1820.98,945.86,875.12
SALE0007263,2024-01-07,CUST00363,Packaging Materials,Services,West,2280.05,1667.44,612.61
SALE0007264,2024-06-14,CUST00397,Maintenance Supplies,Services,Midwest,4087.05,1885.59,2201.46
SALE0007265,2025-08-24,CUST00407,Packaging Materials,Distribution,Southwest,1655.26,921.9,733.36
SALE0007266,2025-05-17,CUST00140,Packaging Materials,Manufacturing,West,1219.29,724.81,494.48
SALE0007267,2024-08-03,CUST00136,Safety Equipment,Manufacturing,Southwest,3054.57,1666.28,1388.29
SALE0007268,2024-07-17,CUST00069,Professional Services,Services,Southeast,1895.17,1268.67,626.5
SALE0007269,2025-09-14,CUST00383,Packaging Materials,Manufacturing,Midwest,2017.87,1161.22,856.65
SALE0007270,2024-05-02,CUST00071,Office Equipment,Manufacturing,Southwest,1096.02,506.71,589.31
SALE0007271,2025-03-27,CUST00035,Maintenance Supplies,Manufacturing,Midwest,645.09,436.71,208.38
SALE0007272,2025-12-14,CUST00490,Office Equipment,Distribution,Southeast,2083.25,1263.65,819.6
SALE0007273,2026-06-14,CUST00185,Technology Hardware,Distribution,Southeast,3111.86,1864.05,1247.81
SALE0007274,2024-04-24,CUST00183,Packaging Materials,Manufacturing,West,1578.95,1169.81,409.14
SALE0007275,2025-08-04,CUST00034,Professional Services,Manufacturing,Northeast,4280.64,2644.71,1635.93
SALE0007276,2025-11-12,CUST00186,Industrial Equipment,Distribution,West,1185.18,821.29,363.89
SALE0007277,2024-08-02,CUST00240,Professional Services,Manufacturing,Northeast,960.23,674.45,285.78
SALE0007278,2024-05-13,CUST00099,Maintenance Supplies,Manufacturing,Midwest,1736.56,1100.44,636.12
SALE0007279,2025-06-13,CUST00458,Packaging Materials,Services,Southwest,1720.63,949.73,770.9
SALE0007280,2025-11-16,CUST00192,Industrial Equipment,Services,Southeast,2869.75,2076.94,792.81
SALE0007281,2025-02-25,CUST00010,Industrial Equipment,Services,Northeast,1135.72,696.46,439.26
SALE0007282,2025-04-28,CUST00015,Professional Services,Manufacturing,Southeast,4108.68,2034.71,2073.97
SALE0007283,2026-08-24,CUST00268,Maintenance Supplies,Distribution,Southeast,5884.93,3977.93,1907.0
SALE0007284,2024-09-08,CUST00330,Technology Hardware,Services,Southwest,1766.07,1110.62,655.45
SALE0007285,2026-03-01,CUST00121,Safety Equipment,Manufacturing,Midwest,3826.96,1765.53,2061.43
SALE0007286,2026-04-10,CUST00400,Professional Services,Distribution,Northeast,959.2,610.25,348.95
SALE0007287,2025-04-16,CUST00405,Industrial Equipment,Manufacturing,Southeast,3446.56,1923.99,1522.57
SALE0007288,2024-07-20,CUST00480,Industrial Equipment,Distribution,Northeast,3389.26,1539.16,1850.1
SALE0007289,2026-06-26,CUST00481,Manufacturing Components,Distribution,Midwest,3035.29,1916.79,1118.5
SALE0007290,2024-01-13,CUST00408,Maintenance Supplies,Manufacturing,Southeast,1791.24,897.04,894.2
SALE0007291,2026-08-13,CUST00228,Office Equipment,Distribution,Midwest,307.19,140.45,166.74
SALE0007292,2025-06-12,CUST00249,Technology Hardware,Distribution,West,1230.24,812.2,418.04
SALE0007293,2024-12-12,CUST00003,Technology Hardware,Services,Northeast,1241.97,912.66,329.31
SALE0007294,2024-11-06,CUST00152,Professional Services,Manufacturing,Southeast,1005.31,553.5,451.81
SALE0007295,2025-02-04,CUST00150,Office Equipment,Manufacturing,Southwest,1945.64,1116.2,829.44
SALE0007296,2024-07-01,CUST00490,Technology Hardware,Manufacturing,West,1406.17,844.42,561.75
SALE0007297,2026-07-22,CUST00393,Packaging Materials,Manufacturing,Midwest,1102.39,537.36,565.03
SALE0007298,2026-03-23,CUST00116,Maintenance Supplies,Services,Midwest,957.88,709.11,248.77
SALE0007299,2026-07-24,CUST00489,Maintenance Supplies,Distribution,Southeast,1176.96,545.87,631.09
SALE0007300,2024-04-18,CUST00198,Maintenance Supplies,Services,Southeast,3543.6,2112.33,1431.27
SALE0007301,2026-08-09,CUST00446,Safety Equipment,Services,Midwest,1216.08,655.19,560.89
SALE0007302,2024-04-19,CUST00450,Office Equipment,Distribution,Midwest,1327.48,766.92,560.56
SALE0007303,2024-02-04,CUST00458,Office Equipment,Services,West,1374.69,800.74,573.95
SALE0007304,2026-01-23,CUST00480,Technology Hardware,Services,Midwest,2215.86,1551.51,664.35
SALE0007305,2025-04-02,CUST00039,Manufacturing Components,Manufacturing,Southwest,2377.37,1262.91,1114.46
SALE0007306,2025-10-23,CUST00224,Professional Services,Services,Southeast,290.97,201.73,89.24
SALE0007307,2025-03-15,CUST00047,Professional Services,Services,Southeast,3337.51,1791.94,1545.57
SALE0007308,2025-10-30,CUST00276,Technology Hardware,Manufacturing,Southwest,4280.48,2669.82,1610.66
SALE0007309,2025-04-29,CUST00496,Packaging Materials,Distribution,West,962.84,448.41,514.43
SALE0007310,2024-08-05,CUST00057,Office Equipment,Services,Midwest,1008.91,720.0,288.91
SALE0007311,2024-12-30,CUST00306,Packaging Materials,Distribution,Southeast,1380.01,900.78,479.23
SALE0007312,2026-08-16,CUST00008,Maintenance Supplies,Distribution,Northeast,1148.71,668.05,480.66
SALE0007313,2024-10-26,CUST00322,Safety Equipment,Distribution,Midwest,2068.04,954.99,1113.05
SALE0007314,2024-03-10,CUST00430,Professional Services,Distribution,Southwest,562.33,388.31,174.02
SALE0007315,2026-03-16,CUST00222,Packaging Materials,Manufacturing,Southeast,924.49,576.86,347.63
SALE0007316,2025-11-15,CUST00372,Packaging Materials,Distribution,Southeast,4552.89,3372.36,1180.53
SALE0007317,2024-12-16,CUST00061,Packaging Materials,Distribution,Southwest,1035.94,707.44,328.5
SALE0007318,2026-07-01,CUST00095,Manufacturing Components,Manufacturing,Southeast,3812.56,2268.97,1543.59
SALE0007319,2024-01-05,CUST00400,Technology Hardware,Distribution,West,2237.7,1025.0,1212.7
SALE0007320,2026-06-02,CUST00404,Manufacturing Components,Distribution,Southeast,610.6,380.3,230.3
SALE0007321,2024-05-25,CUST00093,Technology Hardware,Distribution,Southwest,2647.04,1751.52,895.52
SALE0007322,2024-01-21,CUST00277,Industrial Equipment,Distribution,Southwest,1684.8,761.65,923.15
SALE0007323,2026-04-10,CUST00209,Industrial Equipment,Services,Southeast,1375.7,840.98,534.72
SALE0007324,2024-02-01,CUST00466,Maintenance Supplies,Manufacturing,Southeast,2094.3,1069.47,1024.83
SALE0007325,2026-04-21,CUST00174,Safety Equipment,Manufacturing,West,2403.74,1540.95,862.79
SALE0007326,2025-06-11,CUST00375,Maintenance Supplies,Services,West,2764.33,1511.96,1252.37
SALE0007327,2026-05-29,CUST00369,Professional Services,Manufacturing,Southwest,3666.35,2138.0,1528.35
SALE0007328,2026-03-31,CUST00023,Industrial Equipment,Distribution,Midwest,2309.72,1069.52,1240.2
SALE0007329,2026-08-19,CUST00426,Maintenance Supplies,Manufacturing,Southeast,792.05,446.08,345.97
SALE0007330,2026-06-11,CUST00027,Maintenance Supplies,Services,West,1360.78,794.07,566.71
SALE0007331,2024-03-22,CUST00339,Professional Services,Distribution,Midwest,10570.57,7070.35,3500.22
SALE0007332,2024-07-20,CUST00225,Manufacturing Components,Services,Southwest,2792.51,1581.27,1211.24
SALE0007333,2024-09-01,CUST00360,Professional Services,Distribution,Southeast,7491.86,4503.51,2988.35
SALE0007334,2026-06-14,CUST00184,Professional Services,Services,Southwest,4176.63,1978.89,2197.74
SALE0007335,2026-03-30,CUST00004,Technology Hardware,Distribution,Midwest,2090.34,1129.44,960.9
SALE0007336,2026-05-03,CUST00220,Manufacturing Components,Services,Southeast,2166.45,1300.91,865.54
SALE0007337,2024-10-24,CUST00371,Professional Services,Distribution,Northeast,1768.79,1199.41,569.38
SALE0007338,2024-10-07,CUST00260,Technology Hardware,Manufacturing,Northeast,637.35,319.38,317.97
SALE0007339,2024-09-13,CUST00376,Professional Services,Manufacturing,Southwest,1827.73,882.15,945.58
SALE0007340,2024-07-31,CUST00352,Packaging Materials,Manufacturing,Southeast,3738.37,2477.2,1261.17
SALE0007341,2024-05-19,CUST00113,Packaging Materials,Manufacturing,Midwest,1261.7,645.34,616.36
SALE0007342,2025-07-30,CUST00008,Professional Services,Services,Northeast,2315.02,1587.28,727.74
SALE0007343,2024-08-04,CUST00071,Industrial Equipment,Distribution,Midwest,3013.79,2134.82,878.97
SALE0007344,2026-08-28,CUST00473,Technology Hardware,Distribution,Southwest,1047.53,632.12,415.41
SALE0007345,2026-08-03,CUST00037,Technology Hardware,Services,Midwest,1379.14,949.57,429.57
SALE0007346,2024-04-23,CUST00238,Office Equipment,Distribution,Northeast,981.67,657.94,323.73
SALE0007347,2024-10-30,CUST00281,Safety Equipment,Services,Northeast,1104.01,601.35,502.66
SALE0007348,2026-07-02,CUST00352,Maintenance Supplies,Distribution,Southwest,835.0,400.48,434.52
SALE0007349,2025-10-30,CUST00472,Professional Services,Distribution,Midwest,1053.35,600.62,452.73
SALE0007350,2026-04-16,CUST00222,Office Equipment,Distribution,Midwest,4237.27,2509.1,1728.17
SALE0007351,2025-05-07,CUST00024,Technology Hardware,Manufacturing,Northeast,1043.89,774.36,269.53
SALE0007352,2025-05-27,CUST00476,Technology Hardware,Services,Southeast,1950.57,1270.53,680.04
SALE0007353,2025-08-23,CUST00169,Technology Hardware,Manufacturing,Northeast,1337.13,776.52,560.61
SALE0007354,2025-05-17,CUST00148,Professional Services,Services,Southeast,3667.7,2050.71,1616.99
SALE0007355,2025-08-30,CUST00250,Packaging Materials,Distribution,Midwest,3970.7,2451.88,1518.82
SALE0007356,2024-11-02,CUST00073,Packaging Materials,Manufacturing,Southwest,3036.44,2040.85,995.59
SALE0007357,2024-03-19,CUST00284,Technology Hardware,Services,Northeast,2172.6,1425.4,747.2
SALE0007358,2025-02-28,CUST00088,Professional Services,Services,Southeast,1573.98,1128.74,445.24
SALE0007359,2025-10-22,CUST00402,Maintenance Supplies,Manufacturing,Northeast,884.37,537.57,346.8
SALE0007360,2025-01-24,CUST00072,Maintenance Supplies,Distribution,Southwest,5802.92,4004.72,1798.2
SALE0007361,2024-07-26,CUST00126,Packaging Materials,Manufacturing,Midwest,1146.19,716.65,429.54
SALE0007362,2024-09-10,CUST00046,Safety Equipment,Services,Southeast,2692.4,1256.5,1435.9
SALE0007363,2024-09-04,CUST00460,Manufacturing Components,Manufacturing,Northeast,3414.34,2377.2,1037.14
SALE0007364,2026-03-31,CUST00135,Industrial Equipment,Distribution,Midwest,1295.73,920.82,374.91
SALE0007365,2024-09-14,CUST00166,Technology Hardware,Services,Southwest,3370.47,2024.07,1346.4
SALE0007366,2024-11-23,CUST00357,Maintenance Supplies,Distribution,Southeast,2859.86,1605.69,1254.17
SALE0007367,2025-08-06,CUST00176,Manufacturing Components,Distribution,Southeast,5098.89,2895.19,2203.7
SALE0007368,2025-02-25,CUST00480,Maintenance Supplies,Distribution,Southwest,1364.29,863.03,501.26
SALE0007369,2025-12-25,CUST00109,Technology Hardware,Manufacturing,Southwest,835.88,615.3,220.58
SALE0007370,2025-08-08,CUST00103,Professional Services,Services,Northeast,1335.03,953.09,381.94
SALE0007371,2025-11-03,CUST00179,Office Equipment,Distribution,West,2049.42,1070.74,978.68
SALE0007372,2025-03-18,CUST00127,Safety Equipment,Services,West,1872.31,1389.28,483.03
SALE0007373,2024-12-29,CUST00382,Office Equipment,Services,Midwest,1427.87,946.93,480.94
SALE0007374,2024-03-10,CUST00274,Packaging Materials,Distribution,Southwest,575.06,338.82,236.24
SALE0007375,2026-07-14,CUST00063,Manufacturing Components,Services,Southwest,2397.76,1112.02,1285.74
SALE0007376,2024-05-12,CUST00218,Maintenance Supplies,Services,Southwest,5904.13,3124.0,2780.13
SALE0007377,2025-03-07,CUST00087,Safety Equipment,Distribution,West,2388.81,1579.25,809.56
SALE0007378,2024-10-17,CUST00269,Technology Hardware,Manufacturing,Southwest,2605.76,1279.99,1325.77
SALE0007379,2025-08-27,CUST00223,Professional Services,Services,West,2549.03,1496.97,1052.06
SALE0007380,2026-06-26,CUST00047,Industrial Equipment,Manufacturing,Southwest,2294.4,1711.58,582.82
SALE0007381,2026-04-12,CUST00389,Industrial Equipment,Services,West,3162.13,1496.08,1666.05
SALE0007382,2024-11-16,CUST00380,Packaging Materials,Manufacturing,Southeast,2292.1,1620.1,672.0
SALE0007383,2025-07-06,CUST00233,Packaging Materials,Manufacturing,Southeast,1498.76,1103.89,394.87
SALE0007384,2024-05-07,CUST00411,Technology Hardware,Services,Northeast,1121.48,765.69,355.79
SALE0007385,2025-08-08,CUST00141,Technology Hardware,Services,Southwest,1557.16,720.09,837.07
SALE0007386,2024-06-24,CUST00418,Maintenance Supplies,Distribution,Southeast,2183.05,1523.5,659.55
SALE0007387,2024-06-03,CUST00201,Technology Hardware,Distribution,Southwest,1495.7,689.06,806.64
SALE0007388,2024-08-10,CUST00121,Safety Equipment,Services,Midwest,2183.32,1396.56,786.76
SALE0007389,2024-02-07,CUST00148,Safety Equipment,Services,Southeast,2353.1,1427.34,925.76
SALE0007390,2025-01-27,CUST00124,Manufacturing Components,Distribution,Northeast,2980.68,1455.97,1524.71
SALE0007391,2024-08-28,CUST00254,Technology Hardware,Distribution,West,3903.69,1819.5,2084.19
SALE0007392,2026-02-13,CUST00146,Manufacturing Components,Services,Midwest,1894.68,1152.18,742.5
SALE0007393,2026-07-04,CUST00073,Maintenance Supplies,Services,Midwest,824.96,410.74,414.22
SALE0007394,2024-07-13,CUST00178,Industrial Equipment,Distribution,Midwest,1469.88,993.5,476.38
SALE0007395,2025-01-12,CUST00489,Safety Equipment,Services,Southeast,1856.48,843.48,1013.0
SALE0007396,2026-08-22,CUST00028,Professional Services,Manufacturing,Southeast,600.97,303.63,297.34
SALE0007397,2024-09-28,CUST00155,Safety Equipment,Manufacturing,Northeast,4159.7,2208.59,1951.11
SALE0007398,2026-07-18,CUST00240,Professional Services,Manufacturing,West,1969.29,1252.31,716.98
SALE0007399,2024-06-27,CUST00169,Safety Equipment,Manufacturing,Southwest,2272.9,1183.46,1089.44
SALE0007400,2025-05-01,CUST00113,Professional Services,Distribution,Midwest,4102.35,2620.91,1481.44
SALE0007401,2024-12-17,CUST00204,Manufacturing Components,Distribution,Southeast,1238.82,653.08,585.74
SALE0007402,2025-03-30,CUST00485,Safety Equipment,Distribution,Midwest,2551.47,1421.4,1130.07
SALE0007403,2024-11-13,CUST00055,Maintenance Supplies,Distribution,Northeast,1692.7,1044.78,647.92
SALE0007404,2024-07-03,CUST00209,Office Equipment,Manufacturing,Midwest,1618.97,1170.1,448.87
SALE0007405,2026-07-01,CUST00298,Safety Equipment,Services,Southeast,1137.61,745.14,392.47
SALE0007406,2025-09-13,CUST00237,Industrial Equipment,Manufacturing,Northeast,4911.63,2602.56,2309.07
SALE0007407,2024-12-20,CUST00329,Manufacturing Components,Manufacturing,Midwest,1443.32,674.98,768.34
SALE0007408,2026-04-30,CUST00326,Safety Equipment,Services,Northeast,2750.89,1942.69,808.2
SALE0007409,2025-03-23,CUST00317,Technology Hardware,Services,Southeast,586.98,291.89,295.09
SALE0007410,2026-07-02,CUST00229,Professional Services,Manufacturing,Southeast,3670.17,1968.7,1701.47
SALE0007411,2025-12-22,CUST00290,Manufacturing Components,Manufacturing,West,3399.31,2431.76,967.55
SALE0007412,2026-06-04,CUST00023,Safety Equipment,Distribution,Northeast,1916.89,1209.75,707.14
SALE0007413,2025-12-06,CUST00076,Professional Services,Distribution,West,1577.88,994.31,583.57
SALE0007414,2024-09-05,CUST00404,Technology Hardware,Distribution,Southwest,2298.47,1425.53,872.94
SALE0007415,2025-11-14,CUST00486,Maintenance Supplies,Manufacturing,Northeast,7138.62,5182.82,1955.8
SALE0007416,2026-03-19,CUST00216,Packaging Materials,Manufacturing,Northeast,627.7,421.7,206.0
SALE0007417,2026-05-03,CUST00201,Technology Hardware,Services,Northeast,2890.59,2103.89,786.7
SALE0007418,2024-02-16,CUST00142,Maintenance Supplies,Manufacturing,Southwest,1046.31,472.05,574.26
SALE0007419,2024-09-14,CUST00201,Maintenance Supplies,Distribution,Midwest,1786.56,1273.76,512.8
SALE0007420,2024-08-03,CUST00384,Office Equipment,Services,Northeast,1558.18,1086.23,471.95
SALE0007421,2024-09-15,CUST00354,Industrial Equipment,Services,Northeast,1398.3,691.05,707.25
SALE0007422,2025-04-19,CUST00085,Professional Services,Distribution,West,1796.73,1147.71,649.02
SALE0007423,2024-09-01,CUST00237,Industrial Equipment,Services,West,915.52,499.64,415.88
SALE0007424,2026-07-13,CUST00229,Technology Hardware,Services,Southwest,3352.66,2396.32,956.34
SALE0007425,2024-04-18,CUST00469,Safety Equipment,Manufacturing,West,616.16,287.69,328.47
SALE0007426,2026-02-07,CUST00021,Industrial Equipment,Manufacturing,West,2499.53,1403.84,1095.69
SALE0007427,2024-02-14,CUST00341,Office Equipment,Manufacturing,Southeast,1486.35,1069.95,416.4
SALE0007428,2024-12-16,CUST00441,Office Equipment,Services,Southwest,895.56,541.23,354.33
SALE0007429,2026-08-12,CUST00170,Maintenance Supplies,Distribution,Midwest,2041.48,1191.78,849.7
SALE0007430,2025-07-18,CUST00246,Packaging Materials,Services,Midwest,710.4,407.74,302.66
SALE0007431,2025-04-18,CUST00124,Maintenance Supplies,Distribution,Southwest,1851.64,1196.65,654.99
SALE0007432,2025-10-15,CUST00095,Maintenance Supplies,Distribution,Midwest,769.91,396.49,373.42
SALE0007433,2025-10-26,CUST00390,Office Equipment,Services,Midwest,2384.54,1637.43,747.11
SALE0007434,2026-08-18,CUST00034,Technology Hardware,Distribution,Southwest,1038.35,723.41,314.94
SALE0007435,2026-01-22,CUST00062,Professional Services,Distribution,Southwest,1379.4,703.78,675.62
SALE0007436,2024-07-27,CUST00388,Manufacturing Components,Services,Midwest,2156.78,1173.45,983.33
SALE0007437,2024-04-20,CUST00432,Professional Services,Distribution,West,1137.37,780.56,356.81
SALE0007438,2025-11-21,CUST00361,Technology Hardware,Services,Southwest,1746.24,988.34,757.9
SALE0007439,2024-12-01,CUST00007,Industrial Equipment,Services,Southeast,729.02,500.63,228.39
SALE0007440,2025-12-23,CUST00381,Technology Hardware,Manufacturing,Southeast,2639.98,1361.38,1278.6
SALE0007441,2025-08-06,CUST00378,Maintenance Supplies,Services,Midwest,5213.2,3664.37,1548.83
SALE0007442,2025-10-14,CUST00005,Packaging Materials,Manufacturing,Southeast,9655.91,4749.76,4906.15
SALE0007443,2024-11-29,CUST00136,Technology Hardware,Distribution,Southwest,1909.7,912.41,997.29
SALE0007444,2026-07-28,CUST00189,Safety Equipment,Distribution,Southeast,2901.32,1817.28,1084.04
SALE0007445,2024-08-23,CUST00212,Industrial Equipment,Distribution,Northeast,621.18,369.85,251.33
SALE0007446,2024-10-18,CUST00220,Maintenance Supplies,Manufacturing,Northeast,4454.37,2196.79,2257.58
SALE0007447,2024-07-08,CUST00242,Industrial Equipment,Services,Northeast,2880.55,1831.02,1049.53
SALE0007448,2024-08-13,CUST00080,Packaging Materials,Services,West,1352.41,929.14,423.27
SALE0007449,2024-05-26,CUST00318,Safety Equipment,Distribution,Southeast,3798.3,1848.09,1950.21
SALE0007450,2024-11-14,CUST00344,Safety Equipment,Services,Southeast,1552.02,1113.96,438.06
SALE0007451,2024-06-19,CUST00190,Industrial Equipment,Manufacturing,Midwest,1373.59,868.39,505.2
SALE0007452,2025-08-04,CUST00069,Maintenance Supplies,Manufacturing,Southwest,2404.75,1366.47,1038.28
SALE0007453,2026-04-04,CUST00331,Technology Hardware,Manufacturing,West,955.26,553.82,401.44
SALE0007454,2024-02-25,CUST00240,Safety Equipment,Services,Midwest,3337.49,2424.17,913.32
SALE0007455,2026-02-08,CUST00235,Industrial Equipment,Manufacturing,Southwest,959.49,575.36,384.13
SALE0007456,2025-06-01,CUST00156,Office Equipment,Distribution,Southwest,962.92,478.33,484.59
SALE0007457,2025-01-21,CUST00353,Safety Equipment,Distribution,Northeast,1047.53,662.32,385.21
SALE0007458,2025-11-27,CUST00325,Maintenance Supplies,Manufacturing,West,2851.78,2111.25,740.53
SALE0007459,2025-02-22,CUST00450,Technology Hardware,Services,Northeast,1248.8,751.36,497.44
SALE0007460,2025-06-26,CUST00297,Packaging Materials,Distribution,Southwest,805.29,441.37,363.92
SALE0007461,2024-06-18,CUST00406,Packaging Materials,Distribution,Southwest,1257.14,781.01,476.13
SALE0007462,2025-08-02,CUST00075,Safety Equipment,Manufacturing,Midwest,1773.61,1197.6,576.01
SALE0007463,2025-04-03,CUST00082,Professional Services,Manufacturing,Midwest,890.17,596.7,293.47
SALE0007464,2026-01-05,CUST00212,Packaging Materials,Distribution,Northeast,905.96,632.7,273.26
SALE0007465,2026-01-15,CUST00240,Packaging Materials,Manufacturing,Southeast,6417.46,4200.92,2216.54
SALE0007466,2024-09-16,CUST00449,Office Equipment,Distribution,Southwest,1078.86,691.99,386.87
SALE0007467,2024-04-17,CUST00052,Maintenance Supplies,Services,Southwest,1489.47,690.8,798.67
SALE0007468,2024-03-30,CUST00194,Office Equipment,Manufacturing,West,1450.49,890.68,559.81
SALE0007469,2026-04-13,CUST00388,Professional Services,Services,Southeast,1404.15,863.09,541.06
SALE0007470,2024-10-05,CUST00310,Maintenance Supplies,Manufacturing,Southeast,2624.93,1946.54,678.39
SALE0007471,2025-11-27,CUST00389,Technology Hardware,Manufacturing,West,3193.54,2333.02,860.52
SALE0007472,2025-03-13,CUST00166,Office Equipment,Manufacturing,Southeast,1504.82,957.78,547.04
SALE0007473,2025-11-14,CUST00025,Safety Equipment,Services,Southeast,861.02,464.87,396.15
SALE0007474,2026-06-08,CUST00127,Industrial Equipment,Manufacturing,Southwest,3884.17,1866.15,2018.02
SALE0007475,2025-08-16,CUST00138,Professional Services,Distribution,West,1707.52,1148.07,559.45
SALE0007476,2024-03-10,CUST00331,Safety Equipment,Distribution,Southwest,5106.11,3530.11,1576.0
SALE0007477,2025-09-08,CUST00127,Industrial Equipment,Manufacturing,Southeast,469.96,348.16,121.8
SALE0007478,2024-06-12,CUST00015,Manufacturing Components,Distribution,Southeast,2032.95,1482.25,550.7
SALE0007479,2024-04-08,CUST00188,Packaging Materials,Manufacturing,Northeast,5716.8,3432.09,2284.71
SALE0007480,2025-10-04,CUST00297,Manufacturing Components,Distribution,Southeast,1462.7,725.48,737.22
SALE0007481,2024-08-09,CUST00100,Safety Equipment,Distribution,Southeast,1579.25,745.34,833.91
SALE0007482,2025-11-26,CUST00394,Industrial Equipment,Services,West,2158.8,1014.57,1144.23
SALE0007483,2024-06-30,CUST00249,Industrial Equipment,Manufacturing,Southeast,1293.0,612.71,680.29
SALE0007484,2024-05-05,CUST00469,Office Equipment,Distribution,Southeast,1499.3,921.74,577.56
SALE0007485,2024-02-05,CUST00094,Technology Hardware,Services,Northeast,1476.32,1033.61,442.71
SALE0007486,2026-07-08,CUST00126,Manufacturing Components,Services,Southwest,1240.84,874.11,366.73
SALE0007487,2025-05-12,CUST00205,Industrial Equipment,Manufacturing,Northeast,3779.37,2421.37,1358.0
SALE0007488,2025-12-07,CUST00298,Manufacturing Components,Distribution,Southwest,2384.27,1148.17,1236.1
SALE0007489,2026-06-08,CUST00492,Safety Equipment,Manufacturing,Midwest,2101.44,1161.73,939.71
SALE0007490,2026-05-20,CUST00123,Maintenance Supplies,Manufacturing,West,2937.0,1593.83,1343.17
SALE0007491,2026-07-20,CUST00059,Technology Hardware,Manufacturing,Midwest,1542.85,1054.44,488.41
SALE0007492,2024-10-18,CUST00156,Office Equipment,Services,Northeast,1136.24,756.32,379.92
SALE0007493,2024-04-26,CUST00321,Industrial Equipment,Services,West,1259.44,742.51,516.93
SALE0007494,2025-04-08,CUST00248,Packaging Materials,Services,Southeast,1809.98,820.35,989.63
SALE0007495,2026-07-16,CUST00131,Industrial Equipment,Manufacturing,West,957.64,440.47,517.17
SALE0007496,2024-08-31,CUST00376,Industrial Equipment,Services,Southeast,1339.22,866.52,472.7
SALE0007497,2024-10-16,CUST00291,Manufacturing Components,Manufacturing,Southeast,1326.54,846.5,480.04
SALE0007498,2024-06-20,CUST00342,Industrial Equipment,Manufacturing,Midwest,6468.72,3130.71,3338.01
SALE0007499,2026-05-31,CUST00364,Safety Equipment,Manufacturing,Midwest,342.31,215.69,126.62
SALE0007500,2025-12-15,CUST00120,Packaging Materials,Services,Midwest,1623.32,767.54,855.78
SALE0007501,2024-07-10,CUST00197,Packaging Materials,Distribution,Southeast,5091.95,3378.1,1713.85
SALE0007502,2025-11-02,CUST00453,Packaging Materials,Manufacturing,Southeast,1945.17,1382.4,562.77
SALE0007503,2024-04-24,CUST00240,Technology Hardware,Services,Midwest,2841.4,1362.79,1478.61
SALE0007504,2024-06-18,CUST00464,Safety Equipment,Manufacturing,Southwest,1919.65,1168.57,751.08
SALE0007505,2025-05-20,CUST00052,Manufacturing Components,Distribution,Southwest,1211.48,792.17,419.31
SALE0007506,2025-06-01,CUST00412,Office Equipment,Distribution,West,471.0,227.61,243.39
SALE0007507,2025-02-25,CUST00488,Industrial Equipment,Manufacturing,Midwest,2045.25,1372.48,672.77
SALE0007508,2024-04-08,CUST00260,Office Equipment,Distribution,Southeast,1135.28,624.32,510.96
SALE0007509,2025-03-18,CUST00400,Industrial Equipment,Manufacturing,Southeast,1118.56,651.82,466.74
SALE0007510,2024-02-11,CUST00154,Manufacturing Components,Distribution,Midwest,1340.24,850.3,489.94
SALE0007511,2024-08-01,CUST00012,Maintenance Supplies,Services,Northeast,5150.85,3307.95,1842.9
SALE0007512,2025-01-04,CUST00040,Maintenance Supplies,Manufacturing,Northeast,7653.38,5262.33,2391.05
SALE0007513,2025-11-11,CUST00230,Technology Hardware,Distribution,Northeast,2059.72,1138.64,921.08
SALE0007514,2025-06-24,CUST00164,Packaging Materials,Services,Midwest,1368.05,722.11,645.94
SALE0007515,2025-02-26,CUST00229,Industrial Equipment,Manufacturing,Southwest,892.18,650.15,242.03
SALE0007516,2025-05-31,CUST00232,Professional Services,Manufacturing,Northeast,2394.97,1257.72,1137.25
SALE0007517,2025-07-26,CUST00117,Industrial Equipment,Services,Southwest,5269.78,3406.99,1862.79
SALE0007518,2025-02-06,CUST00151,Industrial Equipment,Distribution,West,1558.68,828.88,729.8
SALE0007519,2024-08-25,CUST00368,Industrial Equipment,Manufacturing,Southwest,433.81,237.11,196.7
SALE0007520,2026-07-13,CUST00086,Professional Services,Services,West,2702.76,1348.75,1354.01
SALE0007521,2025-03-29,CUST00372,Packaging Materials,Services,Southeast,3265.73,1707.04,1558.69
SALE0007522,2025-08-01,CUST00434,Safety Equipment,Manufacturing,Northeast,698.19,319.59,378.6
SALE0007523,2025-01-04,CUST00385,Packaging Materials,Manufacturing,Southeast,2010.0,969.59,1040.41
SALE0007524,2024-09-18,CUST00459,Safety Equipment,Distribution,West,2370.21,1086.28,1283.93
SALE0007525,2024-02-01,CUST00317,Industrial Equipment,Distribution,Northeast,1730.45,816.6,913.85
SALE0007526,2024-07-02,CUST00206,Technology Hardware,Manufacturing,Northeast,1125.0,608.46,516.54
SALE0007527,2025-11-21,CUST00366,Maintenance Supplies,Distribution,Northeast,3326.12,1964.8,1361.32
SALE0007528,2026-01-06,CUST00026,Office Equipment,Distribution,West,1419.38,676.5,742.88
SALE0007529,2024-12-26,CUST00440,Professional Services,Services,Southwest,741.66,542.71,198.95
SALE0007530,2026-07-23,CUST00208,Safety Equipment,Services,Northeast,528.64,318.8,209.84
SALE0007531,2024-06-16,CUST00403,Maintenance Supplies,Manufacturing,Southwest,3852.62,2767.22,1085.4
SALE0007532,2026-01-25,CUST00013,Maintenance Supplies,Services,Midwest,2617.56,1696.37,921.19
SALE0007533,2025-07-10,CUST00482,Safety Equipment,Services,West,1906.04,1249.26,656.78
SALE0007534,2024-05-03,CUST00468,Manufacturing Components,Manufacturing,Midwest,1388.3,865.28,523.02
SALE0007535,2026-04-20,CUST00358,Office Equipment,Distribution,Southwest,1316.33,951.23,365.1
SALE0007536,2025-04-20,CUST00462,Manufacturing Components,Services,Midwest,948.19,551.56,396.63
SALE0007537,2024-05-12,CUST00205,Industrial Equipment,Manufacturing,Southwest,1395.67,740.25,655.42
SALE0007538,2024-02-09,CUST00405,Manufacturing Components,Distribution,Southwest,506.71,314.4,192.31
SALE0007539,2024-11-09,CUST00478,Professional Services,Distribution,Northeast,1162.54,638.62,523.92
SALE0007540,2024-05-12,CUST00341,Safety Equipment,Services,Northeast,1500.33,1073.18,427.15
SALE0007541,2024-09-14,CUST00180,Safety Equipment,Distribution,Southwest,2606.93,1723.68,883.25
SALE0007542,2025-05-31,CUST00226,Professional Services,Services,Southeast,1765.24,1257.19,508.05
SALE0007543,2024-11-26,CUST00374,Packaging Materials,Manufacturing,West,2913.04,2064.21,848.83
SALE0007544,2026-07-28,CUST00302,Packaging Materials,Services,Midwest,4062.2,2258.56,1803.64
SALE0007545,2025-06-20,CUST00243,Safety Equipment,Distribution,West,3411.48,2112.42,1299.06
SALE0007546,2025-05-25,CUST00235,Packaging Materials,Services,West,2397.8,1204.64,1193.16
SALE0007547,2026-06-16,CUST00111,Technology Hardware,Services,Southwest,1820.96,1338.19,482.77
SALE0007548,2026-07-02,CUST00009,Packaging Materials,Services,Midwest,1003.78,657.82,345.96
SALE0007549,2024-01-31,CUST00314,Safety Equipment,Services,West,2818.52,2024.5,794.02
SALE0007550,2025-02-14,CUST00101,Maintenance Supplies,Distribution,Midwest,4953.49,3218.75,1734.74
SALE0007551,2025-06-30,CUST00070,Professional Services,Manufacturing,West,2220.0,1189.47,1030.53
SALE0007552,2025-07-24,CUST00371,Office Equipment,Services,Midwest,5712.18,2968.94,2743.24
SALE0007553,2024-05-14,CUST00309,Manufacturing Components,Services,West,723.9,479.97,243.93
SALE0007554,2025-03-02,CUST00208,Packaging Materials,Manufacturing,Southwest,904.61,586.6,318.01
SALE0007555,2024-09-11,CUST00444,Safety Equipment,Manufacturing,Midwest,3020.33,1661.32,1359.01
SALE0007556,2026-07-05,CUST00200,Packaging Materials,Manufacturing,Northeast,2118.73,955.32,1163.41
SALE0007557,2025-02-24,CUST00126,Maintenance Supplies,Manufacturing,Northeast,3976.95,2295.65,1681.3
SALE0007558,2024-09-25,CUST00069,Manufacturing Components,Distribution,Southwest,1791.34,1177.53,613.81
SALE0007559,2025-12-07,CUST00452,Technology Hardware,Manufacturing,Southwest,1074.07,546.57,527.5
SALE0007560,2024-08-04,CUST00410,Office Equipment,Manufacturing,Southeast,1590.56,907.17,683.39
SALE0007561,2024-07-18,CUST00017,Maintenance Supplies,Distribution,Midwest,720.82,403.18,317.64
SALE0007562,2025-01-07,CUST00367,Manufacturing Components,Services,Midwest,918.6,513.42,405.18
SALE0007563,2024-07-27,CUST00149,Packaging Materials,Manufacturing,Northeast,3240.45,1721.55,1518.9
SALE0007564,2024-04-17,CUST00136,Maintenance Supplies,Distribution,West,3052.37,1801.38,1250.99
SALE0007565,2024-12-06,CUST00148,Packaging Materials,Manufacturing,West,2248.01,1334.0,914.01
SALE0007566,2025-06-28,CUST00092,Maintenance Supplies,Distribution,Southeast,643.78,428.49,215.29
SALE0007567,2025-06-01,CUST00188,Manufacturing Components,Manufacturing,West,1458.2,704.16,754.04
SALE0007568,2024-04-23,CUST00466,Office Equipment,Distribution,Southwest,866.97,422.13,444.84
SALE0007569,2025-10-19,CUST00462,Maintenance Supplies,Services,Southwest,3662.57,2318.9,1343.67
SALE0007570,2024-10-22,CUST00306,Professional Services,Manufacturing,Midwest,1273.81,641.25,632.56
SALE0007571,2025-03-27,CUST00166,Safety Equipment,Services,West,942.51,630.1,312.41
SALE0007572,2025-09-25,CUST00254,Technology Hardware,Services,West,1840.66,1120.03,720.63
SALE0007573,2026-04-11,CUST00123,Industrial Equipment,Manufacturing,Southwest,1231.4,597.82,633.58
SALE0007574,2024-11-19,CUST00134,Technology Hardware,Services,Northeast,4403.9,3051.27,1352.63
SALE0007575,2026-03-27,CUST00439,Maintenance Supplies,Distribution,West,1163.41,708.18,455.23
SALE0007576,2024-06-30,CUST00460,Safety Equipment,Manufacturing,Midwest,780.91,566.33,214.58
SALE0007577,2025-04-21,CUST00286,Packaging Materials,Distribution,Midwest,496.83,344.72,152.11
SALE0007578,2026-01-27,CUST00040,Industrial Equipment,Services,West,1774.95,903.4,871.55
SALE0007579,2024-04-03,CUST00208,Maintenance Supplies,Manufacturing,Southwest,1290.57,635.08,655.49
SALE0007580,2025-07-01,CUST00423,Office Equipment,Manufacturing,Midwest,767.13,492.49,274.64
SALE0007581,2024-07-29,CUST00419,Manufacturing Components,Distribution,Southwest,3690.57,2485.35,1205.22
SALE0007582,2024-01-14,CUST00378,Office Equipment,Manufacturing,Northeast,2698.22,1558.85,1139.37
SALE0007583,2025-01-21,CUST00305,Office Equipment,Manufacturing,Southwest,1777.69,1231.41,546.28
SALE0007584,2026-07-24,CUST00053,Packaging Materials,Manufacturing,West,4099.4,2225.37,1874.03
SALE0007585,2026-07-23,CUST00490,Industrial Equipment,Distribution,Midwest,2690.61,1607.17,1083.44
SALE0007586,2024-01-10,CUST00435,Maintenance Supplies,Distribution,Northeast,1103.55,637.21,466.34
SALE0007587,2024-12-24,CUST00053,Manufacturing Components,Manufacturing,Midwest,969.2,605.16,364.04
SALE0007588,2024-01-03,CUST00098,Manufacturing Components,Distribution,Northeast,2953.63,1452.12,1501.51
SALE0007589,2024-01-02,CUST00390,Industrial Equipment,Manufacturing,Southwest,2293.47,1658.02,635.45
SALE0007590,2024-06-18,CUST00416,Office Equipment,Services,Southeast,2001.89,1235.92,765.97
SALE0007591,2025-10-16,CUST00474,Packaging Materials,Manufacturing,West,1088.01,533.23,554.78
SALE0007592,2025-02-04,CUST00136,Maintenance Supplies,Manufacturing,Midwest,2603.91,1865.88,738.03
SALE0007593,2024-02-07,CUST00317,Office Equipment,Distribution,West,1149.06,810.25,338.81
SALE0007594,2025-09-11,CUST00386,Professional Services,Services,Midwest,1700.72,1180.85,519.87
SALE0007595,2024-06-16,CUST00032,Manufacturing Components,Distribution,Northeast,4307.73,1980.38,2327.35
SALE0007596,2024-10-11,CUST00070,Maintenance Supplies,Distribution,Northeast,1216.22,853.11,363.11
SALE0007597,2025-10-19,CUST00432,Professional Services,Manufacturing,Southeast,703.6,417.03,286.57
SALE0007598,2025-12-23,CUST00470,Office Equipment,Manufacturing,Midwest,961.48,676.1,285.38
SALE0007599,2025-08-15,CUST00266,Technology Hardware,Services,West,3283.22,1840.13,1443.09
SALE0007600,2025-12-26,CUST00140,Professional Services,Distribution,Southwest,2106.62,1496.0,610.62
SALE0007601,2025-12-15,CUST00459,Professional Services,Services,West,1673.5,972.38,701.12
SALE0007602,2025-05-30,CUST00118,Industrial Equipment,Distribution,Midwest,1332.14,667.58,664.56
SALE0007603,2025-05-25,CUST00241,Safety Equipment,Distribution,Southwest,2419.26,1435.49,983.77
SALE0007604,2025-03-20,CUST00160,Manufacturing Components,Manufacturing,Midwest,1086.3,494.01,592.29
SALE0007605,2025-08-23,CUST00140,Manufacturing Components,Distribution,Northeast,2171.99,1119.72,1052.27
SALE0007606,2026-03-01,CUST00434,Safety Equipment,Services,Northeast,1165.9,622.85,543.05
SALE0007607,2024-08-30,CUST00414,Office Equipment,Services,Northeast,1055.11,582.74,472.37
SALE0007608,2026-06-14,CUST00183,Office Equipment,Services,Southwest,1233.37,604.36,629.01
SALE0007609,2025-03-11,CUST00438,Office Equipment,Manufacturing,Midwest,1443.4,959.87,483.53
SALE0007610,2024-11-10,CUST00465,Office Equipment,Manufacturing,Southwest,1755.84,1146.48,609.36
SALE0007611,2024-11-30,CUST00409,Packaging Materials,Manufacturing,Northeast,2082.39,1465.12,617.27
SALE0007612,2024-03-31,CUST00067,Office Equipment,Manufacturing,Southeast,197.75,118.67,79.08
SALE0007613,2025-01-23,CUST00336,Maintenance Supplies,Manufacturing,West,1113.66,604.99,508.67
SALE0007614,2024-01-24,CUST00067,Maintenance Supplies,Distribution,West,1429.47,1019.12,410.35
SALE0007615,2024-10-27,CUST00179,Safety Equipment,Distribution,Southwest,4460.59,2088.74,2371.85
SALE0007616,2025-01-17,CUST00081,Maintenance Supplies,Services,Southeast,945.77,493.81,451.96
SALE0007617,2025-04-26,CUST00392,Technology Hardware,Manufacturing,Southwest,1993.56,1359.34,634.22
SALE0007618,2026-01-10,CUST00472,Technology Hardware,Distribution,Southwest,4433.83,3185.05,1248.78
SALE0007619,2026-07-06,CUST00449,Maintenance Supplies,Services,Midwest,822.39,425.22,397.17
SALE0007620,2026-01-14,CUST00080,Technology Hardware,Manufacturing,Southeast,2290.18,1663.0,627.18
SALE0007621,2024-06-23,CUST00481,Maintenance Supplies,Distribution,Southwest,1117.26,818.9,298.36
SALE0007622,2026-03-23,CUST00328,Industrial Equipment,Manufacturing,Southwest,1335.71,838.52,497.19
SALE0007623,2026-04-04,CUST00087,Packaging Materials,Distribution,West,1116.7,611.27,505.43
SALE0007624,2026-02-08,CUST00090,Maintenance Supplies,Services,Southwest,1165.48,746.33,419.15
SALE0007625,2024-12-01,CUST00108,Office Equipment,Distribution,Midwest,9257.11,6602.27,2654.84
SALE0007626,2025-11-25,CUST00487,Industrial Equipment,Manufacturing,Northeast,3000.92,2136.74,864.18
SALE0007627,2026-04-19,CUST00265,Technology Hardware,Distribution,Northeast,3501.84,1811.23,1690.61
SALE0007628,2025-03-24,CUST00287,Maintenance Supplies,Manufacturing,Midwest,2428.91,1093.68,1335.23
SALE0007629,2025-08-07,CUST00482,Packaging Materials,Distribution,Southeast,689.69,458.2,231.49
SALE0007630,2025-02-28,CUST00164,Professional Services,Distribution,Southeast,2291.53,1419.07,872.46
SALE0007631,2026-05-07,CUST00175,Manufacturing Components,Services,Southeast,3441.83,2266.17,1175.66
SALE0007632,2025-11-22,CUST00446,Professional Services,Distribution,Southeast,1083.51,793.65,289.86
SALE0007633,2024-12-07,CUST00146,Office Equipment,Manufacturing,Midwest,3226.64,1607.86,1618.78
SALE0007634,2024-05-13,CUST00383,Packaging Materials,Manufacturing,Midwest,2758.94,1839.95,918.99
SALE0007635,2024-03-01,CUST00073,Industrial Equipment,Distribution,Southeast,5492.97,3314.11,2178.86
SALE0007636,2024-07-28,CUST00209,Manufacturing Components,Manufacturing,West,1407.16,744.44,662.72
SALE0007637,2025-09-05,CUST00254,Safety Equipment,Distribution,Southeast,935.83,560.99,374.84
SALE0007638,2025-06-17,CUST00196,Technology Hardware,Services,Southeast,1455.38,733.32,722.06
SALE0007639,2025-11-05,CUST00260,Industrial Equipment,Distribution,Northeast,4278.44,2205.77,2072.67
SALE0007640,2025-12-29,CUST00034,Professional Services,Manufacturing,Southwest,603.63,444.47,159.16
SALE0007641,2024-02-19,CUST00104,Safety Equipment,Manufacturing,West,522.68,390.82,131.86
SALE0007642,2026-04-14,CUST00145,Manufacturing Components,Services,Midwest,1907.67,1072.32,835.35
SALE0007643,2024-09-12,CUST00412,Office Equipment,Manufacturing,Southeast,1386.37,798.4,587.97
SALE0007644,2025-11-24,CUST00310,Safety Equipment,Manufacturing,Southeast,1816.45,826.06,990.39
SALE0007645,2025-04-27,CUST00277,Industrial Equipment,Services,Southeast,3188.12,2305.58,882.54
SALE0007646,2025-12-01,CUST00017,Safety Equipment,Distribution,Southwest,1297.84,937.76,360.08
SALE0007647,2026-01-12,CUST00478,Office Equipment,Distribution,Southwest,587.69,436.61,151.08
SALE0007648,2026-03-12,CUST00123,Office Equipment,Distribution,Southwest,6165.28,3632.17,2533.11
SALE0007649,2025-01-21,CUST00179,Maintenance Supplies,Distribution,West,993.93,540.05,453.88
SALE0007650,2026-06-25,CUST00129,Manufacturing Components,Services,Midwest,957.74,447.7,510.04
SALE0007651,2026-04-05,CUST00129,Safety Equipment,Distribution,Northeast,3506.0,2483.16,1022.84
SALE0007652,2024-04-20,CUST00072,Office Equipment,Services,Southeast,1435.55,1034.35,401.2
SALE0007653,2025-08-10,CUST00106,Safety Equipment,Manufacturing,West,1740.57,947.81,792.76
SALE0007654,2025-09-25,CUST00070,Safety Equipment,Services,Southeast,2415.53,1617.14,798.39
SALE0007655,2024-07-12,CUST00450,Manufacturing Components,Manufacturing,Midwest,3463.9,2237.13,1226.77
SALE0007656,2025-11-26,CUST00036,Maintenance Supplies,Services,West,1480.19,997.0,483.19
SALE0007657,2024-11-18,CUST00403,Industrial Equipment,Distribution,Northeast,4500.62,2479.43,2021.19
SALE0007658,2024-05-26,CUST00009,Office Equipment,Manufacturing,Southwest,501.96,282.58,219.38
SALE0007659,2024-01-15,CUST00145,Manufacturing Components,Distribution,Northeast,2852.28,1613.4,1238.88
SALE0007660,2026-02-03,CUST00157,Professional Services,Distribution,Southeast,1092.57,762.03,330.54
SALE0007661,2024-04-19,CUST00464,Office Equipment,Distribution,West,4118.99,3005.89,1113.1
SALE0007662,2024-09-07,CUST00131,Packaging Materials,Distribution,West,1968.89,1320.0,648.89
SALE0007663,2025-04-09,CUST00090,Maintenance Supplies,Manufacturing,Southwest,1207.44,633.63,573.81
SALE0007664,2025-08-03,CUST00245,Packaging Materials,Distribution,Southeast,2691.1,1475.15,1215.95
SALE0007665,2025-11-13,CUST00118,Technology Hardware,Services,West,3089.96,1421.61,1668.35
SALE0007666,2024-07-30,CUST00394,Manufacturing Components,Manufacturing,Midwest,2657.49,1557.78,1099.71
SALE0007667,2025-07-13,CUST00136,Manufacturing Components,Services,West,974.75,491.49,483.26
SALE0007668,2024-11-03,CUST00184,Manufacturing Components,Distribution,Midwest,1352.34,945.35,406.99
SALE0007669,2025-10-01,CUST00384,Maintenance Supplies,Distribution,Southwest,1803.63,1126.75,676.88
SALE0007670,2025-11-03,CUST00153,Office Equipment,Distribution,Midwest,1763.83,1322.75,441.08
SALE0007671,2024-05-27,CUST00300,Industrial Equipment,Manufacturing,Midwest,2835.14,1478.46,1356.68
SALE0007672,2024-03-15,CUST00087,Maintenance Supplies,Manufacturing,West,539.72,399.7,140.02
SALE0007673,2025-01-19,CUST00188,Technology Hardware,Distribution,Southwest,2209.67,1322.83,886.84
SALE0007674,2026-06-30,CUST00036,Professional Services,Distribution,West,1519.31,687.94,831.37
SALE0007675,2025-12-04,CUST00024,Manufacturing Components,Services,Midwest,1093.24,605.65,487.59
SALE0007676,2025-01-19,CUST00023,Safety Equipment,Distribution,Southwest,1158.07,677.97,480.1
SALE0007677,2024-05-26,CUST00488,Technology Hardware,Manufacturing,Southeast,1589.66,1077.2,512.46
SALE0007678,2026-07-18,CUST00015,Industrial Equipment,Services,Midwest,208.38,125.25,83.13
SALE0007679,2025-11-13,CUST00248,Industrial Equipment,Services,Southwest,1187.05,561.49,625.56
SALE0007680,2024-09-04,CUST00436,Office Equipment,Manufacturing,Southeast,1069.03,567.61,501.42
SALE0007681,2024-04-18,CUST00114,Maintenance Supplies,Manufacturing,Southwest,2489.08,1428.94,1060.14
SALE0007682,2025-08-24,CUST00411,Manufacturing Components,Distribution,Midwest,1115.08,708.55,406.53
SALE0007683,2024-12-24,CUST00432,Packaging Materials,Distribution,Midwest,1589.11,944.61,644.5
SALE0007684,2024-10-22,CUST00368,Safety Equipment,Manufacturing,West,4561.31,2938.76,1622.55
SALE0007685,2026-02-11,CUST00352,Technology Hardware,Manufacturing,Midwest,3283.32,1871.11,1412.21
SALE0007686,2025-11-27,CUST00465,Office Equipment,Services,West,3106.84,1446.76,1660.08
SALE0007687,2024-03-12,CUST00381,Professional Services,Manufacturing,Midwest,1339.53,742.45,597.08
SALE0007688,2025-01-08,CUST00347,Office Equipment,Manufacturing,Southwest,2504.44,1755.0,749.44
SALE0007689,2025-02-28,CUST00299,Maintenance Supplies,Manufacturing,West,1571.3,970.91,600.39
SALE0007690,2024-09-02,CUST00383,Safety Equipment,Distribution,Midwest,1607.35,926.11,681.24
SALE0007691,2025-02-21,CUST00175,Technology Hardware,Distribution,Northeast,2311.87,1483.68,828.19
SALE0007692,2025-12-13,CUST00443,Manufacturing Components,Manufacturing,Southeast,1263.71,725.36,538.35
SALE0007693,2025-08-24,CUST00097,Packaging Materials,Manufacturing,Midwest,4428.44,2436.82,1991.62
SALE0007694,2026-07-17,CUST00039,Packaging Materials,Distribution,Southwest,1642.41,922.11,720.3
SALE0007695,2025-09-13,CUST00304,Packaging Materials,Manufacturing,Southeast,2620.23,1496.75,1123.48
SALE0007696,2025-10-18,CUST00463,Professional Services,Services,Midwest,4330.16,2869.63,1460.53
SALE0007697,2025-07-25,CUST00359,Office Equipment,Services,Southwest,3357.64,2356.57,1001.07
SALE0007698,2025-07-20,CUST00247,Office Equipment,Services,Southeast,776.39,420.22,356.17
SALE0007699,2024-03-28,CUST00477,Safety Equipment,Manufacturing,Midwest,2361.23,1467.5,893.73
SALE0007700,2024-06-14,CUST00027,Maintenance Supplies,Services,Southeast,3012.22,1802.51,1209.71
SALE0007701,2025-02-02,CUST00426,Packaging Materials,Manufacturing,Midwest,3087.5,1917.99,1169.51
SALE0007702,2026-04-13,CUST00041,Office Equipment,Distribution,Southeast,927.06,573.87,353.19
SALE0007703,2024-08-28,CUST00062,Packaging Materials,Distribution,Midwest,1218.99,550.13,668.86
SALE0007704,2025-02-19,CUST00368,Industrial Equipment,Manufacturing,Southwest,3283.73,2055.36,1228.37
SALE0007705,2025-02-03,CUST00056,Manufacturing Components,Services,West,1144.75,585.13,559.62
SALE0007706,2026-06-01,CUST00239,Industrial Equipment,Services,Midwest,1510.48,872.41,638.07
SALE0007707,2025-11-14,CUST00416,Office Equipment,Manufacturing,Southwest,4654.2,2577.35,2076.85
SALE0007708,2026-03-18,CUST00099,Industrial Equipment,Distribution,Southeast,1756.93,869.63,887.3
SALE0007709,2024-12-22,CUST00106,Technology Hardware,Distribution,Southwest,1169.04,672.38,496.66
SALE0007710,2025-01-17,CUST00375,Maintenance Supplies,Manufacturing,West,1067.88,606.0,461.88
SALE0007711,2025-06-17,CUST00034,Industrial Equipment,Distribution,Northeast,2207.53,1198.28,1009.25
SALE0007712,2026-05-08,CUST00019,Safety Equipment,Services,Southeast,812.5,603.12,209.38
SALE0007713,2025-04-25,CUST00112,Packaging Materials,Distribution,West,1558.69,796.45,762.24
SALE0007714,2024-06-27,CUST00156,Office Equipment,Manufacturing,Midwest,2208.21,1463.68,744.53
SALE0007715,2024-05-10,CUST00118,Technology Hardware,Distribution,Northeast,3942.18,2582.34,1359.84
SALE0007716,2024-04-28,CUST00354,Packaging Materials,Manufacturing,Southeast,2698.71,1665.2,1033.51
SALE0007717,2026-05-04,CUST00002,Office Equipment,Services,West,1177.99,874.87,303.12
SALE0007718,2024-12-03,CUST00212,Packaging Materials,Services,Northeast,3666.72,2206.17,1460.55
SALE0007719,2025-07-29,CUST00471,Manufacturing Components,Services,Northeast,1510.64,831.54,679.1
SALE0007720,2024-04-06,CUST00084,Manufacturing Components,Distribution,Southwest,861.42,557.13,304.29
SALE0007721,2026-03-25,CUST00415,Safety Equipment,Services,Southwest,1630.72,1028.77,601.95
SALE0007722,2025-03-10,CUST00118,Office Equipment,Services,West,4285.11,2423.15,1861.96
SALE0007723,2024-11-07,CUST00260,Manufacturing Components,Services,Southeast,1996.49,1186.01,810.48
SALE0007724,2024-06-11,CUST00435,Technology Hardware,Services,West,1821.68,1046.09,775.59
SALE0007725,2024-10-13,CUST00099,Safety Equipment,Services,Southwest,4828.67,2660.05,2168.62
SALE0007726,2025-09-17,CUST00089,Maintenance Supplies,Manufacturing,Southeast,766.0,356.02,409.98
SALE0007727,2025-05-17,CUST00177,Safety Equipment,Services,Northeast,836.01,466.8,369.21
SALE0007728,2025-11-06,CUST00364,Maintenance Supplies,Services,Midwest,685.74,349.91,335.83
SALE0007729,2024-05-09,CUST00230,Technology Hardware,Distribution,Southwest,2261.06,1590.94,670.12
SALE0007730,2026-04-30,CUST00324,Technology Hardware,Manufacturing,Southeast,1997.99,957.92,1040.07
SALE0007731,2024-02-25,CUST00257,Professional Services,Services,Northeast,4562.57,2558.44,2004.13
SALE0007732,2025-04-12,CUST00065,Office Equipment,Distribution,Southeast,2092.44,1437.31,655.13
SALE0007733,2024-10-17,CUST00319,Maintenance Supplies,Services,West,1418.71,999.86,418.85
SALE0007734,2024-03-14,CUST00082,Safety Equipment,Services,West,1809.99,1086.26,723.73
SALE0007735,2026-07-10,CUST00003,Manufacturing Components,Distribution,Northeast,1940.35,971.68,968.67
SALE0007736,2024-10-10,CUST00227,Professional Services,Distribution,Midwest,663.11,415.19,247.92
SALE0007737,2025-08-11,CUST00205,Manufacturing Components,Distribution,Midwest,9193.01,4383.01,4810.0
SALE0007738,2025-03-27,CUST00178,Packaging Materials,Services,Southeast,2469.87,1418.15,1051.72
SALE0007739,2024-05-17,CUST00413,Office Equipment,Manufacturing,West,2050.84,1355.49,695.35
SALE0007740,2025-11-02,CUST00138,Industrial Equipment,Manufacturing,West,2615.21,1434.02,1181.19
SALE0007741,2024-11-08,CUST00135,Maintenance Supplies,Manufacturing,Midwest,2767.35,1711.8,1055.55
SALE0007742,2026-01-28,CUST00235,Professional Services,Distribution,Southwest,1661.82,1175.76,486.06
SALE0007743,2024-03-19,CUST00122,Office Equipment,Distribution,Midwest,1238.0,825.19,412.81
SALE0007744,2024-01-17,CUST00490,Industrial Equipment,Services,West,2590.67,1769.64,821.03
SALE0007745,2026-05-21,CUST00189,Technology Hardware,Services,Southwest,2278.85,1087.29,1191.56
SALE0007746,2026-02-01,CUST00097,Packaging Materials,Manufacturing,West,1112.17,648.48,463.69
SALE0007747,2025-12-14,CUST00380,Technology Hardware,Services,Southeast,4236.2,2733.84,1502.36
SALE0007748,2025-01-27,CUST00473,Manufacturing Components,Services,Midwest,2156.0,1492.21,663.79
SALE0007749,2024-03-30,CUST00236,Industrial Equipment,Distribution,Southwest,2801.45,1390.28,1411.17
SALE0007750,2024-04-18,CUST00168,Safety Equipment,Distribution,Northeast,4167.84,2578.13,1589.71
SALE0007751,2025-12-23,CUST00274,Industrial Equipment,Distribution,Southeast,1831.94,1116.23,715.71
SALE0007752,2024-01-01,CUST00015,Safety Equipment,Services,Southeast,2186.75,1422.88,763.87
SALE0007753,2025-07-17,CUST00052,Manufacturing Components,Manufacturing,Northeast,2939.56,2151.6,787.96
SALE0007754,2026-02-15,CUST00317,Office Equipment,Distribution,Southwest,1170.38,847.22,323.16
SALE0007755,2025-03-14,CUST00227,Packaging Materials,Manufacturing,Southeast,1867.64,1388.68,478.96
SALE0007756,2025-10-24,CUST00152,Maintenance Supplies,Services,Southeast,1949.5,1136.83,812.67
SALE0007757,2026-07-06,CUST00216,Professional Services,Manufacturing,Southwest,1018.78,573.17,445.61
SALE0007758,2025-10-17,CUST00323,Industrial Equipment,Distribution,Southwest,7263.25,3487.76,3775.49
SALE0007759,2025-11-06,CUST00252,Maintenance Supplies,Manufacturing,West,777.14,549.54,227.6
SALE0007760,2025-02-21,CUST00018,Technology Hardware,Distribution,Southwest,829.76,495.15,334.61
SALE0007761,2026-04-18,CUST00308,Safety Equipment,Manufacturing,Southwest,3978.01,2327.84,1650.17
SALE0007762,2024-09-14,CUST00003,Technology Hardware,Distribution,Southwest,2773.76,1852.15,921.61
SALE0007763,2026-07-04,CUST00273,Professional Services,Services,Southeast,976.94,600.75,376.19
SALE0007764,2026-01-05,CUST00387,Technology Hardware,Services,West,2602.88,1687.51,915.37
SALE0007765,2025-03-15,CUST00030,Packaging Materials,Distribution,Southeast,4362.11,2661.5,1700.61
SALE0007766,2024-04-06,CUST00302,Packaging Materials,Distribution,Southwest,1775.51,871.74,903.77
SALE0007767,2024-05-10,CUST00254,Industrial Equipment,Services,Northeast,8598.08,4684.84,3913.24
SALE0007768,2025-07-31,CUST00027,Maintenance Supplies,Manufacturing,Northeast,642.63,352.38,290.25
SALE0007769,2026-03-09,CUST00063,Technology Hardware,Services,Southwest,2741.59,1475.43,1266.16
SALE0007770,2026-02-26,CUST00021,Industrial Equipment,Manufacturing,West,3640.65,2439.22,1201.43
SALE0007771,2025-11-18,CUST00456,Industrial Equipment,Distribution,Southeast,3086.54,1440.42,1646.12
SALE0007772,2025-06-15,CUST00164,Maintenance Supplies,Distribution,Southwest,1599.4,962.74,636.66
SALE0007773,2026-07-28,CUST00119,Maintenance Supplies,Services,Southwest,1518.89,1029.02,489.87
SALE0007774,2024-10-16,CUST00206,Safety Equipment,Services,Northeast,2360.17,1234.85,1125.32
SALE0007775,2025-07-21,CUST00054,Safety Equipment,Manufacturing,West,2949.68,1862.18,1087.5
SALE0007776,2025-06-27,CUST00295,Office Equipment,Distribution,Northeast,2595.37,1415.48,1179.89
SALE0007777,2025-06-20,CUST00056,Safety Equipment,Manufacturing,Midwest,3374.61,1740.32,1634.29
SALE0007778,2024-10-27,CUST00339,Maintenance Supplies,Services,Southeast,981.1,478.54,502.56
SALE0007779,2025-01-02,CUST00054,Manufacturing Components,Services,Northeast,1577.09,1007.88,569.21
SALE0007780,2024-07-20,CUST00308,Maintenance Supplies,Services,Northeast,1028.64,696.09,332.55
SALE0007781,2025-08-14,CUST00339,Maintenance Supplies,Manufacturing,Southeast,1434.16,771.78,662.38
SALE0007782,2024-11-17,CUST00319,Industrial Equipment,Services,Southeast,3324.69,2059.36,1265.33
SALE0007783,2026-02-17,CUST00127,Professional Services,Services,Southwest,1929.06,1314.62,614.44
SALE0007784,2025-04-24,CUST00221,Industrial Equipment,Services,Southwest,8639.63,4896.57,3743.06
SALE0007785,2026-05-01,CUST00373,Technology Hardware,Manufacturing,Southeast,2030.51,1014.43,1016.08
SALE0007786,2026-03-10,CUST00159,Industrial Equipment,Services,Southeast,1873.97,1376.8,497.17
SALE0007787,2025-07-31,CUST00499,Professional Services,Services,Southeast,1926.98,1220.87,706.11
SALE0007788,2025-06-30,CUST00149,Safety Equipment,Manufacturing,West,1233.13,725.5,507.63
SALE0007789,2024-04-12,CUST00209,Safety Equipment,Manufacturing,West,1746.38,1053.35,693.03
SALE0007790,2025-11-11,CUST00320,Professional Services,Services,Northeast,3557.0,1818.9,1738.1
SALE0007791,2024-07-03,CUST00196,Safety Equipment,Services,Southeast,1936.01,1094.71,841.3
SALE0007792,2026-06-17,CUST00063,Technology Hardware,Distribution,West,1123.19,506.92,616.27
SALE0007793,2024-03-22,CUST00061,Safety Equipment,Manufacturing,Northeast,1037.89,638.59,399.3
SALE0007794,2024-03-20,CUST00261,Office Equipment,Manufacturing,Midwest,1380.06,957.5,422.56
SALE0007795,2025-03-24,CUST00208,Professional Services,Distribution,Northeast,1889.97,1320.64,569.33
SALE0007796,2025-08-30,CUST00361,Packaging Materials,Manufacturing,Southeast,3700.24,1816.74,1883.5
SALE0007797,2024-03-01,CUST00272,Professional Services,Distribution,Southwest,808.93,587.74,221.19
SALE0007798,2024-10-03,CUST00258,Packaging Materials,Manufacturing,Northeast,1492.35,686.55,805.8
SALE0007799,2024-08-02,CUST00194,Professional Services,Distribution,West,1971.57,1134.23,837.34
SALE0007800,2025-05-08,CUST00447,Packaging Materials,Distribution,West,601.71,290.76,310.95
SALE0007801,2025-04-28,CUST00090,Office Equipment,Distribution,Midwest,1096.46,711.29,385.17
SALE0007802,2026-02-07,CUST00033,Safety Equipment,Distribution,Midwest,1202.39,858.67,343.72
SALE0007803,2025-08-13,CUST00245,Maintenance Supplies,Services,Midwest,1121.49,787.8,333.69
SALE0007804,2024-04-07,CUST00159,Technology Hardware,Manufacturing,Southwest,2028.67,1335.5,693.17
SALE0007805,2024-12-30,CUST00182,Professional Services,Services,Midwest,1641.99,1115.99,526.0
SALE0007806,2026-04-06,CUST00416,Packaging Materials,Distribution,Southeast,1295.73,698.59,597.14
SALE0007807,2026-01-07,CUST00432,Industrial Equipment,Services,Northeast,2337.36,1345.8,991.56
SALE0007808,2026-04-15,CUST00486,Manufacturing Components,Manufacturing,Northeast,5083.96,3081.83,2002.13
SALE0007809,2024-11-18,CUST00244,Safety Equipment,Manufacturing,West,4834.6,3242.78,1591.82
SALE0007810,2026-06-04,CUST00164,Professional Services,Distribution,Midwest,570.4,315.6,254.8
SALE0007811,2026-01-23,CUST00019,Technology Hardware,Manufacturing,Southwest,2556.11,1472.67,1083.44
SALE0007812,2026-02-07,CUST00273,Industrial Equipment,Services,West,1624.87,1153.17,471.7
SALE0007813,2024-07-26,CUST00108,Manufacturing Components,Services,Southeast,1984.44,1193.05,791.39
SALE0007814,2024-09-22,CUST00360,Industrial Equipment,Manufacturing,Southwest,1423.72,826.01,597.71
SALE0007815,2024-11-23,CUST00220,Industrial Equipment,Manufacturing,Midwest,1940.21,1169.45,770.76
SALE0007816,2026-02-03,CUST00177,Office Equipment,Manufacturing,Southeast,1979.98,1333.84,646.14
SALE0007817,2026-05-24,CUST00277,Packaging Materials,Manufacturing,Midwest,1277.46,654.02,623.44
SALE0007818,2025-09-30,CUST00185,Packaging Materials,Distribution,Midwest,1055.93,782.94,272.99
SALE0007819,2025-04-07,CUST00040,Technology Hardware,Distribution,Southwest,1381.3,643.79,737.51
SALE0007820,2026-05-23,CUST00488,Packaging Materials,Distribution,Southeast,2080.9,1267.56,813.34
SALE0007821,2025-07-02,CUST00422,Safety Equipment,Manufacturing,Midwest,2589.96,1588.1,1001.86
SALE0007822,2025-11-24,CUST00465,Packaging Materials,Distribution,Northeast,3016.97,2026.49,990.48
SALE0007823,2025-01-21,CUST00269,Office Equipment,Manufacturing,West,1344.11,649.25,694.86
SALE0007824,2026-07-20,CUST00297,Professional Services,Services,Midwest,2143.74,1371.1,772.64
SALE0007825,2025-05-07,CUST00413,Packaging Materials,Manufacturing,Southwest,3221.18,1853.43,1367.75
SALE0007826,2024-01-26,CUST00285,Technology Hardware,Services,Midwest,3638.61,1865.64,1772.97
SALE0007827,2025-04-25,CUST00228,Packaging Materials,Distribution,West,1745.33,1078.75,666.58
SALE0007828,2024-04-08,CUST00445,Safety Equipment,Manufacturing,West,1583.58,983.78,599.8
SALE0007829,2024-06-07,CUST00293,Maintenance Supplies,Manufacturing,Southeast,2027.73,1021.28,1006.45
SALE0007830,2026-08-13,CUST00115,Packaging Materials,Services,Northeast,907.03,670.08,236.95
SALE0007831,2026-06-06,CUST00438,Office Equipment,Manufacturing,Midwest,1609.75,1177.87,431.88
SALE0007832,2024-09-03,CUST00129,Manufacturing Components,Services,Midwest,2826.38,1852.86,973.52
SALE0007833,2024-10-08,CUST00143,Manufacturing Components,Services,West,2657.57,1468.35,1189.22
SALE0007834,2024-06-17,CUST00460,Safety Equipment,Manufacturing,Midwest,1537.39,838.63,698.76
SALE0007835,2026-02-23,CUST00456,Safety Equipment,Distribution,Southwest,2060.35,929.38,1130.97
SALE0007836,2024-08-18,CUST00464,Packaging Materials,Services,Southeast,1102.36,505.32,597.04
SALE0007837,2025-03-17,CUST00168,Maintenance Supplies,Services,Northeast,2757.54,1633.71,1123.83
SALE0007838,2024-11-11,CUST00297,Office Equipment,Distribution,Southwest,1725.56,1285.81,439.75
SALE0007839,2024-04-12,CUST00407,Office Equipment,Services,Southeast,1532.15,885.57,646.58
SALE0007840,2024-04-04,CUST00400,Technology Hardware,Manufacturing,West,1455.3,739.89,715.41
SALE0007841,2025-03-03,CUST00277,Office Equipment,Services,Midwest,1741.08,873.65,867.43
SALE0007842,2025-01-30,CUST00321,Safety Equipment,Distribution,Southwest,1381.98,743.02,638.96
SALE0007843,2025-01-30,CUST00349,Packaging Materials,Manufacturing,Northeast,2683.52,1248.27,1435.25
SALE0007844,2025-08-13,CUST00186,Professional Services,Manufacturing,West,1426.29,714.57,711.72
SALE0007845,2025-09-04,CUST00328,Maintenance Supplies,Distribution,Southwest,4702.17,3232.4,1469.77
SALE0007846,2026-08-13,CUST00110,Office Equipment,Manufacturing,Northeast,4355.2,3103.24,1251.96
SALE0007847,2025-02-10,CUST00009,Maintenance Supplies,Distribution,Northeast,1058.99,540.83,518.16
SALE0007848,2024-04-15,CUST00382,Office Equipment,Manufacturing,West,1885.26,1113.67,771.59
SALE0007849,2026-02-26,CUST00484,Safety Equipment,Services,Southwest,1223.67,555.89,667.78
SALE0007850,2024-11-15,CUST00264,Maintenance Supplies,Services,Southwest,1486.25,940.2,546.05
SALE0007851,2024-10-15,CUST00324,Manufacturing Components,Distribution,Southeast,6011.66,3734.98,2276.68
SALE0007852,2024-09-17,CUST00363,Safety Equipment,Services,Northeast,1503.36,1061.33,442.03
SALE0007853,2024-08-22,CUST00032,Manufacturing Components,Distribution,Southwest,2244.27,1644.68,599.59
SALE0007854,2024-08-28,CUST00221,Packaging Materials,Manufacturing,West,2501.87,1702.73,799.14
SALE0007855,2024-10-07,CUST00163,Maintenance Supplies,Manufacturing,Midwest,991.9,554.32,437.58
SALE0007856,2026-02-07,CUST00326,Technology Hardware,Distribution,West,1082.41,487.95,594.46
SALE0007857,2026-07-24,CUST00488,Office Equipment,Manufacturing,Southeast,876.89,638.31,238.58
SALE0007858,2026-07-05,CUST00039,Manufacturing Components,Services,Northeast,1062.54,661.41,401.13
SALE0007859,2025-06-07,CUST00219,Manufacturing Components,Manufacturing,Southwest,327.01,177.78,149.23
SALE0007860,2026-01-18,CUST00213,Industrial Equipment,Services,Northeast,2506.77,1866.86,639.91
SALE0007861,2024-07-06,CUST00457,Industrial Equipment,Distribution,Southwest,6201.31,4402.26,1799.05
SALE0007862,2025-08-28,CUST00054,Professional Services,Distribution,West,1975.73,899.5,1076.23
SALE0007863,2025-11-06,CUST00262,Manufacturing Components,Services,Southwest,772.97,425.64,347.33
SALE0007864,2026-07-01,CUST00462,Maintenance Supplies,Distribution,Northeast,1229.46,855.94,373.52
SALE0007865,2024-01-25,CUST00321,Professional Services,Services,West,1372.89,789.31,583.58
SALE0007866,2024-10-21,CUST00241,Safety Equipment,Manufacturing,Northeast,981.86,535.93,445.93
SALE0007867,2025-03-16,CUST00448,Packaging Materials,Services,Midwest,3029.37,1680.52,1348.85
SALE0007868,2024-06-05,CUST00397,Safety Equipment,Distribution,Midwest,2939.97,2114.05,825.92
SALE0007869,2026-01-30,CUST00428,Industrial Equipment,Distribution,Northeast,903.91,475.7,428.21
SALE0007870,2026-03-30,CUST00474,Industrial Equipment,Services,Southwest,2793.49,1313.78,1479.71
SALE0007871,2026-02-13,CUST00265,Technology Hardware,Manufacturing,Southeast,4519.19,2266.2,2252.99
SALE0007872,2024-09-06,CUST00014,Technology Hardware,Services,Northeast,5662.01,3671.06,1990.95
SALE0007873,2026-05-10,CUST00228,Manufacturing Components,Distribution,West,10088.26,5827.93,4260.33
SALE0007874,2024-12-13,CUST00114,Safety Equipment,Manufacturing,Southwest,1052.37,547.44,504.93
SALE0007875,2026-02-21,CUST00234,Technology Hardware,Distribution,Midwest,9843.16,4667.37,5175.79
SALE0007876,2026-01-23,CUST00088,Packaging Materials,Distribution,West,1461.88,1013.25,448.63
SALE0007877,2024-07-01,CUST00421,Packaging Materials,Services,West,1267.14,629.75,637.39
SALE0007878,2024-03-14,CUST00335,Packaging Materials,Manufacturing,West,2200.07,1225.35,974.72
SALE0007879,2025-08-23,CUST00349,Technology Hardware,Manufacturing,Northeast,1275.08,902.58,372.5
SALE0007880,2026-05-15,CUST00201,Industrial Equipment,Manufacturing,Southeast,2297.15,1337.28,959.87
SALE0007881,2025-03-03,CUST00086,Technology Hardware,Manufacturing,Midwest,818.89,517.69,301.2
SALE0007882,2026-02-16,CUST00378,Safety Equipment,Services,Southeast,1566.73,731.84,834.89
SALE0007883,2024-10-12,CUST00308,Manufacturing Components,Manufacturing,West,3910.22,2639.21,1271.01
SALE0007884,2024-10-29,CUST00127,Packaging Materials,Distribution,Northeast,1747.19,911.3,835.89
SALE0007885,2026-01-29,CUST00250,Maintenance Supplies,Services,Southwest,1968.36,1331.99,636.37
SALE0007886,2026-04-13,CUST00499,Safety Equipment,Services,Southeast,2404.64,1191.71,1212.93
SALE0007887,2025-06-01,CUST00152,Industrial Equipment,Services,Southeast,3649.69,2693.78,955.91
SALE0007888,2025-05-08,CUST00182,Maintenance Supplies,Manufacturing,West,669.72,430.43,239.29
SALE0007889,2025-08-21,CUST00080,Technology Hardware,Services,West,2567.57,1611.31,956.26
SALE0007890,2024-01-20,CUST00014,Office Equipment,Services,Midwest,1539.35,780.95,758.4
SALE0007891,2026-04-20,CUST00285,Office Equipment,Services,Southeast,1998.16,956.74,1041.42
SALE0007892,2026-04-29,CUST00333,Industrial Equipment,Services,Midwest,3415.13,1667.99,1747.14
SALE0007893,2026-04-11,CUST00499,Industrial Equipment,Distribution,West,883.14,402.81,480.33
SALE0007894,2026-05-25,CUST00055,Technology Hardware,Services,Northeast,984.78,589.56,395.22
SALE0007895,2026-05-06,CUST00286,Packaging Materials,Manufacturing,Southwest,566.08,308.22,257.86
SALE0007896,2025-05-14,CUST00031,Industrial Equipment,Distribution,Midwest,1300.5,651.7,648.8
SALE0007897,2024-10-22,CUST00294,Safety Equipment,Services,Northeast,4016.87,2117.48,1899.39
SALE0007898,2025-12-09,CUST00064,Professional Services,Distribution,Northeast,1681.85,793.02,888.83
SALE0007899,2024-01-31,CUST00132,Technology Hardware,Distribution,West,809.1,412.74,396.36
SALE0007900,2025-11-26,CUST00353,Maintenance Supplies,Services,Southwest,1350.99,968.52,382.47
SALE0007901,2024-12-03,CUST00250,Safety Equipment,Distribution,Midwest,740.47,482.98,257.49
SALE0007902,2026-03-10,CUST00194,Office Equipment,Distribution,Northeast,920.47,491.02,429.45
SALE0007903,2025-03-29,CUST00202,Office Equipment,Services,Northeast,2283.1,1119.93,1163.17
SALE0007904,2026-02-24,CUST00452,Professional Services,Distribution,Northeast,893.97,480.65,413.32
SALE0007905,2024-05-31,CUST00055,Industrial Equipment,Manufacturing,Southwest,3524.81,1593.23,1931.58
SALE0007906,2025-06-13,CUST00257,Packaging Materials,Distribution,Southeast,1732.51,1088.47,644.04
SALE0007907,2026-03-20,CUST00484,Maintenance Supplies,Manufacturing,Midwest,1903.32,1161.11,742.21
SALE0007908,2024-08-09,CUST00397,Technology Hardware,Manufacturing,Southwest,1529.93,955.07,574.86
SALE0007909,2024-01-19,CUST00312,Technology Hardware,Distribution,Southwest,2874.71,1411.54,1463.17
SALE0007910,2025-01-17,CUST00471,Office Equipment,Distribution,West,2892.56,1416.54,1476.02
SALE0007911,2024-10-23,CUST00479,Industrial Equipment,Manufacturing,Northeast,2210.63,1622.92,587.71
SALE0007912,2025-03-13,CUST00241,Manufacturing Components,Distribution,Midwest,2537.34,1291.23,1246.11
SALE0007913,2024-06-02,CUST00332,Manufacturing Components,Manufacturing,Midwest,1592.0,841.35,750.65
SALE0007914,2024-09-06,CUST00454,Maintenance Supplies,Manufacturing,West,2503.19,1492.52,1010.67
SALE0007915,2026-04-29,CUST00264,Safety Equipment,Services,Southeast,1476.27,1053.7,422.57
SALE0007916,2024-01-12,CUST00320,Technology Hardware,Manufacturing,West,1810.46,928.33,882.13
SALE0007917,2025-01-10,CUST00358,Office Equipment,Manufacturing,West,1533.36,752.41,780.95
SALE0007918,2025-10-31,CUST00178,Safety Equipment,Manufacturing,West,1374.26,839.93,534.33
SALE0007919,2026-04-05,CUST00240,Safety Equipment,Distribution,Northeast,1195.75,738.56,457.19
SALE0007920,2024-04-05,CUST00318,Professional Services,Services,Midwest,2393.74,1137.57,1256.17
SALE0007921,2025-04-11,CUST00140,Professional Services,Manufacturing,Southwest,3969.37,2951.16,1018.21
SALE0007922,2026-05-26,CUST00142,Industrial Equipment,Services,Southwest,3650.65,2150.1,1500.55
SALE0007923,2025-04-14,CUST00309,Maintenance Supplies,Distribution,Southwest,850.7,519.1,331.6
SALE0007924,2026-05-30,CUST00246,Professional Services,Manufacturing,West,3918.73,2158.9,1759.83
SALE0007925,2025-01-29,CUST00476,Industrial Equipment,Services,Southeast,1493.84,714.4,779.44
SALE0007926,2026-03-02,CUST00011,Technology Hardware,Distribution,Southeast,2592.66,1701.17,891.49
SALE0007927,2026-07-19,CUST00278,Manufacturing Components,Manufacturing,West,1049.71,754.85,294.86
SALE0007928,2026-06-05,CUST00151,Manufacturing Components,Services,Southwest,1968.82,1326.48,642.34
SALE0007929,2026-06-23,CUST00320,Maintenance Supplies,Manufacturing,Northeast,2182.52,1187.58,994.94
SALE0007930,2025-04-30,CUST00467,Packaging Materials,Manufacturing,West,741.92,524.27,217.65
SALE0007931,2025-11-07,CUST00234,Professional Services,Manufacturing,Southwest,2604.41,1791.57,812.84
SALE0007932,2026-08-03,CUST00052,Office Equipment,Distribution,West,4054.41,2525.3,1529.11
SALE0007933,2025-04-18,CUST00211,Safety Equipment,Distribution,Northeast,1628.17,821.1,807.07
SALE0007934,2024-05-01,CUST00276,Technology Hardware,Distribution,West,4089.18,1879.45,2209.73
SALE0007935,2026-07-28,CUST00231,Manufacturing Components,Manufacturing,Southwest,1613.54,1071.65,541.89
SALE0007936,2024-12-01,CUST00356,Packaging Materials,Services,Northeast,3010.17,2085.34,924.83
SALE0007937,2025-07-20,CUST00431,Manufacturing Components,Manufacturing,Southwest,477.64,353.76,123.88
SALE0007938,2026-02-15,CUST00329,Technology Hardware,Services,Southeast,7717.66,4774.64,2943.02
SALE0007939,2024-09-21,CUST00345,Manufacturing Components,Services,Southwest,4434.96,2764.03,1670.93
SALE0007940,2024-01-27,CUST00150,Manufacturing Components,Services,Midwest,1524.2,977.7,546.5
SALE0007941,2025-11-24,CUST00399,Technology Hardware,Distribution,Southeast,553.77,415.23,138.54
SALE0007942,2025-04-21,CUST00032,Maintenance Supplies,Manufacturing,Southwest,2149.13,1426.98,722.15
SALE0007943,2026-07-09,CUST00064,Technology Hardware,Distribution,West,760.25,437.07,323.18
SALE0007944,2025-02-17,CUST00012,Professional Services,Manufacturing,Southwest,2361.17,1750.29,610.88
SALE0007945,2026-02-08,CUST00131,Maintenance Supplies,Services,Northeast,2314.48,1473.57,840.91
SALE0007946,2024-10-04,CUST00002,Industrial Equipment,Manufacturing,Midwest,1027.78,693.67,334.11
SALE0007947,2024-02-07,CUST00190,Office Equipment,Manufacturing,Southeast,3542.47,2427.67,1114.8
SALE0007948,2024-09-01,CUST00063,Industrial Equipment,Services,Southwest,2931.72,2000.22,931.5
SALE0007949,2024-11-15,CUST00021,Professional Services,Services,Southwest,3247.02,2405.06,841.96
SALE0007950,2024-06-11,CUST00269,Packaging Materials,Manufacturing,West,1817.68,1136.58,681.1
SALE0007951,2025-05-30,CUST00170,Maintenance Supplies,Manufacturing,Southwest,773.31,501.5,271.81
SALE0007952,2026-08-04,CUST00137,Maintenance Supplies,Services,Southwest,3251.02,1664.0,1587.02
SALE0007953,2025-08-12,CUST00307,Packaging Materials,Distribution,Northeast,1537.29,1071.26,466.03
SALE0007954,2026-03-27,CUST00471,Professional Services,Services,Southeast,785.35,554.31,231.04
SALE0007955,2026-04-11,CUST00324,Technology Hardware,Distribution,Southwest,4069.29,2332.98,1736.31
SALE0007956,2026-01-20,CUST00261,Professional Services,Services,Southeast,6371.85,4663.52,1708.33
SALE0007957,2025-11-13,CUST00035,Industrial Equipment,Services,Midwest,1763.84,1050.0,713.84
SALE0007958,2024-07-11,CUST00382,Packaging Materials,Distribution,West,6604.28,4901.54,1702.74
SALE0007959,2024-02-26,CUST00355,Professional Services,Distribution,Northeast,1909.87,1315.57,594.3
SALE0007960,2025-07-25,CUST00366,Office Equipment,Manufacturing,Northeast,1439.03,787.36,651.67
SALE0007961,2025-05-01,CUST00115,Industrial Equipment,Distribution,Northeast,1238.59,664.93,573.66
SALE0007962,2026-08-04,CUST00194,Industrial Equipment,Manufacturing,Midwest,4828.3,2401.31,2426.99
SALE0007963,2024-05-03,CUST00051,Office Equipment,Services,Southwest,1132.2,577.75,554.45
SALE0007964,2026-05-17,CUST00181,Packaging Materials,Distribution,Northeast,2810.62,1681.48,1129.14
SALE0007965,2025-03-24,CUST00080,Professional Services,Services,Southwest,1292.72,624.58,668.14
SALE0007966,2024-04-15,CUST00110,Technology Hardware,Manufacturing,Southwest,1371.71,797.96,573.75
SALE0007967,2026-06-13,CUST00152,Packaging Materials,Services,Southwest,3354.81,2311.56,1043.25
SALE0007968,2024-06-10,CUST00312,Industrial Equipment,Services,Midwest,1439.39,893.63,545.76
SALE0007969,2024-08-03,CUST00323,Manufacturing Components,Distribution,Southwest,1418.17,855.89,562.28
SALE0007970,2025-04-17,CUST00478,Packaging Materials,Distribution,Northeast,3567.72,2031.07,1536.65
SALE0007971,2024-05-27,CUST00160,Safety Equipment,Manufacturing,Southwest,4714.69,3165.79,1548.9
SALE0007972,2025-10-17,CUST00119,Manufacturing Components,Distribution,West,2661.95,1983.7,678.25
SALE0007973,2024-11-12,CUST00140,Professional Services,Manufacturing,Midwest,1220.65,913.88,306.77
SALE0007974,2025-03-04,CUST00145,Office Equipment,Distribution,West,1330.93,620.55,710.38
SALE0007975,2024-06-10,CUST00023,Safety Equipment,Distribution,West,1896.85,1411.87,484.98
SALE0007976,2024-01-22,CUST00465,Manufacturing Components,Distribution,Midwest,2191.97,1243.36,948.61
SALE0007977,2024-02-03,CUST00095,Office Equipment,Manufacturing,Southeast,999.53,648.63,350.9
SALE0007978,2024-09-20,CUST00320,Professional Services,Manufacturing,Northeast,2790.07,1280.23,1509.84
SALE0007979,2026-06-04,CUST00406,Industrial Equipment,Services,Southwest,1903.23,933.57,969.66
SALE0007980,2025-01-28,CUST00208,Technology Hardware,Distribution,Northeast,645.85,375.7,270.15
SALE0007981,2024-11-28,CUST00326,Packaging Materials,Distribution,Southeast,1035.5,538.76,496.74
SALE0007982,2025-10-04,CUST00059,Office Equipment,Services,Midwest,1336.12,990.72,345.4
SALE0007983,2024-08-14,CUST00360,Packaging Materials,Services,Southwest,1730.71,952.72,777.99
SALE0007984,2026-07-24,CUST00282,Industrial Equipment,Distribution,West,5617.08,2651.17,2965.91
SALE0007985,2026-06-29,CUST00500,Industrial Equipment,Distribution,Southwest,2085.79,981.02,1104.77
SALE0007986,2024-08-17,CUST00115,Office Equipment,Distribution,West,1091.75,552.47,539.28
SALE0007987,2026-02-14,CUST00335,Office Equipment,Distribution,Midwest,2063.95,1507.95,556.0
SALE0007988,2024-12-06,CUST00069,Office Equipment,Manufacturing,Midwest,1463.74,1024.1,439.64
SALE0007989,2024-05-02,CUST00006,Technology Hardware,Services,Midwest,2197.02,1008.55,1188.47
SALE0007990,2025-05-24,CUST00494,Packaging Materials,Services,Midwest,2561.48,1159.12,1402.36
SALE0007991,2024-02-06,CUST00273,Professional Services,Distribution,Midwest,3735.13,2310.7,1424.43
SALE0007992,2024-04-04,CUST00098,Technology Hardware,Services,West,1781.89,869.58,912.31
SALE0007993,2025-08-19,CUST00496,Office Equipment,Services,Southeast,4833.74,3389.47,1444.27
SALE0007994,2026-08-13,CUST00288,Office Equipment,Services,Southeast,3117.58,2276.15,841.43
SALE0007995,2026-06-14,CUST00161,Office Equipment,Manufacturing,Northeast,1182.68,673.83,508.85
SALE0007996,2025-01-27,CUST00172,Technology Hardware,Manufacturing,Midwest,6808.41,4387.66,2420.75
SALE0007997,2024-03-30,CUST00390,Professional Services,Services,Midwest,2199.96,1308.47,891.49
SALE0007998,2024-03-18,CUST00103,Professional Services,Services,Midwest,1095.46,777.56,317.9
SALE0007999,2025-08-25,CUST00035,Packaging Materials,Distribution,Southeast,4874.38,2682.73,2191.65
SALE0008000,2024-09-30,CUST00129,Technology Hardware,Services,Northeast,6289.69,4274.28,2015.41
SALE0008001,2025-11-16,CUST00253,Office Equipment,Services,Southeast,1772.57,832.83,939.74
SALE0008002,2024-04-24,CUST00138,Office Equipment,Manufacturing,Southwest,1336.5,680.56,655.94
SALE0008003,2024-10-10,CUST00040,Technology Hardware,Manufacturing,Southwest,1630.39,1067.86,562.53
SALE0008004,2026-02-27,CUST00078,Packaging Materials,Manufacturing,Midwest,2776.2,1528.62,1247.58
SALE0008005,2026-07-13,CUST00231,Industrial Equipment,Services,West,3892.14,2777.52,1114.62
SALE0008006,2024-04-07,CUST00002,Manufacturing Components,Distribution,West,2546.03,1894.42,651.61
SALE0008007,2025-12-08,CUST00299,Professional Services,Manufacturing,West,1921.83,927.17,994.66
SALE0008008,2025-07-25,CUST00023,Maintenance Supplies,Manufacturing,Southwest,4441.76,2712.02,1729.74
SALE0008009,2026-02-25,CUST00155,Manufacturing Components,Manufacturing,Southwest,1498.62,1029.97,468.65
SALE0008010,2025-06-11,CUST00387,Safety Equipment,Manufacturing,Northeast,3356.16,1620.99,1735.17
SALE0008011,2025-06-17,CUST00166,Industrial Equipment,Distribution,West,1521.06,1073.11,447.95
SALE0008012,2024-02-12,CUST00138,Industrial Equipment,Manufacturing,Southeast,2341.66,1437.67,903.99
SALE0008013,2024-10-16,CUST00013,Technology Hardware,Manufacturing,West,1688.95,1120.99,567.96
SALE0008014,2026-05-08,CUST00356,Industrial Equipment,Distribution,Southwest,1748.46,1175.53,572.93
SALE0008015,2026-08-29,CUST00175,Office Equipment,Services,West,1441.69,955.93,485.76
SALE0008016,2024-02-08,CUST00493,Manufacturing Components,Manufacturing,Northeast,4051.78,2594.88,1456.9
SALE0008017,2024-04-09,CUST00213,Maintenance Supplies,Distribution,Northeast,1164.73,667.72,497.01
SALE0008018,2026-06-30,CUST00326,Manufacturing Components,Manufacturing,Midwest,1159.64,569.53,590.11
SALE0008019,2026-07-16,CUST00230,Office Equipment,Distribution,Southeast,6454.91,3737.71,2717.2
SALE0008020,2025-06-01,CUST00362,Technology Hardware,Services,West,3250.97,1574.85,1676.12
SALE0008021,2026-06-03,CUST00398,Packaging Materials,Manufacturing,Southwest,432.22,219.15,213.07
SALE0008022,2026-04-17,CUST00319,Maintenance Supplies,Services,Midwest,1288.0,892.09,395.91
SALE0008023,2025-09-05,CUST00089,Office Equipment,Manufacturing,West,609.6,288.01,321.59
SALE0008024,2024-06-01,CUST00115,Manufacturing Components,Services,Midwest,1022.07,460.08,561.99
SALE0008025,2026-02-01,CUST00214,Technology Hardware,Distribution,Northeast,275.03,159.47,115.56
SALE0008026,2026-02-16,CUST00182,Professional Services,Services,Northeast,1665.38,959.04,706.34
SALE0008027,2024-08-04,CUST00295,Technology Hardware,Manufacturing,Midwest,911.27,416.28,494.99
SALE0008028,2024-08-28,CUST00292,Office Equipment,Distribution,Northeast,1874.21,1364.68,509.53
SALE0008029,2025-02-11,CUST00021,Office Equipment,Manufacturing,West,681.93,362.24,319.69
SALE0008030,2026-06-17,CUST00407,Packaging Materials,Manufacturing,Southeast,1900.26,1039.23,861.03
SALE0008031,2024-01-24,CUST00076,Maintenance Supplies,Services,West,1409.58,833.81,575.77
SALE0008032,2026-07-28,CUST00131,Manufacturing Components,Manufacturing,Southwest,4452.28,2656.94,1795.34
SALE0008033,2024-04-11,CUST00343,Technology Hardware,Distribution,Southwest,4216.73,3026.68,1190.05
SALE0008034,2024-09-14,CUST00204,Manufacturing Components,Services,Northeast,2896.35,1581.92,1314.43
SALE0008035,2025-12-05,CUST00259,Safety Equipment,Services,Southeast,1486.28,812.81,673.47
SALE0008036,2024-11-15,CUST00019,Safety Equipment,Distribution,Midwest,5950.49,4256.7,1693.79
SALE0008037,2025-10-10,CUST00143,Packaging Materials,Services,Southwest,712.07,494.66,217.41
SALE0008038,2025-06-11,CUST00290,Manufacturing Components,Services,Southeast,778.89,474.44,304.45
SALE0008039,2024-01-16,CUST00197,Technology Hardware,Distribution,West,1719.4,997.27,722.13
SALE0008040,2024-07-19,CUST00341,Office Equipment,Manufacturing,Southwest,6991.31,3518.96,3472.35
SALE0008041,2025-03-22,CUST00072,Safety Equipment,Distribution,West,1601.34,1051.28,550.06
SALE0008042,2024-08-29,CUST00090,Professional Services,Distribution,Southeast,1619.79,769.19,850.6
SALE0008043,2026-07-16,CUST00273,Safety Equipment,Services,West,761.17,400.6,360.57
SALE0008044,2025-12-21,CUST00177,Technology Hardware,Services,Southwest,3189.3,2155.26,1034.04
SALE0008045,2026-05-05,CUST00384,Industrial Equipment,Manufacturing,Southeast,3203.2,1980.56,1222.64
SALE0008046,2026-07-04,CUST00046,Professional Services,Distribution,Northeast,2902.84,1753.83,1149.01
SALE0008047,2025-11-25,CUST00216,Packaging Materials,Services,Midwest,1239.51,919.65,319.86
SALE0008048,2025-01-06,CUST00010,Packaging Materials,Services,Southwest,1183.2,840.38,342.82
SALE0008049,2025-11-07,CUST00147,Maintenance Supplies,Distribution,Southeast,832.24,563.86,268.38
SALE0008050,2026-03-06,CUST00110,Maintenance Supplies,Manufacturing,Midwest,1901.36,1063.67,837.69
SALE0008051,2025-12-14,CUST00038,Industrial Equipment,Services,Southeast,945.54,495.47,450.07
SALE0008052,2024-07-09,CUST00377,Manufacturing Components,Services,Southwest,892.07,655.61,236.46
SALE0008053,2026-05-08,CUST00219,Professional Services,Services,Northeast,1402.18,909.87,492.31
SALE0008054,2026-06-28,CUST00328,Professional Services,Services,Midwest,1348.17,778.39,569.78
SALE0008055,2025-04-26,CUST00325,Packaging Materials,Manufacturing,Northeast,1309.25,778.51,530.74
SALE0008056,2024-03-22,CUST00032,Maintenance Supplies,Manufacturing,West,2391.96,1551.33,840.63
SALE0008057,2024-08-23,CUST00127,Professional Services,Services,Southeast,1895.86,1142.8,753.06
SALE0008058,2025-02-07,CUST00044,Professional Services,Distribution,Southwest,1520.97,692.58,828.39
SALE0008059,2026-03-15,CUST00178,Safety Equipment,Manufacturing,Midwest,2017.89,1283.91,733.98
SALE0008060,2024-05-25,CUST00109,Safety Equipment,Services,Southeast,997.33,488.67,508.66
SALE0008061,2024-05-17,CUST00185,Professional Services,Distribution,Southwest,1925.94,1019.02,906.92
SALE0008062,2026-02-27,CUST00234,Maintenance Supplies,Distribution,Southwest,1979.03,998.3,980.73
SALE0008063,2025-11-21,CUST00085,Manufacturing Components,Services,West,733.75,404.83,328.92
SALE0008064,2025-06-22,CUST00096,Manufacturing Components,Manufacturing,Midwest,3285.97,2343.49,942.48
SALE0008065,2025-06-22,CUST00018,Safety Equipment,Services,Southwest,1065.44,578.22,487.22
SALE0008066,2024-07-13,CUST00299,Office Equipment,Services,West,1908.72,1163.12,745.6
SALE0008067,2025-05-15,CUST00259,Maintenance Supplies,Manufacturing,Northeast,3636.03,2227.45,1408.58
SALE0008068,2026-02-15,CUST00342,Maintenance Supplies,Distribution,Midwest,3150.78,2124.96,1025.82
SALE0008069,2026-07-10,CUST00355,Safety Equipment,Distribution,West,1845.67,1211.53,634.14
SALE0008070,2026-03-21,CUST00229,Professional Services,Manufacturing,Southwest,1454.62,913.82,540.8
SALE0008071,2025-08-13,CUST00370,Safety Equipment,Services,West,3192.33,2108.43,1083.9
SALE0008072,2024-06-30,CUST00124,Packaging Materials,Services,Northeast,2710.31,1647.51,1062.8
SALE0008073,2024-06-02,CUST00479,Technology Hardware,Distribution,Southwest,1247.6,932.25,315.35
SALE0008074,2024-03-24,CUST00365,Professional Services,Services,Midwest,1122.22,791.9,330.32
SALE0008075,2025-02-25,CUST00228,Professional Services,Services,Northeast,521.44,351.37,170.07
SALE0008076,2025-06-16,CUST00292,Office Equipment,Manufacturing,Southwest,1983.11,1483.56,499.55
SALE0008077,2026-02-03,CUST00448,Safety Equipment,Services,Midwest,1720.52,1248.84,471.68
SALE0008078,2025-09-25,CUST00400,Technology Hardware,Services,Southeast,3574.98,2379.49,1195.49
SALE0008079,2025-12-22,CUST00059,Technology Hardware,Services,Southwest,2242.69,1663.42,579.27
SALE0008080,2024-06-26,CUST00324,Technology Hardware,Services,Northeast,4026.04,2089.1,1936.94
SALE0008081,2024-03-30,CUST00236,Safety Equipment,Distribution,Southwest,1189.85,756.31,433.54
SALE0008082,2025-08-07,CUST00206,Safety Equipment,Services,West,3579.18,2064.31,1514.87
SALE0008083,2025-01-23,CUST00181,Maintenance Supplies,Services,West,1316.39,941.22,375.17
SALE0008084,2026-06-17,CUST00238,Manufacturing Components,Services,Southwest,2882.92,1724.1,1158.82
SALE0008085,2025-07-21,CUST00079,Packaging Materials,Manufacturing,Northeast,753.51,480.82,272.69
SALE0008086,2025-07-17,CUST00064,Industrial Equipment,Manufacturing,Northeast,2081.99,1385.42,696.57
SALE0008087,2026-01-30,CUST00259,Office Equipment,Services,Southwest,549.6,289.45,260.15
SALE0008088,2025-09-02,CUST00094,Technology Hardware,Manufacturing,Midwest,1540.28,719.79,820.49
SALE0008089,2025-05-15,CUST00175,Manufacturing Components,Distribution,West,2354.8,1288.1,1066.7
SALE0008090,2026-02-24,CUST00022,Office Equipment,Distribution,Northeast,1322.68,894.7,427.98
SALE0008091,2025-10-09,CUST00344,Industrial Equipment,Services,West,962.7,634.6,328.1
SALE0008092,2024-01-09,CUST00136,Technology Hardware,Services,Southwest,3003.91,1353.17,1650.74
SALE0008093,2026-07-10,CUST00081,Packaging Materials,Distribution,Midwest,1699.22,858.14,841.08
SALE0008094,2026-06-16,CUST00355,Office Equipment,Distribution,Midwest,1347.84,1001.16,346.68
SALE0008095,2025-12-21,CUST00318,Maintenance Supplies,Services,Southeast,1854.07,1201.01,653.06
SALE0008096,2026-05-23,CUST00177,Manufacturing Components,Distribution,Northeast,8795.55,4076.4,4719.15
SALE0008097,2025-08-23,CUST00381,Technology Hardware,Manufacturing,Southeast,3612.31,2129.18,1483.13
SALE0008098,2025-10-30,CUST00466,Maintenance Supplies,Manufacturing,Southeast,3632.02,1871.01,1761.01
SALE0008099,2024-12-01,CUST00222,Professional Services,Distribution,Southwest,2348.02,1220.04,1127.98
SALE0008100,2025-11-27,CUST00228,Safety Equipment,Distribution,Southeast,1997.98,1189.23,808.75
SALE0008101,2025-02-01,CUST00394,Technology Hardware,Services,Southwest,429.38,296.16,133.22
SALE0008102,2024-11-26,CUST00341,Manufacturing Components,Manufacturing,Midwest,1203.05,558.73,644.32
SALE0008103,2025-12-26,CUST00225,Manufacturing Components,Distribution,Northeast,1355.13,872.86,482.27
SALE0008104,2025-04-26,CUST00039,Packaging Materials,Services,Northeast,587.02,424.85,162.17
SALE0008105,2026-03-18,CUST00482,Industrial Equipment,Distribution,Midwest,902.84,518.12,384.72
SALE0008106,2025-02-07,CUST00363,Office Equipment,Services,Southwest,550.87,312.85,238.02
SALE0008107,2026-05-02,CUST00243,Packaging Materials,Services,Northeast,1766.94,1149.49,617.45
SALE0008108,2025-04-15,CUST00480,Packaging Materials,Distribution,Southeast,2955.02,1435.88,1519.14
SALE0008109,2025-01-12,CUST00257,Safety Equipment,Services,Northeast,3512.43,1991.6,1520.83
SALE0008110,2024-08-11,CUST00388,Safety Equipment,Distribution,West,2318.95,1150.41,1168.54
SALE0008111,2025-01-15,CUST00453,Technology Hardware,Distribution,West,1014.31,674.05,340.26
SALE0008112,2025-04-01,CUST00456,Office Equipment,Distribution,Southeast,567.23,379.08,188.15
SALE0008113,2024-11-23,CUST00243,Manufacturing Components,Services,Northeast,630.1,421.4,208.7
SALE0008114,2025-11-08,CUST00268,Safety Equipment,Services,West,844.39,506.44,337.95
SALE0008115,2024-10-31,CUST00431,Office Equipment,Distribution,Southwest,1060.7,735.6,325.1
SALE0008116,2026-02-06,CUST00482,Manufacturing Components,Manufacturing,Southwest,1642.79,1073.61,569.18
SALE0008117,2024-03-31,CUST00358,Safety Equipment,Services,Southwest,983.88,519.58,464.3
SALE0008118,2025-11-17,CUST00055,Office Equipment,Manufacturing,Southwest,2215.84,1616.7,599.14
SALE0008119,2024-12-07,CUST00153,Maintenance Supplies,Manufacturing,West,1572.84,893.91,678.93
SALE0008120,2026-06-07,CUST00299,Technology Hardware,Manufacturing,West,1819.52,1234.76,584.76
SALE0008121,2026-05-06,CUST00456,Office Equipment,Manufacturing,Northeast,3583.7,1974.86,1608.84
SALE0008122,2024-03-04,CUST00103,Office Equipment,Manufacturing,Northeast,890.57,574.94,315.63
SALE0008123,2026-03-22,CUST00184,Manufacturing Components,Distribution,Midwest,2324.41,1736.75,587.66
SALE0008124,2024-02-27,CUST00237,Industrial Equipment,Distribution,West,1792.95,1046.37,746.58
SALE0008125,2024-04-20,CUST00380,Technology Hardware,Manufacturing,Southwest,1480.16,706.22,773.94
SALE0008126,2026-02-05,CUST00344,Safety Equipment,Services,Southwest,3075.29,1966.76,1108.53
SALE0008127,2025-01-08,CUST00248,Packaging Materials,Services,Midwest,3063.79,2234.43,829.36
SALE0008128,2025-08-17,CUST00201,Professional Services,Distribution,Southwest,1024.65,691.42,333.23
SALE0008129,2025-12-14,CUST00185,Maintenance Supplies,Services,West,1620.85,759.14,861.71
SALE0008130,2025-08-21,CUST00019,Professional Services,Manufacturing,Southeast,2140.36,1421.77,718.59
SALE0008131,2025-12-11,CUST00310,Office Equipment,Services,West,1534.86,961.35,573.51
SALE0008132,2026-08-10,CUST00150,Packaging Materials,Distribution,Northeast,2568.33,1229.79,1338.54
SALE0008133,2024-02-20,CUST00294,Safety Equipment,Manufacturing,Northeast,2140.33,1384.92,755.41
SALE0008134,2024-08-05,CUST00201,Safety Equipment,Distribution,Midwest,5429.14,4040.27,1388.87
SALE0008135,2025-03-06,CUST00033,Safety Equipment,Distribution,West,721.86,329.11,392.75
SALE0008136,2026-05-14,CUST00039,Technology Hardware,Distribution,Southwest,1679.98,1026.0,653.98
SALE0008137,2024-03-26,CUST00380,Manufacturing Components,Services,Midwest,1048.27,689.72,358.55
SALE0008138,2024-06-25,CUST00331,Technology Hardware,Manufacturing,West,2597.91,1714.92,882.99
SALE0008139,2024-12-27,CUST00386,Manufacturing Components,Distribution,Southwest,685.19,472.06,213.13
SALE0008140,2025-11-13,CUST00187,Technology Hardware,Services,West,2225.61,1660.99,564.62
SALE0008141,2024-06-09,CUST00355,Technology Hardware,Distribution,Southeast,1238.89,615.16,623.73
SALE0008142,2025-12-08,CUST00285,Professional Services,Services,Northeast,1163.87,714.66,449.21
SALE0008143,2026-06-09,CUST00224,Safety Equipment,Manufacturing,Southeast,759.08,566.65,192.43
SALE0008144,2026-02-25,CUST00399,Packaging Materials,Services,Southeast,1367.79,676.17,691.62
SALE0008145,2026-03-27,CUST00487,Packaging Materials,Services,Southwest,3465.81,1804.51,1661.3
SALE0008146,2025-06-23,CUST00054,Technology Hardware,Services,Southeast,1780.92,1128.64,652.28
SALE0008147,2024-12-25,CUST00307,Office Equipment,Distribution,Southwest,2634.92,1820.33,814.59
SALE0008148,2026-08-23,CUST00270,Maintenance Supplies,Services,Southwest,4908.8,2439.65,2469.15
SALE0008149,2024-09-29,CUST00347,Technology Hardware,Distribution,Northeast,2118.05,1215.14,902.91
SALE0008150,2025-04-10,CUST00460,Safety Equipment,Manufacturing,Northeast,1293.0,847.35,445.65
SALE0008151,2026-08-03,CUST00282,Technology Hardware,Services,Northeast,2393.12,1769.64,623.48
SALE0008152,2025-06-22,CUST00479,Professional Services,Distribution,Southwest,1304.3,800.71,503.59
SALE0008153,2026-01-27,CUST00480,Technology Hardware,Manufacturing,Midwest,1335.88,725.58,610.3
SALE0008154,2025-07-09,CUST00007,Technology Hardware,Services,Northeast,726.37,351.08,375.29
SALE0008155,2024-04-21,CUST00464,Office Equipment,Distribution,West,3151.88,1419.77,1732.11
SALE0008156,2025-05-18,CUST00134,Maintenance Supplies,Distribution,Southwest,1434.25,991.23,443.02
SALE0008157,2024-03-22,CUST00229,Office Equipment,Distribution,Southeast,2016.78,1263.48,753.3
SALE0008158,2026-04-29,CUST00325,Maintenance Supplies,Distribution,Midwest,971.09,548.89,422.2
SALE0008159,2024-09-05,CUST00120,Maintenance Supplies,Distribution,Southwest,2348.59,1716.37,632.22
SALE0008160,2024-10-10,CUST00210,Safety Equipment,Manufacturing,Southwest,1144.63,770.48,374.15
SALE0008161,2025-08-14,CUST00076,Packaging Materials,Services,Southwest,1660.67,1192.78,467.89
SALE0008162,2026-07-30,CUST00258,Manufacturing Components,Services,Northeast,3061.61,2197.5,864.11
SALE0008163,2024-12-19,CUST00112,Professional Services,Distribution,Southeast,2905.78,1308.05,1597.73
SALE0008164,2025-07-16,CUST00256,Safety Equipment,Distribution,Midwest,1784.3,1277.24,507.06
SALE0008165,2024-02-21,CUST00085,Manufacturing Components,Services,Midwest,625.86,342.31,283.55
SALE0008166,2024-01-09,CUST00325,Industrial Equipment,Distribution,Southwest,10890.94,5944.79,4946.15
SALE0008167,2024-05-13,CUST00014,Professional Services,Services,West,5153.93,3481.3,1672.63
SALE0008168,2025-03-13,CUST00039,Maintenance Supplies,Distribution,West,2789.46,1392.37,1397.09
SALE0008169,2025-05-13,CUST00500,Office Equipment,Distribution,Northeast,1150.64,673.43,477.21
SALE0008170,2025-08-08,CUST00380,Technology Hardware,Services,Northeast,1688.92,1029.89,659.03
SALE0008171,2025-09-13,CUST00225,Maintenance Supplies,Distribution,Southeast,1304.99,805.17,499.82
SALE0008172,2025-02-02,CUST00105,Professional Services,Services,West,3859.58,2241.46,1618.12
SALE0008173,2025-06-23,CUST00231,Maintenance Supplies,Services,West,2116.46,1174.68,941.78
SALE0008174,2025-11-30,CUST00463,Technology Hardware,Distribution,Northeast,1129.47,738.66,390.81
SALE0008175,2024-09-07,CUST00324,Maintenance Supplies,Distribution,Midwest,1363.14,659.72,703.42
SALE0008176,2026-03-22,CUST00478,Office Equipment,Manufacturing,Southwest,3542.94,2362.55,1180.39
SALE0008177,2024-09-05,CUST00164,Packaging Materials,Distribution,Southwest,4722.34,3321.11,1401.23
SALE0008178,2024-09-13,CUST00248,Maintenance Supplies,Manufacturing,Southwest,4523.31,2683.42,1839.89
SALE0008179,2025-10-17,CUST00073,Safety Equipment,Services,Midwest,2847.56,1416.21,1431.35
SALE0008180,2025-06-11,CUST00190,Office Equipment,Manufacturing,West,1553.75,911.32,642.43
SALE0008181,2024-03-24,CUST00388,Professional Services,Distribution,Midwest,258.55,188.31,70.24
SALE0008182,2025-05-19,CUST00343,Safety Equipment,Manufacturing,Southeast,2160.93,1356.61,804.32
SALE0008183,2026-04-13,CUST00328,Industrial Equipment,Manufacturing,Midwest,1806.06,1134.92,671.14
SALE0008184,2025-08-26,CUST00147,Technology Hardware,Services,Northeast,1966.46,892.16,1074.3
SALE0008185,2025-03-24,CUST00165,Technology Hardware,Distribution,Northeast,1867.47,969.28,898.19
SALE0008186,2024-11-26,CUST00035,Safety Equipment,Distribution,Midwest,815.86,545.65,270.21
SALE0008187,2026-08-05,CUST00210,Packaging Materials,Services,Southwest,2526.13,1276.89,1249.24
SALE0008188,2024-04-15,CUST00097,Safety Equipment,Manufacturing,Northeast,2642.1,1966.26,675.84
SALE0008189,2026-03-04,CUST00209,Technology Hardware,Manufacturing,Southeast,2722.77,2024.93,697.84
SALE0008190,2025-01-15,CUST00100,Technology Hardware,Services,Southwest,3190.54,2275.44,915.1
SALE0008191,2024-11-17,CUST00421,Industrial Equipment,Services,Southwest,2597.83,1895.92,701.91
SALE0008192,2026-04-10,CUST00096,Manufacturing Components,Services,Southwest,1413.72,702.52,711.2
SALE0008193,2026-07-27,CUST00251,Professional Services,Services,Midwest,1732.81,779.81,953.0
SALE0008194,2025-10-10,CUST00334,Packaging Materials,Services,Southwest,1909.65,1129.0,780.65
SALE0008195,2024-07-13,CUST00481,Office Equipment,Manufacturing,Northeast,1928.74,1137.03,791.71
SALE0008196,2025-08-25,CUST00234,Safety Equipment,Services,West,3290.95,2401.04,889.91
SALE0008197,2026-01-12,CUST00224,Office Equipment,Distribution,Northeast,2660.32,1394.48,1265.84
SALE0008198,2025-08-05,CUST00292,Professional Services,Services,Midwest,6288.05,3771.92,2516.13
SALE0008199,2026-08-10,CUST00006,Industrial Equipment,Services,Midwest,6794.59,3740.37,3054.22
SALE0008200,2024-10-11,CUST00339,Industrial Equipment,Distribution,Southeast,1896.55,1420.11,476.44
SALE0008201,2025-09-07,CUST00484,Industrial Equipment,Services,Northeast,180.91,103.1,77.81
SALE0008202,2024-01-18,CUST00314,Safety Equipment,Services,Southeast,3797.5,2767.33,1030.17
SALE0008203,2025-12-07,CUST00208,Technology Hardware,Manufacturing,Southwest,1307.37,960.75,346.62
SALE0008204,2025-06-13,CUST00149,Office Equipment,Manufacturing,Northeast,1117.79,556.1,561.69
SALE0008205,2024-12-06,CUST00344,Manufacturing Components,Services,Midwest,1423.58,905.89,517.69
SALE0008206,2025-03-11,CUST00035,Professional Services,Distribution,Midwest,1383.01,829.75,553.26
SALE0008207,2024-07-27,CUST00431,Professional Services,Manufacturing,Midwest,2610.67,1632.23,978.44
SALE0008208,2026-03-31,CUST00284,Manufacturing Components,Services,West,709.34,454.87,254.47
SALE0008209,2026-03-16,CUST00284,Professional Services,Services,Northeast,947.06,666.63,280.43
SALE0008210,2025-06-02,CUST00156,Industrial Equipment,Distribution,Midwest,2221.4,1446.97,774.43
SALE0008211,2025-12-29,CUST00103,Industrial Equipment,Distribution,Southeast,2627.44,1430.97,1196.47
SALE0008212,2026-01-29,CUST00317,Professional Services,Manufacturing,Southwest,2656.93,1507.98,1148.95
SALE0008213,2025-06-18,CUST00318,Technology Hardware,Manufacturing,Southwest,1127.52,580.76,546.76
SALE0008214,2026-01-28,CUST00013,Technology Hardware,Manufacturing,Southeast,1005.3,662.96,342.34
SALE0008215,2026-05-22,CUST00311,Office Equipment,Distribution,Southeast,1334.11,618.54,715.57
SALE0008216,2024-03-07,CUST00274,Manufacturing Components,Distribution,Southwest,2087.92,1427.81,660.11
SALE0008217,2025-07-14,CUST00231,Industrial Equipment,Manufacturing,Southwest,4408.49,2304.32,2104.17
SALE0008218,2026-06-04,CUST00480,Technology Hardware,Manufacturing,Southwest,529.29,388.13,141.16
SALE0008219,2025-08-05,CUST00286,Packaging Materials,Manufacturing,Midwest,1583.77,1129.59,454.18
SALE0008220,2026-01-12,CUST00159,Manufacturing Components,Manufacturing,Southwest,812.73,505.56,307.17
SALE0008221,2024-04-15,CUST00002,Office Equipment,Services,Southeast,670.92,398.41,272.51
SALE0008222,2025-08-02,CUST00491,Technology Hardware,Services,Southeast,3229.8,1487.65,1742.15
SALE0008223,2024-02-04,CUST00134,Safety Equipment,Distribution,West,2506.83,1434.91,1071.92
SALE0008224,2026-08-09,CUST00227,Packaging Materials,Manufacturing,West,2367.67,1153.26,1214.41
SALE0008225,2025-02-08,CUST00342,Office Equipment,Manufacturing,Southwest,3142.0,1815.04,1326.96
SALE0008226,2025-05-01,CUST00479,Technology Hardware,Services,Midwest,1355.83,805.67,550.16
SALE0008227,2025-04-04,CUST00377,Technology Hardware,Distribution,Northeast,1394.68,955.91,438.77
SALE0008228,2026-04-10,CUST00484,Professional Services,Distribution,Southeast,6710.56,3025.8,3684.76
SALE0008229,2024-12-28,CUST00151,Industrial Equipment,Manufacturing,Midwest,1559.4,1158.89,400.51
SALE0008230,2025-12-05,CUST00384,Manufacturing Components,Manufacturing,West,2810.39,1960.31,850.08
SALE0008231,2026-07-22,CUST00167,Professional Services,Manufacturing,Southeast,1814.98,991.06,823.92
SALE0008232,2024-12-16,CUST00150,Technology Hardware,Distribution,Southeast,596.48,355.1,241.38
SALE0008233,2024-02-17,CUST00079,Maintenance Supplies,Manufacturing,Northeast,530.18,322.31,207.87
SALE0008234,2026-03-23,CUST00190,Industrial Equipment,Distribution,Midwest,1277.44,684.55,592.89
SALE0008235,2025-08-16,CUST00208,Office Equipment,Manufacturing,West,3407.25,1783.38,1623.87
SALE0008236,2025-11-18,CUST00393,Manufacturing Components,Manufacturing,Midwest,2901.48,1409.15,1492.33
SALE0008237,2025-10-12,CUST00196,Office Equipment,Manufacturing,Southeast,3128.93,1752.25,1376.68
SALE0008238,2025-10-25,CUST00361,Maintenance Supplies,Distribution,Midwest,1000.02,535.37,464.65
SALE0008239,2024-02-16,CUST00447,Maintenance Supplies,Distribution,West,4767.24,2205.46,2561.78
SALE0008240,2024-11-04,CUST00329,Packaging Materials,Manufacturing,Southwest,1013.4,466.34,547.06
SALE0008241,2024-01-24,CUST00457,Industrial Equipment,Services,Southwest,2054.31,1174.74,879.57
SALE0008242,2024-11-13,CUST00158,Safety Equipment,Distribution,Southwest,1796.85,1135.78,661.07
SALE0008243,2025-10-26,CUST00357,Industrial Equipment,Services,Southeast,1628.93,903.22,725.71
SALE0008244,2026-03-18,CUST00109,Safety Equipment,Distribution,Midwest,4036.59,2610.16,1426.43
SALE0008245,2025-05-13,CUST00085,Maintenance Supplies,Distribution,Midwest,1184.33,582.73,601.6
SALE0008246,2026-02-28,CUST00381,Manufacturing Components,Distribution,Northeast,804.51,485.12,319.39
SALE0008247,2025-06-20,CUST00121,Technology Hardware,Manufacturing,Midwest,1829.86,1223.93,605.93
SALE0008248,2026-06-11,CUST00095,Maintenance Supplies,Distribution,West,1422.4,914.39,508.01
SALE0008249,2025-10-07,CUST00209,Office Equipment,Services,Southeast,13717.53,9587.74,4129.79
SALE0008250,2025-11-18,CUST00395,Industrial Equipment,Services,Northeast,2713.26,1715.43,997.83
SALE0008251,2024-09-23,CUST00303,Industrial Equipment,Distribution,West,1414.31,787.9,626.41
SALE0008252,2026-06-07,CUST00410,Office Equipment,Distribution,Southeast,959.42,650.66,308.76
SALE0008253,2026-05-12,CUST00155,Industrial Equipment,Services,West,585.13,318.81,266.32
SALE0008254,2025-01-20,CUST00225,Industrial Equipment,Services,West,977.37,471.92,505.45
SALE0008255,2025-05-29,CUST00108,Manufacturing Components,Distribution,Northeast,1937.13,1421.01,516.12
SALE0008256,2025-08-27,CUST00060,Office Equipment,Distribution,West,4257.33,2555.78,1701.55
SALE0008257,2026-07-21,CUST00115,Industrial Equipment,Manufacturing,West,3544.01,2191.21,1352.8
SALE0008258,2024-10-28,CUST00056,Packaging Materials,Services,Northeast,2074.46,1169.83,904.63
SALE0008259,2025-01-08,CUST00196,Maintenance Supplies,Distribution,Midwest,1489.36,694.63,794.73
SALE0008260,2026-08-07,CUST00079,Technology Hardware,Distribution,Southeast,2124.49,1216.6,907.89
SALE0008261,2024-04-24,CUST00179,Safety Equipment,Distribution,Northeast,1324.54,657.55,666.99
SALE0008262,2024-05-10,CUST00304,Professional Services,Distribution,Southeast,5069.61,2952.6,2117.01
SALE0008263,2026-02-27,CUST00403,Technology Hardware,Distribution,West,1614.02,1146.08,467.94
SALE0008264,2026-08-22,CUST00144,Technology Hardware,Manufacturing,West,1716.77,931.73,785.04
SALE0008265,2024-03-02,CUST00332,Professional Services,Manufacturing,Southwest,478.43,305.84,172.59
SALE0008266,2026-07-14,CUST00113,Manufacturing Components,Distribution,Southwest,1607.99,835.29,772.7
SALE0008267,2024-04-06,CUST00019,Maintenance Supplies,Manufacturing,Southwest,2986.6,2179.77,806.83
SALE0008268,2026-08-18,CUST00043,Maintenance Supplies,Distribution,Southwest,952.76,698.49,254.27
SALE0008269,2024-03-30,CUST00171,Industrial Equipment,Distribution,Midwest,1152.36,828.54,323.82
SALE0008270,2026-02-23,CUST00095,Office Equipment,Distribution,Midwest,2909.18,1400.59,1508.59
SALE0008271,2024-12-19,CUST00257,Packaging Materials,Services,Southwest,745.46,488.02,257.44
SALE0008272,2026-01-26,CUST00373,Technology Hardware,Distribution,Northeast,3410.73,2144.74,1265.99
SALE0008273,2025-11-06,CUST00294,Manufacturing Components,Manufacturing,Southwest,1313.85,856.56,457.29
SALE0008274,2025-07-25,CUST00305,Professional Services,Distribution,Southeast,1432.05,663.56,768.49
SALE0008275,2024-01-22,CUST00416,Safety Equipment,Distribution,Southeast,921.2,581.17,340.03
SALE0008276,2025-08-31,CUST00167,Packaging Materials,Distribution,Southeast,2268.39,1287.66,980.73
SALE0008277,2026-04-16,CUST00214,Industrial Equipment,Services,Southwest,7910.32,4687.39,3222.93
SALE0008278,2024-10-15,CUST00062,Maintenance Supplies,Distribution,Midwest,2889.67,1872.42,1017.25
SALE0008279,2026-05-15,CUST00139,Industrial Equipment,Manufacturing,Southwest,1076.46,730.78,345.68
SALE0008280,2025-12-11,CUST00181,Safety Equipment,Distribution,Southeast,3573.76,1741.11,1832.65
SALE0008281,2024-11-29,CUST00198,Manufacturing Components,Services,Southeast,1495.17,831.26,663.91
SALE0008282,2024-05-26,CUST00221,Packaging Materials,Manufacturing,Southeast,4124.46,2867.23,1257.23
SALE0008283,2025-06-30,CUST00063,Technology Hardware,Distribution,Northeast,2933.66,1545.3,1388.36
SALE0008284,2026-05-12,CUST00342,Technology Hardware,Distribution,Southeast,309.24,139.98,169.26
SALE0008285,2026-06-10,CUST00186,Packaging Materials,Distribution,Midwest,989.85,732.81,257.04
SALE0008286,2024-01-07,CUST00463,Industrial Equipment,Services,Midwest,3186.35,1785.43,1400.92
SALE0008287,2025-10-24,CUST00473,Packaging Materials,Services,Northeast,1980.28,1412.03,568.25
SALE0008288,2025-03-25,CUST00037,Packaging Materials,Distribution,Southeast,978.23,486.09,492.14
SALE0008289,2024-07-29,CUST00355,Packaging Materials,Services,West,1236.26,670.12,566.14
SALE0008290,2024-08-04,CUST00480,Manufacturing Components,Services,Southeast,576.09,343.7,232.39
SALE0008291,2024-06-04,CUST00082,Professional Services,Manufacturing,Southeast,1714.67,980.81,733.86
SALE0008292,2024-06-07,CUST00065,Professional Services,Distribution,Southwest,6811.81,4860.37,1951.44
SALE0008293,2025-03-25,CUST00452,Technology Hardware,Services,West,2930.59,1574.98,1355.61
SALE0008294,2026-05-30,CUST00325,Maintenance Supplies,Distribution,West,6729.46,3277.83,3451.63
SALE0008295,2025-04-02,CUST00235,Maintenance Supplies,Services,Southeast,3070.02,1971.11,1098.91
SALE0008296,2025-08-11,CUST00311,Safety Equipment,Manufacturing,Southeast,3349.24,1798.07,1551.17
SALE0008297,2025-03-03,CUST00327,Professional Services,Manufacturing,Southwest,5910.27,3526.63,2383.64
SALE0008298,2025-02-22,CUST00364,Industrial Equipment,Services,Midwest,2267.33,1363.55,903.78
SALE0008299,2024-08-23,CUST00217,Professional Services,Services,West,1615.93,923.18,692.75
SALE0008300,2024-08-02,CUST00017,Safety Equipment,Manufacturing,Southwest,3359.66,2281.13,1078.53
SALE0008301,2024-05-06,CUST00365,Safety Equipment,Manufacturing,Southwest,4325.59,3116.94,1208.65
SALE0008302,2025-04-05,CUST00175,Safety Equipment,Distribution,Northeast,1355.63,852.78,502.85
SALE0008303,2026-07-26,CUST00349,Safety Equipment,Manufacturing,Southeast,1172.69,600.67,572.02
SALE0008304,2024-04-14,CUST00408,Manufacturing Components,Services,Northeast,1965.13,1269.98,695.15
SALE0008305,2024-04-17,CUST00144,Industrial Equipment,Manufacturing,Southeast,2977.68,1695.5,1282.18
SALE0008306,2025-03-09,CUST00030,Manufacturing Components,Services,Southeast,2918.59,1431.72,1486.87
SALE0008307,2025-05-27,CUST00355,Technology Hardware,Manufacturing,Northeast,769.31,468.16,301.15
SALE0008308,2024-04-22,CUST00397,Safety Equipment,Services,Southwest,5692.83,3165.69,2527.14
SALE0008309,2025-07-11,CUST00185,Professional Services,Manufacturing,Midwest,1230.65,889.42,341.23
SALE0008310,2026-04-08,CUST00163,Manufacturing Components,Manufacturing,Southwest,1542.19,734.05,808.14
SALE0008311,2026-03-04,CUST00257,Office Equipment,Manufacturing,Southeast,1051.96,607.92,444.04
SALE0008312,2026-01-02,CUST00031,Maintenance Supplies,Distribution,Northeast,9127.05,5147.81,3979.24
SALE0008313,2026-08-31,CUST00468,Packaging Materials,Manufacturing,Midwest,2090.68,1029.33,1061.35
SALE0008314,2026-06-02,CUST00283,Packaging Materials,Manufacturing,Midwest,1085.09,798.16,286.93
SALE0008315,2024-04-17,CUST00282,Packaging Materials,Distribution,Northeast,3036.18,1947.7,1088.48
SALE0008316,2026-08-23,CUST00126,Technology Hardware,Manufacturing,Southwest,2868.32,1972.32,896.0
SALE0008317,2024-05-08,CUST00272,Maintenance Supplies,Manufacturing,Northeast,1615.44,758.48,856.96
SALE0008318,2024-11-26,CUST00433,Professional Services,Services,Northeast,2994.0,2125.54,868.46
SALE0008319,2025-02-08,CUST00315,Manufacturing Components,Manufacturing,West,1101.94,540.82,561.12
SALE0008320,2025-09-18,CUST00182,Packaging Materials,Distribution,West,1345.13,798.04,547.09
SALE0008321,2025-02-09,CUST00192,Industrial Equipment,Services,Southeast,541.24,311.49,229.75
SALE0008322,2025-03-04,CUST00391,Office Equipment,Services,Southeast,816.99,503.02,313.97
SALE0008323,2024-04-26,CUST00227,Safety Equipment,Distribution,Southeast,5348.54,2873.63,2474.91
SALE0008324,2024-02-25,CUST00499,Professional Services,Manufacturing,Midwest,4840.91,2941.51,1899.4
SALE0008325,2026-02-11,CUST00010,Safety Equipment,Services,Northeast,1880.84,957.92,922.92
SALE0008326,2025-09-09,CUST00080,Industrial Equipment,Manufacturing,Midwest,4903.77,3521.39,1382.38
SALE0008327,2026-05-15,CUST00341,Office Equipment,Manufacturing,Southwest,1642.47,1128.61,513.86
SALE0008328,2026-03-26,CUST00004,Packaging Materials,Services,Midwest,1562.36,721.61,840.75
SALE0008329,2025-05-19,CUST00423,Technology Hardware,Services,Southwest,1870.4,1001.83,868.57
SALE0008330,2025-09-30,CUST00274,Packaging Materials,Manufacturing,Southeast,1677.48,1018.28,659.2
SALE0008331,2024-06-21,CUST00273,Manufacturing Components,Distribution,Southeast,1589.04,935.24,653.8
SALE0008332,2024-06-05,CUST00424,Safety Equipment,Manufacturing,Southeast,3590.47,2257.75,1332.72
SALE0008333,2025-08-11,CUST00348,Packaging Materials,Distribution,Midwest,1978.47,1159.49,818.98
SALE0008334,2024-02-08,CUST00304,Safety Equipment,Services,Midwest,2772.46,1340.87,1431.59
SALE0008335,2025-05-16,CUST00189,Maintenance Supplies,Manufacturing,Northeast,3357.08,2287.03,1070.05
SALE0008336,2025-06-02,CUST00404,Maintenance Supplies,Distribution,West,2282.24,1394.68,887.56
SALE0008337,2024-10-01,CUST00027,Industrial Equipment,Distribution,West,1010.13,592.3,417.83
SALE0008338,2024-06-26,CUST00139,Office Equipment,Manufacturing,Southwest,802.94,538.72,264.22
SALE0008339,2025-02-24,CUST00428,Safety Equipment,Distribution,Midwest,1976.87,1474.94,501.93
SALE0008340,2025-01-03,CUST00333,Technology Hardware,Services,Northeast,1631.49,1212.88,418.61
SALE0008341,2024-10-13,CUST00173,Safety Equipment,Services,Southwest,1905.38,1332.76,572.62
SALE0008342,2025-01-04,CUST00448,Professional Services,Services,Southwest,1790.71,826.61,964.1
SALE0008343,2024-02-02,CUST00028,Safety Equipment,Manufacturing,Southwest,8519.77,5411.09,3108.68
SALE0008344,2026-03-19,CUST00323,Manufacturing Components,Manufacturing,Midwest,813.92,401.62,412.3
SALE0008345,2025-08-24,CUST00002,Maintenance Supplies,Manufacturing,Southeast,547.87,362.68,185.19
SALE0008346,2024-08-30,CUST00388,Technology Hardware,Services,Southwest,2207.08,1066.01,1141.07
SALE0008347,2025-08-17,CUST00010,Manufacturing Components,Manufacturing,Northeast,1442.52,831.12,611.4
SALE0008348,2024-11-15,CUST00047,Safety Equipment,Manufacturing,Midwest,2185.59,1249.53,936.06
SALE0008349,2024-07-09,CUST00480,Office Equipment,Manufacturing,Southeast,2566.58,1160.45,1406.13
SALE0008350,2026-04-08,CUST00028,Safety Equipment,Manufacturing,Southwest,3906.76,2896.97,1009.79
SALE0008351,2026-01-31,CUST00390,Office Equipment,Distribution,Southeast,731.92,390.04,341.88
SALE0008352,2024-08-24,CUST00049,Maintenance Supplies,Manufacturing,West,1294.62,628.01,666.61
SALE0008353,2024-06-08,CUST00004,Manufacturing Components,Distribution,Northeast,2338.48,1185.82,1152.66
SALE0008354,2025-12-08,CUST00309,Maintenance Supplies,Distribution,Southwest,2870.61,1678.34,1192.27
SALE0008355,2026-08-01,CUST00024,Technology Hardware,Manufacturing,West,6741.72,4527.34,2214.38
SALE0008356,2025-11-12,CUST00186,Industrial Equipment,Services,Northeast,3208.06,2056.53,1151.53
SALE0008357,2025-09-04,CUST00006,Industrial Equipment,Distribution,Southwest,1747.47,1256.07,491.4
SALE0008358,2026-02-28,CUST00415,Safety Equipment,Services,Midwest,1059.7,617.06,442.64
SALE0008359,2024-06-10,CUST00116,Technology Hardware,Services,Midwest,1288.75,890.23,398.52
SALE0008360,2024-03-30,CUST00222,Safety Equipment,Distribution,Southeast,1266.96,749.47,517.49
SALE0008361,2024-09-27,CUST00334,Industrial Equipment,Manufacturing,Southeast,2678.84,1293.42,1385.42
SALE0008362,2026-04-05,CUST00270,Office Equipment,Distribution,Northeast,2109.48,1536.83,572.65
SALE0008363,2024-02-25,CUST00168,Office Equipment,Manufacturing,Southeast,817.14,465.0,352.14
SALE0008364,2024-10-28,CUST00496,Safety Equipment,Distribution,Southwest,1391.95,869.04,522.91
SALE0008365,2025-03-26,CUST00042,Maintenance Supplies,Services,Northeast,3061.1,1785.04,1276.06
SALE0008366,2025-01-11,CUST00256,Technology Hardware,Manufacturing,Southeast,2232.77,1320.12,912.65
SALE0008367,2024-05-11,CUST00443,Professional Services,Services,Midwest,2543.22,1688.71,854.51
SALE0008368,2024-06-16,CUST00063,Technology Hardware,Services,Southwest,2275.04,1292.52,982.52
SALE0008369,2026-08-24,CUST00320,Manufacturing Components,Distribution,West,4797.54,3472.48,1325.06
SALE0008370,2026-06-01,CUST00245,Manufacturing Components,Distribution,Northeast,2083.13,1093.19,989.94
SALE0008371,2024-04-05,CUST00084,Maintenance Supplies,Manufacturing,Southeast,1434.23,674.1,760.13
SALE0008372,2024-10-26,CUST00257,Maintenance Supplies,Distribution,Midwest,1043.72,689.39,354.33
SALE0008373,2025-03-02,CUST00039,Safety Equipment,Distribution,Northeast,2100.15,1222.04,878.11
SALE0008374,2026-08-03,CUST00459,Maintenance Supplies,Manufacturing,West,418.04,281.06,136.98
SALE0008375,2026-07-01,CUST00350,Office Equipment,Distribution,West,1618.78,1176.23,442.55
SALE0008376,2024-11-24,CUST00484,Technology Hardware,Services,Northeast,1597.98,867.83,730.15
SALE0008377,2025-07-09,CUST00380,Industrial Equipment,Manufacturing,Midwest,797.37,442.99,354.38
SALE0008378,2024-01-08,CUST00333,Manufacturing Components,Distribution,Southwest,1035.92,743.62,292.3
SALE0008379,2026-06-23,CUST00237,Industrial Equipment,Distribution,Northeast,2938.91,2121.62,817.29
SALE0008380,2024-07-30,CUST00019,Manufacturing Components,Manufacturing,Southeast,2076.48,1339.49,736.99
SALE0008381,2025-04-07,CUST00114,Manufacturing Components,Services,West,1921.91,987.79,934.12
SALE0008382,2025-10-08,CUST00045,Professional Services,Manufacturing,Northeast,2172.88,1517.7,655.18
SALE0008383,2026-08-18,CUST00163,Professional Services,Services,Southwest,1911.37,1000.25,911.12
SALE0008384,2025-01-01,CUST00217,Maintenance Supplies,Manufacturing,Northeast,3811.27,2807.02,1004.25
SALE0008385,2024-03-06,CUST00341,Technology Hardware,Distribution,Southeast,1947.02,1208.95,738.07
SALE0008386,2026-03-10,CUST00030,Professional Services,Services,Southeast,753.76,429.37,324.39
SALE0008387,2026-05-22,CUST00063,Office Equipment,Distribution,Southeast,4808.2,2583.31,2224.89
SALE0008388,2024-10-04,CUST00089,Maintenance Supplies,Services,Northeast,2257.93,1532.44,725.49
SALE0008389,2026-05-06,CUST00450,Professional Services,Distribution,Midwest,1269.59,617.82,651.77
SALE0008390,2025-11-05,CUST00224,Packaging Materials,Distribution,West,852.32,484.74,367.58
SALE0008391,2024-05-29,CUST00488,Industrial Equipment,Services,Southwest,2292.84,1119.09,1173.75
SALE0008392,2026-07-05,CUST00151,Packaging Materials,Services,Northeast,1685.3,1260.33,424.97
SALE0008393,2026-03-26,CUST00472,Maintenance Supplies,Distribution,Northeast,4649.37,2202.73,2446.64
SALE0008394,2024-08-17,CUST00487,Technology Hardware,Manufacturing,Midwest,1469.17,889.66,579.51
SALE0008395,2025-09-20,CUST00143,Office Equipment,Distribution,Midwest,1093.97,541.12,552.85
SALE0008396,2024-05-30,CUST00386,Professional Services,Distribution,Southwest,3094.8,1452.66,1642.14
SALE0008397,2024-09-20,CUST00390,Safety Equipment,Manufacturing,Southwest,3150.04,1724.41,1425.63
SALE0008398,2026-02-09,CUST00298,Technology Hardware,Manufacturing,Southwest,2000.58,1420.13,580.45
SALE0008399,2024-02-04,CUST00331,Maintenance Supplies,Manufacturing,Northeast,2713.01,1854.99,858.02
SALE0008400,2025-12-08,CUST00244,Manufacturing Components,Manufacturing,Midwest,1767.62,1262.96,504.66
SALE0008401,2025-10-18,CUST00454,Safety Equipment,Services,Northeast,2080.41,1201.62,878.79
SALE0008402,2026-02-14,CUST00485,Professional Services,Services,West,3637.29,2382.71,1254.58
SALE0008403,2026-05-18,CUST00328,Professional Services,Services,Southwest,2631.19,1723.91,907.28
SALE0008404,2025-08-13,CUST00384,Technology Hardware,Distribution,Southwest,1633.43,1144.52,488.91
SALE0008405,2024-02-24,CUST00410,Safety Equipment,Manufacturing,Midwest,4070.08,1967.65,2102.43
SALE0008406,2024-04-19,CUST00166,Maintenance Supplies,Services,Midwest,437.5,288.16,149.34
SALE0008407,2025-05-15,CUST00256,Safety Equipment,Manufacturing,Midwest,6193.43,3356.42,2837.01
SALE0008408,2025-12-19,CUST00336,Professional Services,Manufacturing,Southwest,649.64,335.78,313.86
SALE0008409,2026-02-16,CUST00018,Manufacturing Components,Services,Southwest,1241.09,783.0,458.09
SALE0008410,2025-05-29,CUST00080,Technology Hardware,Manufacturing,Northeast,1764.19,1202.35,561.84
SALE0008411,2025-11-12,CUST00360,Professional Services,Distribution,Northeast,1655.92,1146.88,509.04
SALE0008412,2024-09-17,CUST00408,Safety Equipment,Distribution,Northeast,3307.17,2464.0,843.17
SALE0008413,2024-03-25,CUST00060,Technology Hardware,Services,Southwest,958.43,693.5,264.93
SALE0008414,2025-07-24,CUST00230,Maintenance Supplies,Services,Northeast,2114.26,1314.41,799.85
SALE0008415,2026-01-25,CUST00087,Industrial Equipment,Distribution,Midwest,1278.03,812.89,465.14
SALE0008416,2024-02-03,CUST00248,Packaging Materials,Services,Northeast,2158.32,1359.07,799.25
SALE0008417,2025-06-27,CUST00374,Packaging Materials,Distribution,Southwest,1739.12,921.86,817.26
SALE0008418,2025-06-01,CUST00485,Safety Equipment,Services,West,1911.73,888.74,1022.99
SALE0008419,2025-09-12,CUST00089,Maintenance Supplies,Manufacturing,Southwest,1299.9,832.63,467.27
SALE0008420,2026-08-20,CUST00047,Technology Hardware,Distribution,Northeast,1331.37,852.92,478.45
SALE0008421,2026-04-11,CUST00371,Office Equipment,Manufacturing,Southwest,2148.15,1411.33,736.82
SALE0008422,2025-06-09,CUST00457,Industrial Equipment,Services,West,3185.07,2050.63,1134.44
SALE0008423,2026-01-23,CUST00028,Office Equipment,Services,Southeast,1262.73,850.5,412.23
SALE0008424,2024-04-01,CUST00077,Manufacturing Components,Distribution,West,1073.56,728.56,345.0
SALE0008425,2024-12-06,CUST00450,Packaging Materials,Manufacturing,Southeast,2612.53,1647.99,964.54
SALE0008426,2024-09-04,CUST00095,Technology Hardware,Distribution,Southwest,1773.12,1306.21,466.91
SALE0008427,2025-05-25,CUST00002,Safety Equipment,Services,Midwest,2975.89,1461.46,1514.43
SALE0008428,2026-08-23,CUST00220,Manufacturing Components,Distribution,Southeast,1049.98,710.84,339.14
SALE0008429,2025-12-06,CUST00060,Maintenance Supplies,Manufacturing,Southeast,621.62,365.6,256.02
SALE0008430,2024-10-12,CUST00255,Professional Services,Manufacturing,Southeast,1313.17,902.6,410.57
SALE0008431,2024-07-25,CUST00252,Safety Equipment,Services,Southwest,1141.6,621.79,519.81
SALE0008432,2026-06-02,CUST00465,Manufacturing Components,Services,Midwest,1724.56,907.66,816.9
SALE0008433,2026-01-09,CUST00312,Maintenance Supplies,Manufacturing,Northeast,1233.85,611.15,622.7
SALE0008434,2025-03-25,CUST00459,Professional Services,Distribution,Northeast,2820.33,1771.66,1048.67
SALE0008435,2025-01-13,CUST00234,Manufacturing Components,Services,West,1520.98,980.8,540.18
SALE0008436,2024-10-21,CUST00026,Technology Hardware,Services,Southeast,1978.88,975.67,1003.21
SALE0008437,2025-11-10,CUST00407,Technology Hardware,Manufacturing,Northeast,1987.4,1466.26,521.14
SALE0008438,2026-06-03,CUST00187,Technology Hardware,Services,West,2032.4,1381.68,650.72
SALE0008439,2025-05-18,CUST00410,Safety Equipment,Distribution,Midwest,1782.06,1066.23,715.83
SALE0008440,2025-11-18,CUST00251,Safety Equipment,Distribution,West,2456.17,1682.75,773.42
SALE0008441,2024-12-22,CUST00114,Manufacturing Components,Distribution,Northeast,1121.71,657.49,464.22
SALE0008442,2024-05-10,CUST00044,Safety Equipment,Distribution,Northeast,4186.63,2616.22,1570.41
SALE0008443,2024-04-14,CUST00326,Manufacturing Components,Manufacturing,Southeast,1568.82,1016.46,552.36
SALE0008444,2024-02-21,CUST00244,Technology Hardware,Manufacturing,Midwest,823.09,396.79,426.3
SALE0008445,2026-08-26,CUST00023,Packaging Materials,Distribution,Southwest,2024.03,1375.29,648.74
SALE0008446,2025-08-13,CUST00269,Maintenance Supplies,Services,Northeast,1084.95,579.01,505.94
SALE0008447,2024-06-23,CUST00422,Packaging Materials,Manufacturing,Southeast,2695.13,1383.51,1311.62
SALE0008448,2026-05-26,CUST00018,Professional Services,Manufacturing,West,6807.39,3410.76,3396.63
SALE0008449,2026-02-09,CUST00361,Professional Services,Manufacturing,West,1127.84,616.39,511.45
SALE0008450,2024-11-07,CUST00426,Manufacturing Components,Manufacturing,Southwest,2207.08,1130.38,1076.7
SALE0008451,2024-01-13,CUST00500,Technology Hardware,Services,Southwest,630.62,469.93,160.69
SALE0008452,2025-06-15,CUST00317,Packaging Materials,Manufacturing,Southeast,2374.03,1214.39,1159.64
SALE0008453,2026-08-30,CUST00218,Packaging Materials,Manufacturing,Southwest,1062.7,793.02,269.68
SALE0008454,2025-10-27,CUST00004,Safety Equipment,Distribution,Northeast,1242.77,579.41,663.36
SALE0008455,2025-01-16,CUST00119,Manufacturing Components,Distribution,West,933.77,450.09,483.68
SALE0008456,2024-11-04,CUST00307,Safety Equipment,Services,Northeast,2805.37,1489.62,1315.75
SALE0008457,2024-07-21,CUST00143,Professional Services,Services,Southeast,3308.94,1930.03,1378.91
SALE0008458,2025-07-10,CUST00115,Safety Equipment,Distribution,Northeast,1833.59,892.94,940.65
SALE0008459,2025-11-18,CUST00137,Office Equipment,Manufacturing,Midwest,1076.36,565.16,511.2
SALE0008460,2026-05-12,CUST00158,Industrial Equipment,Distribution,Southwest,4692.47,2627.19,2065.28
SALE0008461,2026-06-22,CUST00008,Technology Hardware,Manufacturing,Midwest,1152.58,858.8,293.78
SALE0008462,2024-11-25,CUST00260,Packaging Materials,Manufacturing,Midwest,494.12,318.71,175.41
SALE0008463,2025-07-19,CUST00342,Manufacturing Components,Services,Northeast,2380.42,1587.89,792.53
SALE0008464,2025-11-14,CUST00092,Safety Equipment,Services,Midwest,931.82,574.58,357.24
SALE0008465,2024-02-29,CUST00070,Maintenance Supplies,Distribution,Southwest,3272.03,2263.56,1008.47
SALE0008466,2025-08-28,CUST00392,Packaging Materials,Distribution,West,1438.44,1068.17,370.27
SALE0008467,2025-05-12,CUST00113,Professional Services,Manufacturing,Midwest,2597.3,1742.52,854.78
SALE0008468,2025-03-12,CUST00052,Technology Hardware,Manufacturing,Southeast,4191.86,2854.84,1337.02
SALE0008469,2026-01-31,CUST00396,Industrial Equipment,Distribution,Southwest,875.4,402.68,472.72
SALE0008470,2025-03-02,CUST00253,Industrial Equipment,Services,Southwest,1287.47,842.42,445.05
SALE0008471,2024-08-06,CUST00120,Manufacturing Components,Manufacturing,West,1727.79,1174.32,553.47
SALE0008472,2026-03-18,CUST00368,Office Equipment,Services,Northeast,4548.4,3393.45,1154.95
SALE0008473,2024-04-16,CUST00303,Technology Hardware,Distribution,Southeast,1218.01,909.56,308.45
SALE0008474,2024-01-27,CUST00251,Safety Equipment,Services,Northeast,1265.6,795.42,470.18
SALE0008475,2026-05-11,CUST00351,Industrial Equipment,Manufacturing,Southwest,2408.8,1221.49,1187.31
SALE0008476,2025-05-19,CUST00498,Professional Services,Manufacturing,Southeast,1278.78,814.37,464.41
SALE0008477,2025-05-12,CUST00334,Safety Equipment,Manufacturing,Southwest,1981.31,1231.72,749.59
SALE0008478,2024-04-09,CUST00298,Packaging Materials,Manufacturing,Northeast,712.71,494.07,218.64
SALE0008479,2024-10-20,CUST00190,Packaging Materials,Manufacturing,Southwest,6826.71,5089.24,1737.47
SALE0008480,2024-05-27,CUST00201,Packaging Materials,Distribution,Southwest,805.43,557.31,248.12
SALE0008481,2025-12-10,CUST00153,Office Equipment,Services,Midwest,1490.62,804.29,686.33
SALE0008482,2026-08-12,CUST00076,Technology Hardware,Distribution,Northeast,1773.15,1052.28,720.87
SALE0008483,2026-02-25,CUST00169,Packaging Materials,Services,West,5696.53,3289.06,2407.47
SALE0008484,2024-01-25,CUST00457,Safety Equipment,Distribution,Southwest,816.55,449.58,366.97
SALE0008485,2025-10-01,CUST00067,Industrial Equipment,Distribution,Southeast,5944.5,3808.76,2135.74
SALE0008486,2026-07-17,CUST00373,Industrial Equipment,Services,Midwest,2847.81,2048.18,799.63
SALE0008487,2025-05-03,CUST00339,Industrial Equipment,Manufacturing,Midwest,2322.17,1427.25,894.92
SALE0008488,2025-12-13,CUST00165,Industrial Equipment,Services,Northeast,1001.47,743.68,257.79
SALE0008489,2025-08-05,CUST00411,Office Equipment,Services,Midwest,2547.03,1608.06,938.97
SALE0008490,2024-10-11,CUST00168,Professional Services,Services,West,1171.35,640.2,531.15
SALE0008491,2026-03-09,CUST00374,Professional Services,Distribution,Midwest,3866.08,1831.88,2034.2
SALE0008492,2024-07-08,CUST00162,Maintenance Supplies,Manufacturing,Midwest,1009.65,464.52,545.13
SALE0008493,2026-07-14,CUST00458,Technology Hardware,Services,Midwest,1689.36,803.25,886.11
SALE0008494,2025-03-05,CUST00144,Industrial Equipment,Services,Southeast,1295.74,771.36,524.38
SALE0008495,2024-02-19,CUST00202,Professional Services,Distribution,West,999.73,484.98,514.75
SALE0008496,2026-01-23,CUST00125,Industrial Equipment,Manufacturing,Northeast,2820.85,1774.39,1046.46
SALE0008497,2024-08-17,CUST00443,Manufacturing Components,Distribution,Northeast,2493.08,1783.25,709.83
SALE0008498,2024-12-23,CUST00276,Industrial Equipment,Distribution,Southwest,3734.64,2507.13,1227.51
SALE0008499,2024-01-20,CUST00432,Maintenance Supplies,Distribution,Southwest,621.46,386.1,235.36
SALE0008500,2025-01-02,CUST00132,Industrial Equipment,Manufacturing,Northeast,3423.79,1858.43,1565.36
SALE0008501,2024-02-11,CUST00020,Industrial Equipment,Distribution,Southwest,8129.62,5827.62,2302.0
SALE0008502,2024-09-17,CUST00129,Professional Services,Distribution,West,1378.86,971.79,407.07
SALE0008503,2026-03-21,CUST00375,Professional Services,Distribution,Southeast,5636.9,2893.52,2743.38
SALE0008504,2025-01-04,CUST00145,Packaging Materials,Distribution,Southwest,1543.96,882.97,660.99
SALE0008505,2025-03-11,CUST00228,Office Equipment,Manufacturing,Northeast,793.58,389.14,404.44
SALE0008506,2024-07-16,CUST00357,Professional Services,Services,Midwest,1505.11,916.77,588.34
SALE0008507,2026-01-26,CUST00260,Manufacturing Components,Manufacturing,Northeast,3391.14,1606.5,1784.64
SALE0008508,2026-03-22,CUST00181,Packaging Materials,Services,Midwest,1093.45,759.21,334.24
SALE0008509,2024-03-02,CUST00061,Technology Hardware,Services,Midwest,1261.17,778.22,482.95
SALE0008510,2025-09-08,CUST00124,Manufacturing Components,Distribution,Northeast,2581.49,1179.09,1402.4
SALE0008511,2025-03-25,CUST00476,Manufacturing Components,Distribution,Midwest,1811.37,1286.81,524.56
SALE0008512,2024-03-13,CUST00351,Maintenance Supplies,Distribution,Southwest,2567.72,1642.28,925.44
SALE0008513,2026-05-27,CUST00370,Office Equipment,Manufacturing,Northeast,2085.36,1417.78,667.58
SALE0008514,2025-10-02,CUST00493,Safety Equipment,Manufacturing,Southeast,2410.95,1113.76,1297.19
SALE0008515,2024-05-04,CUST00206,Professional Services,Manufacturing,Southeast,1394.96,872.1,522.86
SALE0008516,2025-01-05,CUST00193,Manufacturing Components,Distribution,West,2077.75,1126.53,951.22
SALE0008517,2024-09-17,CUST00143,Office Equipment,Services,Southwest,1036.47,752.67,283.8
SALE0008518,2024-10-16,CUST00486,Packaging Materials,Distribution,Midwest,3916.92,2192.07,1724.85
SALE0008519,2024-03-27,CUST00278,Safety Equipment,Manufacturing,West,1235.75,905.12,330.63
SALE0008520,2026-07-05,CUST00444,Manufacturing Components,Manufacturing,Southwest,3559.26,2426.68,1132.58
SALE0008521,2025-10-09,CUST00483,Maintenance Supplies,Distribution,West,1571.58,767.09,804.49
SALE0008522,2026-04-16,CUST00400,Professional Services,Services,Midwest,2041.01,1353.34,687.67
SALE0008523,2025-08-11,CUST00440,Maintenance Supplies,Distribution,West,1343.48,641.77,701.71
SALE0008524,2026-07-20,CUST00157,Industrial Equipment,Manufacturing,West,982.8,713.76,269.04
SALE0008525,2025-11-07,CUST00174,Maintenance Supplies,Distribution,Southeast,634.69,344.55,290.14
SALE0008526,2026-06-22,CUST00297,Packaging Materials,Services,Midwest,959.88,711.41,248.47
SALE0008527,2025-07-27,CUST00410,Professional Services,Services,Northeast,1488.69,1001.05,487.64
SALE0008528,2025-10-21,CUST00385,Safety Equipment,Distribution,Southwest,2053.14,1513.72,539.42
SALE0008529,2025-11-13,CUST00413,Professional Services,Distribution,Midwest,3315.05,2126.87,1188.18
SALE0008530,2026-05-24,CUST00474,Safety Equipment,Distribution,West,1383.74,860.2,523.54
SALE0008531,2024-02-16,CUST00141,Packaging Materials,Distribution,Northeast,1065.1,582.07,483.03
SALE0008532,2025-07-30,CUST00276,Professional Services,Manufacturing,Southwest,760.8,365.1,395.7
SALE0008533,2024-05-09,CUST00293,Professional Services,Distribution,Southwest,2411.58,1697.76,713.82
SALE0008534,2025-03-21,CUST00222,Office Equipment,Services,Southwest,4146.07,2869.16,1276.91
SALE0008535,2026-02-10,CUST00313,Manufacturing Components,Services,Northeast,3865.31,1805.92,2059.39
SALE0008536,2025-09-07,CUST00187,Packaging Materials,Distribution,Midwest,2768.22,1403.26,1364.96
SALE0008537,2024-05-09,CUST00337,Safety Equipment,Manufacturing,Southwest,2652.15,1465.99,1186.16
SALE0008538,2025-03-21,CUST00255,Industrial Equipment,Services,Midwest,5006.91,3551.91,1455.0
SALE0008539,2025-03-06,CUST00230,Technology Hardware,Services,Northeast,2206.69,1490.86,715.83
SALE0008540,2024-01-27,CUST00434,Office Equipment,Services,Southeast,2664.25,1701.14,963.11
SALE0008541,2026-03-26,CUST00303,Office Equipment,Distribution,Northeast,1491.49,1069.87,421.62
SALE0008542,2025-11-08,CUST00143,Professional Services,Distribution,Southwest,798.53,431.93,366.6
SALE0008543,2026-07-27,CUST00057,Maintenance Supplies,Manufacturing,Midwest,1199.54,836.64,362.9
SALE0008544,2026-04-04,CUST00434,Professional Services,Manufacturing,Southeast,1798.13,1052.06,746.07
SALE0008545,2025-01-08,CUST00384,Industrial Equipment,Services,Northeast,1875.2,1404.16,471.04
SALE0008546,2025-01-03,CUST00145,Maintenance Supplies,Services,Midwest,5743.2,3219.4,2523.8
SALE0008547,2024-02-06,CUST00402,Technology Hardware,Distribution,Midwest,1898.4,1218.72,679.68
SALE0008548,2024-05-15,CUST00323,Safety Equipment,Distribution,Midwest,3667.65,2057.77,1609.88
SALE0008549,2026-08-30,CUST00479,Maintenance Supplies,Distribution,Midwest,1392.64,1005.4,387.24
SALE0008550,2026-01-20,CUST00343,Professional Services,Distribution,Southwest,1499.66,826.39,673.27
SALE0008551,2024-08-03,CUST00174,Maintenance Supplies,Manufacturing,Northeast,814.52,425.67,388.85
SALE0008552,2025-12-26,CUST00171,Industrial Equipment,Services,Midwest,1158.18,835.52,322.66
SALE0008553,2026-09-01,CUST00006,Professional Services,Manufacturing,Southwest,2480.43,1276.79,1203.64
SALE0008554,2026-08-08,CUST00067,Packaging Materials,Distribution,Southwest,1816.26,1217.11,599.15
SALE0008555,2025-08-08,CUST00260,Professional Services,Manufacturing,West,3183.58,1744.91,1438.67
SALE0008556,2025-08-18,CUST00431,Packaging Materials,Services,Southwest,2015.76,1506.36,509.4
SALE0008557,2026-04-16,CUST00121,Office Equipment,Distribution,West,1463.41,835.5,627.91
SALE0008558,2025-07-07,CUST00326,Packaging Materials,Distribution,Southwest,6561.52,3013.93,3547.59
SALE0008559,2025-11-28,CUST00136,Packaging Materials,Services,West,1708.99,1217.73,491.26
SALE0008560,2026-04-23,CUST00147,Safety Equipment,Services,Midwest,3632.95,2511.07,1121.88
SALE0008561,2024-02-17,CUST00247,Office Equipment,Manufacturing,Southwest,1421.23,663.7,757.53
SALE0008562,2024-12-29,CUST00254,Professional Services,Services,West,2767.67,1431.38,1336.29
SALE0008563,2024-09-19,CUST00252,Manufacturing Components,Distribution,Midwest,3155.21,1551.95,1603.26
SALE0008564,2025-07-31,CUST00301,Manufacturing Components,Distribution,Southeast,2048.98,1533.65,515.33
SALE0008565,2026-08-25,CUST00298,Technology Hardware,Manufacturing,Southwest,440.24,287.96,152.28
SALE0008566,2026-04-02,CUST00311,Packaging Materials,Distribution,Northeast,1827.95,917.78,910.17
SALE0008567,2024-04-11,CUST00038,Technology Hardware,Distribution,West,3783.01,2142.92,1640.09
SALE0008568,2025-05-02,CUST00246,Packaging Materials,Manufacturing,Northeast,2481.18,1511.16,970.02
SALE0008569,2025-05-04,CUST00011,Manufacturing Components,Manufacturing,Southeast,2362.57,1537.96,824.61
SALE0008570,2026-02-11,CUST00158,Industrial Equipment,Manufacturing,Southeast,643.32,453.53,189.79
SALE0008571,2026-08-27,CUST00154,Safety Equipment,Manufacturing,Southwest,1173.48,799.42,374.06
SALE0008572,2025-08-10,CUST00090,Maintenance Supplies,Services,Midwest,2314.19,1638.76,675.43
SALE0008573,2024-04-10,CUST00047,Office Equipment,Services,West,2312.84,1423.92,888.92
SALE0008574,2025-10-16,CUST00313,Manufacturing Components,Manufacturing,Southeast,3747.33,2082.53,1664.8
SALE0008575,2025-08-09,CUST00216,Maintenance Supplies,Manufacturing,Southeast,1657.52,1167.08,490.44
SALE0008576,2024-03-10,CUST00278,Packaging Materials,Services,Southwest,2306.52,1723.61,582.91
SALE0008577,2025-09-05,CUST00135,Office Equipment,Distribution,West,1825.89,1317.75,508.14
SALE0008578,2024-12-23,CUST00043,Packaging Materials,Manufacturing,Southeast,1000.08,478.8,521.28
SALE0008579,2026-04-26,CUST00417,Industrial Equipment,Distribution,West,467.09,242.49,224.6
SALE0008580,2026-09-01,CUST00222,Office Equipment,Services,West,2341.64,1324.04,1017.6
SALE0008581,2024-09-16,CUST00294,Maintenance Supplies,Manufacturing,West,2006.94,995.95,1010.99
SALE0008582,2025-11-22,CUST00247,Technology Hardware,Services,Midwest,1247.75,639.28,608.47
SALE0008583,2026-06-26,CUST00257,Maintenance Supplies,Distribution,Southeast,684.37,340.61,343.76
SALE0008584,2025-04-30,CUST00124,Maintenance Supplies,Services,West,2638.18,1756.64,881.54
SALE0008585,2025-10-07,CUST00028,Safety Equipment,Manufacturing,Southeast,1541.4,1053.39,488.01
SALE0008586,2026-06-14,CUST00405,Packaging Materials,Services,Northeast,2525.32,1476.22,1049.1
SALE0008587,2025-04-09,CUST00417,Manufacturing Components,Distribution,Southeast,5532.69,3444.85,2087.84
SALE0008588,2025-01-01,CUST00431,Technology Hardware,Distribution,Southeast,500.27,232.11,268.16
SALE0008589,2024-06-10,CUST00317,Packaging Materials,Distribution,Midwest,1188.25,686.04,502.21
SALE0008590,2025-11-22,CUST00262,Safety Equipment,Services,Southwest,1594.59,1087.84,506.75
SALE0008591,2024-05-27,CUST00286,Professional Services,Services,Southwest,4328.15,2460.0,1868.15
SALE0008592,2025-08-26,CUST00376,Maintenance Supplies,Services,Northeast,677.33,484.64,192.69
SALE0008593,2026-03-31,CUST00270,Office Equipment,Distribution,Southeast,5776.29,2896.46,2879.83
SALE0008594,2025-06-02,CUST00132,Professional Services,Services,Southwest,1961.6,1169.66,791.94
SALE0008595,2026-07-30,CUST00027,Maintenance Supplies,Manufacturing,Southwest,1706.84,1083.8,623.04
SALE0008596,2025-01-23,CUST00439,Packaging Materials,Services,Southwest,1605.46,1061.99,543.47
SALE0008597,2026-06-05,CUST00407,Office Equipment,Distribution,Southeast,1391.65,885.27,506.38
SALE0008598,2026-05-04,CUST00052,Technology Hardware,Distribution,Southeast,3390.97,2288.24,1102.73
SALE0008599,2024-03-17,CUST00026,Packaging Materials,Manufacturing,Midwest,952.31,618.73,333.58
SALE0008600,2024-01-21,CUST00361,Industrial Equipment,Distribution,Northeast,2224.41,1177.07,1047.34
SALE0008601,2025-08-03,CUST00305,Maintenance Supplies,Manufacturing,Southeast,1435.82,675.87,759.95
SALE0008602,2025-04-12,CUST00475,Packaging Materials,Distribution,Midwest,1144.5,534.33,610.17
SALE0008603,2025-03-24,CUST00052,Maintenance Supplies,Services,Southwest,8532.05,5193.74,3338.31
SALE0008604,2024-08-15,CUST00163,Industrial Equipment,Manufacturing,West,2324.9,1604.43,720.47
SALE0008605,2024-08-02,CUST00463,Manufacturing Components,Services,Northeast,2612.23,1465.49,1146.74
SALE0008606,2024-02-01,CUST00369,Technology Hardware,Services,Midwest,3578.38,2557.39,1020.99
SALE0008607,2025-01-13,CUST00432,Safety Equipment,Manufacturing,Southeast,770.62,438.25,332.37
SALE0008608,2025-05-03,CUST00024,Manufacturing Components,Services,Southwest,5173.86,2417.54,2756.32
SALE0008609,2024-10-08,CUST00048,Professional Services,Distribution,Southwest,401.27,248.85,152.42
SALE0008610,2026-09-01,CUST00256,Safety Equipment,Manufacturing,Southeast,1139.95,522.47,617.48
SALE0008611,2026-08-24,CUST00478,Professional Services,Manufacturing,Southwest,1372.76,660.43,712.33
SALE0008612,2024-08-06,CUST00305,Professional Services,Services,Northeast,2563.26,1334.98,1228.28
SALE0008613,2024-03-26,CUST00448,Industrial Equipment,Manufacturing,Midwest,2061.59,1448.14,613.45
SALE0008614,2025-08-02,CUST00081,Manufacturing Components,Services,West,1635.84,820.44,815.4
SALE0008615,2026-05-23,CUST00443,Packaging Materials,Services,Midwest,1795.07,892.9,902.17
SALE0008616,2024-01-16,CUST00213,Manufacturing Components,Manufacturing,West,1005.45,748.91,256.54
SALE0008617,2025-01-25,CUST00434,Office Equipment,Distribution,Northeast,736.32,405.26,331.06
SALE0008618,2024-06-24,CUST00161,Manufacturing Components,Distribution,Southeast,2795.89,2026.08,769.81
SALE0008619,2024-12-15,CUST00022,Maintenance Supplies,Distribution,Northeast,2741.4,1679.78,1061.62
SALE0008620,2024-03-06,CUST00365,Industrial Equipment,Manufacturing,Midwest,4678.33,3270.22,1408.11
SALE0008621,2024-12-13,CUST00458,Technology Hardware,Services,Southeast,1125.51,524.24,601.27
SALE0008622,2026-08-02,CUST00058,Technology Hardware,Services,Southwest,2739.93,1290.55,1449.38
SALE0008623,2024-02-29,CUST00078,Professional Services,Distribution,West,1525.04,1066.24,458.8
SALE0008624,2026-03-10,CUST00456,Maintenance Supplies,Distribution,Southwest,3693.33,1873.12,1820.21
SALE0008625,2025-09-13,CUST00026,Technology Hardware,Distribution,West,3338.17,1939.83,1398.34
SALE0008626,2026-05-12,CUST00193,Packaging Materials,Distribution,Southwest,2052.32,1472.1,580.22
SALE0008627,2024-12-24,CUST00140,Packaging Materials,Manufacturing,Midwest,1474.81,667.31,807.5
SALE0008628,2025-02-14,CUST00388,Industrial Equipment,Distribution,West,3218.14,2283.19,934.95
SALE0008629,2026-06-16,CUST00383,Office Equipment,Manufacturing,Southwest,2665.49,1410.14,1255.35
SALE0008630,2024-12-11,CUST00451,Manufacturing Components,Services,West,1199.11,846.36,352.75
SALE0008631,2024-06-12,CUST00256,Manufacturing Components,Manufacturing,Midwest,815.11,488.73,326.38
SALE0008632,2025-07-29,CUST00404,Manufacturing Components,Distribution,Northeast,1520.63,938.87,581.76
SALE0008633,2025-01-12,CUST00011,Manufacturing Components,Services,Southwest,4488.39,3318.5,1169.89
SALE0008634,2025-11-18,CUST00170,Technology Hardware,Distribution,Northeast,3597.13,2466.56,1130.57
SALE0008635,2025-07-24,CUST00252,Office Equipment,Distribution,Northeast,927.6,464.84,462.76
SALE0008636,2024-09-25,CUST00149,Manufacturing Components,Distribution,Midwest,897.26,476.67,420.59
SALE0008637,2026-02-03,CUST00499,Maintenance Supplies,Manufacturing,Southwest,3884.74,1908.26,1976.48
SALE0008638,2025-05-20,CUST00010,Industrial Equipment,Services,Midwest,914.72,628.68,286.04
SALE0008639,2026-05-18,CUST00169,Manufacturing Components,Manufacturing,Southwest,2454.25,1136.53,1317.72
SALE0008640,2025-11-16,CUST00213,Packaging Materials,Distribution,West,1249.32,754.01,495.31
SALE0008641,2024-09-15,CUST00486,Professional Services,Manufacturing,Midwest,4770.6,3403.01,1367.59
SALE0008642,2024-05-26,CUST00211,Manufacturing Components,Distribution,Southeast,1138.82,599.52,539.3
SALE0008643,2026-06-14,CUST00003,Professional Services,Distribution,West,3590.39,2592.09,998.3
SALE0008644,2024-03-21,CUST00006,Industrial Equipment,Distribution,West,2020.13,1175.19,844.94
SALE0008645,2024-03-20,CUST00113,Office Equipment,Distribution,West,2103.41,1515.51,587.9
SALE0008646,2025-04-28,CUST00478,Safety Equipment,Services,Southwest,554.36,275.1,279.26
SALE0008647,2025-02-04,CUST00054,Industrial Equipment,Distribution,Midwest,482.15,276.43,205.72
SALE0008648,2024-05-04,CUST00402,Manufacturing Components,Distribution,Northeast,1583.92,1124.05,459.87
SALE0008649,2024-01-30,CUST00222,Industrial Equipment,Manufacturing,Southwest,2096.75,1444.58,652.17
SALE0008650,2024-12-22,CUST00057,Industrial Equipment,Manufacturing,Southwest,920.47,623.46,297.01
SALE0008651,2026-07-23,CUST00129,Packaging Materials,Services,Midwest,940.85,556.96,383.89
SALE0008652,2025-01-11,CUST00224,Manufacturing Components,Services,Southwest,2532.3,1414.99,1117.31
SALE0008653,2026-08-01,CUST00410,Industrial Equipment,Distribution,Southwest,2534.4,1507.86,1026.54
SALE0008654,2025-05-14,CUST00048,Packaging Materials,Manufacturing,West,1664.63,814.62,850.01
SALE0008655,2026-02-16,CUST00301,Manufacturing Components,Distribution,Southeast,2887.43,1500.79,1386.64
SALE0008656,2024-01-11,CUST00304,Packaging Materials,Manufacturing,Midwest,893.8,657.13,236.67
SALE0008657,2024-06-11,CUST00091,Technology Hardware,Services,Southwest,1460.36,855.39,604.97
SALE0008658,2025-07-01,CUST00217,Professional Services,Distribution,Northeast,4859.67,2510.58,2349.09
SALE0008659,2026-07-05,CUST00296,Manufacturing Components,Manufacturing,Northeast,1883.7,1143.71,739.99
SALE0008660,2024-12-19,CUST00414,Maintenance Supplies,Distribution,Southwest,1950.4,1224.66,725.74
SALE0008661,2025-10-05,CUST00201,Industrial Equipment,Manufacturing,Southeast,7212.48,5145.94,2066.54
SALE0008662,2025-11-18,CUST00176,Office Equipment,Manufacturing,Northeast,780.86,532.75,248.11
SALE0008663,2025-06-28,CUST00050,Industrial Equipment,Services,West,2915.68,1501.15,1414.53
SALE0008664,2024-02-09,CUST00252,Industrial Equipment,Manufacturing,Southwest,4906.87,2427.02,2479.85
SALE0008665,2026-06-14,CUST00368,Industrial Equipment,Services,Southwest,1487.85,959.19,528.66
SALE0008666,2026-01-05,CUST00032,Safety Equipment,Distribution,Midwest,3028.37,1581.68,1446.69
SALE0008667,2025-09-25,CUST00453,Manufacturing Components,Distribution,Northeast,1003.04,557.21,445.83
SALE0008668,2025-02-04,CUST00194,Manufacturing Components,Distribution,Southwest,1197.46,696.24,501.22
SALE0008669,2024-06-04,CUST00208,Technology Hardware,Services,Southwest,2277.83,1696.46,581.37
SALE0008670,2026-08-03,CUST00099,Office Equipment,Manufacturing,Southeast,2919.42,2078.75,840.67
SALE0008671,2026-03-10,CUST00442,Office Equipment,Services,Southwest,3542.41,1976.39,1566.02
SALE0008672,2024-07-11,CUST00415,Industrial Equipment,Services,Southeast,4636.79,3374.84,1261.95
SALE0008673,2024-07-01,CUST00142,Technology Hardware,Manufacturing,West,1736.34,951.29,785.05
SALE0008674,2026-08-25,CUST00199,Maintenance Supplies,Manufacturing,West,3700.29,2679.43,1020.86
SALE0008675,2025-03-25,CUST00477,Professional Services,Manufacturing,West,1472.35,909.54,562.81
SALE0008676,2025-05-24,CUST00419,Safety Equipment,Services,Midwest,3106.51,2247.28,859.23
SALE0008677,2026-07-02,CUST00029,Industrial Equipment,Services,Northeast,2047.74,993.52,1054.22
SALE0008678,2025-03-23,CUST00277,Maintenance Supplies,Services,Midwest,2362.34,1339.1,1023.24
SALE0008679,2024-09-03,CUST00387,Safety Equipment,Manufacturing,Northeast,2331.12,1644.59,686.53
SALE0008680,2024-10-10,CUST00116,Technology Hardware,Services,Southwest,690.34,399.83,290.51
SALE0008681,2024-01-02,CUST00312,Professional Services,Manufacturing,Southwest,921.06,610.36,310.7
SALE0008682,2024-10-09,CUST00435,Safety Equipment,Distribution,Midwest,1922.78,1191.3,731.48
SALE0008683,2025-09-30,CUST00146,Maintenance Supplies,Distribution,West,656.97,452.68,204.29
SALE0008684,2024-02-22,CUST00485,Technology Hardware,Services,West,2977.16,1907.28,1069.88
SALE0008685,2026-04-21,CUST00135,Professional Services,Manufacturing,Southeast,3050.11,1594.52,1455.59
SALE0008686,2025-05-15,CUST00296,Industrial Equipment,Manufacturing,Southwest,2200.2,1422.33,777.87
SALE0008687,2025-03-11,CUST00059,Safety Equipment,Manufacturing,Northeast,922.71,487.99,434.72
SALE0008688,2024-11-24,CUST00408,Industrial Equipment,Manufacturing,West,4138.48,3005.94,1132.54
SALE0008689,2025-07-12,CUST00168,Professional Services,Distribution,Midwest,6138.44,4470.52,1667.92
SALE0008690,2025-05-08,CUST00278,Industrial Equipment,Services,Midwest,1974.85,1012.95,961.9
SALE0008691,2024-07-03,CUST00013,Office Equipment,Manufacturing,West,2456.08,1462.39,993.69
SALE0008692,2024-06-17,CUST00402,Industrial Equipment,Distribution,Southeast,2040.69,1225.25,815.44
SALE0008693,2024-12-18,CUST00095,Industrial Equipment,Distribution,Southeast,2485.48,1353.15,1132.33
SALE0008694,2025-07-03,CUST00164,Technology Hardware,Manufacturing,Northeast,1682.88,939.41,743.47
SALE0008695,2024-07-12,CUST00130,Professional Services,Manufacturing,Northeast,1770.93,971.96,798.97
SALE0008696,2026-03-31,CUST00262,Professional Services,Services,Midwest,3113.28,1809.79,1303.49
SALE0008697,2024-01-14,CUST00063,Safety Equipment,Services,Northeast,7386.24,4918.25,2467.99
SALE0008698,2026-06-17,CUST00137,Manufacturing Components,Services,Northeast,780.52,475.48,305.04
SALE0008699,2025-01-02,CUST00421,Maintenance Supplies,Manufacturing,Southeast,1698.86,1146.05,552.81
SALE0008700,2024-01-23,CUST00480,Industrial Equipment,Distribution,Midwest,890.45,659.23,231.22
SALE0008701,2025-10-09,CUST00141,Technology Hardware,Manufacturing,Midwest,4699.52,3418.94,1280.58
SALE0008702,2025-03-14,CUST00469,Safety Equipment,Manufacturing,Southeast,1270.74,793.12,477.62
SALE0008703,2025-04-29,CUST00320,Packaging Materials,Distribution,West,760.58,435.17,325.41
SALE0008704,2025-08-08,CUST00299,Maintenance Supplies,Distribution,Southeast,2651.58,1903.8,747.78
SALE0008705,2025-06-07,CUST00314,Safety Equipment,Manufacturing,West,5149.15,3036.15,2113.0
SALE0008706,2026-08-16,CUST00190,Packaging Materials,Manufacturing,West,2692.32,1333.39,1358.93
SALE0008707,2024-02-19,CUST00027,Technology Hardware,Distribution,Southeast,2044.44,1150.29,894.15
SALE0008708,2025-02-25,CUST00225,Manufacturing Components,Manufacturing,Midwest,2311.11,1602.43,708.68
SALE0008709,2026-04-29,CUST00064,Safety Equipment,Distribution,Southeast,4225.55,2932.13,1293.42
SALE0008710,2025-09-16,CUST00316,Manufacturing Components,Manufacturing,Midwest,1070.07,752.9,317.17
SALE0008711,2025-07-02,CUST00036,Safety Equipment,Distribution,Southwest,1690.69,1262.17,428.52
SALE0008712,2025-08-15,CUST00098,Office Equipment,Distribution,Southeast,1378.0,738.81,639.19
SALE0008713,2025-03-13,CUST00355,Safety Equipment,Manufacturing,Midwest,897.2,497.93,399.27
SALE0008714,2026-07-11,CUST00162,Maintenance Supplies,Distribution,Southwest,1484.71,997.39,487.32
SALE0008715,2025-07-19,CUST00189,Industrial Equipment,Services,West,3514.43,2383.45,1130.98
SALE0008716,2024-11-23,CUST00470,Maintenance Supplies,Distribution,Southeast,2540.11,1899.16,640.95
SALE0008717,2026-03-19,CUST00056,Professional Services,Services,West,2661.34,1719.03,942.31
SALE0008718,2025-08-15,CUST00211,Safety Equipment,Manufacturing,Northeast,1974.13,1172.0,802.13
SALE0008719,2024-05-11,CUST00144,Packaging Materials,Manufacturing,Southeast,2475.0,1261.12,1213.88
SALE0008720,2026-04-12,CUST00266,Safety Equipment,Manufacturing,West,1118.39,577.77,540.62
SALE0008721,2025-01-30,CUST00075,Technology Hardware,Manufacturing,West,1501.61,677.56,824.05
SALE0008722,2026-01-13,CUST00079,Professional Services,Manufacturing,Midwest,2028.81,1347.36,681.45
SALE0008723,2024-01-06,CUST00159,Safety Equipment,Services,Southwest,2135.61,976.56,1159.05
SALE0008724,2026-08-09,CUST00264,Maintenance Supplies,Distribution,Northeast,2191.0,1235.42,955.58
SALE0008725,2026-04-11,CUST00079,Office Equipment,Manufacturing,Southeast,1664.03,998.24,665.79
SALE0008726,2025-04-20,CUST00376,Office Equipment,Distribution,Southeast,1441.65,784.75,656.9
SALE0008727,2025-02-27,CUST00183,Safety Equipment,Distribution,Southeast,12024.03,7226.92,4797.11
SALE0008728,2025-06-26,CUST00285,Packaging Materials,Manufacturing,Southeast,3115.27,1455.97,1659.3
SALE0008729,2026-06-23,CUST00289,Professional Services,Manufacturing,Northeast,2316.68,1636.35,680.33
SALE0008730,2025-09-15,CUST00298,Packaging Materials,Distribution,Southwest,1571.95,1083.3,488.65
SALE0008731,2025-05-26,CUST00352,Professional Services,Distribution,Northeast,1379.21,641.49,737.72
SALE0008732,2025-06-20,CUST00203,Packaging Materials,Manufacturing,Northeast,1671.57,1099.42,572.15
SALE0008733,2025-07-30,CUST00321,Office Equipment,Manufacturing,Southwest,2155.33,1297.73,857.6
SALE0008734,2025-04-16,CUST00352,Packaging Materials,Services,Northeast,585.07,355.85,229.22
SALE0008735,2026-06-19,CUST00486,Office Equipment,Manufacturing,Northeast,705.12,406.91,298.21
SALE0008736,2025-01-22,CUST00461,Office Equipment,Services,West,1233.82,842.09,391.73
SALE0008737,2024-03-05,CUST00082,Professional Services,Services,Northeast,2047.31,1458.86,588.45
SALE0008738,2024-11-15,CUST00084,Technology Hardware,Manufacturing,West,1566.24,1046.36,519.88
SALE0008739,2025-11-19,CUST00166,Industrial Equipment,Distribution,West,4389.07,2325.67,2063.4
SALE0008740,2026-03-05,CUST00231,Packaging Materials,Manufacturing,Midwest,742.9,351.04,391.86
SALE0008741,2024-04-13,CUST00313,Professional Services,Services,Southwest,1151.93,748.46,403.47
SALE0008742,2024-01-09,CUST00022,Industrial Equipment,Services,Southeast,4501.0,2318.39,2182.61
SALE0008743,2024-09-27,CUST00003,Technology Hardware,Services,Midwest,1956.03,1208.1,747.93
SALE0008744,2024-09-20,CUST00234,Industrial Equipment,Distribution,West,3074.52,2221.34,853.18
SALE0008745,2024-09-09,CUST00214,Technology Hardware,Services,Southwest,6190.36,3142.96,3047.4
SALE0008746,2026-07-28,CUST00469,Packaging Materials,Distribution,Northeast,1192.39,784.13,408.26
SALE0008747,2024-07-06,CUST00036,Industrial Equipment,Distribution,Southwest,1703.45,817.63,885.82
SALE0008748,2026-02-04,CUST00153,Industrial Equipment,Distribution,West,1535.4,1025.86,509.54
SALE0008749,2026-06-24,CUST00326,Maintenance Supplies,Manufacturing,Northeast,559.61,348.85,210.76
SALE0008750,2025-06-27,CUST00285,Industrial Equipment,Services,Southeast,1500.81,899.9,600.91
SALE0008751,2025-03-31,CUST00473,Technology Hardware,Services,Southeast,3067.56,1862.66,1204.9
SALE0008752,2025-03-25,CUST00215,Professional Services,Manufacturing,Midwest,2500.77,1205.56,1295.21
SALE0008753,2026-07-05,CUST00403,Technology Hardware,Distribution,West,2621.36,1242.76,1378.6
SALE0008754,2026-08-31,CUST00121,Professional Services,Manufacturing,Northeast,1443.31,925.13,518.18
SALE0008755,2024-10-17,CUST00499,Manufacturing Components,Distribution,Midwest,1219.68,848.37,371.31
SALE0008756,2025-02-01,CUST00139,Professional Services,Services,West,3872.1,2883.38,988.72
SALE0008757,2024-10-09,CUST00130,Safety Equipment,Manufacturing,Northeast,1341.59,992.3,349.29
SALE0008758,2025-05-23,CUST00082,Professional Services,Manufacturing,Northeast,2156.95,1602.2,554.75
SALE0008759,2024-12-26,CUST00316,Professional Services,Distribution,Southwest,1994.21,1285.83,708.38
SALE0008760,2024-05-18,CUST00159,Industrial Equipment,Distribution,West,4346.08,1997.49,2348.59
SALE0008761,2024-10-07,CUST00206,Maintenance Supplies,Manufacturing,Northeast,3238.44,2151.93,1086.51
SALE0008762,2024-12-06,CUST00151,Office Equipment,Distribution,Southeast,831.18,484.3,346.88
SALE0008763,2024-04-29,CUST00358,Professional Services,Services,Midwest,886.67,558.58,328.09
SALE0008764,2026-05-12,CUST00324,Packaging Materials,Distribution,Midwest,2558.93,1479.65,1079.28
SALE0008765,2025-11-10,CUST00077,Maintenance Supplies,Distribution,West,1739.58,1228.51,511.07
SALE0008766,2026-03-18,CUST00233,Packaging Materials,Services,Southeast,1375.95,793.34,582.61
SALE0008767,2025-08-09,CUST00238,Packaging Materials,Manufacturing,Southwest,3325.5,2102.15,1223.35
SALE0008768,2025-04-28,CUST00023,Office Equipment,Services,Northeast,2023.28,1284.31,738.97
SALE0008769,2024-04-11,CUST00397,Maintenance Supplies,Manufacturing,Southeast,1865.85,1015.64,850.21
SALE0008770,2025-06-13,CUST00368,Safety Equipment,Services,Southwest,2886.78,1440.77,1446.01
SALE0008771,2025-11-18,CUST00112,Safety Equipment,Services,Southeast,1443.66,882.46,561.2
SALE0008772,2026-04-02,CUST00275,Office Equipment,Manufacturing,Southeast,4633.7,2367.2,2266.5
SALE0008773,2025-01-01,CUST00130,Office Equipment,Services,West,1126.84,725.76,401.08
SALE0008774,2026-01-27,CUST00289,Office Equipment,Distribution,Northeast,2681.57,1545.6,1135.97
SALE0008775,2024-03-02,CUST00206,Technology Hardware,Distribution,Midwest,4273.98,2213.91,2060.07
SALE0008776,2025-10-18,CUST00287,Maintenance Supplies,Manufacturing,Southwest,791.26,487.73,303.53
SALE0008777,2025-10-29,CUST00362,Maintenance Supplies,Services,Southeast,1471.44,1070.94,400.5
SALE0008778,2025-02-24,CUST00119,Technology Hardware,Manufacturing,Southwest,3587.91,1771.34,1816.57
SALE0008779,2024-02-02,CUST00040,Packaging Materials,Distribution,Southwest,3620.43,1685.98,1934.45
SALE0008780,2026-06-01,CUST00200,Industrial Equipment,Services,Southwest,1631.25,873.71,757.54
SALE0008781,2024-03-18,CUST00401,Industrial Equipment,Services,Northeast,1163.51,622.97,540.54
SALE0008782,2024-01-07,CUST00055,Office Equipment,Distribution,Midwest,3208.51,1489.03,1719.48
SALE0008783,2026-05-04,CUST00447,Technology Hardware,Distribution,Midwest,3678.02,2389.98,1288.04
SALE0008784,2026-08-23,CUST00369,Safety Equipment,Manufacturing,Northeast,898.93,488.38,410.55
SALE0008785,2024-04-08,CUST00266,Maintenance Supplies,Distribution,Southeast,878.0,520.1,357.9
SALE0008786,2025-11-01,CUST00252,Maintenance Supplies,Services,Southeast,2069.69,1387.85,681.84
SALE0008787,2026-04-03,CUST00467,Technology Hardware,Manufacturing,Southeast,2637.58,1837.54,800.04
SALE0008788,2024-12-14,CUST00282,Professional Services,Services,Southeast,1511.05,981.52,529.53
SALE0008789,2024-02-27,CUST00491,Safety Equipment,Manufacturing,Northeast,2717.8,1629.93,1087.87
SALE0008790,2025-02-25,CUST00192,Office Equipment,Services,Northeast,1180.77,882.69,298.08
SALE0008791,2024-02-16,CUST00031,Office Equipment,Manufacturing,Northeast,508.36,343.06,165.3
SALE0008792,2026-04-13,CUST00110,Maintenance Supplies,Manufacturing,Southeast,1402.01,838.97,563.04
SALE0008793,2025-01-01,CUST00012,Office Equipment,Distribution,Southeast,1877.96,863.97,1013.99
SALE0008794,2024-05-31,CUST00216,Maintenance Supplies,Manufacturing,Midwest,1532.26,1139.42,392.84
SALE0008795,2026-05-02,CUST00157,Office Equipment,Distribution,Southeast,902.2,561.7,340.5
SALE0008796,2026-07-28,CUST00352,Technology Hardware,Manufacturing,Midwest,608.26,352.38,255.88
SALE0008797,2024-07-16,CUST00456,Professional Services,Services,Midwest,1328.16,711.01,617.15
SALE0008798,2024-03-22,CUST00211,Industrial Equipment,Manufacturing,West,3098.25,1470.14,1628.11
SALE0008799,2025-01-17,CUST00450,Technology Hardware,Manufacturing,West,3841.89,2536.94,1304.95
SALE0008800,2025-07-04,CUST00176,Technology Hardware,Services,West,3687.22,2456.99,1230.23
SALE0008801,2025-05-20,CUST00289,Packaging Materials,Manufacturing,Midwest,1108.16,805.53,302.63
SALE0008802,2026-01-11,CUST00177,Technology Hardware,Manufacturing,West,904.86,426.12,478.74
SALE0008803,2026-01-25,CUST00470,Packaging Materials,Manufacturing,Northeast,2435.68,1669.33,766.35
SALE0008804,2026-04-05,CUST00205,Maintenance Supplies,Services,Southeast,2646.68,1875.62,771.06
SALE0008805,2024-01-21,CUST00127,Packaging Materials,Services,Southwest,2298.71,1662.17,636.54
SALE0008806,2025-04-13,CUST00151,Maintenance Supplies,Manufacturing,Southeast,540.0,357.2,182.8
SALE0008807,2026-03-05,CUST00075,Maintenance Supplies,Distribution,Southwest,1074.78,715.02,359.76
SALE0008808,2025-06-21,CUST00471,Professional Services,Services,Midwest,1776.12,1027.62,748.5
SALE0008809,2026-06-18,CUST00152,Professional Services,Distribution,Southeast,2421.96,1603.85,818.11
SALE0008810,2024-09-25,CUST00392,Office Equipment,Services,Midwest,2865.17,1836.25,1028.92
SALE0008811,2026-07-24,CUST00077,Safety Equipment,Services,Midwest,1971.5,1254.08,717.42
SALE0008812,2024-04-15,CUST00006,Office Equipment,Distribution,Northeast,2204.97,1364.6,840.37
SALE0008813,2024-01-23,CUST00294,Professional Services,Services,Midwest,1902.49,874.49,1028.0
SALE0008814,2024-10-25,CUST00315,Packaging Materials,Services,West,2728.13,2033.24,694.89
SALE0008815,2024-09-10,CUST00326,Maintenance Supplies,Manufacturing,Northeast,2181.39,1024.84,1156.55
SALE0008816,2024-05-11,CUST00217,Technology Hardware,Services,Midwest,1880.78,1130.03,750.75
SALE0008817,2025-09-10,CUST00397,Industrial Equipment,Manufacturing,Midwest,1539.14,909.56,629.58
SALE0008818,2025-06-12,CUST00001,Technology Hardware,Services,Midwest,1898.42,1191.53,706.89
SALE0008819,2025-04-25,CUST00291,Manufacturing Components,Distribution,West,2418.14,1497.13,921.01
SALE0008820,2026-01-31,CUST00136,Technology Hardware,Distribution,Midwest,2122.79,1121.5,1001.29
SALE0008821,2024-04-29,CUST00395,Safety Equipment,Distribution,Southeast,2272.18,1466.0,806.18
SALE0008822,2026-07-30,CUST00029,Professional Services,Services,Northeast,4046.6,2142.96,1903.64
SALE0008823,2025-06-10,CUST00213,Safety Equipment,Manufacturing,Southeast,2119.85,1445.0,674.85
SALE0008824,2025-08-28,CUST00333,Maintenance Supplies,Manufacturing,Midwest,1224.88,672.01,552.87
SALE0008825,2026-08-13,CUST00384,Maintenance Supplies,Distribution,West,3072.25,1797.08,1275.17
SALE0008826,2024-01-22,CUST00108,Manufacturing Components,Manufacturing,West,796.54,535.85,260.69
SALE0008827,2024-06-16,CUST00052,Manufacturing Components,Manufacturing,Southwest,944.97,446.02,498.95
SALE0008828,2024-11-11,CUST00049,Manufacturing Components,Distribution,Midwest,2211.68,1418.17,793.51
SALE0008829,2024-09-25,CUST00500,Safety Equipment,Distribution,Southwest,2464.73,1677.13,787.6
SALE0008830,2024-02-23,CUST00190,Industrial Equipment,Distribution,Northeast,856.6,510.77,345.83
SALE0008831,2025-09-28,CUST00331,Industrial Equipment,Services,Southwest,1437.0,806.6,630.4
SALE0008832,2026-08-13,CUST00343,Safety Equipment,Manufacturing,Southwest,1256.83,614.64,642.19
SALE0008833,2025-02-18,CUST00131,Safety Equipment,Manufacturing,Southwest,1350.18,680.21,669.97
SALE0008834,2024-12-08,CUST00002,Professional Services,Services,West,3184.84,1866.0,1318.84
SALE0008835,2024-02-23,CUST00252,Industrial Equipment,Distribution,West,2762.53,1454.75,1307.78
SALE0008836,2025-09-28,CUST00381,Safety Equipment,Distribution,West,1787.42,1339.89,447.53
SALE0008837,2026-08-04,CUST00254,Technology Hardware,Manufacturing,Southeast,1303.0,788.49,514.51
SALE0008838,2025-09-27,CUST00223,Safety Equipment,Distribution,West,804.49,504.15,300.34
SALE0008839,2026-04-04,CUST00266,Maintenance Supplies,Distribution,Midwest,4239.12,2046.02,2193.1
SALE0008840,2024-10-01,CUST00348,Safety Equipment,Services,Midwest,2579.29,1243.96,1335.33
SALE0008841,2025-04-08,CUST00456,Packaging Materials,Services,Southeast,1183.22,877.86,305.36
SALE0008842,2025-02-13,CUST00381,Industrial Equipment,Manufacturing,Southwest,2784.32,1928.34,855.98
SALE0008843,2026-04-02,CUST00054,Technology Hardware,Services,West,1733.44,1257.41,476.03
SALE0008844,2024-11-17,CUST00476,Maintenance Supplies,Distribution,West,1521.93,760.64,761.29
SALE0008845,2026-05-01,CUST00253,Manufacturing Components,Distribution,Midwest,2347.55,1578.25,769.3
SALE0008846,2026-01-22,CUST00493,Safety Equipment,Manufacturing,Southwest,1158.75,599.26,559.49
SALE0008847,2025-08-10,CUST00117,Manufacturing Components,Services,Southeast,1471.07,1077.17,393.9
SALE0008848,2025-10-18,CUST00254,Technology Hardware,Distribution,Northeast,1944.73,1049.43,895.3
SALE0008849,2025-09-23,CUST00384,Manufacturing Components,Distribution,Southwest,1339.87,937.31,402.56
SALE0008850,2025-01-04,CUST00073,Manufacturing Components,Manufacturing,Northeast,2701.2,1726.43,974.77
SALE0008851,2026-03-15,CUST00256,Office Equipment,Distribution,West,5549.37,2569.36,2980.01
SALE0008852,2026-02-28,CUST00455,Professional Services,Manufacturing,Northeast,1149.89,711.68,438.21
SALE0008853,2024-12-25,CUST00065,Technology Hardware,Manufacturing,West,665.76,323.68,342.08
SALE0008854,2026-07-08,CUST00448,Office Equipment,Manufacturing,Northeast,544.0,351.18,192.82
SALE0008855,2025-09-20,CUST00170,Safety Equipment,Distribution,Southwest,1651.96,1090.38,561.58
SALE0008856,2025-09-04,CUST00374,Professional Services,Services,West,1214.52,622.39,592.13
SALE0008857,2026-07-17,CUST00086,Professional Services,Distribution,Southwest,2048.2,1430.5,617.7
SALE0008858,2026-03-04,CUST00203,Professional Services,Distribution,Southeast,1957.76,991.0,966.76
SALE0008859,2024-03-31,CUST00452,Technology Hardware,Manufacturing,Midwest,690.95,326.83,364.12
SALE0008860,2026-02-16,CUST00276,Professional Services,Manufacturing,Northeast,608.54,418.65,189.89
SALE0008861,2025-03-31,CUST00309,Safety Equipment,Services,Northeast,2159.34,1182.35,976.99
SALE0008862,2024-11-13,CUST00154,Maintenance Supplies,Services,West,1961.09,1389.11,571.98
SALE0008863,2024-10-01,CUST00410,Manufacturing Components,Services,West,1400.39,970.14,430.25
SALE0008864,2025-01-19,CUST00162,Office Equipment,Manufacturing,Midwest,668.95,433.43,235.52
SALE0008865,2025-11-16,CUST00143,Industrial Equipment,Services,Southeast,2399.07,1225.33,1173.74
SALE0008866,2026-02-24,CUST00482,Manufacturing Components,Distribution,Southwest,3878.25,2318.99,1559.26
SALE0008867,2026-05-24,CUST00341,Office Equipment,Services,Midwest,2136.21,1553.1,583.11
SALE0008868,2024-01-06,CUST00031,Technology Hardware,Services,Northeast,1087.37,700.39,386.98
SALE0008869,2026-07-06,CUST00179,Manufacturing Components,Services,Northeast,1857.03,1137.41,719.62
SALE0008870,2026-03-20,CUST00099,Manufacturing Components,Services,West,796.58,365.75,430.83
SALE0008871,2025-03-20,CUST00010,Professional Services,Distribution,West,3411.05,1998.46,1412.59
SALE0008872,2024-04-17,CUST00425,Technology Hardware,Distribution,Southwest,1899.05,1010.61,888.44
SALE0008873,2026-09-01,CUST00318,Office Equipment,Distribution,Southwest,625.85,452.83,173.02
SALE0008874,2025-12-03,CUST00005,Manufacturing Components,Services,Midwest,1509.59,849.8,659.79
SALE0008875,2024-02-25,CUST00121,Maintenance Supplies,Manufacturing,Northeast,2387.45,1587.45,800.0
SALE0008876,2024-01-02,CUST00201,Technology Hardware,Distribution,Southwest,1480.55,1104.75,375.8
SALE0008877,2025-01-22,CUST00237,Technology Hardware,Distribution,Southwest,1532.2,1008.67,523.53
SALE0008878,2025-01-06,CUST00452,Safety Equipment,Services,Southeast,867.28,584.39,282.89
SALE0008879,2025-08-25,CUST00246,Maintenance Supplies,Manufacturing,Northeast,2540.01,1632.88,907.13
SALE0008880,2024-12-11,CUST00267,Technology Hardware,Services,Northeast,1225.27,552.37,672.9
SALE0008881,2026-03-22,CUST00372,Packaging Materials,Manufacturing,Southeast,495.78,335.0,160.78
SALE0008882,2024-02-25,CUST00153,Office Equipment,Services,Southeast,1447.0,916.8,530.2
SALE0008883,2024-04-30,CUST00249,Industrial Equipment,Distribution,Northeast,3257.42,1769.38,1488.04
SALE0008884,2026-05-07,CUST00427,Technology Hardware,Manufacturing,Southwest,1433.45,806.4,627.05
SALE0008885,2024-08-13,CUST00405,Industrial Equipment,Distribution,Southeast,5129.64,3595.41,1534.23
SALE0008886,2026-03-05,CUST00152,Packaging Materials,Services,West,2338.77,1666.51,672.26
SALE0008887,2024-01-01,CUST00364,Manufacturing Components,Services,Southwest,2215.55,1629.05,586.5
SALE0008888,2024-06-01,CUST00032,Office Equipment,Manufacturing,Midwest,1673.98,1043.95,630.03
SALE0008889,2026-06-07,CUST00058,Industrial Equipment,Distribution,Southwest,1735.46,810.2,925.26
SALE0008890,2024-05-04,CUST00028,Safety Equipment,Distribution,Southwest,1543.71,878.67,665.04
SALE0008891,2024-02-29,CUST00031,Maintenance Supplies,Manufacturing,Northeast,1508.15,828.73,679.42
SALE0008892,2025-04-16,CUST00294,Professional Services,Distribution,West,2486.22,1608.77,877.45
SALE0008893,2025-03-17,CUST00054,Maintenance Supplies,Distribution,Southwest,1031.22,672.79,358.43
SALE0008894,2024-02-03,CUST00319,Office Equipment,Services,Northeast,948.1,588.12,359.98
SALE0008895,2025-07-16,CUST00316,Office Equipment,Manufacturing,Southeast,921.57,542.21,379.36
SALE0008896,2024-06-02,CUST00477,Safety Equipment,Manufacturing,West,6169.62,3896.27,2273.35
SALE0008897,2025-11-16,CUST00278,Maintenance Supplies,Services,Southwest,2485.44,1678.39,807.05
SALE0008898,2025-04-08,CUST00277,Packaging Materials,Distribution,Southeast,2170.46,1529.86,640.6
SALE0008899,2025-04-11,CUST00207,Office Equipment,Services,Southwest,958.62,531.52,427.1
SALE0008900,2024-06-30,CUST00130,Packaging Materials,Services,Southeast,2628.07,1535.05,1093.02
SALE0008901,2024-01-13,CUST00484,Industrial Equipment,Services,Southwest,1685.9,1200.04,485.86
SALE0008902,2024-03-07,CUST00132,Professional Services,Distribution,West,2055.97,1479.92,576.05
SALE0008903,2024-12-29,CUST00416,Safety Equipment,Manufacturing,Southwest,1006.29,457.65,548.64
SALE0008904,2025-04-08,CUST00373,Manufacturing Components,Manufacturing,Midwest,1990.54,1408.05,582.49
SALE0008905,2025-01-26,CUST00375,Manufacturing Components,Distribution,Northeast,1402.06,818.56,583.5
SALE0008906,2025-07-02,CUST00274,Packaging Materials,Distribution,Southwest,1142.11,568.56,573.55
SALE0008907,2024-11-11,CUST00329,Manufacturing Components,Services,Southeast,2808.66,2054.42,754.24
SALE0008908,2025-04-05,CUST00406,Technology Hardware,Manufacturing,West,718.65,340.58,378.07
SALE0008909,2024-10-12,CUST00086,Safety Equipment,Services,Northeast,2537.33,1651.88,885.45
SALE0008910,2025-01-17,CUST00210,Safety Equipment,Distribution,West,2726.28,1968.09,758.19
SALE0008911,2024-03-28,CUST00061,Manufacturing Components,Distribution,Northeast,1066.58,734.76,331.82
SALE0008912,2025-06-08,CUST00364,Safety Equipment,Distribution,West,1105.22,738.44,366.78
SALE0008913,2026-04-02,CUST00142,Professional Services,Services,Northeast,1581.59,722.83,858.76
SALE0008914,2024-11-07,CUST00157,Maintenance Supplies,Services,Midwest,2141.41,1241.3,900.11
SALE0008915,2024-03-02,CUST00350,Manufacturing Components,Distribution,Northeast,1649.6,1123.37,526.23
SALE0008916,2025-09-11,CUST00316,Maintenance Supplies,Manufacturing,Southwest,2345.23,1590.48,754.75
SALE0008917,2025-07-27,CUST00048,Manufacturing Components,Services,Southeast,5207.15,3225.26,1981.89
SALE0008918,2025-03-20,CUST00274,Industrial Equipment,Manufacturing,West,1333.24,915.78,417.46
SALE0008919,2025-05-27,CUST00219,Industrial Equipment,Services,Southwest,646.06,454.29,191.77
SALE0008920,2026-04-26,CUST00038,Maintenance Supplies,Distribution,Northeast,2967.73,2156.51,811.22
SALE0008921,2025-03-15,CUST00219,Office Equipment,Manufacturing,Northeast,4964.11,3568.92,1395.19
SALE0008922,2025-05-03,CUST00351,Packaging Materials,Services,Midwest,2288.52,1551.09,737.43
SALE0008923,2024-06-16,CUST00210,Professional Services,Manufacturing,West,941.38,697.66,243.72
SALE0008924,2024-01-31,CUST00266,Technology Hardware,Services,Southeast,1678.51,927.69,750.82
SALE0008925,2024-10-13,CUST00006,Maintenance Supplies,Services,Southwest,924.16,692.82,231.34
SALE0008926,2025-05-11,CUST00302,Technology Hardware,Services,Southwest,2659.02,1764.28,894.74
SALE0008927,2024-06-29,CUST00004,Industrial Equipment,Manufacturing,Northeast,803.7,430.35,373.35
SALE0008928,2024-07-21,CUST00034,Office Equipment,Manufacturing,Southwest,1510.09,717.37,792.72
SALE0008929,2024-12-21,CUST00312,Office Equipment,Manufacturing,Southeast,989.7,620.39,369.31
SALE0008930,2025-12-03,CUST00156,Professional Services,Distribution,Midwest,1951.0,1059.46,891.54
SALE0008931,2025-10-22,CUST00313,Maintenance Supplies,Services,Midwest,1451.27,1070.91,380.36
SALE0008932,2026-06-03,CUST00109,Packaging Materials,Distribution,Northeast,2010.34,1209.86,800.48
SALE0008933,2025-09-05,CUST00043,Industrial Equipment,Manufacturing,Southwest,1832.45,1139.37,693.08
SALE0008934,2024-08-25,CUST00478,Packaging Materials,Manufacturing,Southwest,1000.25,513.8,486.45
SALE0008935,2026-07-30,CUST00358,Professional Services,Manufacturing,West,2633.65,1779.23,854.42
SALE0008936,2024-12-01,CUST00436,Packaging Materials,Distribution,West,1755.91,1094.24,661.67
SALE0008937,2024-06-25,CUST00338,Technology Hardware,Services,Midwest,999.13,519.98,479.15
SALE0008938,2024-09-27,CUST00143,Maintenance Supplies,Services,Southeast,6936.52,3534.52,3402.0
SALE0008939,2024-04-03,CUST00325,Industrial Equipment,Manufacturing,Northeast,2406.33,1256.86,1149.47
SALE0008940,2024-11-16,CUST00174,Professional Services,Distribution,West,1649.2,1062.72,586.48
SALE0008941,2024-10-10,CUST00345,Technology Hardware,Manufacturing,Southeast,4226.47,2889.23,1337.24
SALE0008942,2025-09-29,CUST00458,Technology Hardware,Distribution,Southeast,5459.37,3350.42,2108.95
SALE0008943,2024-06-09,CUST00105,Professional Services,Distribution,Northeast,1657.04,1195.88,461.16
SALE0008944,2025-05-31,CUST00313,Professional Services,Manufacturing,Northeast,2227.06,1508.67,718.39
SALE0008945,2025-04-18,CUST00086,Technology Hardware,Manufacturing,Southeast,999.44,545.58,453.86
SALE0008946,2024-05-30,CUST00129,Packaging Materials,Manufacturing,Southeast,1655.21,883.27,771.94
SALE0008947,2025-08-05,CUST00380,Professional Services,Services,Southwest,1604.49,890.22,714.27
SALE0008948,2024-11-29,CUST00085,Industrial Equipment,Distribution,Southeast,2020.09,1480.61,539.48
SALE0008949,2026-06-26,CUST00010,Industrial Equipment,Distribution,Midwest,2207.59,1140.9,1066.69
SALE0008950,2026-05-27,CUST00395,Technology Hardware,Services,West,2529.8,1662.67,867.13
SALE0008951,2024-02-15,CUST00157,Packaging Materials,Services,Midwest,2085.13,1563.23,521.9
SALE0008952,2024-02-12,CUST00348,Packaging Materials,Services,Southwest,874.41,518.31,356.1
SALE0008953,2024-07-10,CUST00178,Professional Services,Services,Southeast,1029.59,576.15,453.44
SALE0008954,2025-08-13,CUST00376,Professional Services,Manufacturing,Southwest,1302.65,660.16,642.49
SALE0008955,2026-06-16,CUST00323,Technology Hardware,Services,Southwest,1526.38,1031.53,494.85
SALE0008956,2026-01-11,CUST00010,Industrial Equipment,Distribution,Midwest,3396.38,1750.07,1646.31
SALE0008957,2025-07-05,CUST00347,Packaging Materials,Distribution,Southeast,899.86,440.84,459.02
SALE0008958,2026-02-12,CUST00362,Manufacturing Components,Distribution,Southwest,1459.06,745.37,713.69
SALE0008959,2025-01-17,CUST00033,Manufacturing Components,Distribution,Southeast,3202.88,2257.25,945.63
SALE0008960,2026-05-20,CUST00482,Professional Services,Services,Northeast,1510.31,741.11,769.2
SALE0008961,2026-03-05,CUST00154,Manufacturing Components,Distribution,Southwest,2383.32,1226.24,1157.08
SALE0008962,2025-05-03,CUST00388,Office Equipment,Services,West,1662.83,1209.65,453.18
SALE0008963,2025-06-05,CUST00216,Safety Equipment,Services,Southwest,2109.21,1389.92,719.29
SALE0008964,2024-04-01,CUST00226,Professional Services,Manufacturing,West,1576.43,821.18,755.25
SALE0008965,2024-02-01,CUST00354,Technology Hardware,Manufacturing,West,2697.93,1911.53,786.4
SALE0008966,2024-07-07,CUST00299,Manufacturing Components,Manufacturing,Southeast,715.49,437.8,277.69
SALE0008967,2025-11-01,CUST00115,Office Equipment,Distribution,Southwest,1453.91,995.7,458.21
SALE0008968,2025-12-05,CUST00433,Safety Equipment,Services,Southwest,2160.17,1456.66,703.51
SALE0008969,2026-03-22,CUST00139,Maintenance Supplies,Distribution,Northeast,2490.45,1688.28,802.17
SALE0008970,2024-06-11,CUST00475,Office Equipment,Manufacturing,Southeast,4428.3,2824.72,1603.58
SALE0008971,2024-06-05,CUST00494,Safety Equipment,Distribution,Southwest,1429.94,648.63,781.31
SALE0008972,2026-05-01,CUST00138,Packaging Materials,Services,West,4392.65,2314.56,2078.09
SALE0008973,2025-12-04,CUST00063,Safety Equipment,Services,Northeast,1217.54,815.92,401.62
SALE0008974,2025-04-03,CUST00348,Office Equipment,Manufacturing,Southwest,4012.57,1896.15,2116.42
SALE0008975,2025-08-06,CUST00334,Safety Equipment,Services,West,2952.71,1853.67,1099.04
SALE0008976,2024-09-26,CUST00019,Office Equipment,Services,West,1045.16,576.89,468.27
SALE0008977,2024-07-23,CUST00078,Packaging Materials,Manufacturing,Southwest,2173.78,1316.46,857.32
SALE0008978,2024-05-29,CUST00265,Office Equipment,Manufacturing,Midwest,1753.31,1301.49,451.82
SALE0008979,2025-12-11,CUST00260,Technology Hardware,Services,Southwest,2631.61,1330.71,1300.9
SALE0008980,2026-03-25,CUST00385,Industrial Equipment,Manufacturing,Southwest,1581.35,1090.55,490.8
SALE0008981,2025-10-28,CUST00007,Technology Hardware,Distribution,West,1503.65,762.64,741.01
SALE0008982,2024-12-07,CUST00334,Office Equipment,Manufacturing,Midwest,4111.14,2653.34,1457.8
SALE0008983,2025-10-03,CUST00298,Office Equipment,Services,Midwest,1704.06,784.5,919.56
SALE0008984,2024-03-16,CUST00164,Packaging Materials,Services,West,2968.62,1460.71,1507.91
SALE0008985,2025-07-13,CUST00346,Industrial Equipment,Services,West,1579.38,1001.86,577.52
SALE0008986,2026-06-29,CUST00391,Office Equipment,Manufacturing,West,4914.76,2970.12,1944.64
SALE0008987,2024-03-11,CUST00459,Industrial Equipment,Distribution,Northeast,1203.51,574.71,628.8
SALE0008988,2024-10-16,CUST00090,Safety Equipment,Services,Southwest,1250.77,786.42,464.35
SALE0008989,2024-01-27,CUST00499,Office Equipment,Services,Northeast,4512.97,2361.84,2151.13
SALE0008990,2025-06-03,CUST00286,Maintenance Supplies,Distribution,Midwest,1384.41,893.01,491.4
SALE0008991,2024-08-02,CUST00250,Packaging Materials,Manufacturing,Southeast,4725.1,3263.46,1461.64
SALE0008992,2024-06-26,CUST00405,Professional Services,Distribution,Southwest,3087.46,1789.06,1298.4
SALE0008993,2024-08-05,CUST00401,Safety Equipment,Manufacturing,West,1647.82,1168.63,479.19
SALE0008994,2024-03-18,CUST00259,Industrial Equipment,Distribution,Southeast,609.13,399.09,210.04
SALE0008995,2025-06-08,CUST00358,Safety Equipment,Manufacturing,West,1787.21,1282.45,504.76
SALE0008996,2025-04-25,CUST00250,Technology Hardware,Distribution,West,1921.72,1193.39,728.33
SALE0008997,2026-01-03,CUST00091,Manufacturing Components,Services,Northeast,3642.15,2498.99,1143.16
SALE0008998,2025-07-23,CUST00017,Manufacturing Components,Services,Southwest,4689.44,3178.37,1511.07
SALE0008999,2024-10-12,CUST00307,Manufacturing Components,Services,Southeast,1198.72,705.8,492.92
SALE0009000,2024-04-17,CUST00494,Office Equipment,Distribution,West,2924.0,1423.73,1500.27
SALE0009001,2025-12-09,CUST00199,Industrial Equipment,Manufacturing,Northeast,2861.9,1666.28,1195.62
SALE0009002,2024-05-14,CUST00055,Packaging Materials,Manufacturing,Southwest,3442.82,2257.84,1184.98
SALE0009003,2025-06-24,CUST00403,Industrial Equipment,Distribution,Southeast,2438.68,1180.32,1258.36
SALE0009004,2025-12-21,CUST00072,Professional Services,Distribution,West,563.69,295.01,268.68
SALE0009005,2025-07-11,CUST00447,Manufacturing Components,Services,Midwest,1647.06,1013.64,633.42
SALE0009006,2025-09-17,CUST00013,Office Equipment,Manufacturing,Northeast,903.77,626.83,276.94
SALE0009007,2026-05-27,CUST00196,Technology Hardware,Manufacturing,Southwest,1601.08,846.19,754.89
SALE0009008,2024-06-20,CUST00046,Manufacturing Components,Manufacturing,West,3255.18,2321.09,934.09
SALE0009009,2024-12-18,CUST00479,Industrial Equipment,Manufacturing,Northeast,2171.32,1123.82,1047.5
SALE0009010,2025-04-15,CUST00430,Packaging Materials,Distribution,Northeast,3600.6,2270.5,1330.1
SALE0009011,2024-08-18,CUST00327,Packaging Materials,Manufacturing,Southeast,2219.53,1263.11,956.42
SALE0009012,2025-07-10,CUST00039,Safety Equipment,Services,Southwest,829.65,535.71,293.94
SALE0009013,2024-02-02,CUST00436,Manufacturing Components,Services,Midwest,398.41,200.4,198.01
SALE0009014,2024-01-06,CUST00469,Maintenance Supplies,Distribution,West,1976.9,933.94,1042.96
SALE0009015,2025-01-31,CUST00361,Safety Equipment,Distribution,Northeast,1590.25,754.91,835.34
SALE0009016,2026-08-16,CUST00074,Professional Services,Manufacturing,Northeast,1006.1,593.22,412.88
SALE0009017,2025-10-09,CUST00187,Industrial Equipment,Services,West,651.73,438.55,213.18
SALE0009018,2025-07-18,CUST00377,Safety Equipment,Services,Midwest,1163.46,526.07,637.39
SALE0009019,2024-08-22,CUST00106,Technology Hardware,Manufacturing,Northeast,1608.9,840.32,768.58
SALE0009020,2025-02-15,CUST00216,Packaging Materials,Distribution,Northeast,2696.01,1787.66,908.35
SALE0009021,2024-02-06,CUST00427,Maintenance Supplies,Distribution,Northeast,2024.7,1100.81,923.89
SALE0009022,2025-05-11,CUST00450,Technology Hardware,Services,Northeast,4744.97,2482.93,2262.04
SALE0009023,2026-04-09,CUST00174,Manufacturing Components,Manufacturing,Southeast,971.3,649.57,321.73
SALE0009024,2025-11-04,CUST00303,Office Equipment,Distribution,Southeast,3067.55,1495.96,1571.59
SALE0009025,2024-02-26,CUST00479,Packaging Materials,Distribution,Northeast,1860.09,1319.71,540.38
SALE0009026,2025-05-04,CUST00327,Safety Equipment,Distribution,West,2742.98,1488.94,1254.04
SALE0009027,2025-10-08,CUST00213,Technology Hardware,Manufacturing,Southeast,1391.44,910.12,481.32
SALE0009028,2025-07-30,CUST00408,Office Equipment,Manufacturing,West,3439.25,1599.14,1840.11
SALE0009029,2025-01-05,CUST00103,Safety Equipment,Services,Northeast,2158.43,1282.44,875.99
SALE0009030,2025-08-25,CUST00259,Industrial Equipment,Services,Northeast,1202.71,656.71,546.0
SALE0009031,2024-01-29,CUST00153,Manufacturing Components,Distribution,Southeast,1795.05,1236.11,558.94
SALE0009032,2025-11-29,CUST00185,Industrial Equipment,Manufacturing,Midwest,1565.98,881.89,684.09
SALE0009033,2025-03-16,CUST00332,Manufacturing Components,Distribution,Southwest,2424.81,1469.08,955.73
SALE0009034,2025-01-06,CUST00426,Industrial Equipment,Manufacturing,West,890.81,402.32,488.49
SALE0009035,2024-09-18,CUST00463,Technology Hardware,Distribution,West,1776.48,1209.0,567.48
SALE0009036,2026-01-03,CUST00368,Maintenance Supplies,Distribution,Midwest,2292.01,1495.89,796.12
SALE0009037,2025-10-20,CUST00051,Manufacturing Components,Services,West,1844.22,919.16,925.06
SALE0009038,2024-01-22,CUST00087,Industrial Equipment,Manufacturing,Southwest,4056.86,1996.52,2060.34
SALE0009039,2024-12-22,CUST00268,Industrial Equipment,Distribution,Northeast,2876.74,1385.29,1491.45
SALE0009040,2026-05-13,CUST00437,Professional Services,Distribution,Northeast,1799.95,1130.64,669.31
SALE0009041,2025-04-12,CUST00062,Packaging Materials,Distribution,Southwest,2059.08,1525.18,533.9
SALE0009042,2025-04-29,CUST00411,Industrial Equipment,Distribution,Southwest,2159.0,1382.19,776.81
SALE0009043,2024-04-06,CUST00332,Packaging Materials,Services,Southeast,2303.03,1648.09,654.94
SALE0009044,2025-11-20,CUST00264,Maintenance Supplies,Manufacturing,West,604.62,387.69,216.93
SALE0009045,2025-11-21,CUST00218,Professional Services,Manufacturing,Northeast,1508.82,874.19,634.63
SALE0009046,2024-05-25,CUST00132,Professional Services,Manufacturing,Northeast,741.99,531.62,210.37
SALE0009047,2026-04-28,CUST00401,Technology Hardware,Manufacturing,Midwest,3893.13,2017.46,1875.67
SALE0009048,2025-05-14,CUST00152,Manufacturing Components,Distribution,Midwest,1743.22,981.4,761.82
SALE0009049,2026-03-15,CUST00494,Professional Services,Manufacturing,West,1610.01,793.41,816.6
SALE0009050,2026-08-16,CUST00152,Technology Hardware,Manufacturing,Northeast,3096.66,1800.25,1296.41
SALE0009051,2026-06-03,CUST00298,Technology Hardware,Distribution,Northeast,2329.47,1255.53,1073.94
SALE0009052,2025-07-27,CUST00026,Packaging Materials,Services,West,918.57,678.16,240.41
SALE0009053,2026-07-08,CUST00219,Technology Hardware,Distribution,Southwest,1732.74,789.33,943.41
SALE0009054,2024-07-19,CUST00218,Maintenance Supplies,Manufacturing,Southwest,1478.67,1097.42,381.25
SALE0009055,2025-12-05,CUST00131,Safety Equipment,Distribution,Northeast,634.78,312.12,322.66
SALE0009056,2024-02-08,CUST00313,Industrial Equipment,Services,West,1194.92,879.68,315.24
SALE0009057,2026-08-20,CUST00166,Industrial Equipment,Services,West,1619.5,806.26,813.24
SALE0009058,2024-04-29,CUST00221,Maintenance Supplies,Distribution,Northeast,1687.54,893.11,794.43
SALE0009059,2024-06-03,CUST00215,Industrial Equipment,Distribution,Midwest,742.97,520.68,222.29
SALE0009060,2024-04-25,CUST00402,Office Equipment,Manufacturing,Southeast,3608.33,2156.32,1452.01
SALE0009061,2024-06-26,CUST00172,Technology Hardware,Manufacturing,Northeast,1700.6,950.47,750.13
SALE0009062,2024-07-11,CUST00048,Professional Services,Distribution,Southeast,1849.24,973.41,875.83
SALE0009063,2024-07-10,CUST00465,Technology Hardware,Distribution,Northeast,2299.36,1411.34,888.02
SALE0009064,2025-05-18,CUST00348,Industrial Equipment,Manufacturing,Southwest,1126.82,632.14,494.68
SALE0009065,2024-09-10,CUST00230,Industrial Equipment,Distribution,West,2377.52,1767.07,610.45
SALE0009066,2024-10-01,CUST00284,Manufacturing Components,Distribution,Southeast,1450.63,894.08,556.55
SALE0009067,2025-09-20,CUST00387,Office Equipment,Services,Northeast,1055.79,539.77,516.02
SALE0009068,2024-01-27,CUST00492,Packaging Materials,Services,Southwest,2550.56,1729.92,820.64
SALE0009069,2025-10-29,CUST00182,Office Equipment,Manufacturing,Southeast,4424.91,2868.61,1556.3
SALE0009070,2026-04-11,CUST00431,Office Equipment,Distribution,Southwest,2793.07,1307.92,1485.15
SALE0009071,2024-10-11,CUST00429,Professional Services,Distribution,Midwest,3145.68,2095.83,1049.85
SALE0009072,2025-04-19,CUST00183,Office Equipment,Manufacturing,Midwest,1322.95,815.6,507.35
SALE0009073,2026-07-09,CUST00134,Technology Hardware,Manufacturing,Northeast,693.28,321.9,371.38
SALE0009074,2025-10-26,CUST00454,Maintenance Supplies,Manufacturing,West,4420.83,3139.14,1281.69
SALE0009075,2025-08-17,CUST00183,Professional Services,Manufacturing,West,6202.51,3842.06,2360.45
SALE0009076,2025-08-15,CUST00264,Office Equipment,Manufacturing,Northeast,4562.76,3263.48,1299.28
SALE0009077,2024-05-27,CUST00322,Technology Hardware,Manufacturing,Midwest,1478.12,896.17,581.95
SALE0009078,2024-09-01,CUST00440,Packaging Materials,Distribution,Midwest,904.35,550.4,353.95
SALE0009079,2024-05-24,CUST00096,Office Equipment,Distribution,West,953.93,432.48,521.45
SALE0009080,2024-04-30,CUST00494,Manufacturing Components,Services,West,658.37,402.28,256.09
SALE0009081,2024-02-06,CUST00096,Safety Equipment,Services,Northeast,1695.23,1159.0,536.23
SALE0009082,2026-05-20,CUST00100,Industrial Equipment,Distribution,Southwest,4738.17,3355.86,1382.31
SALE0009083,2024-08-12,CUST00376,Safety Equipment,Manufacturing,Southeast,1660.71,1190.51,470.2
SALE0009084,2025-07-29,CUST00149,Industrial Equipment,Manufacturing,Southwest,2167.64,1561.52,606.12
SALE0009085,2025-10-14,CUST00406,Office Equipment,Services,Southeast,4127.22,2445.08,1682.14
SALE0009086,2025-12-13,CUST00034,Manufacturing Components,Services,Northeast,1418.77,931.55,487.22
SALE0009087,2024-12-02,CUST00251,Manufacturing Components,Services,Southwest,6132.26,2782.88,3349.38
SALE0009088,2024-02-05,CUST00249,Maintenance Supplies,Distribution,Midwest,5974.51,3767.31,2207.2
SALE0009089,2026-08-16,CUST00013,Office Equipment,Services,Northeast,1671.26,1106.37,564.89
SALE0009090,2026-06-29,CUST00262,Professional Services,Distribution,Southwest,1278.55,694.02,584.53
SALE0009091,2024-07-31,CUST00157,Safety Equipment,Manufacturing,Midwest,2747.21,1691.43,1055.78
SALE0009092,2026-02-01,CUST00212,Professional Services,Distribution,West,1467.75,1013.18,454.57
SALE0009093,2024-11-18,CUST00237,Packaging Materials,Services,Southwest,903.31,568.94,334.37
SALE0009094,2024-07-03,CUST00117,Packaging Materials,Services,Southwest,3900.04,2617.16,1282.88
SALE0009095,2024-08-11,CUST00136,Safety Equipment,Distribution,Northeast,3751.34,1876.49,1874.85
SALE0009096,2024-07-14,CUST00325,Manufacturing Components,Services,Northeast,1984.87,1295.96,688.91
SALE0009097,2024-11-30,CUST00392,Technology Hardware,Services,Northeast,847.49,485.38,362.11
SALE0009098,2026-08-04,CUST00033,Safety Equipment,Distribution,Southeast,864.61,631.96,232.65
SALE0009099,2024-01-22,CUST00204,Safety Equipment,Manufacturing,West,1928.19,1384.12,544.07
SALE0009100,2026-03-09,CUST00197,Manufacturing Components,Services,Southwest,1339.53,806.54,532.99
SALE0009101,2024-02-04,CUST00415,Manufacturing Components,Services,Northeast,1473.42,1075.28,398.14
SALE0009102,2025-04-27,CUST00082,Maintenance Supplies,Manufacturing,Southeast,3338.17,2295.77,1042.4
SALE0009103,2025-03-14,CUST00227,Maintenance Supplies,Services,Southeast,2807.1,1894.25,912.85
SALE0009104,2025-04-18,CUST00024,Manufacturing Components,Manufacturing,Northeast,4133.52,2169.33,1964.19
SALE0009105,2025-06-22,CUST00099,Maintenance Supplies,Manufacturing,Southeast,997.87,747.0,250.87
SALE0009106,2024-12-18,CUST00247,Manufacturing Components,Distribution,West,1471.57,1041.65,429.92
SALE0009107,2024-05-26,CUST00034,Manufacturing Components,Services,Midwest,2850.9,1637.03,1213.87
SALE0009108,2025-04-17,CUST00460,Packaging Materials,Manufacturing,Southwest,2365.74,1335.52,1030.22
SALE0009109,2024-07-28,CUST00276,Professional Services,Manufacturing,Midwest,4534.31,2387.77,2146.54
SALE0009110,2024-11-15,CUST00423,Technology Hardware,Distribution,Southwest,2326.97,1131.63,1195.34
SALE0009111,2026-06-10,CUST00463,Safety Equipment,Manufacturing,Northeast,5480.03,2967.96,2512.07
SALE0009112,2026-03-08,CUST00274,Technology Hardware,Services,Southeast,2499.91,1422.27,1077.64
SALE0009113,2025-02-18,CUST00243,Industrial Equipment,Manufacturing,West,3419.67,1951.7,1467.97
SALE0009114,2026-06-08,CUST00455,Maintenance Supplies,Manufacturing,West,1489.05,959.15,529.9
SALE0009115,2024-07-18,CUST00153,Technology Hardware,Distribution,West,1823.61,845.43,978.18
SALE0009116,2026-01-23,CUST00054,Office Equipment,Distribution,Southwest,3123.05,2337.98,785.07
SALE0009117,2024-01-11,CUST00496,Industrial Equipment,Services,Midwest,4758.97,2882.63,1876.34
SALE0009118,2026-07-07,CUST00351,Industrial Equipment,Services,Southeast,2800.47,1317.79,1482.68
SALE0009119,2024-10-15,CUST00206,Packaging Materials,Services,West,1720.03,920.73,799.3
SALE0009120,2026-03-11,CUST00034,Professional Services,Manufacturing,Midwest,4131.52,2070.48,2061.04
SALE0009121,2025-12-10,CUST00475,Professional Services,Manufacturing,Southwest,485.32,273.36,211.96
SALE0009122,2026-05-04,CUST00135,Safety Equipment,Services,Northeast,770.21,393.18,377.03
SALE0009123,2025-06-12,CUST00232,Packaging Materials,Manufacturing,West,2721.61,1294.44,1427.17
SALE0009124,2026-01-25,CUST00382,Industrial Equipment,Distribution,Midwest,1823.41,930.72,892.69
SALE0009125,2024-01-07,CUST00002,Safety Equipment,Distribution,West,2600.11,1677.02,923.09
SALE0009126,2024-04-24,CUST00206,Maintenance Supplies,Distribution,Southwest,1879.28,1214.69,664.59
SALE0009127,2024-09-18,CUST00372,Professional Services,Manufacturing,West,2546.73,1589.64,957.09
SALE0009128,2025-12-08,CUST00285,Manufacturing Components,Manufacturing,Southeast,1109.16,823.18,285.98
SALE0009129,2026-08-06,CUST00333,Packaging Materials,Services,Southeast,2546.03,1701.81,844.22
SALE0009130,2025-10-12,CUST00357,Manufacturing Components,Services,Northeast,3283.45,1957.64,1325.81
SALE0009131,2025-01-07,CUST00107,Packaging Materials,Distribution,West,3760.59,2081.89,1678.7
SALE0009132,2025-07-01,CUST00478,Packaging Materials,Manufacturing,Southeast,6051.93,3175.58,2876.35
SALE0009133,2025-02-11,CUST00209,Industrial Equipment,Services,Southeast,2093.22,1247.57,845.65
SALE0009134,2024-09-07,CUST00038,Professional Services,Services,Southwest,2131.0,1280.94,850.06
SALE0009135,2025-02-17,CUST00262,Professional Services,Distribution,West,724.95,329.13,395.82
SALE0009136,2024-01-15,CUST00212,Maintenance Supplies,Services,West,1314.42,777.64,536.78
SALE0009137,2024-03-13,CUST00356,Industrial Equipment,Manufacturing,West,1610.26,726.45,883.81
SALE0009138,2024-03-31,CUST00275,Manufacturing Components,Manufacturing,West,3395.45,1953.18,1442.27
SALE0009139,2025-06-06,CUST00228,Safety Equipment,Services,West,1253.13,815.49,437.64
SALE0009140,2024-12-02,CUST00291,Safety Equipment,Manufacturing,West,2915.52,2104.17,811.35
SALE0009141,2026-07-03,CUST00492,Packaging Materials,Distribution,West,1806.28,896.96,909.32
SALE0009142,2024-04-08,CUST00293,Technology Hardware,Manufacturing,West,1625.71,865.15,760.56
SALE0009143,2024-11-20,CUST00397,Office Equipment,Services,West,2099.25,1099.01,1000.24
SALE0009144,2026-01-16,CUST00485,Packaging Materials,Manufacturing,Southwest,1429.82,707.18,722.64
SALE0009145,2024-06-20,CUST00417,Office Equipment,Manufacturing,Northeast,1397.69,894.1,503.59
SALE0009146,2024-12-14,CUST00456,Packaging Materials,Manufacturing,Northeast,650.1,376.76,273.34
SALE0009147,2026-04-17,CUST00256,Industrial Equipment,Manufacturing,West,1558.11,1026.02,532.09
SALE0009148,2024-10-13,CUST00020,Manufacturing Components,Distribution,Northeast,1355.63,766.9,588.73
SALE0009149,2026-05-19,CUST00455,Industrial Equipment,Distribution,Midwest,1326.65,656.86,669.79
SALE0009150,2025-03-24,CUST00455,Packaging Materials,Manufacturing,West,2321.86,1118.11,1203.75
SALE0009151,2024-07-25,CUST00066,Maintenance Supplies,Services,Southwest,2684.31,1817.77,866.54
SALE0009152,2024-11-10,CUST00207,Packaging Materials,Manufacturing,Southwest,2078.32,1249.36,828.96
SALE0009153,2025-07-11,CUST00285,Office Equipment,Services,Northeast,3285.42,2115.69,1169.73
SALE0009154,2025-05-06,CUST00412,Packaging Materials,Distribution,Southwest,2553.8,1859.17,694.63
SALE0009155,2025-02-21,CUST00213,Safety Equipment,Services,Midwest,1514.69,693.12,821.57
SALE0009156,2025-10-17,CUST00123,Office Equipment,Services,West,1369.62,643.56,726.06
SALE0009157,2026-05-30,CUST00219,Technology Hardware,Distribution,Midwest,2181.34,1362.55,818.79
SALE0009158,2024-03-17,CUST00304,Maintenance Supplies,Services,Southeast,2551.05,1682.19,868.86
SALE0009159,2026-06-28,CUST00477,Safety Equipment,Services,Southeast,4182.68,2403.21,1779.47
SALE0009160,2025-05-02,CUST00427,Technology Hardware,Distribution,Northeast,3694.88,2484.44,1210.44
SALE0009161,2026-07-16,CUST00140,Technology Hardware,Manufacturing,Midwest,1306.51,925.26,381.25
SALE0009162,2025-05-08,CUST00366,Professional Services,Services,Midwest,1700.7,996.38,704.32
SALE0009163,2025-07-30,CUST00313,Maintenance Supplies,Distribution,West,2704.33,1328.99,1375.34
SALE0009164,2024-08-27,CUST00275,Safety Equipment,Distribution,Midwest,3431.66,1970.46,1461.2
SALE0009165,2024-11-15,CUST00290,Packaging Materials,Manufacturing,West,3176.01,1944.98,1231.03
SALE0009166,2026-06-26,CUST00020,Maintenance Supplies,Manufacturing,Midwest,1740.06,1299.55,440.51
SALE0009167,2024-09-30,CUST00094,Technology Hardware,Distribution,Southwest,852.0,466.32,385.68
SALE0009168,2025-10-17,CUST00062,Professional Services,Services,Southeast,992.91,465.35,527.56
SALE0009169,2025-09-24,CUST00492,Manufacturing Components,Distribution,Northeast,2129.37,1170.86,958.51
SALE0009170,2026-01-10,CUST00120,Professional Services,Services,Southwest,2220.16,1001.32,1218.84
SALE0009171,2024-08-01,CUST00302,Maintenance Supplies,Manufacturing,Southeast,935.23,635.22,300.01
SALE0009172,2026-05-04,CUST00420,Industrial Equipment,Distribution,Southeast,1857.04,1277.06,579.98
SALE0009173,2025-05-17,CUST00321,Packaging Materials,Distribution,West,2640.53,1390.6,1249.93
SALE0009174,2026-07-02,CUST00481,Industrial Equipment,Services,Southwest,906.2,631.26,274.94
SALE0009175,2024-11-22,CUST00062,Industrial Equipment,Services,Southwest,3508.69,1914.71,1593.98
SALE0009176,2026-03-06,CUST00315,Professional Services,Manufacturing,Southwest,1441.56,1017.69,423.87
SALE0009177,2026-05-18,CUST00258,Safety Equipment,Services,Southeast,3845.15,2567.07,1278.08
SALE0009178,2025-11-25,CUST00066,Maintenance Supplies,Manufacturing,Southeast,1312.81,622.3,690.51
SALE0009179,2025-11-23,CUST00188,Maintenance Supplies,Manufacturing,Midwest,976.55,577.42,399.13
SALE0009180,2026-07-12,CUST00455,Office Equipment,Distribution,Southwest,1373.5,635.71,737.79
SALE0009181,2025-01-08,CUST00244,Maintenance Supplies,Services,Southwest,1707.71,955.41,752.3
SALE0009182,2024-08-05,CUST00285,Manufacturing Components,Manufacturing,Southwest,1432.12,917.1,515.02
SALE0009183,2025-11-16,CUST00002,Technology Hardware,Distribution,Northeast,1588.27,1071.23,517.04
SALE0009184,2026-06-11,CUST00162,Professional Services,Manufacturing,West,2209.19,1583.44,625.75
SALE0009185,2026-01-04,CUST00490,Maintenance Supplies,Manufacturing,Northeast,1631.56,1040.39,591.17
SALE0009186,2025-08-08,CUST00399,Industrial Equipment,Services,Southwest,1737.73,992.97,744.76
SALE0009187,2026-08-08,CUST00060,Office Equipment,Services,Northeast,648.37,365.59,282.78
SALE0009188,2025-11-06,CUST00041,Professional Services,Distribution,Southwest,2287.05,1264.42,1022.63
SALE0009189,2024-01-22,CUST00085,Maintenance Supplies,Distribution,Midwest,1713.82,1184.85,528.97
SALE0009190,2025-01-20,CUST00360,Manufacturing Components,Services,Northeast,4751.31,2994.5,1756.81
SALE0009191,2024-10-27,CUST00389,Office Equipment,Services,Southwest,1028.92,528.74,500.18
SALE0009192,2024-12-02,CUST00434,Technology Hardware,Distribution,Southwest,610.95,358.9,252.05
SALE0009193,2026-03-15,CUST00285,Safety Equipment,Distribution,Southeast,2619.77,1192.02,1427.75
SALE0009194,2025-03-03,CUST00100,Safety Equipment,Services,West,2225.9,1015.94,1209.96
SALE0009195,2024-06-10,CUST00159,Office Equipment,Services,Southwest,987.27,685.03,302.24
SALE0009196,2025-01-21,CUST00280,Manufacturing Components,Services,Southwest,722.09,482.2,239.89
SALE0009197,2026-02-14,CUST00285,Industrial Equipment,Distribution,Northeast,4547.98,2483.5,2064.48
SALE0009198,2024-10-23,CUST00099,Office Equipment,Manufacturing,Midwest,4223.7,2710.89,1512.81
SALE0009199,2025-06-23,CUST00171,Manufacturing Components,Manufacturing,Southwest,406.48,237.17,169.31
SALE0009200,2024-05-03,CUST00451,Safety Equipment,Distribution,West,1373.43,992.09,381.34
SALE0009201,2024-02-27,CUST00081,Safety Equipment,Manufacturing,West,4907.48,3483.25,1424.23
SALE0009202,2025-10-24,CUST00151,Safety Equipment,Manufacturing,Southeast,1358.81,891.86,466.95
SALE0009203,2024-03-27,CUST00141,Technology Hardware,Distribution,Southwest,1347.0,925.83,421.17
SALE0009204,2025-09-13,CUST00016,Industrial Equipment,Distribution,Southeast,1525.91,966.28,559.63
SALE0009205,2024-12-16,CUST00401,Professional Services,Manufacturing,Southeast,922.85,526.32,396.53
SALE0009206,2024-02-28,CUST00108,Office Equipment,Distribution,Southwest,650.11,366.97,283.14
SALE0009207,2026-06-03,CUST00102,Professional Services,Services,Northeast,3399.99,2067.41,1332.58
SALE0009208,2025-10-24,CUST00056,Industrial Equipment,Distribution,Northeast,598.39,391.53,206.86
SALE0009209,2024-08-29,CUST00234,Professional Services,Distribution,Southwest,2097.21,1194.74,902.47
SALE0009210,2025-09-12,CUST00297,Safety Equipment,Services,Southeast,3077.73,1718.55,1359.18
SALE0009211,2026-01-06,CUST00139,Office Equipment,Distribution,Southeast,756.93,556.84,200.09
SALE0009212,2025-04-24,CUST00216,Professional Services,Distribution,Midwest,1038.4,492.07,546.33
SALE0009213,2026-03-09,CUST00061,Packaging Materials,Manufacturing,West,3743.99,2191.98,1552.01
SALE0009214,2024-11-09,CUST00344,Industrial Equipment,Manufacturing,West,2489.25,1369.95,1119.3
SALE0009215,2025-12-22,CUST00353,Maintenance Supplies,Distribution,Southeast,1248.41,795.7,452.71
SALE0009216,2025-07-27,CUST00271,Packaging Materials,Distribution,West,3719.52,2706.8,1012.72
SALE0009217,2025-04-02,CUST00143,Manufacturing Components,Manufacturing,Southwest,3729.1,2129.71,1599.39
SALE0009218,2025-01-31,CUST00393,Office Equipment,Services,West,2124.8,1266.53,858.27
SALE0009219,2025-08-20,CUST00447,Industrial Equipment,Services,Southwest,1053.53,597.62,455.91
SALE0009220,2025-06-14,CUST00290,Manufacturing Components,Distribution,Northeast,1410.83,814.28,596.55
SALE0009221,2025-07-06,CUST00166,Industrial Equipment,Services,West,2147.01,1412.33,734.68
SALE0009222,2024-10-19,CUST00352,Maintenance Supplies,Distribution,Midwest,1614.6,1022.0,592.6
SALE0009223,2025-04-22,CUST00235,Industrial Equipment,Distribution,Southeast,3175.99,1694.87,1481.12
SALE0009224,2025-01-05,CUST00176,Packaging Materials,Distribution,West,722.08,389.96,332.12
SALE0009225,2025-02-25,CUST00309,Technology Hardware,Distribution,Southwest,737.63,346.04,391.59
SALE0009226,2026-04-27,CUST00282,Professional Services,Distribution,Northeast,2015.3,1299.4,715.9
SALE0009227,2025-04-12,CUST00047,Safety Equipment,Services,Northeast,1346.24,734.08,612.16
SALE0009228,2026-08-11,CUST00409,Industrial Equipment,Manufacturing,Southwest,1241.12,652.54,588.58
SALE0009229,2025-07-13,CUST00287,Industrial Equipment,Manufacturing,Midwest,625.88,313.25,312.63
SALE0009230,2025-02-27,CUST00307,Manufacturing Components,Services,Northeast,1829.37,1110.35,719.02
SALE0009231,2025-07-27,CUST00191,Professional Services,Distribution,Southwest,1751.71,1131.0,620.71
SALE0009232,2024-01-01,CUST00241,Technology Hardware,Manufacturing,Northeast,2676.02,1919.23,756.79
SALE0009233,2024-07-14,CUST00345,Safety Equipment,Services,Southeast,1884.36,1173.42,710.94
SALE0009234,2024-11-26,CUST00486,Professional Services,Services,Southwest,1669.76,948.6,721.16
SALE0009235,2025-12-09,CUST00396,Office Equipment,Manufacturing,Northeast,3663.6,2496.63,1166.97
SALE0009236,2026-02-20,CUST00399,Professional Services,Manufacturing,West,822.64,612.64,210.0
SALE0009237,2025-02-16,CUST00209,Professional Services,Services,West,2494.47,1258.18,1236.29
SALE0009238,2025-02-25,CUST00462,Safety Equipment,Manufacturing,West,663.36,312.44,350.92
SALE0009239,2025-02-05,CUST00274,Manufacturing Components,Manufacturing,Northeast,1093.33,560.1,533.23
SALE0009240,2026-08-18,CUST00382,Office Equipment,Manufacturing,Midwest,873.41,444.88,428.53
SALE0009241,2025-12-02,CUST00265,Office Equipment,Distribution,Northeast,2890.44,2011.11,879.33
SALE0009242,2025-09-16,CUST00204,Technology Hardware,Distribution,West,1738.46,914.19,824.27
SALE0009243,2025-05-13,CUST00399,Technology Hardware,Manufacturing,Southwest,1793.45,1050.52,742.93
SALE0009244,2024-10-31,CUST00490,Safety Equipment,Distribution,West,930.72,493.94,436.78
SALE0009245,2025-10-27,CUST00053,Packaging Materials,Manufacturing,Southwest,1510.48,832.19,678.29
SALE0009246,2025-01-24,CUST00464,Industrial Equipment,Manufacturing,Southeast,1143.58,573.07,570.51
SALE0009247,2026-06-03,CUST00128,Maintenance Supplies,Services,Southeast,2275.77,1386.65,889.12
SALE0009248,2025-06-29,CUST00013,Packaging Materials,Manufacturing,Midwest,997.59,451.65,545.94
SALE0009249,2024-09-09,CUST00165,Industrial Equipment,Distribution,Midwest,4015.34,2841.04,1174.3
SALE0009250,2025-02-12,CUST00317,Office Equipment,Services,Northeast,661.59,401.84,259.75
SALE0009251,2024-02-09,CUST00308,Packaging Materials,Manufacturing,Southeast,1114.42,811.54,302.88
SALE0009252,2024-04-01,CUST00162,Packaging Materials,Distribution,Northeast,4945.93,3391.38,1554.55
SALE0009253,2026-08-30,CUST00488,Manufacturing Components,Distribution,Southwest,1392.58,740.46,652.12
SALE0009254,2024-11-30,CUST00137,Packaging Materials,Distribution,Southwest,821.45,496.33,325.12
SALE0009255,2025-06-13,CUST00433,Manufacturing Components,Services,Southeast,2062.02,1186.02,876.0
SALE0009256,2025-05-06,CUST00470,Safety Equipment,Manufacturing,Southeast,1359.35,794.84,564.51
SALE0009257,2024-09-01,CUST00224,Maintenance Supplies,Manufacturing,Northeast,1094.97,765.04,329.93
SALE0009258,2024-04-05,CUST00132,Technology Hardware,Distribution,Southwest,936.81,576.53,360.28
SALE0009259,2025-01-22,CUST00445,Packaging Materials,Services,Midwest,9518.8,4523.26,4995.54
SALE0009260,2024-02-24,CUST00145,Manufacturing Components,Manufacturing,Southeast,1554.75,1040.76,513.99
SALE0009261,2024-03-20,CUST00033,Professional Services,Manufacturing,Southeast,569.44,347.58,221.86
SALE0009262,2025-10-15,CUST00424,Packaging Materials,Manufacturing,Midwest,4430.31,2535.83,1894.48
SALE0009263,2025-10-11,CUST00190,Technology Hardware,Distribution,Southwest,2608.79,1955.94,652.85
SALE0009264,2026-02-04,CUST00419,Industrial Equipment,Manufacturing,West,1141.52,535.45,606.07
SALE0009265,2024-10-14,CUST00211,Professional Services,Services,Southeast,1032.9,693.31,339.59
SALE0009266,2025-03-22,CUST00346,Industrial Equipment,Manufacturing,West,2708.32,1430.24,1278.08
SALE0009267,2026-08-24,CUST00263,Packaging Materials,Services,West,1559.08,1086.1,472.98
SALE0009268,2026-07-08,CUST00458,Maintenance Supplies,Services,Southeast,569.3,358.93,210.37
SALE0009269,2026-04-27,CUST00109,Technology Hardware,Services,Midwest,5283.5,2906.9,2376.6
SALE0009270,2026-04-25,CUST00323,Office Equipment,Manufacturing,West,1393.54,702.41,691.13
SALE0009271,2025-11-15,CUST00413,Industrial Equipment,Distribution,West,4435.27,3144.83,1290.44
SALE0009272,2024-03-27,CUST00128,Maintenance Supplies,Services,Southwest,3893.49,2728.19,1165.3
SALE0009273,2026-03-25,CUST00038,Safety Equipment,Services,Midwest,991.67,545.35,446.32
SALE0009274,2026-03-04,CUST00345,Maintenance Supplies,Services,Northeast,3360.73,1556.05,1804.68
SALE0009275,2025-05-30,CUST00163,Industrial Equipment,Distribution,West,1223.09,869.41,353.68
SALE0009276,2026-06-24,CUST00343,Maintenance Supplies,Manufacturing,Midwest,589.92,436.91,153.01
SALE0009277,2025-11-18,CUST00394,Maintenance Supplies,Distribution,Midwest,1401.42,1023.22,378.2
SALE0009278,2024-03-20,CUST00206,Industrial Equipment,Services,Southwest,2295.22,1123.15,1172.07
SALE0009279,2024-04-21,CUST00485,Technology Hardware,Services,Southwest,1369.72,655.7,714.02
SALE0009280,2024-08-11,CUST00080,Technology Hardware,Manufacturing,Northeast,1503.83,965.09,538.74
SALE0009281,2024-08-25,CUST00274,Maintenance Supplies,Distribution,Midwest,3590.83,1743.89,1846.94
SALE0009282,2024-08-21,CUST00306,Maintenance Supplies,Distribution,Southeast,1927.34,1425.8,501.54
SALE0009283,2025-07-14,CUST00165,Maintenance Supplies,Services,Northeast,1090.1,495.92,594.18
SALE0009284,2024-03-03,CUST00085,Safety Equipment,Manufacturing,West,2755.13,1722.89,1032.24
SALE0009285,2024-12-29,CUST00025,Professional Services,Services,Southwest,2035.72,1486.54,549.18
SALE0009286,2024-09-05,CUST00437,Technology Hardware,Services,Southeast,398.23,181.01,217.22
SALE0009287,2025-08-18,CUST00020,Safety Equipment,Distribution,Southeast,2337.91,1070.98,1266.93
SALE0009288,2026-08-26,CUST00319,Packaging Materials,Distribution,Southeast,2287.23,1157.01,1130.22
SALE0009289,2024-01-26,CUST00349,Technology Hardware,Services,Midwest,1830.0,1314.09,515.91
SALE0009290,2025-12-24,CUST00476,Office Equipment,Manufacturing,West,3087.2,1709.87,1377.33
SALE0009291,2024-11-04,CUST00191,Office Equipment,Distribution,Southwest,1207.81,763.46,444.35
SALE0009292,2025-07-13,CUST00428,Safety Equipment,Services,Southeast,2212.55,1454.6,757.95
SALE0009293,2025-09-08,CUST00149,Safety Equipment,Manufacturing,Northeast,706.15,440.73,265.42
SALE0009294,2025-08-15,CUST00041,Technology Hardware,Distribution,West,2308.27,1511.02,797.25
SALE0009295,2025-03-26,CUST00096,Industrial Equipment,Services,West,5836.2,3555.57,2280.63
SALE0009296,2024-12-14,CUST00372,Safety Equipment,Services,Southwest,995.34,591.92,403.42
SALE0009297,2025-06-14,CUST00350,Manufacturing Components,Services,West,1146.1,584.02,562.08
SALE0009298,2025-07-29,CUST00186,Maintenance Supplies,Distribution,Northeast,1180.85,684.48,496.37
SALE0009299,2026-05-02,CUST00150,Technology Hardware,Distribution,Southeast,1954.71,1144.03,810.68
SALE0009300,2025-11-16,CUST00383,Office Equipment,Services,Southwest,955.45,521.5,433.95
SALE0009301,2024-01-04,CUST00468,Packaging Materials,Distribution,Northeast,2327.96,1673.31,654.65
SALE0009302,2026-08-19,CUST00328,Professional Services,Distribution,West,3005.21,1834.04,1171.17
SALE0009303,2025-04-07,CUST00028,Industrial Equipment,Services,Southeast,2491.42,1735.92,755.5
SALE0009304,2024-02-05,CUST00454,Packaging Materials,Manufacturing,Midwest,625.75,372.75,253.0
SALE0009305,2025-02-13,CUST00300,Industrial Equipment,Distribution,Midwest,3284.93,2259.85,1025.08
SALE0009306,2024-08-01,CUST00324,Office Equipment,Distribution,West,3172.96,1980.89,1192.07
SALE0009307,2024-09-14,CUST00254,Safety Equipment,Services,Southeast,2975.29,1767.33,1207.96
SALE0009308,2024-02-12,CUST00323,Maintenance Supplies,Distribution,Northeast,2261.32,1118.71,1142.61
SALE0009309,2025-11-29,CUST00326,Manufacturing Components,Services,Southwest,2063.41,1224.22,839.19
SALE0009310,2024-03-23,CUST00335,Industrial Equipment,Manufacturing,Northeast,3359.12,2427.56,931.56
SALE0009311,2024-07-04,CUST00101,Office Equipment,Distribution,Southeast,5733.65,2679.78,3053.87
SALE0009312,2025-09-17,CUST00333,Manufacturing Components,Services,Southwest,1020.63,667.84,352.79
SALE0009313,2025-09-25,CUST00130,Packaging Materials,Distribution,Northeast,3452.57,2387.94,1064.63
SALE0009314,2025-10-15,CUST00201,Office Equipment,Services,Southwest,1716.89,1172.62,544.27
SALE0009315,2024-10-08,CUST00015,Professional Services,Services,West,1672.7,995.3,677.4
SALE0009316,2024-08-13,CUST00227,Technology Hardware,Distribution,Midwest,719.16,398.39,320.77
SALE0009317,2024-05-18,CUST00363,Industrial Equipment,Services,Southeast,1524.05,1137.85,386.2
SALE0009318,2024-04-18,CUST00462,Safety Equipment,Manufacturing,Northeast,993.9,731.62,262.28
SALE0009319,2024-03-18,CUST00041,Safety Equipment,Manufacturing,Northeast,1368.8,918.4,450.4
SALE0009320,2024-12-04,CUST00292,Industrial Equipment,Manufacturing,Southwest,935.51,465.42,470.09
SALE0009321,2024-10-29,CUST00379,Office Equipment,Distribution,Midwest,1381.13,650.29,730.84
SALE0009322,2024-08-03,CUST00282,Office Equipment,Manufacturing,Midwest,1417.05,1041.28,375.77
SALE0009323,2024-05-31,CUST00340,Safety Equipment,Manufacturing,Southwest,1916.11,1181.98,734.13
SALE0009324,2025-05-17,CUST00067,Maintenance Supplies,Distribution,Midwest,686.19,337.67,348.52
SALE0009325,2024-10-14,CUST00020,Office Equipment,Manufacturing,Southwest,759.52,449.83,309.69
SALE0009326,2024-03-03,CUST00492,Safety Equipment,Distribution,Southwest,2246.54,1300.79,945.75
SALE0009327,2025-06-25,CUST00317,Packaging Materials,Manufacturing,Midwest,1120.51,682.94,437.57
SALE0009328,2024-05-05,CUST00021,Industrial Equipment,Distribution,Southeast,3445.13,2111.92,1333.21
SALE0009329,2026-04-05,CUST00258,Maintenance Supplies,Distribution,West,2069.71,1308.93,760.78
SALE0009330,2026-04-09,CUST00273,Industrial Equipment,Services,Northeast,2602.06,1907.85,694.21
SALE0009331,2025-11-02,CUST00032,Technology Hardware,Distribution,Midwest,4215.04,2016.94,2198.1
SALE0009332,2025-04-21,CUST00348,Office Equipment,Services,Midwest,1501.43,962.89,538.54
SALE0009333,2025-07-06,CUST00233,Technology Hardware,Distribution,West,1280.89,818.41,462.48
SALE0009334,2024-01-22,CUST00413,Safety Equipment,Distribution,Southwest,3050.38,2183.83,866.55
SALE0009335,2026-06-10,CUST00325,Maintenance Supplies,Distribution,West,2454.57,1640.8,813.77
SALE0009336,2024-03-26,CUST00011,Safety Equipment,Services,Southwest,1615.83,1131.14,484.69
SALE0009337,2025-06-25,CUST00367,Office Equipment,Distribution,Southeast,4166.68,2227.95,1938.73
SALE0009338,2024-08-10,CUST00276,Industrial Equipment,Distribution,Midwest,1591.85,1084.49,507.36
SALE0009339,2026-05-09,CUST00136,Safety Equipment,Manufacturing,Midwest,1843.95,948.16,895.79
SALE0009340,2025-09-18,CUST00090,Industrial Equipment,Distribution,Northeast,1831.21,1273.33,557.88
SALE0009341,2024-01-03,CUST00202,Professional Services,Distribution,Midwest,1031.99,471.66,560.33
SALE0009342,2024-09-25,CUST00104,Office Equipment,Distribution,Northeast,1894.2,1106.22,787.98
SALE0009343,2026-08-29,CUST00271,Packaging Materials,Distribution,Northeast,4179.96,2413.16,1766.8
SALE0009344,2024-04-16,CUST00420,Packaging Materials,Services,Southeast,2361.33,1396.33,965.0
SALE0009345,2024-02-23,CUST00415,Technology Hardware,Services,Southeast,1842.06,935.28,906.78
SALE0009346,2024-04-01,CUST00491,Packaging Materials,Distribution,Southeast,1640.8,972.03,668.77
SALE0009347,2025-12-02,CUST00015,Industrial Equipment,Services,Midwest,2205.08,1156.47,1048.61
SALE0009348,2025-07-20,CUST00432,Industrial Equipment,Services,West,2835.18,2069.6,765.58
SALE0009349,2025-12-31,CUST00356,Manufacturing Components,Manufacturing,Southeast,2605.93,1508.24,1097.69
SALE0009350,2026-03-01,CUST00011,Maintenance Supplies,Distribution,Southeast,1481.6,829.99,651.61
SALE0009351,2024-03-02,CUST00164,Professional Services,Distribution,Southeast,2197.05,1250.87,946.18
SALE0009352,2024-04-04,CUST00228,Manufacturing Components,Services,Southwest,2411.4,1157.42,1253.98
SALE0009353,2025-06-12,CUST00290,Manufacturing Components,Services,Southwest,988.0,475.93,512.07
SALE0009354,2025-03-01,CUST00499,Safety Equipment,Distribution,Southeast,2000.07,1440.23,559.84
SALE0009355,2024-03-28,CUST00478,Office Equipment,Distribution,Southeast,494.34,271.96,222.38
SALE0009356,2026-04-27,CUST00059,Manufacturing Components,Manufacturing,Southwest,2415.16,1560.28,854.88
SALE0009357,2026-02-22,CUST00203,Office Equipment,Services,Southwest,2687.07,1214.48,1472.59
SALE0009358,2024-10-07,CUST00378,Maintenance Supplies,Manufacturing,Midwest,2831.4,1630.19,1201.21
SALE0009359,2025-04-29,CUST00180,Maintenance Supplies,Distribution,West,1426.49,1021.24,405.25
SALE0009360,2025-08-05,CUST00326,Professional Services,Distribution,Southeast,2176.4,1198.55,977.85
SALE0009361,2024-12-17,CUST00236,Professional Services,Distribution,West,4248.72,2131.66,2117.06
SALE0009362,2025-08-19,CUST00328,Professional Services,Services,Southwest,4222.83,2957.58,1265.25
SALE0009363,2026-04-10,CUST00349,Technology Hardware,Manufacturing,Southwest,1776.67,1201.06,575.61
SALE0009364,2025-10-03,CUST00018,Safety Equipment,Services,Southeast,1965.68,1415.59,550.09
SALE0009365,2025-11-15,CUST00337,Professional Services,Services,Northeast,3521.16,2272.01,1249.15
SALE0009366,2024-04-12,CUST00371,Industrial Equipment,Services,Midwest,734.74,389.05,345.69
SALE0009367,2025-12-30,CUST00032,Professional Services,Services,Northeast,1489.44,959.12,530.32
SALE0009368,2024-12-25,CUST00394,Manufacturing Components,Services,West,4029.28,2591.79,1437.49
SALE0009369,2026-08-26,CUST00342,Safety Equipment,Manufacturing,Southeast,3245.81,1830.62,1415.19
SALE0009370,2024-02-29,CUST00250,Professional Services,Manufacturing,Midwest,2256.47,1455.76,800.71
SALE0009371,2026-01-04,CUST00039,Manufacturing Components,Distribution,West,732.53,459.52,273.01
SALE0009372,2025-12-23,CUST00351,Safety Equipment,Manufacturing,West,1754.7,971.0,783.7
SALE0009373,2026-03-03,CUST00202,Packaging Materials,Services,West,1269.08,681.96,587.12
SALE0009374,2025-11-30,CUST00462,Industrial Equipment,Distribution,Southeast,2205.31,1635.66,569.65
SALE0009375,2025-07-14,CUST00261,Manufacturing Components,Distribution,Southwest,1112.53,745.99,366.54
SALE0009376,2025-02-11,CUST00425,Safety Equipment,Manufacturing,West,977.08,455.39,521.69
SALE0009377,2025-07-01,CUST00483,Manufacturing Components,Services,West,523.78,244.81,278.97
SALE0009378,2024-08-08,CUST00103,Maintenance Supplies,Services,Southeast,3763.42,1990.54,1772.88
SALE0009379,2025-02-21,CUST00223,Industrial Equipment,Services,West,1422.45,746.65,675.8
SALE0009380,2025-05-25,CUST00323,Safety Equipment,Distribution,Southwest,1986.81,1158.07,828.74
SALE0009381,2024-05-28,CUST00360,Maintenance Supplies,Manufacturing,Southwest,1805.62,972.21,833.41
SALE0009382,2025-04-19,CUST00049,Professional Services,Services,Midwest,952.93,539.64,413.29
SALE0009383,2024-09-04,CUST00209,Maintenance Supplies,Distribution,Midwest,849.43,387.49,461.94
SALE0009384,2024-05-13,CUST00103,Packaging Materials,Distribution,West,989.12,623.95,365.17
SALE0009385,2024-08-29,CUST00268,Professional Services,Manufacturing,West,1171.57,783.56,388.01
SALE0009386,2026-01-06,CUST00089,Technology Hardware,Manufacturing,Southwest,2252.88,1655.78,597.1
SALE0009387,2025-11-19,CUST00364,Industrial Equipment,Services,Midwest,1121.66,561.54,560.12
SALE0009388,2024-12-22,CUST00405,Packaging Materials,Distribution,Southeast,5155.89,2729.75,2426.14
SALE0009389,2025-03-24,CUST00106,Safety Equipment,Manufacturing,Southeast,3348.58,1985.82,1362.76
SALE0009390,2024-12-11,CUST00067,Professional Services,Distribution,Southwest,2936.62,1780.66,1155.96
SALE0009391,2024-08-16,CUST00132,Manufacturing Components,Services,Southwest,1682.78,891.51,791.27
SALE0009392,2026-06-06,CUST00134,Professional Services,Distribution,Midwest,4485.33,3017.22,1468.11
SALE0009393,2026-01-02,CUST00394,Packaging Materials,Distribution,Southwest,1586.36,800.53,785.83
SALE0009394,2026-05-15,CUST00265,Technology Hardware,Manufacturing,Southwest,1774.45,1123.68,650.77
SALE0009395,2025-08-29,CUST00245,Technology Hardware,Manufacturing,Southwest,2002.17,1007.88,994.29
SALE0009396,2024-04-16,CUST00353,Packaging Materials,Services,West,2754.78,1444.22,1310.56
SALE0009397,2024-10-31,CUST00329,Professional Services,Manufacturing,Midwest,2649.55,1452.78,1196.77
SALE0009398,2024-01-08,CUST00182,Professional Services,Distribution,Midwest,1359.57,866.98,492.59
SALE0009399,2025-12-27,CUST00023,Professional Services,Distribution,Southwest,1313.18,798.37,514.81
SALE0009400,2024-11-15,CUST00266,Maintenance Supplies,Manufacturing,Southeast,2654.31,1620.2,1034.11
SALE0009401,2025-07-12,CUST00061,Packaging Materials,Distribution,Southwest,2777.04,1804.93,972.11
SALE0009402,2024-02-17,CUST00396,Safety Equipment,Manufacturing,Midwest,1427.94,854.79,573.15
SALE0009403,2025-09-13,CUST00091,Packaging Materials,Distribution,Midwest,697.63,373.82,323.81
SALE0009404,2024-05-09,CUST00489,Manufacturing Components,Distribution,Northeast,1596.57,855.89,740.68
SALE0009405,2025-11-10,CUST00187,Safety Equipment,Distribution,Northeast,2628.36,1331.79,1296.57
SALE0009406,2025-05-13,CUST00425,Technology Hardware,Distribution,Southwest,5341.44,3082.95,2258.49
SALE0009407,2024-04-19,CUST00051,Manufacturing Components,Services,West,881.15,609.95,271.2
SALE0009408,2025-11-02,CUST00335,Manufacturing Components,Distribution,Southwest,1399.76,675.75,724.01
SALE0009409,2026-06-04,CUST00329,Manufacturing Components,Services,Southeast,1431.33,739.59,691.74
SALE0009410,2026-04-28,CUST00420,Safety Equipment,Distribution,West,4078.49,2541.28,1537.21
SALE0009411,2024-09-13,CUST00459,Industrial Equipment,Services,Northeast,1770.53,946.38,824.15
SALE0009412,2024-05-17,CUST00038,Packaging Materials,Distribution,Southwest,1049.01,616.4,432.61
SALE0009413,2025-12-15,CUST00165,Office Equipment,Services,West,2528.08,1217.35,1310.73
SALE0009414,2024-12-12,CUST00427,Industrial Equipment,Services,Northeast,1418.3,721.05,697.25
SALE0009415,2025-11-28,CUST00139,Professional Services,Services,Midwest,867.28,507.59,359.69
SALE0009416,2024-01-15,CUST00002,Safety Equipment,Manufacturing,West,1058.21,765.77,292.44
SALE0009417,2025-09-01,CUST00086,Industrial Equipment,Distribution,Midwest,5117.52,3429.19,1688.33
SALE0009418,2026-04-27,CUST00317,Office Equipment,Distribution,West,2276.8,1090.74,1186.06
SALE0009419,2026-02-05,CUST00080,Safety Equipment,Distribution,Southwest,1928.81,1038.9,889.91
SALE0009420,2024-09-14,CUST00421,Office Equipment,Services,Midwest,1556.3,850.65,705.65
SALE0009421,2025-07-22,CUST00067,Industrial Equipment,Manufacturing,Southeast,2154.45,1262.08,892.37
SALE0009422,2025-07-17,CUST00164,Office Equipment,Manufacturing,Southwest,2139.1,1526.4,612.7
SALE0009423,2024-02-14,CUST00284,Industrial Equipment,Distribution,West,2154.47,1607.8,546.67
SALE0009424,2025-07-10,CUST00445,Manufacturing Components,Services,West,1937.02,886.61,1050.41
SALE0009425,2025-06-07,CUST00358,Safety Equipment,Manufacturing,Northeast,3045.07,1382.62,1662.45
SALE0009426,2024-12-06,CUST00234,Packaging Materials,Services,Southwest,1833.28,1335.22,498.06
SALE0009427,2026-06-05,CUST00246,Packaging Materials,Services,Southeast,1005.5,610.51,394.99
SALE0009428,2024-02-22,CUST00098,Industrial Equipment,Distribution,Northeast,1252.06,904.62,347.44
SALE0009429,2024-03-03,CUST00278,Manufacturing Components,Distribution,West,551.47,411.13,140.34
SALE0009430,2026-01-25,CUST00086,Safety Equipment,Services,West,6100.28,3056.34,3043.94
SALE0009431,2025-04-23,CUST00332,Office Equipment,Manufacturing,Northeast,3034.05,1709.8,1324.25
SALE0009432,2025-01-10,CUST00179,Manufacturing Components,Services,West,1098.78,583.16,515.62
SALE0009433,2024-03-01,CUST00430,Packaging Materials,Distribution,Southeast,1526.74,891.01,635.73
SALE0009434,2025-09-26,CUST00426,Maintenance Supplies,Manufacturing,West,1233.82,800.68,433.14
SALE0009435,2025-02-22,CUST00276,Safety Equipment,Distribution,West,4562.05,2349.45,2212.6
SALE0009436,2024-06-20,CUST00200,Safety Equipment,Services,West,771.3,509.87,261.43
SALE0009437,2026-02-28,CUST00420,Professional Services,Services,Midwest,1936.59,1391.82,544.77
SALE0009438,2025-09-22,CUST00312,Manufacturing Components,Manufacturing,West,1694.06,926.89,767.17
SALE0009439,2024-05-24,CUST00383,Safety Equipment,Manufacturing,Midwest,2969.36,2023.25,946.11
SALE0009440,2025-01-06,CUST00259,Technology Hardware,Distribution,Southeast,1698.66,1197.14,501.52
SALE0009441,2026-07-02,CUST00114,Maintenance Supplies,Distribution,Southeast,629.59,380.67,248.92
SALE0009442,2025-10-25,CUST00312,Manufacturing Components,Distribution,Northeast,1555.15,940.39,614.76
SALE0009443,2025-11-09,CUST00180,Technology Hardware,Services,Southwest,1008.99,635.62,373.37
SALE0009444,2025-01-09,CUST00358,Packaging Materials,Services,Southwest,1896.47,971.73,924.74
SALE0009445,2024-03-29,CUST00300,Industrial Equipment,Services,West,4274.86,2272.35,2002.51
SALE0009446,2024-10-31,CUST00240,Technology Hardware,Services,Southeast,636.73,298.85,337.88
SALE0009447,2025-10-29,CUST00238,Manufacturing Components,Distribution,Midwest,1118.64,517.53,601.11
SALE0009448,2026-05-21,CUST00278,Manufacturing Components,Manufacturing,West,1297.75,686.48,611.27
SALE0009449,2025-09-22,CUST00243,Packaging Materials,Services,Midwest,1438.02,1060.57,377.45
SALE0009450,2024-12-11,CUST00155,Professional Services,Distribution,West,2818.82,1930.78,888.04
SALE0009451,2024-09-20,CUST00023,Packaging Materials,Distribution,Southeast,1629.25,754.14,875.11
SALE0009452,2025-07-19,CUST00265,Office Equipment,Distribution,West,2320.37,1678.54,641.83
SALE0009453,2026-05-10,CUST00454,Professional Services,Services,Southeast,1242.07,567.17,674.9
SALE0009454,2024-01-22,CUST00286,Industrial Equipment,Distribution,Southwest,2075.49,1449.67,625.82
SALE0009455,2026-04-01,CUST00292,Professional Services,Distribution,Southeast,2883.26,1315.34,1567.92
SALE0009456,2026-02-19,CUST00165,Professional Services,Distribution,Southeast,1165.17,754.19,410.98
SALE0009457,2025-11-04,CUST00066,Technology Hardware,Distribution,Midwest,2889.43,2087.01,802.42
SALE0009458,2026-06-13,CUST00257,Industrial Equipment,Services,West,1865.76,1195.75,670.01
SALE0009459,2024-10-01,CUST00308,Industrial Equipment,Manufacturing,Northeast,3385.57,1954.5,1431.07
SALE0009460,2024-12-13,CUST00288,Manufacturing Components,Manufacturing,Southeast,1602.22,1054.85,547.37
SALE0009461,2025-01-24,CUST00140,Packaging Materials,Distribution,West,2272.75,1607.19,665.56
SALE0009462,2025-10-23,CUST00147,Professional Services,Services,Northeast,1764.52,1313.45,451.07
SALE0009463,2024-01-05,CUST00467,Technology Hardware,Manufacturing,West,1706.62,837.31,869.31
SALE0009464,2025-12-10,CUST00459,Professional Services,Manufacturing,Midwest,2111.93,975.58,1136.35
SALE0009465,2025-12-12,CUST00218,Industrial Equipment,Services,Midwest,2495.1,1324.39,1170.71
SALE0009466,2026-04-08,CUST00353,Professional Services,Manufacturing,Midwest,854.28,630.91,223.37
SALE0009467,2025-06-29,CUST00148,Professional Services,Distribution,Southeast,4273.46,2537.42,1736.04
SALE0009468,2026-07-08,CUST00484,Safety Equipment,Distribution,Southwest,592.41,436.67,155.74
SALE0009469,2024-05-15,CUST00309,Industrial Equipment,Services,Northeast,1198.84,780.22,418.62
SALE0009470,2026-05-29,CUST00030,Industrial Equipment,Services,Southwest,1708.62,1170.95,537.67
SALE0009471,2024-09-12,CUST00236,Maintenance Supplies,Services,Northeast,2315.58,1227.51,1088.07
SALE0009472,2025-06-01,CUST00136,Packaging Materials,Manufacturing,Southeast,4655.03,2114.82,2540.21
SALE0009473,2024-06-09,CUST00162,Professional Services,Distribution,Southwest,592.9,301.45,291.45
SALE0009474,2024-09-12,CUST00398,Office Equipment,Services,Southeast,1333.26,685.88,647.38
SALE0009475,2026-08-11,CUST00246,Office Equipment,Distribution,Southwest,504.67,302.99,201.68
SALE0009476,2025-01-03,CUST00178,Packaging Materials,Distribution,West,1842.67,1231.46,611.21
SALE0009477,2025-02-27,CUST00482,Office Equipment,Services,Midwest,2128.15,1313.57,814.58
SALE0009478,2024-01-26,CUST00219,Office Equipment,Distribution,West,4696.05,3134.22,1561.83
SALE0009479,2025-05-03,CUST00337,Office Equipment,Distribution,West,1943.76,1180.92,762.84
SALE0009480,2025-04-29,CUST00024,Industrial Equipment,Manufacturing,Southeast,3382.65,1635.41,1747.24
SALE0009481,2024-12-17,CUST00208,Maintenance Supplies,Distribution,Southeast,2566.51,1426.22,1140.29
SALE0009482,2024-09-01,CUST00319,Technology Hardware,Manufacturing,West,1392.49,745.98,646.51
SALE0009483,2024-09-28,CUST00500,Maintenance Supplies,Distribution,Southwest,776.37,497.37,279.0
SALE0009484,2024-01-07,CUST00061,Maintenance Supplies,Distribution,Northeast,2132.4,1142.95,989.45
SALE0009485,2024-12-02,CUST00198,Safety Equipment,Manufacturing,Southwest,738.59,480.02,258.57
SALE0009486,2024-02-11,CUST00466,Technology Hardware,Services,Northeast,3932.87,2274.06,1658.81
SALE0009487,2026-05-23,CUST00054,Office Equipment,Services,Northeast,1640.51,770.55,869.96
SALE0009488,2024-07-21,CUST00226,Technology Hardware,Services,West,3703.77,2260.95,1442.82
SALE0009489,2024-12-22,CUST00144,Packaging Materials,Manufacturing,West,1355.43,742.38,613.05
SALE0009490,2025-06-21,CUST00341,Safety Equipment,Manufacturing,Southeast,2124.54,1554.66,569.88
SALE0009491,2024-10-22,CUST00342,Professional Services,Distribution,Northeast,2050.03,969.6,1080.43
SALE0009492,2024-03-23,CUST00441,Manufacturing Components,Services,Southwest,1759.83,1066.35,693.48
SALE0009493,2025-03-28,CUST00236,Maintenance Supplies,Manufacturing,Southwest,1394.66,919.28,475.38
SALE0009494,2024-02-22,CUST00280,Industrial Equipment,Services,West,2288.09,1599.25,688.84
SALE0009495,2024-12-05,CUST00225,Manufacturing Components,Distribution,Southeast,1037.22,654.57,382.65
SALE0009496,2025-12-01,CUST00395,Maintenance Supplies,Distribution,Midwest,875.1,502.91,372.19
SALE0009497,2025-09-10,CUST00326,Maintenance Supplies,Distribution,Southwest,3811.19,1949.99,1861.2
SALE0009498,2025-12-14,CUST00274,Safety Equipment,Services,West,2796.99,2054.52,742.47
SALE0009499,2025-03-03,CUST00324,Manufacturing Components,Services,West,1880.96,892.42,988.54
SALE0009500,2025-11-12,CUST00236,Office Equipment,Distribution,Midwest,4910.28,2917.46,1992.82
SALE0009501,2025-06-20,CUST00277,Maintenance Supplies,Manufacturing,Northeast,1539.7,1004.14,535.56
SALE0009502,2026-03-19,CUST00325,Technology Hardware,Manufacturing,Northeast,3998.29,2540.89,1457.4
SALE0009503,2026-07-15,CUST00429,Industrial Equipment,Services,Northeast,2008.9,1322.41,686.49
SALE0009504,2026-05-30,CUST00340,Manufacturing Components,Manufacturing,Southwest,977.65,534.17,443.48
SALE0009505,2024-01-21,CUST00357,Professional Services,Distribution,Northeast,5479.8,3075.01,2404.79
SALE0009506,2024-05-23,CUST00410,Maintenance Supplies,Distribution,West,3276.16,2365.4,910.76
SALE0009507,2025-01-11,CUST00496,Professional Services,Distribution,West,1681.41,1027.89,653.52
SALE0009508,2024-11-24,CUST00446,Manufacturing Components,Services,Southeast,2797.0,1572.75,1224.25
SALE0009509,2025-03-01,CUST00117,Industrial Equipment,Distribution,West,1419.1,858.21,560.89
SALE0009510,2024-09-04,CUST00108,Manufacturing Components,Services,Southeast,2973.48,1740.4,1233.08
SALE0009511,2024-12-22,CUST00158,Manufacturing Components,Manufacturing,Southeast,430.67,268.93,161.74
SALE0009512,2026-02-22,CUST00134,Technology Hardware,Services,Southeast,980.56,659.99,320.57
SALE0009513,2024-07-25,CUST00190,Industrial Equipment,Services,Southeast,3253.73,1636.41,1617.32
SALE0009514,2024-10-22,CUST00429,Professional Services,Manufacturing,Northeast,1556.52,862.71,693.81
SALE0009515,2026-02-23,CUST00092,Professional Services,Distribution,Southeast,2047.81,1156.94,890.87
SALE0009516,2024-12-06,CUST00402,Maintenance Supplies,Services,Southeast,805.87,387.47,418.4
SALE0009517,2025-06-10,CUST00103,Packaging Materials,Distribution,Northeast,5479.23,3816.2,1663.03
SALE0009518,2024-06-06,CUST00238,Maintenance Supplies,Services,Northeast,3693.46,1889.8,1803.66
SALE0009519,2024-05-12,CUST00039,Industrial Equipment,Distribution,Northeast,1602.93,973.62,629.31
SALE0009520,2026-03-10,CUST00249,Office Equipment,Manufacturing,Midwest,1418.25,906.82,511.43
SALE0009521,2024-10-07,CUST00144,Office Equipment,Manufacturing,Southeast,3353.51,1718.18,1635.33
SALE0009522,2025-10-27,CUST00454,Office Equipment,Manufacturing,Southeast,5940.11,4454.66,1485.45
SALE0009523,2026-01-11,CUST00143,Manufacturing Components,Services,Southwest,3204.32,1794.39,1409.93
SALE0009524,2025-10-15,CUST00413,Professional Services,Manufacturing,Southeast,6654.72,3352.44,3302.28
SALE0009525,2024-12-04,CUST00185,Manufacturing Components,Distribution,Southeast,1039.6,514.84,524.76
SALE0009526,2026-08-27,CUST00447,Manufacturing Components,Distribution,Southeast,1105.85,614.08,491.77
SALE0009527,2025-10-27,CUST00196,Technology Hardware,Manufacturing,Midwest,885.93,451.29,434.64
SALE0009528,2026-01-17,CUST00338,Maintenance Supplies,Services,Midwest,2356.79,1586.9,769.89
SALE0009529,2024-06-22,CUST00325,Packaging Materials,Services,Southeast,2008.94,1138.14,870.8
SALE0009530,2024-12-07,CUST00241,Packaging Materials,Manufacturing,Midwest,1650.49,884.98,765.51
SALE0009531,2024-02-06,CUST00475,Technology Hardware,Manufacturing,Northeast,2938.21,2108.09,830.12
SALE0009532,2026-02-21,CUST00040,Manufacturing Components,Manufacturing,West,3787.26,2165.11,1622.15
SALE0009533,2024-01-18,CUST00188,Packaging Materials,Distribution,Midwest,723.86,326.66,397.2
SALE0009534,2026-05-15,CUST00101,Maintenance Supplies,Manufacturing,West,1263.72,809.25,454.47
SALE0009535,2025-05-18,CUST00192,Office Equipment,Services,Southeast,2957.46,1362.59,1594.87
SALE0009536,2024-08-12,CUST00487,Technology Hardware,Distribution,Southeast,1365.61,751.55,614.06
SALE0009537,2025-06-05,CUST00285,Manufacturing Components,Services,Southeast,1119.99,628.53,491.46
SALE0009538,2025-07-23,CUST00108,Professional Services,Distribution,West,3331.32,1759.57,1571.75
SALE0009539,2026-03-20,CUST00287,Industrial Equipment,Manufacturing,Midwest,834.06,472.8,361.26
SALE0009540,2026-01-03,CUST00365,Safety Equipment,Manufacturing,West,1508.77,841.7,667.07
SALE0009541,2024-01-04,CUST00499,Packaging Materials,Distribution,Southwest,2202.14,1295.42,906.72
SALE0009542,2024-01-01,CUST00148,Industrial Equipment,Distribution,Midwest,1281.4,798.83,482.57
SALE0009543,2025-04-11,CUST00190,Industrial Equipment,Manufacturing,Southwest,2892.55,2069.17,823.38
SALE0009544,2026-04-06,CUST00171,Office Equipment,Services,Southwest,1285.21,699.66,585.55
SALE0009545,2024-12-21,CUST00265,Industrial Equipment,Services,Southwest,4209.81,2881.74,1328.07
SALE0009546,2024-11-26,CUST00204,Professional Services,Services,Southeast,1676.65,1023.55,653.1
SALE0009547,2024-06-16,CUST00149,Packaging Materials,Manufacturing,Midwest,2704.74,1381.0,1323.74
SALE0009548,2024-09-02,CUST00205,Safety Equipment,Services,Northeast,2828.82,1288.37,1540.45
SALE0009549,2025-08-10,CUST00020,Office Equipment,Services,Southwest,1240.76,597.44,643.32
SALE0009550,2026-05-08,CUST00379,Safety Equipment,Distribution,Southeast,527.37,371.13,156.24
SALE0009551,2024-12-14,CUST00391,Manufacturing Components,Distribution,Southeast,2244.98,1408.77,836.21
SALE0009552,2026-05-03,CUST00429,Packaging Materials,Services,Southwest,1888.19,877.68,1010.51
SALE0009553,2024-04-21,CUST00074,Safety Equipment,Manufacturing,West,2523.74,1236.82,1286.92
SALE0009554,2025-02-25,CUST00470,Manufacturing Components,Distribution,Northeast,1578.27,1031.87,546.4
SALE0009555,2026-01-02,CUST00326,Maintenance Supplies,Distribution,Midwest,1396.53,951.65,444.88
SALE0009556,2024-05-19,CUST00378,Packaging Materials,Manufacturing,Midwest,6033.51,2978.7,3054.81
SALE0009557,2024-09-02,CUST00119,Packaging Materials,Services,Northeast,747.39,341.34,406.05
SALE0009558,2024-01-16,CUST00098,Packaging Materials,Distribution,West,2808.4,1286.72,1521.68
SALE0009559,2026-08-18,CUST00279,Packaging Materials,Distribution,Southeast,1280.8,808.29,472.51
SALE0009560,2024-12-06,CUST00301,Professional Services,Services,Northeast,1478.13,692.37,785.76
SALE0009561,2026-01-01,CUST00172,Safety Equipment,Manufacturing,West,1494.79,1090.61,404.18
SALE0009562,2024-11-26,CUST00060,Professional Services,Distribution,Southeast,1116.48,828.38,288.1
SALE0009563,2025-08-25,CUST00378,Maintenance Supplies,Distribution,Southwest,2547.16,1360.7,1186.46
SALE0009564,2026-03-30,CUST00029,Professional Services,Distribution,West,4164.64,2343.67,1820.97
SALE0009565,2026-08-14,CUST00193,Manufacturing Components,Distribution,Northeast,2397.08,1339.66,1057.42
SALE0009566,2025-07-19,CUST00329,Professional Services,Manufacturing,West,1923.75,974.89,948.86
SALE0009567,2024-02-25,CUST00459,Safety Equipment,Distribution,Northeast,1000.38,567.85,432.53
SALE0009568,2024-05-11,CUST00097,Manufacturing Components,Services,Midwest,2465.37,1468.24,997.13
SALE0009569,2025-03-09,CUST00371,Packaging Materials,Distribution,Northeast,6593.3,3896.41,2696.89
SALE0009570,2025-05-16,CUST00469,Safety Equipment,Distribution,Southeast,1438.83,969.43,469.4
SALE0009571,2025-08-24,CUST00165,Professional Services,Services,Southwest,1442.9,712.32,730.58
SALE0009572,2026-06-04,CUST00279,Packaging Materials,Services,Midwest,1291.22,757.26,533.96
SALE0009573,2024-07-17,CUST00080,Manufacturing Components,Distribution,Southwest,1347.97,989.28,358.69
SALE0009574,2024-06-19,CUST00085,Packaging Materials,Manufacturing,West,348.22,218.75,129.47
SALE0009575,2026-05-24,CUST00268,Manufacturing Components,Manufacturing,West,2305.43,1191.74,1113.69
SALE0009576,2026-08-19,CUST00091,Packaging Materials,Manufacturing,Midwest,1088.62,792.89,295.73
SALE0009577,2025-09-07,CUST00198,Packaging Materials,Distribution,Northeast,688.04,514.87,173.17
SALE0009578,2026-02-28,CUST00362,Maintenance Supplies,Manufacturing,Northeast,2841.01,1773.56,1067.45
SALE0009579,2024-10-11,CUST00088,Maintenance Supplies,Distribution,Southeast,944.63,509.9,434.73
SALE0009580,2024-07-08,CUST00080,Maintenance Supplies,Distribution,Southwest,1475.57,925.3,550.27
SALE0009581,2025-03-29,CUST00268,Safety Equipment,Services,Southeast,4358.42,2844.33,1514.09
SALE0009582,2026-07-15,CUST00330,Technology Hardware,Manufacturing,Midwest,776.25,552.96,223.29
SALE0009583,2025-02-28,CUST00356,Safety Equipment,Manufacturing,Southwest,720.86,520.94,199.92
SALE0009584,2024-10-12,CUST00473,Safety Equipment,Distribution,West,2125.12,1028.31,1096.81
SALE0009585,2026-04-18,CUST00454,Safety Equipment,Manufacturing,West,3603.61,2499.96,1103.65
SALE0009586,2025-04-02,CUST00483,Technology Hardware,Services,Northeast,703.03,423.6,279.43
SALE0009587,2026-01-18,CUST00475,Industrial Equipment,Distribution,Southeast,2309.1,1666.46,642.64
SALE0009588,2026-02-19,CUST00328,Maintenance Supplies,Distribution,West,2562.14,1177.77,1384.37
SALE0009589,2025-05-08,CUST00177,Industrial Equipment,Services,Southeast,525.58,293.5,232.08
SALE0009590,2024-12-19,CUST00245,Packaging Materials,Manufacturing,Southeast,2919.3,2021.87,897.43
SALE0009591,2026-01-28,CUST00098,Industrial Equipment,Manufacturing,Southwest,3059.37,2017.48,1041.89
SALE0009592,2024-01-05,CUST00448,Manufacturing Components,Services,Southwest,1499.56,926.53,573.03
SALE0009593,2025-09-09,CUST00258,Maintenance Supplies,Distribution,Southwest,3833.02,2660.18,1172.84
SALE0009594,2024-10-18,CUST00323,Technology Hardware,Manufacturing,West,3575.55,2109.27,1466.28
SALE0009595,2024-04-10,CUST00128,Technology Hardware,Services,Southwest,1923.44,1020.7,902.74
SALE0009596,2026-06-09,CUST00285,Office Equipment,Services,Southeast,1379.03,770.76,608.27
SALE0009597,2025-11-11,CUST00235,Industrial Equipment,Services,Southeast,1008.58,707.53,301.05
SALE0009598,2024-12-06,CUST00347,Technology Hardware,Services,Midwest,1767.75,1229.7,538.05
SALE0009599,2026-07-02,CUST00408,Manufacturing Components,Services,Northeast,2544.92,1623.07,921.85
SALE0009600,2026-07-02,CUST00189,Technology Hardware,Services,Southwest,1488.45,1004.9,483.55
SALE0009601,2024-07-01,CUST00037,Packaging Materials,Distribution,Southwest,483.72,312.48,171.24
SALE0009602,2025-04-01,CUST00331,Industrial Equipment,Services,West,3870.85,2230.63,1640.22
SALE0009603,2026-04-27,CUST00026,Technology Hardware,Services,Southwest,2026.64,1073.29,953.35
SALE0009604,2024-11-05,CUST00128,Safety Equipment,Distribution,Midwest,1439.75,856.88,582.87
SALE0009605,2024-06-23,CUST00432,Technology Hardware,Manufacturing,Southeast,3023.88,2124.0,899.88
SALE0009606,2024-01-25,CUST00139,Safety Equipment,Manufacturing,Southwest,4513.3,2613.44,1899.86
SALE0009607,2025-10-11,CUST00113,Maintenance Supplies,Manufacturing,Southeast,336.59,158.25,178.34
SALE0009608,2025-05-04,CUST00077,Maintenance Supplies,Manufacturing,Northeast,2346.21,1105.91,1240.3
SALE0009609,2024-02-14,CUST00172,Office Equipment,Services,Southeast,768.17,485.95,282.22
SALE0009610,2025-10-28,CUST00317,Technology Hardware,Manufacturing,Northeast,2439.3,1763.87,675.43
SALE0009611,2026-02-04,CUST00084,Technology Hardware,Manufacturing,Southwest,1952.29,1456.92,495.37
SALE0009612,2024-10-09,CUST00145,Professional Services,Services,Southwest,2647.67,1657.28,990.39
SALE0009613,2024-03-04,CUST00334,Office Equipment,Distribution,Midwest,1340.04,777.84,562.2
SALE0009614,2024-06-16,CUST00322,Safety Equipment,Manufacturing,Southwest,587.61,353.67,233.94
SALE0009615,2025-11-05,CUST00236,Manufacturing Components,Services,Northeast,1379.92,926.09,453.83
SALE0009616,2026-01-19,CUST00019,Manufacturing Components,Manufacturing,Midwest,2307.94,1086.48,1221.46
SALE0009617,2026-05-09,CUST00269,Industrial Equipment,Distribution,Southwest,3325.03,2463.78,861.25
SALE0009618,2025-09-12,CUST00483,Packaging Materials,Manufacturing,Northeast,895.07,574.68,320.39
SALE0009619,2026-01-26,CUST00158,Industrial Equipment,Manufacturing,Midwest,3348.39,2018.34,1330.05
SALE0009620,2024-09-19,CUST00424,Industrial Equipment,Services,Northeast,1225.71,766.38,459.33
SALE0009621,2025-03-25,CUST00099,Manufacturing Components,Services,Midwest,2247.27,1125.58,1121.69
SALE0009622,2026-07-28,CUST00016,Maintenance Supplies,Services,West,1331.5,826.87,504.63
SALE0009623,2024-07-31,CUST00491,Office Equipment,Distribution,Northeast,2016.87,917.44,1099.43
SALE0009624,2026-06-28,CUST00067,Manufacturing Components,Manufacturing,Southwest,3087.53,1634.75,1452.78
SALE0009625,2024-02-11,CUST00141,Safety Equipment,Manufacturing,Northeast,865.92,564.04,301.88
SALE0009626,2026-03-30,CUST00403,Industrial Equipment,Manufacturing,Northeast,1202.38,666.61,535.77
SALE0009627,2025-01-08,CUST00263,Professional Services,Services,Midwest,2020.25,1350.3,669.95
SALE0009628,2024-02-09,CUST00008,Office Equipment,Distribution,Midwest,7638.45,4324.21,3314.24
SALE0009629,2025-10-25,CUST00060,Maintenance Supplies,Services,Southeast,1077.16,522.13,555.03
SALE0009630,2024-12-19,CUST00171,Office Equipment,Manufacturing,West,6149.22,4496.13,1653.09
SALE0009631,2024-12-25,CUST00369,Packaging Materials,Distribution,Southwest,6018.86,2925.96,3092.9
SALE0009632,2024-02-22,CUST00034,Technology Hardware,Manufacturing,West,1705.5,1118.11,587.39
SALE0009633,2025-02-01,CUST00494,Technology Hardware,Manufacturing,Northeast,1511.88,732.44,779.44
SALE0009634,2024-03-22,CUST00223,Packaging Materials,Services,Southwest,1193.64,862.0,331.64
SALE0009635,2026-05-16,CUST00107,Technology Hardware,Services,Southeast,1735.55,831.09,904.46
SALE0009636,2024-09-26,CUST00202,Manufacturing Components,Services,Southwest,777.41,375.92,401.49
SALE0009637,2024-11-29,CUST00131,Professional Services,Manufacturing,Midwest,1727.2,782.64,944.56
SALE0009638,2024-12-22,CUST00435,Industrial Equipment,Distribution,Southeast,4438.75,2284.34,2154.41
SALE0009639,2025-05-26,CUST00096,Packaging Materials,Manufacturing,Southwest,1253.07,900.97,352.1
SALE0009640,2024-05-28,CUST00017,Maintenance Supplies,Distribution,Southeast,1564.88,855.32,709.56
SALE0009641,2024-11-03,CUST00281,Office Equipment,Services,Northeast,651.52,474.26,177.26
SALE0009642,2026-01-27,CUST00346,Packaging Materials,Distribution,Southeast,2262.98,1432.27,830.71
SALE0009643,2026-04-12,CUST00020,Manufacturing Components,Services,Northeast,2118.98,1102.8,1016.18
SALE0009644,2026-08-02,CUST00377,Safety Equipment,Manufacturing,West,1878.49,1369.8,508.69
SALE0009645,2024-04-10,CUST00362,Maintenance Supplies,Manufacturing,Northeast,1587.48,1163.9,423.58
SALE0009646,2026-04-10,CUST00350,Manufacturing Components,Manufacturing,West,1516.78,953.33,563.45
SALE0009647,2025-04-07,CUST00057,Packaging Materials,Services,Southeast,2443.39,1789.66,653.73
SALE0009648,2025-06-12,CUST00440,Maintenance Supplies,Services,Northeast,1777.05,1077.31,699.74
SALE0009649,2024-12-09,CUST00443,Maintenance Supplies,Services,Southeast,2184.15,1448.08,736.07
SALE0009650,2026-03-30,CUST00326,Safety Equipment,Distribution,Midwest,2056.97,1145.29,911.68
SALE0009651,2026-04-20,CUST00208,Office Equipment,Distribution,Southeast,3547.71,1643.25,1904.46
SALE0009652,2025-05-05,CUST00480,Office Equipment,Services,West,2714.05,1419.05,1295.0
SALE0009653,2026-05-24,CUST00224,Maintenance Supplies,Services,Northeast,2029.85,1153.19,876.66
SALE0009654,2026-06-18,CUST00172,Manufacturing Components,Manufacturing,West,4496.49,2135.4,2361.09
SALE0009655,2025-10-17,CUST00358,Professional Services,Manufacturing,Midwest,2326.6,1556.21,770.39
SALE0009656,2024-07-12,CUST00219,Professional Services,Distribution,Southwest,3955.96,1803.0,2152.96
SALE0009657,2025-09-24,CUST00340,Office Equipment,Distribution,Southwest,2602.34,1574.41,1027.93
SALE0009658,2025-06-03,CUST00253,Industrial Equipment,Services,Southeast,598.75,281.41,317.34
SALE0009659,2024-09-14,CUST00258,Safety Equipment,Services,Midwest,3955.65,2920.03,1035.62
SALE0009660,2024-03-26,CUST00441,Safety Equipment,Manufacturing,Northeast,1960.8,1303.46,657.34
SALE0009661,2024-12-29,CUST00092,Industrial Equipment,Services,Southeast,1752.55,1027.56,724.99
SALE0009662,2025-11-18,CUST00222,Office Equipment,Manufacturing,Southwest,2140.53,1123.1,1017.43
SALE0009663,2025-10-20,CUST00043,Professional Services,Manufacturing,West,1469.99,733.81,736.18
SALE0009664,2026-04-11,CUST00376,Manufacturing Components,Services,Southeast,2071.89,1533.51,538.38
SALE0009665,2025-01-25,CUST00448,Office Equipment,Manufacturing,West,1267.59,815.47,452.12
SALE0009666,2026-07-27,CUST00487,Office Equipment,Manufacturing,Northeast,3883.78,2753.76,1130.02
SALE0009667,2026-05-21,CUST00284,Maintenance Supplies,Manufacturing,Southeast,1688.92,1248.58,440.34
SALE0009668,2025-10-01,CUST00291,Packaging Materials,Services,Southwest,1437.2,658.37,778.83
SALE0009669,2025-02-04,CUST00111,Office Equipment,Manufacturing,West,1037.99,746.79,291.2
SALE0009670,2025-03-03,CUST00412,Safety Equipment,Manufacturing,West,2124.44,1101.65,1022.79
SALE0009671,2025-09-01,CUST00178,Industrial Equipment,Distribution,Southwest,2022.85,1303.63,719.22
SALE0009672,2025-12-20,CUST00253,Office Equipment,Manufacturing,Midwest,2282.56,1304.07,978.49
SALE0009673,2024-12-28,CUST00331,Industrial Equipment,Services,Northeast,976.18,445.08,531.1
SALE0009674,2024-12-13,CUST00025,Industrial Equipment,Services,Southeast,691.8,483.88,207.92
SALE0009675,2024-02-14,CUST00319,Packaging Materials,Distribution,Northeast,2631.62,1512.73,1118.89
SALE0009676,2025-12-09,CUST00390,Industrial Equipment,Distribution,Midwest,4406.28,2920.97,1485.31
SALE0009677,2026-07-01,CUST00152,Maintenance Supplies,Manufacturing,West,976.71,565.83,410.88
SALE0009678,2025-08-10,CUST00397,Manufacturing Components,Manufacturing,Midwest,4692.24,3165.58,1526.66
SALE0009679,2024-08-04,CUST00201,Industrial Equipment,Distribution,Northeast,2143.82,1233.41,910.41
SALE0009680,2025-12-16,CUST00326,Industrial Equipment,Distribution,Southwest,1800.4,907.43,892.97
SALE0009681,2024-04-04,CUST00391,Manufacturing Components,Services,Midwest,1424.35,889.33,535.02
SALE0009682,2025-09-17,CUST00108,Office Equipment,Distribution,West,787.84,561.9,225.94
SALE0009683,2024-09-26,CUST00122,Packaging Materials,Manufacturing,Southwest,3270.3,2070.02,1200.28
SALE0009684,2025-03-29,CUST00427,Manufacturing Components,Manufacturing,Southwest,1135.28,605.93,529.35
SALE0009685,2025-03-21,CUST00191,Industrial Equipment,Services,Northeast,1132.42,658.69,473.73
SALE0009686,2024-10-12,CUST00253,Technology Hardware,Services,Southeast,3278.55,1660.53,1618.02
SALE0009687,2026-01-25,CUST00171,Professional Services,Distribution,Southeast,584.18,416.14,168.04
SALE0009688,2026-07-03,CUST00165,Industrial Equipment,Services,West,724.76,364.71,360.05
SALE0009689,2024-09-10,CUST00202,Industrial Equipment,Manufacturing,West,1788.48,1246.52,541.96
SALE0009690,2024-03-01,CUST00254,Maintenance Supplies,Services,Southwest,2155.92,1107.87,1048.05
SALE0009691,2025-03-28,CUST00452,Office Equipment,Distribution,Midwest,2418.35,1705.17,713.18
SALE0009692,2026-05-23,CUST00407,Technology Hardware,Manufacturing,Midwest,1508.58,770.9,737.68
SALE0009693,2024-09-11,CUST00358,Professional Services,Distribution,Southeast,8252.09,4353.91,3898.18
SALE0009694,2025-09-04,CUST00255,Industrial Equipment,Services,Northeast,1576.98,1151.55,425.43
SALE0009695,2024-06-23,CUST00280,Industrial Equipment,Services,Northeast,1574.24,735.2,839.04
SALE0009696,2024-07-31,CUST00046,Industrial Equipment,Manufacturing,Northeast,1120.81,669.99,450.82
SALE0009697,2024-09-12,CUST00411,Industrial Equipment,Services,Southeast,1947.58,1246.85,700.73
SALE0009698,2026-05-17,CUST00465,Manufacturing Components,Distribution,Northeast,2614.89,1364.45,1250.44
SALE0009699,2025-09-03,CUST00013,Professional Services,Distribution,Southwest,3722.49,2440.49,1282.0
SALE0009700,2025-12-22,CUST00413,Technology Hardware,Manufacturing,Southwest,739.84,448.4,291.44
SALE0009701,2025-02-12,CUST00010,Professional Services,Distribution,Midwest,1559.94,741.46,818.48
SALE0009702,2024-11-15,CUST00307,Industrial Equipment,Distribution,Southeast,2363.79,1252.24,1111.55
SALE0009703,2026-03-13,CUST00382,Office Equipment,Services,Northeast,2571.47,1612.3,959.17
SALE0009704,2025-03-20,CUST00073,Packaging Materials,Services,Southeast,1815.16,1338.83,476.33
SALE0009705,2025-04-22,CUST00452,Professional Services,Manufacturing,Southwest,2503.52,1644.68,858.84
SALE0009706,2024-04-17,CUST00138,Industrial Equipment,Manufacturing,Southwest,1112.79,506.98,605.81
SALE0009707,2024-01-20,CUST00093,Maintenance Supplies,Distribution,Midwest,4604.29,3101.91,1502.38
SALE0009708,2026-01-08,CUST00073,Manufacturing Components,Services,West,3279.93,1801.76,1478.17
SALE0009709,2025-08-24,CUST00277,Office Equipment,Distribution,West,806.77,439.79,366.98
SALE0009710,2025-08-12,CUST00436,Safety Equipment,Services,West,948.55,682.29,266.26
SALE0009711,2025-04-05,CUST00181,Safety Equipment,Services,Northeast,964.73,717.54,247.19
SALE0009712,2025-06-29,CUST00120,Maintenance Supplies,Services,Southwest,2715.64,1256.78,1458.86
SALE0009713,2025-02-24,CUST00328,Maintenance Supplies,Distribution,Midwest,836.45,397.55,438.9
SALE0009714,2024-08-17,CUST00434,Safety Equipment,Services,Southwest,1482.35,992.55,489.8
SALE0009715,2026-07-14,CUST00395,Industrial Equipment,Services,Northeast,2375.17,1234.03,1141.14
SALE0009716,2025-06-08,CUST00174,Safety Equipment,Services,Southwest,1737.67,953.61,784.06
SALE0009717,2025-09-09,CUST00201,Safety Equipment,Manufacturing,West,2111.88,1144.19,967.69
SALE0009718,2026-01-02,CUST00131,Packaging Materials,Services,West,953.86,491.57,462.29
SALE0009719,2024-01-17,CUST00147,Packaging Materials,Services,Southwest,2583.53,1172.69,1410.84
SALE0009720,2025-07-04,CUST00176,Packaging Materials,Manufacturing,Midwest,1251.47,914.89,336.58
SALE0009721,2025-02-13,CUST00338,Manufacturing Components,Distribution,Northeast,1488.06,993.03,495.03
SALE0009722,2026-03-19,CUST00492,Packaging Materials,Manufacturing,Southwest,2085.24,1549.23,536.01
SALE0009723,2025-05-18,CUST00003,Office Equipment,Manufacturing,Northeast,1923.39,1098.2,825.19
SALE0009724,2024-01-21,CUST00457,Office Equipment,Distribution,West,1834.24,1033.46,800.78
SALE0009725,2026-06-25,CUST00258,Packaging Materials,Services,Midwest,1152.43,733.53,418.9
SALE0009726,2024-05-12,CUST00434,Office Equipment,Distribution,West,1510.61,1012.89,497.72
SALE0009727,2024-05-13,CUST00112,Technology Hardware,Distribution,Northeast,1810.41,1224.99,585.42
SALE0009728,2025-10-05,CUST00370,Maintenance Supplies,Services,Midwest,792.31,513.19,279.12
SALE0009729,2024-01-19,CUST00452,Office Equipment,Manufacturing,West,1369.88,899.77,470.11
SALE0009730,2026-06-23,CUST00383,Maintenance Supplies,Distribution,Southwest,2281.54,1646.24,635.3
SALE0009731,2025-09-09,CUST00268,Manufacturing Components,Distribution,Midwest,840.11,568.46,271.65
SALE0009732,2025-09-13,CUST00023,Packaging Materials,Services,Southwest,3618.99,2205.11,1413.88
SALE0009733,2026-03-23,CUST00116,Packaging Materials,Services,West,3872.94,2127.11,1745.83
SALE0009734,2025-12-27,CUST00444,Manufacturing Components,Distribution,Southeast,856.55,614.72,241.83
SALE0009735,2024-01-23,CUST00239,Manufacturing Components,Services,Northeast,4082.94,2424.5,1658.44
SALE0009736,2026-03-26,CUST00270,Professional Services,Services,Southwest,1658.8,891.52,767.28
SALE0009737,2026-08-24,CUST00184,Industrial Equipment,Services,Southeast,2324.15,1061.82,1262.33
SALE0009738,2026-07-22,CUST00477,Maintenance Supplies,Distribution,Northeast,1342.12,991.05,351.07
SALE0009739,2024-07-02,CUST00077,Maintenance Supplies,Distribution,Midwest,3145.81,1987.69,1158.12
SALE0009740,2026-02-10,CUST00107,Safety Equipment,Distribution,West,2306.89,1098.28,1208.61
SALE0009741,2025-06-17,CUST00334,Professional Services,Services,Midwest,1109.33,535.16,574.17
SALE0009742,2024-05-28,CUST00013,Professional Services,Distribution,Southeast,898.64,642.59,256.05
SALE0009743,2025-06-22,CUST00024,Safety Equipment,Services,Midwest,752.81,529.41,223.4
SALE0009744,2026-04-25,CUST00333,Industrial Equipment,Distribution,West,2023.87,1319.55,704.32
SALE0009745,2025-03-14,CUST00444,Technology Hardware,Distribution,Northeast,2549.07,1489.09,1059.98
SALE0009746,2024-02-05,CUST00098,Technology Hardware,Distribution,Southwest,2671.99,1825.48,846.51
SALE0009747,2025-12-31,CUST00113,Office Equipment,Distribution,Southeast,1684.48,788.16,896.32
SALE0009748,2024-08-10,CUST00035,Maintenance Supplies,Manufacturing,Midwest,903.07,676.61,226.46
SALE0009749,2025-04-28,CUST00183,Manufacturing Components,Distribution,Southeast,1200.81,641.54,559.27
SALE0009750,2024-06-02,CUST00224,Office Equipment,Services,Northeast,3609.81,2291.31,1318.5
SALE0009751,2025-10-18,CUST00452,Packaging Materials,Services,Midwest,1351.84,719.96,631.88
SALE0009752,2025-10-30,CUST00155,Technology Hardware,Manufacturing,Southwest,1970.52,1029.84,940.68
SALE0009753,2025-06-24,CUST00231,Technology Hardware,Services,Southwest,948.24,472.78,475.46
SALE0009754,2025-04-30,CUST00391,Office Equipment,Manufacturing,Midwest,2212.66,1130.43,1082.23
SALE0009755,2026-06-10,CUST00016,Manufacturing Components,Distribution,Midwest,1373.87,994.3,379.57
SALE0009756,2026-02-23,CUST00194,Maintenance Supplies,Manufacturing,Northeast,3388.11,1612.03,1776.08
SALE0009757,2024-03-03,CUST00302,Packaging Materials,Distribution,Southwest,2875.94,2006.15,869.79
SALE0009758,2025-11-23,CUST00104,Technology Hardware,Services,Southwest,1342.89,810.07,532.82
SALE0009759,2026-04-28,CUST00267,Safety Equipment,Services,West,1675.73,817.62,858.11
SALE0009760,2025-04-30,CUST00196,Technology Hardware,Distribution,Northeast,1298.97,770.64,528.33
SALE0009761,2024-05-17,CUST00481,Professional Services,Manufacturing,Midwest,771.5,399.12,372.38
SALE0009762,2024-12-18,CUST00099,Professional Services,Distribution,Northeast,1080.88,523.52,557.36
SALE0009763,2026-03-09,CUST00332,Packaging Materials,Distribution,Midwest,2036.38,994.39,1041.99
SALE0009764,2026-03-27,CUST00396,Office Equipment,Distribution,Southeast,2197.68,1525.0,672.68
SALE0009765,2025-08-06,CUST00342,Office Equipment,Distribution,Midwest,1976.59,1021.55,955.04
SALE0009766,2025-02-01,CUST00190,Maintenance Supplies,Distribution,Midwest,1508.63,759.78,748.85
SALE0009767,2024-01-15,CUST00157,Safety Equipment,Services,Southwest,3164.78,1646.66,1518.12
SALE0009768,2025-01-04,CUST00169,Safety Equipment,Distribution,Midwest,1878.31,1194.7,683.61
SALE0009769,2025-10-05,CUST00093,Industrial Equipment,Services,Midwest,2757.15,2017.49,739.66
SALE0009770,2025-03-24,CUST00132,Maintenance Supplies,Distribution,Southwest,623.74,286.98,336.76
SALE0009771,2025-01-01,CUST00363,Safety Equipment,Services,Northeast,171.84,103.33,68.51
SALE0009772,2024-03-10,CUST00374,Professional Services,Distribution,West,2143.67,1572.3,571.37
SALE0009773,2024-06-17,CUST00032,Maintenance Supplies,Manufacturing,West,769.04,538.67,230.37
SALE0009774,2025-07-07,CUST00371,Packaging Materials,Services,Southwest,1591.65,874.37,717.28
SALE0009775,2024-03-05,CUST00181,Safety Equipment,Distribution,Midwest,1508.3,1063.93,444.37
SALE0009776,2024-08-18,CUST00422,Professional Services,Services,Southeast,4686.5,2143.59,2542.91
SALE0009777,2025-07-16,CUST00139,Packaging Materials,Distribution,Northeast,2298.47,1253.53,1044.94
SALE0009778,2024-06-08,CUST00394,Maintenance Supplies,Services,Northeast,1997.23,1267.42,729.81
SALE0009779,2024-11-04,CUST00264,Office Equipment,Services,West,2987.51,1970.75,1016.76
SALE0009780,2025-12-29,CUST00326,Industrial Equipment,Services,Southwest,2255.44,1662.98,592.46
SALE0009781,2025-02-14,CUST00460,Maintenance Supplies,Services,Southeast,1373.88,700.42,673.46
SALE0009782,2025-05-14,CUST00225,Professional Services,Manufacturing,Northeast,3438.83,1718.27,1720.56
SALE0009783,2024-12-25,CUST00234,Safety Equipment,Distribution,West,929.04,542.21,386.83
SALE0009784,2024-03-28,CUST00209,Manufacturing Components,Distribution,Southeast,2195.02,1212.56,982.46
SALE0009785,2024-03-07,CUST00109,Office Equipment,Distribution,Northeast,714.41,480.2,234.21
SALE0009786,2024-08-28,CUST00370,Professional Services,Manufacturing,Northeast,2043.39,1374.42,668.97
SALE0009787,2024-10-25,CUST00328,Safety Equipment,Manufacturing,West,2030.01,925.72,1104.29
SALE0009788,2025-12-08,CUST00204,Office Equipment,Distribution,Northeast,4943.72,3475.65,1468.07
SALE0009789,2025-03-10,CUST00383,Office Equipment,Services,West,706.99,354.12,352.87
SALE0009790,2025-06-19,CUST00330,Office Equipment,Distribution,Southwest,1260.76,840.79,419.97
SALE0009791,2024-06-25,CUST00039,Packaging Materials,Manufacturing,Midwest,2961.97,2164.35,797.62
SALE0009792,2025-04-20,CUST00323,Packaging Materials,Manufacturing,Midwest,2210.98,1372.69,838.29
SALE0009793,2025-05-20,CUST00500,Office Equipment,Distribution,Northeast,2014.61,1151.24,863.37
SALE0009794,2025-12-04,CUST00201,Professional Services,Manufacturing,Midwest,1018.74,597.75,420.99
SALE0009795,2025-06-15,CUST00184,Professional Services,Services,Southeast,1268.4,824.05,444.35
SALE0009796,2024-12-07,CUST00190,Packaging Materials,Manufacturing,Midwest,3816.25,2239.49,1576.76
SALE0009797,2024-06-03,CUST00029,Industrial Equipment,Services,Southeast,1753.02,1103.17,649.85
SALE0009798,2024-10-26,CUST00115,Professional Services,Manufacturing,Midwest,2264.74,1534.45,730.29
SALE0009799,2024-12-15,CUST00147,Professional Services,Manufacturing,Northeast,1687.3,895.65,791.65
SALE0009800,2024-12-20,CUST00266,Packaging Materials,Manufacturing,Northeast,889.05,633.66,255.39
SALE0009801,2025-07-24,CUST00290,Technology Hardware,Manufacturing,Southwest,3166.2,1532.38,1633.82
SALE0009802,2024-04-04,CUST00496,Industrial Equipment,Distribution,Northeast,2445.34,1674.22,771.12
SALE0009803,2025-03-21,CUST00335,Office Equipment,Services,West,7211.14,4231.95,2979.19
SALE0009804,2024-07-21,CUST00060,Safety Equipment,Manufacturing,Southwest,983.04,686.17,296.87
SALE0009805,2026-07-12,CUST00161,Safety Equipment,Services,Southeast,2961.77,2100.14,861.63
SALE0009806,2024-07-16,CUST00152,Packaging Materials,Distribution,Midwest,823.1,469.23,353.87
SALE0009807,2024-01-09,CUST00493,Technology Hardware,Manufacturing,Southeast,1987.05,1404.0,583.05
SALE0009808,2025-12-12,CUST00383,Packaging Materials,Services,Northeast,3248.35,2356.6,891.75
SALE0009809,2024-02-03,CUST00173,Maintenance Supplies,Services,Southwest,521.51,250.36,271.15
SALE0009810,2025-04-06,CUST00439,Manufacturing Components,Distribution,West,1598.85,876.57,722.28
SALE0009811,2025-08-25,CUST00184,Professional Services,Distribution,Northeast,1289.58,838.95,450.63
SALE0009812,2024-08-26,CUST00413,Professional Services,Manufacturing,Midwest,1186.57,567.88,618.69
SALE0009813,2025-03-14,CUST00372,Packaging Materials,Distribution,West,2278.17,1389.36,888.81
SALE0009814,2024-07-19,CUST00035,Maintenance Supplies,Manufacturing,Midwest,3541.87,1792.13,1749.74
SALE0009815,2024-11-09,CUST00412,Safety Equipment,Distribution,Southwest,1669.09,936.81,732.28
SALE0009816,2025-09-22,CUST00352,Safety Equipment,Distribution,West,2045.28,1233.48,811.8
SALE0009817,2025-03-19,CUST00324,Maintenance Supplies,Services,Midwest,1936.4,1008.05,928.35
SALE0009818,2026-01-06,CUST00297,Manufacturing Components,Manufacturing,Southwest,1810.0,982.52,827.48
SALE0009819,2026-08-11,CUST00385,Packaging Materials,Distribution,Southwest,940.48,692.56,247.92
SALE0009820,2026-02-18,CUST00072,Industrial Equipment,Distribution,Northeast,3515.96,1785.64,1730.32
SALE0009821,2024-10-08,CUST00298,Maintenance Supplies,Manufacturing,West,2158.39,1062.32,1096.07
SALE0009822,2025-09-16,CUST00388,Manufacturing Components,Manufacturing,West,2291.42,1624.92,666.5
SALE0009823,2026-04-29,CUST00229,Maintenance Supplies,Manufacturing,Midwest,1114.43,559.97,554.46
SALE0009824,2024-02-21,CUST00340,Professional Services,Services,Southeast,1372.61,795.1,577.51
SALE0009825,2024-03-02,CUST00378,Safety Equipment,Services,Southwest,1626.72,1013.05,613.67
SALE0009826,2024-05-17,CUST00049,Packaging Materials,Manufacturing,Southeast,720.2,513.11,207.09
SALE0009827,2025-06-07,CUST00304,Safety Equipment,Services,West,656.67,325.25,331.42
SALE0009828,2026-06-20,CUST00021,Manufacturing Components,Distribution,Northeast,1260.86,882.9,377.96
SALE0009829,2026-03-10,CUST00400,Technology Hardware,Services,Midwest,2473.8,1607.83,865.97
SALE0009830,2026-08-20,CUST00219,Manufacturing Components,Distribution,West,1221.85,659.09,562.76
SALE0009831,2026-02-09,CUST00322,Office Equipment,Services,Northeast,981.14,459.44,521.7
SALE0009832,2026-08-30,CUST00159,Industrial Equipment,Manufacturing,Midwest,1108.97,578.05,530.92
SALE0009833,2025-11-29,CUST00139,Office Equipment,Services,Northeast,1375.81,1024.82,350.99
SALE0009834,2024-03-22,CUST00394,Safety Equipment,Manufacturing,Midwest,1462.18,1010.59,451.59
SALE0009835,2024-08-04,CUST00214,Industrial Equipment,Distribution,Southwest,6629.69,4808.49,1821.2
SALE0009836,2024-09-25,CUST00053,Manufacturing Components,Manufacturing,Midwest,3404.22,1732.1,1672.12
SALE0009837,2024-09-29,CUST00318,Packaging Materials,Services,Northeast,3343.8,2080.83,1262.97
SALE0009838,2026-02-15,CUST00305,Manufacturing Components,Services,Southwest,3645.13,2387.63,1257.5
SALE0009839,2026-05-12,CUST00454,Industrial Equipment,Services,Northeast,992.98,742.11,250.87
SALE0009840,2024-08-28,CUST00034,Professional Services,Services,Southwest,868.34,489.56,378.78
SALE0009841,2024-11-20,CUST00292,Packaging Materials,Manufacturing,Midwest,930.64,685.21,245.43
SALE0009842,2025-08-10,CUST00325,Safety Equipment,Distribution,Northeast,4026.7,2177.59,1849.11
SALE0009843,2026-07-11,CUST00014,Manufacturing Components,Distribution,West,1302.04,808.58,493.46
SALE0009844,2024-01-14,CUST00043,Technology Hardware,Services,Southeast,853.36,411.51,441.85
SALE0009845,2026-01-29,CUST00320,Office Equipment,Distribution,Southeast,1396.05,802.6,593.45
SALE0009846,2025-09-15,CUST00324,Safety Equipment,Services,Midwest,1566.87,845.82,721.05
SALE0009847,2026-07-05,CUST00107,Packaging Materials,Manufacturing,Northeast,2123.98,1343.05,780.93
SALE0009848,2026-05-20,CUST00018,Manufacturing Components,Distribution,Southeast,2101.84,1313.69,788.15
SALE0009849,2024-12-08,CUST00323,Industrial Equipment,Distribution,Southeast,1100.03,561.5,538.53
SALE0009850,2024-07-02,CUST00177,Office Equipment,Services,Southeast,2728.19,1877.86,850.33
SALE0009851,2026-08-07,CUST00288,Industrial Equipment,Distribution,West,1232.11,668.39,563.72
SALE0009852,2025-05-22,CUST00211,Maintenance Supplies,Services,Midwest,1646.22,762.14,884.08
SALE0009853,2024-11-26,CUST00050,Office Equipment,Services,Southeast,2730.02,1520.3,1209.72
SALE0009854,2024-06-15,CUST00017,Technology Hardware,Services,Southwest,1230.17,818.37,411.8
SALE0009855,2026-02-13,CUST00489,Maintenance Supplies,Manufacturing,Northeast,1284.84,883.78,401.06
SALE0009856,2026-07-22,CUST00105,Technology Hardware,Manufacturing,West,2578.6,1655.61,922.99
SALE0009857,2024-04-10,CUST00121,Manufacturing Components,Services,Southwest,1080.7,689.52,391.18
SALE0009858,2026-04-13,CUST00255,Professional Services,Services,Northeast,1435.29,977.07,458.22
SALE0009859,2025-10-01,CUST00185,Packaging Materials,Manufacturing,West,2523.61,1792.3,731.31
SALE0009860,2026-07-24,CUST00347,Office Equipment,Services,Northeast,6200.94,4339.02,1861.92
SALE0009861,2024-09-24,CUST00097,Maintenance Supplies,Manufacturing,West,2599.94,1712.09,887.85
SALE0009862,2024-01-15,CUST00406,Packaging Materials,Distribution,West,2400.86,1103.95,1296.91
SALE0009863,2026-04-28,CUST00248,Safety Equipment,Services,West,2486.13,1591.94,894.19
SALE0009864,2024-02-16,CUST00013,Safety Equipment,Distribution,Southwest,949.64,481.96,467.68
SALE0009865,2024-07-30,CUST00079,Industrial Equipment,Distribution,West,1937.9,1308.97,628.93
SALE0009866,2026-03-20,CUST00291,Maintenance Supplies,Services,Midwest,1776.04,1094.91,681.13
SALE0009867,2024-07-29,CUST00234,Maintenance Supplies,Services,Southwest,2192.84,1441.95,750.89
SALE0009868,2026-08-28,CUST00412,Safety Equipment,Distribution,Northeast,1938.96,1193.17,745.79
SALE0009869,2026-01-10,CUST00354,Manufacturing Components,Distribution,Northeast,2270.65,1425.42,845.23
SALE0009870,2024-11-23,CUST00037,Manufacturing Components,Manufacturing,Southwest,1499.85,700.71,799.14
SALE0009871,2024-03-17,CUST00018,Industrial Equipment,Manufacturing,Midwest,1872.75,1120.43,752.32
SALE0009872,2025-06-11,CUST00156,Manufacturing Components,Services,Southeast,865.5,602.32,263.18
SALE0009873,2025-11-29,CUST00129,Manufacturing Components,Manufacturing,West,1492.27,757.61,734.66
SALE0009874,2024-10-18,CUST00085,Technology Hardware,Distribution,Southeast,4165.12,2721.97,1443.15
SALE0009875,2025-12-17,CUST00075,Technology Hardware,Distribution,Southwest,2189.19,1360.92,828.27
SALE0009876,2024-03-21,CUST00052,Packaging Materials,Services,West,1785.49,948.93,836.56
SALE0009877,2025-07-09,CUST00033,Industrial Equipment,Services,Southeast,5640.2,3291.82,2348.38
SALE0009878,2025-11-08,CUST00171,Packaging Materials,Services,Midwest,799.11,390.57,408.54
SALE0009879,2024-04-20,CUST00221,Manufacturing Components,Manufacturing,Northeast,929.2,556.48,372.72
SALE0009880,2026-06-25,CUST00264,Safety Equipment,Manufacturing,Midwest,5052.44,3563.49,1488.95
SALE0009881,2026-02-07,CUST00307,Office Equipment,Services,Midwest,1858.6,1228.58,630.02
SALE0009882,2026-08-08,CUST00477,Office Equipment,Manufacturing,Southeast,1563.14,1058.46,504.68
SALE0009883,2024-05-06,CUST00404,Office Equipment,Services,West,880.49,498.71,381.78
SALE0009884,2024-11-01,CUST00470,Industrial Equipment,Manufacturing,Northeast,2365.2,1430.66,934.54
SALE0009885,2024-03-06,CUST00107,Safety Equipment,Services,Northeast,2506.58,1251.81,1254.77
SALE0009886,2024-05-05,CUST00297,Office Equipment,Distribution,Midwest,937.58,539.98,397.6
SALE0009887,2025-10-02,CUST00334,Professional Services,Manufacturing,Southeast,1662.1,1240.07,422.03
SALE0009888,2024-08-14,CUST00332,Safety Equipment,Distribution,West,1478.36,908.46,569.9
SALE0009889,2024-11-10,CUST00124,Maintenance Supplies,Distribution,Southwest,2108.19,1011.58,1096.61
SALE0009890,2026-07-01,CUST00411,Industrial Equipment,Services,Southwest,923.76,462.77,460.99
SALE0009891,2024-09-27,CUST00330,Industrial Equipment,Distribution,Southeast,3832.1,2486.03,1346.07
SALE0009892,2025-06-08,CUST00441,Industrial Equipment,Distribution,West,3132.21,2042.76,1089.45
SALE0009893,2025-01-11,CUST00391,Maintenance Supplies,Manufacturing,West,1454.03,657.55,796.48
SALE0009894,2025-10-18,CUST00279,Safety Equipment,Distribution,Southeast,1587.87,747.26,840.61
SALE0009895,2024-12-05,CUST00252,Packaging Materials,Manufacturing,Northeast,1665.94,1225.78,440.16
SALE0009896,2025-12-17,CUST00095,Professional Services,Distribution,Northeast,1133.44,680.72,452.72
SALE0009897,2024-02-21,CUST00191,Manufacturing Components,Distribution,Southwest,1385.67,969.7,415.97
SALE0009898,2026-07-15,CUST00261,Manufacturing Components,Distribution,Midwest,1537.38,1092.72,444.66
SALE0009899,2024-12-10,CUST00160,Technology Hardware,Services,Midwest,4758.66,2271.42,2487.24
SALE0009900,2024-06-20,CUST00132,Safety Equipment,Services,Midwest,3190.62,2031.82,1158.8
SALE0009901,2024-05-23,CUST00248,Safety Equipment,Manufacturing,West,3167.8,1556.4,1611.4
SALE0009902,2024-11-08,CUST00398,Professional Services,Services,Southeast,2257.37,1111.68,1145.69
SALE0009903,2025-08-03,CUST00340,Packaging Materials,Manufacturing,Southeast,924.82,564.53,360.29
SALE0009904,2025-09-24,CUST00476,Professional Services,Manufacturing,Southwest,1763.59,833.86,929.73
SALE0009905,2024-11-17,CUST00335,Safety Equipment,Services,Midwest,3236.65,2208.95,1027.7
SALE0009906,2024-05-29,CUST00321,Technology Hardware,Distribution,West,849.83,390.77,459.06
SALE0009907,2026-02-10,CUST00126,Manufacturing Components,Distribution,Midwest,2648.99,1280.43,1368.56
SALE0009908,2026-02-19,CUST00071,Technology Hardware,Manufacturing,Northeast,7284.95,5165.09,2119.86
SALE0009909,2024-08-11,CUST00071,Maintenance Supplies,Manufacturing,Southeast,3418.95,1600.54,1818.41
SALE0009910,2024-01-17,CUST00058,Safety Equipment,Manufacturing,Midwest,4223.49,1919.84,2303.65
SALE0009911,2025-03-10,CUST00158,Packaging Materials,Manufacturing,Midwest,2061.12,1114.47,946.65
SALE0009912,2024-09-11,CUST00245,Industrial Equipment,Distribution,Midwest,3231.69,1905.05,1326.64
SALE0009913,2025-11-10,CUST00071,Packaging Materials,Distribution,Southwest,1175.31,849.17,326.14
SALE0009914,2024-01-25,CUST00065,Office Equipment,Manufacturing,Midwest,2914.69,2135.67,779.02
SALE0009915,2025-07-30,CUST00319,Professional Services,Services,West,2677.48,1579.48,1098.0
SALE0009916,2026-01-23,CUST00480,Professional Services,Services,Southeast,2151.56,1591.81,559.75
SALE0009917,2024-12-25,CUST00303,Office Equipment,Services,Midwest,3982.26,2273.29,1708.97
SALE0009918,2024-03-20,CUST00179,Industrial Equipment,Distribution,Southwest,1308.62,613.86,694.76
SALE0009919,2026-03-16,CUST00319,Office Equipment,Distribution,Southeast,1616.09,867.82,748.27
SALE0009920,2025-12-18,CUST00207,Safety Equipment,Manufacturing,West,1914.63,1118.47,796.16
SALE0009921,2025-02-24,CUST00485,Industrial Equipment,Distribution,Northeast,974.8,586.64,388.16
SALE0009922,2026-07-21,CUST00443,Maintenance Supplies,Distribution,Midwest,2071.77,998.15,1073.62
SALE0009923,2024-02-18,CUST00400,Technology Hardware,Services,Southeast,644.61,417.35,227.26
SALE0009924,2024-05-11,CUST00034,Packaging Materials,Distribution,Northeast,3388.6,1571.1,1817.5
SALE0009925,2026-01-19,CUST00066,Technology Hardware,Services,Southeast,1859.35,993.98,865.37
SALE0009926,2024-08-29,CUST00466,Packaging Materials,Manufacturing,West,1322.74,852.75,469.99
SALE0009927,2024-03-28,CUST00119,Safety Equipment,Manufacturing,Southwest,1095.95,758.9,337.05
SALE0009928,2026-07-05,CUST00039,Office Equipment,Distribution,West,1570.66,1167.11,403.55
SALE0009929,2026-06-19,CUST00158,Maintenance Supplies,Distribution,West,2732.46,1774.3,958.16
SALE0009930,2025-05-13,CUST00059,Manufacturing Components,Services,West,2511.52,1160.07,1351.45
SALE0009931,2026-04-06,CUST00170,Manufacturing Components,Manufacturing,Northeast,1184.03,787.71,396.32
SALE0009932,2025-01-13,CUST00463,Professional Services,Manufacturing,Southeast,1088.3,651.05,437.25
SALE0009933,2025-08-19,CUST00101,Professional Services,Manufacturing,Midwest,2681.52,1254.97,1426.55
SALE0009934,2025-10-24,CUST00473,Office Equipment,Manufacturing,Southeast,1172.15,657.21,514.94
SALE0009935,2025-02-15,CUST00108,Office Equipment,Manufacturing,Midwest,1874.22,1012.88,861.34
SALE0009936,2024-12-13,CUST00276,Maintenance Supplies,Services,Southwest,1947.4,1341.95,605.45
SALE0009937,2026-01-28,CUST00106,Professional Services,Manufacturing,Midwest,2180.34,1361.03,819.31
SALE0009938,2025-04-17,CUST00255,Technology Hardware,Manufacturing,West,3025.9,1948.94,1076.96
SALE0009939,2025-11-17,CUST00331,Professional Services,Services,Northeast,847.44,387.21,460.23
SALE0009940,2024-03-10,CUST00420,Professional Services,Services,Midwest,574.39,411.66,162.73
SALE0009941,2025-10-09,CUST00026,Industrial Equipment,Manufacturing,Southwest,1286.31,697.23,589.08
SALE0009942,2026-04-25,CUST00261,Maintenance Supplies,Manufacturing,Midwest,5328.99,2814.41,2514.58
SALE0009943,2024-11-10,CUST00227,Safety Equipment,Distribution,Southwest,6083.31,4447.85,1635.46
SALE0009944,2025-03-14,CUST00147,Maintenance Supplies,Services,Southwest,5424.64,3998.31,1426.33
SALE0009945,2026-03-15,CUST00235,Manufacturing Components,Manufacturing,West,1610.36,1206.94,403.42
SALE0009946,2025-06-20,CUST00035,Packaging Materials,Services,Southwest,620.63,293.44,327.19
SALE0009947,2026-01-04,CUST00113,Maintenance Supplies,Distribution,Southwest,443.27,258.05,185.22
SALE0009948,2024-10-22,CUST00225,Maintenance Supplies,Distribution,Southeast,1250.85,783.58,467.27
SALE0009949,2025-04-18,CUST00355,Safety Equipment,Services,Northeast,1605.44,1153.98,451.46
SALE0009950,2025-10-17,CUST00412,Manufacturing Components,Distribution,Southwest,3945.67,2386.92,1558.75
SALE0009951,2025-05-22,CUST00146,Manufacturing Components,Manufacturing,Midwest,3043.26,1668.09,1375.17
SALE0009952,2024-10-10,CUST00448,Technology Hardware,Distribution,Southwest,2072.36,1322.91,749.45
SALE0009953,2025-09-03,CUST00414,Industrial Equipment,Services,Southwest,1060.07,622.29,437.78
SALE0009954,2025-09-07,CUST00032,Professional Services,Distribution,Northeast,1015.9,696.0,319.9
SALE0009955,2026-05-02,CUST00328,Technology Hardware,Distribution,Southeast,2105.85,1142.68,963.17
SALE0009956,2024-01-28,CUST00037,Professional Services,Manufacturing,Northeast,2746.91,2052.78,694.13
SALE0009957,2026-03-05,CUST00054,Packaging Materials,Distribution,Southeast,2287.3,1666.14,621.16
SALE0009958,2024-12-25,CUST00056,Packaging Materials,Services,West,971.89,608.72,363.17
SALE0009959,2024-12-31,CUST00354,Packaging Materials,Distribution,Northeast,2671.51,1508.25,1163.26
SALE0009960,2025-01-10,CUST00404,Packaging Materials,Distribution,Northeast,2334.48,1306.86,1027.62
SALE0009961,2025-05-25,CUST00325,Technology Hardware,Distribution,Midwest,951.08,561.84,389.24
SALE0009962,2024-06-08,CUST00207,Maintenance Supplies,Manufacturing,Midwest,1129.36,820.97,308.39
SALE0009963,2024-08-09,CUST00080,Packaging Materials,Manufacturing,Northeast,2732.84,1588.68,1144.16
SALE0009964,2024-07-08,CUST00141,Manufacturing Components,Manufacturing,Southwest,1570.73,766.76,803.97
SALE0009965,2024-10-26,CUST00208,Industrial Equipment,Distribution,Southeast,4691.41,3384.17,1307.24
SALE0009966,2025-01-20,CUST00366,Industrial Equipment,Services,Northeast,2442.26,1348.46,1093.8
SALE0009967,2026-01-11,CUST00237,Office Equipment,Manufacturing,West,1350.22,720.45,629.77
SALE0009968,2025-02-25,CUST00119,Professional Services,Manufacturing,Midwest,1797.0,1052.01,744.99
SALE0009969,2024-02-04,CUST00123,Packaging Materials,Manufacturing,West,1878.13,876.12,1002.01
SALE0009970,2024-12-16,CUST00430,Safety Equipment,Manufacturing,Northeast,1167.9,662.1,505.8
SALE0009971,2025-01-18,CUST00217,Technology Hardware,Manufacturing,Southwest,1045.71,700.35,345.36
SALE0009972,2026-07-04,CUST00467,Manufacturing Components,Services,Midwest,2754.07,1708.89,1045.18
SALE0009973,2026-07-26,CUST00130,Maintenance Supplies,Services,Midwest,3002.39,1838.37,1164.02
SALE0009974,2024-05-09,CUST00129,Maintenance Supplies,Manufacturing,Northeast,2597.41,1338.25,1259.16
SALE0009975,2026-07-16,CUST00410,Industrial Equipment,Services,Southeast,4488.13,3019.66,1468.47
SALE0009976,2024-02-03,CUST00193,Professional Services,Distribution,Northeast,1306.28,798.57,507.71
SALE0009977,2024-10-31,CUST00405,Office Equipment,Manufacturing,Southeast,4937.24,2308.37,2628.87
SALE0009978,2026-08-26,CUST00429,Technology Hardware,Manufacturing,Southwest,1053.05,532.79,520.26
SALE0009979,2024-11-18,CUST00193,Professional Services,Services,Southeast,984.75,479.95,504.8
SALE0009980,2026-06-30,CUST00015,Technology Hardware,Services,Southwest,628.93,391.81,237.12
SALE0009981,2024-12-28,CUST00487,Maintenance Supplies,Services,Southeast,1383.71,719.95,663.76
SALE0009982,2024-10-03,CUST00092,Industrial Equipment,Distribution,Northeast,1336.44,961.77,374.67
SALE0009983,2026-07-12,CUST00041,Industrial Equipment,Distribution,Southwest,2478.88,1328.78,1150.1
SALE0009984,2024-06-21,CUST00288,Professional Services,Distribution,West,2092.96,1046.04,1046.92
SALE0009985,2026-08-11,CUST00446,Technology Hardware,Services,West,883.79,649.4,234.39
SALE0009986,2024-07-16,CUST00250,Maintenance Supplies,Manufacturing,West,1428.48,957.31,471.17
SALE0009987,2026-01-15,CUST00043,Professional Services,Distribution,Southwest,1446.82,823.6,623.22
SALE0009988,2025-11-14,CUST00231,Safety Equipment,Services,West,622.92,442.23,180.69
SALE0009989,2024-02-28,CUST00033,Safety Equipment,Manufacturing,Midwest,1003.68,487.21,516.47
SALE0009990,2024-06-25,CUST00298,Packaging Materials,Manufacturing,West,1138.55,747.02,391.53
SALE0009991,2024-08-15,CUST00495,Packaging Materials,Manufacturing,Southeast,4273.44,2389.85,1883.59
SALE0009992,2025-04-21,CUST00023,Maintenance Supplies,Distribution,West,2028.13,1213.1,815.03
SALE0009993,2026-04-01,CUST00335,Safety Equipment,Services,Southeast,2690.01,1234.69,1455.32
SALE0009994,2024-09-27,CUST00349,Office Equipment,Services,Midwest,735.7,392.57,343.13
SALE0009995,2025-02-23,CUST00433,Manufacturing Components,Services,Southeast,3701.63,1704.2,1997.43
SALE0009996,2025-03-04,CUST00371,Technology Hardware,Distribution,Midwest,3946.8,1900.18,2046.62
SALE0009997,2024-05-12,CUST00127,Safety Equipment,Services,West,545.11,321.68,223.43
SALE0009998,2025-08-07,CUST00068,Manufacturing Components,Distribution,Southwest,1184.18,699.43,484.75
SALE0009999,2024-03-20,CUST00314,Industrial Equipment,Distribution,Southwest,2434.41,1636.85,797.56
SALE0010000,2025-11-16,CUST00026,Packaging Materials,Services,Southwest,2661.47,1501.11,1160.36
